sheet	row	orderNo	packName	packCount	unitPrice	ruleUnit	status	pricingRule
（一）手术室	9	1601576	263机器人-9件（高温）	1	55.0	55.0	warning	special_only 未命中特色规则
（一）手术室	10	1601576	264机器人-8件（高温）	1	49.5	49.5	warning	special_only 未命中特色规则
（一）手术室	11	1601576	断钉取出器械-30件（张伟）	1	170.5	170.5	warning	special_only 未命中特色规则
（一）手术室	12	1601576	脊柱常备器械	1	49.5	49.5	warning	special_only 未命中特色规则
（一）手术室	13	1601576	上肢包	2	159.5	159.5	warning	special_only 未命中特色规则
（一）手术室	14	1601576	史赛克摆锯骨动力-4（带盒5件）	1	27.5	27.5	warning	special_only 未命中特色规则
（一）手术室	15	1601576	手科包	2	137.5	137.5	warning	special_only 未命中特色规则
（一）手术室	16	1601576	下肢包	5	176.0	176.0	warning	special_only 未命中特色规则
（一）手术室	17	1601576	解剖剪刀-1/Z1029	1	8.0	8.0	warning	special_only 未命中特色规则
（一）手术室	18	1601576	拇外翻工具-2/双Z1020	1	16.5	16.5	warning	special_only 未命中特色规则
（一）手术室	19	1601576	刷手服	7	25.0	25.0	warning	敷料包(无纺布包)——未识别规格
（一）手术室	20	1601576	持物钳罐-2件/W605060	10	16.5	16.5	warning	special_only 未命中特色规则
（一）手术室	21	1601576	大盆-1/w1205060	1	16.5	16.5	warning	special_only 未命中特色规则
（一）手术室	22	1601576	克氏钳-1/W405060	1	16.5	16.5	warning	special_only 未命中特色规则
（一）手术室	23	1601576	上肢加件-3/W605060	3	16.5	16.5	warning	special_only 未命中特色规则
（一）手术室	24	1601576	咬骨剪子1刮勺1/W605060	1	16.5	16.5	warning	special_only 未命中特色规则
（一）手术室	25	1601577	AR水管-2件/双/Z1530	1	24.0	16.5	warning	校正价16.5
（一）手术室	26	1601577	解剖剪刀-1/Z1029	1	8.0	8.0	warning	special_only 未命中特色规则
（一）手术室	27	1601577	蚊式2 中弯2/Z1530	1	22.0	22.0	warning	special_only 未命中特色规则
（一）手术室	28	1601577	旧2刨刀-1/Z3040	1	35.0	35.0	warning	special_only 未命中特色规则
（一）手术室	29	1601577	刨刀线-膝关节-旧1/Z2545	1	44.0	44.0	warning	special_only 未命中特色规则
（一）手术室	30	1601577	史赛克无线摆锯-4/Z2030	1	88.0	88.0	warning	special_only 未命中特色规则
（一）手术室	31	1601577	新史赛克手控加件-1	1	22.0	22.0	warning	special_only 未命中特色规则
（一）手术室	32	1601577	218机器人-7件（带盒8件）	1	132.0	132.0	warning	special_only 未命中特色规则
（一）手术室	33	1601577	373机器人-7件（带盒8件）	1	132.0	132.0	warning	special_only 未命中特色规则
（一）手术室	36	1601577	下肢止血带	1	4.0	4.0	warning	敷料包(无纺布包)——未识别规格
（一）手术室	37	1601577	AR房玉立新镜头1盒1	1	35.0	35.0	warning	special_only 未命中特色规则
（一）手术室	38	1601577	DMD3号镜头3件/W705060	1	66.0	66.0	warning	special_only 未命中特色规则
（一）手术室	39	1601577	DMD光源3号-1/W905060	1	28.0	28.0	warning	special_only 未命中特色规则
（一）手术室	40	1601577	新3光源-1（带盒两件）/W12050	1	35.0	35.0	warning	special_only 未命中特色规则
（一）手术室	41	1601577	大盆-1/w1205060	1	16.5	16.5	warning	special_only 未命中特色规则
（一）手术室	42	1601579	上肢包	5	159.5	159.5	warning	special_only 未命中特色规则
（一）手术室	43	1601579	手科包	1	137.5	137.5	warning	special_only 未命中特色规则
（一）手术室	44	1601579	外科包	1	187.0	187.0	warning	special_only 未命中特色规则
（一）手术室	45	1601579	下肢包	3	176.0	176.0	warning	special_only 未命中特色规则
（一）手术室	46	1601579	新膝镜（二）-10件/W9050	1	60.5	60.5	warning	special_only 未命中特色规则
（一）手术室	47	1601579	锯片-5件/Z1026	1	27.5	27.5	warning	special_only 未命中特色规则
（一）手术室	48	1601579	驱血带	6	2.5	2.5	warning	敷料包(无纺布包)——未识别规格
（一）手术室	49	1601579	持物钳罐-2件/W605060	3	16.5	16.5	warning	special_only 未命中特色规则
（一）手术室	50	1601579	锤子1凿子1剥离质1/W605060	1	16.5	16.5	warning	special_only 未命中特色规则
（一）手术室	51	1601579	肌钩-2/W5050	1	16.5	16.5	warning	special_only 未命中特色规则
（一）手术室	52	1601579	尖嘴复位器-2/W605060	1	16.5	16.5	warning	special_only 未命中特色规则
（一）手术室	53	1601579	剪切钳-1/W505060	2	16.5	16.5	warning	special_only 未命中特色规则
（一）手术室	54	1601579	克氏钳-1/W405060	2	16.5	16.5	warning	special_only 未命中特色规则
（一）手术室	55	1601579	取针钳-1/W505060	1	16.5	16.5	warning	special_only 未命中特色规则
（一）手术室	56	1601579	上肢加件-3/W605060	3	16.5	16.5	warning	special_only 未命中特色规则
（一）手术室	57	1601579	手科咬骨钳1 刮勺1/W505060	3	16.5	16.5	warning	special_only 未命中特色规则
（一）手术室	58	1601579	手科爪鞍钩-4件/W505060	1	22.0	22.0	warning	special_only 未命中特色规则
（一）手术室	59	1601579	西山摆锯-3件/W6050	1	16.5	16.5	warning	special_only 未命中特色规则
（一）手术室	60	1601579	咬钉器-1手柄-2/W6050	2	16.5	16.5	warning	special_only 未命中特色规则
（一）手术室	61	1601579	咬骨钳1刮勺1/W605060	3	16.5	16.5	warning	special_only 未命中特色规则
（一）手术室	62	1601599	上肢包	1	159.5	159.5	warning	special_only 未命中特色规则
（一）手术室	63	1601599	下肢包	2	176.0	176.0	warning	special_only 未命中特色规则
（一）手术室	64	1601599	德美膝器械11件盒1（二）	1	66.0	66.0	warning	special_only 未命中特色规则
（一）手术室	65	1601599	持物钳罐-2件/W605060	2	16.5	16.5	warning	special_only 未命中特色规则
（一）手术室	66	1601599	米氏钳-2/W605060	1	16.5	16.5	warning	special_only 未命中特色规则
（一）手术室	67	1601604	光源线-膝镜通用-1/Z2540	1	30.0	30.0	warning	special_only 未命中特色规则
（一）手术室	68	1601604	0261机器人-8件（带盒9件）	1	154.0	154.0	warning	special_only 未命中特色规则
（一）手术室	69	1601604	213机器人-8件（带盒9件）	1	154.0	154.0	warning	special_only 未命中特色规则
（一）手术室	70	1601604	348机器人-8件（带盒9件）	1	154.0	154.0	warning	special_only 未命中特色规则
（一）手术室	71	1601604	椎间孔镜头2号-1/W905060	1	35.0	35.0	warning	special_only 未命中特色规则
（一）手术室	72	1601627	椎间孔镜（三）	1	187.0	187.0	warning	special_only 未命中特色规则
（一）手术室	73	1601627	德美新3水管 -2件/Z2530	1	16.5	16.5	warning	special_only 未命中特色规则
（一）手术室	74	1601627	手科咬骨钳1 刮勺1/W505060	1	16.5	16.5	warning	special_only 未命中特色规则
（一）手术室	75	1601666	椎体成型包-12件	1	66.0	66.0	warning	special_only 未命中特色规则
（一）手术室	77	1601673	上肢包	1	159.5	159.5	warning	special_only 未命中特色规则
（一）手术室	78	1601673	手科包	2	137.5	137.5	warning	special_only 未命中特色规则
（一）手术室	79	1601673	下肢包	3	176.0	176.0	warning	special_only 未命中特色规则
（一）手术室	80	1601673	驱血带	6	2.5	2.5	warning	敷料包(无纺布包)——未识别规格
（一）手术室	81	1601673	手套	4	2.5	2.5	warning	敷料包(无纺布包)——未识别规格
（一）手术室	83	1601673	德美膝器械12件盒1（四）	1	71.5	71.5	warning	special_only 未命中特色规则
（一）手术室	84	1601673	大盆-1/w1205060	3	16.5	16.5	warning	special_only 未命中特色规则
（一）手术室	85	1601690	DMD光源1号-1/W905060	1	22.0	22.0	warning	special_only 未命中特色规则
（一）手术室	86	1601690	DMD刨刀-1/Z2550	1	30.0	30.0	warning	special_only 未命中特色规则
（一）手术室	87	1601690	德美4号刨刀-1/Z2035	1	30.0	30.0	warning	special_only 未命中特色规则
（一）手术室	88	1601690	348机器人-8件（带盒9件）	1	154.0	154.0	warning	special_only 未命中特色规则
（一）手术室	89	1601690	475机器人-7件（带盒8件）	1	132.0	132.0	warning	special_only 未命中特色规则
（一）手术室	90	1601690	德美4K光源（3号）-1/W905060	1	35.0	35.0	warning	special_only 未命中特色规则
（一）手术室	91	1601690	德美新2镜头-1件/W605060	1	35.0	35.0	warning	special_only 未命中特色规则
（一）手术室	92	1601699	40001机器人-8件（高温）	1	49.5	49.5	warning	special_only 未命中特色规则
（一）手术室	93	1601699	史赛克多功能锯钻-7（带盒8件）	1	44.0	44.0	warning	special_only 未命中特色规则
（一）手术室	94	1601699	史赛克磨钻骨动力-9件 筐1/W1205060	1	55.0	55.0	warning	special_only 未命中特色规则
（一）手术室	95	1601699	大盆-1/w1205060	1	16.5	16.5	warning	special_only 未命中特色规则
（一）手术室	96	1601712	镜骨九（2）	1	82.5	82.5	warning	special_only 未命中特色规则
（一）手术室	97	1601712	上肢包	7	159.5	159.5	warning	special_only 未命中特色规则
（一）手术室	98	1601712	手科包	6	137.5	137.5	warning	special_only 未命中特色规则
（一）手术室	99	1601712	下肢包	9	176.0	176.0	warning	special_only 未命中特色规则
（一）手术室	100	1601712	博进磨头-1件/Z7520	1	8.0	8.0	warning	special_only 未命中特色规则
（一）手术室	101	1601712	聂广辰专用解剖剪-1/Z1029	2	8.0	8.0	warning	special_only 未命中特色规则
（一）手术室	102	1601712	蚊式2 中弯2/Z1530	1	22.0	22.0	warning	special_only 未命中特色规则
（一）手术室	103	1601712	宫腔镜架内外鞘环-6件/Z2060	1	110.0	110.0	warning	special_only 未命中特色规则
（一）手术室	105	1601712	DMD2号镜头3件/W705060	1	66.0	66.0	warning	special_only 未命中特色规则
（一）手术室	106	1601712	外科内镜0度-1/W9050	1	35.0	35.0	warning	special_only 未命中特色规则
（一）手术室	107	1601712	持物钳罐-2件/W605060	2	16.5	16.5	warning	special_only 未命中特色规则
（一）手术室	108	1601712	上肢加件-3/W605060	1	16.5	16.5	warning	special_only 未命中特色规则
（一）手术室	109	1601712	施牙钳-2/W4050	1	16.5	16.5	warning	special_only 未命中特色规则
（一）手术室	110	1601712	手科咬骨钳1 刮勺1/W505060	3	16.5	16.5	warning	special_only 未命中特色规则
（一）手术室	111	1601712	手科爪鞍钩-4件/W505060	2	22.0	22.0	warning	special_only 未命中特色规则
（一）手术室	112	1601712	咬骨钳1刮勺1/W605060	2	16.5	16.5	warning	special_only 未命中特色规则
（一）手术室	113	1601732	263机器人-9件（高温）	1	55.0	55.0	warning	special_only 未命中特色规则
（一）手术室	114	1601732	骨四宋晓辉椎间孔器械	1	181.5	181.5	warning	special_only 未命中特色规则
（一）手术室	115	1601732	脑外专用包	1	154.0	154.0	warning	special_only 未命中特色规则
（一）手术室	116	1601732	上肢包	5	159.5	159.5	warning	special_only 未命中特色规则
（一）手术室	117	1601732	施乐辉肩镜器械	1	121.0	121.0	warning	special_only 未命中特色规则
（一）手术室	118	1601732	手科包	4	137.5	137.5	warning	special_only 未命中特色规则
（一）手术室	119	1601732	下肢包	4	176.0	176.0	warning	special_only 未命中特色规则
（一）手术室	120	1601732	椎间孔镜（三）	1	187.0	187.0	warning	special_only 未命中特色规则
（一）手术室	121	1601732	椎体成型包-12件	1	66.0	66.0	warning	special_only 未命中特色规则
（一）手术室	122	1601732	骨4（2）邹天彪光源-1件/Z2540	1	30.0	30.0	warning	special_only 未命中特色规则
（一）手术室	123	1601732	骨4（2）邹天彪磨头-4件/Z7520	1	88.0	88.0	warning	special_only 未命中特色规则
（一）手术室	124	1601732	骨四（一）兰青常备光源线-1件/Z2530	1	30.0	30.0	warning	special_only 未命中特色规则
（一）手术室	125	1601732	旧2刨刀-1/Z3040	1	35.0	35.0	warning	special_only 未命中特色规则
（一）手术室	126	1601732	0261机器人-8件（带盒9件）	1	154.0	154.0	warning	special_only 未命中特色规则
（一）手术室	127	1601732	213机器人-8件（带盒9件）	1	154.0	154.0	warning	special_only 未命中特色规则
（一）手术室	128	1601732	218机器人-7件（带盒8件）	1	132.0	132.0	warning	special_only 未命中特色规则
（一）手术室	129	1601732	偏瘫陈冲显微器械-15件（盒1）	1	88.0	88.0	warning	special_only 未命中特色规则
（一）手术室	130	1601732	椎间孔镜头-1/W905060	1	35.0	35.0	warning	special_only 未命中特色规则
（一）手术室	131	1601732	持物钳罐-2件/W605060	4	16.5	16.5	warning	special_only 未命中特色规则
（一）手术室	132	1601732	锤子1凿子1剥离质1/W605060	1	16.5	16.5	warning	special_only 未命中特色规则
（一）手术室	133	1601732	克氏钳-1/W405060	3	16.5	16.5	warning	special_only 未命中特色规则
（一）手术室	134	1601732	盘1碗2/w9050	1	16.5	16.5	warning	special_only 未命中特色规则
（一）手术室	135	1601732	上肢加件-3/W605060	1	16.5	16.5	warning	special_only 未命中特色规则
（一）手术室	136	1601732	手科咬骨钳1 刮勺1/W505060	1	16.5	16.5	warning	special_only 未命中特色规则
（一）手术室	137	1601732	手科爪鞍钩-4件/W505060	1	22.0	22.0	warning	special_only 未命中特色规则
（一）手术室	138	1601732	咬骨钳1刮勺1/W605060	1	16.5	16.5	warning	special_only 未命中特色规则
（一）手术室	139	1601732	咬丝器-1/W6050	1	16.5	16.5	warning	special_only 未命中特色规则
（一）手术室	140	1601861	上肢包	4	159.5	159.5	warning	special_only 未命中特色规则
（一）手术室	141	1601861	史赛克摆锯骨动力-4（带盒5件）	1	27.5	27.5	warning	special_only 未命中特色规则
（一）手术室	142	1601861	手科包	4	137.5	137.5	warning	special_only 未命中特色规则
（一）手术室	143	1601861	下肢包	4	176.0	176.0	warning	special_only 未命中特色规则
（一）手术室	144	1601861	椎体成型包-12件	2	66.0	66.0	warning	special_only 未命中特色规则
（一）手术室	145	1601861	DMD刨刀-1/Z2550	1	30.0	30.0	warning	special_only 未命中特色规则
（一）手术室	146	1601861	骨四（一）宋晓辉光源线-1/Z2540	1	30.0	30.0	warning	special_only 未命中特色规则
（一）手术室	147	1601861	刨刀-房玉立/Z2545	1	30.0	30.0	warning	special_only 未命中特色规则
（一）手术室	148	1601861	史赛克无线摆锯-4/Z2030	1	88.0	88.0	warning	special_only 未命中特色规则
（一）手术室	149	1601861	腕镜头30度-1	1	25.0	25.0	warning	special_only 未命中特色规则
（一）手术室	150	1601861	新史赛克手控加件-1	1	22.0	22.0	warning	special_only 未命中特色规则
（一）手术室	151	1601861	348机器人-8件（带盒9件）	1	154.0	154.0	warning	special_only 未命中特色规则
（一）手术室	152	1601861	DMD1号镜头3件（盒1）/W705060	1	66.0	66.0	warning	special_only 未命中特色规则
（一）手术室	153	1601861	新5光源-1件（盒1）/W905060	1	35.0	35.0	warning	special_only 未命中特色规则
（一）手术室	154	1601861	驱血带	6	2.5	2.5	warning	敷料包(无纺布包)——未识别规格
（一）手术室	156	1601861	手套	5	2.5	2.5	warning	敷料包(无纺布包)——未识别规格
（一）手术室	158	1601861	下肢止血带	1	4.0	4.0	warning	敷料包(无纺布包)——未识别规格
（一）手术室	160	1601861	AR新3镜头-3件 盒1/W605060	1	66.0	66.0	warning	special_only 未命中特色规则
（一）手术室	161	1601861	DMD3号镜头3件/W705060	1	66.0	66.0	warning	special_only 未命中特色规则
（一）手术室	162	1601861	新1光源-1（带盒两件）/W12050	1	35.0	35.0	warning	special_only 未命中特色规则
（一）手术室	163	1601861	新4光源-1（带盒两件）/W12050	1	35.0	35.0	warning	special_only 未命中特色规则
（一）手术室	164	1601870	上肢包	2	159.5	159.5	warning	special_only 未命中特色规则
（一）手术室	165	1601870	手科包	1	137.5	137.5	warning	special_only 未命中特色规则
（一）手术室	166	1601870	穿刺针（带芯）-2/Z7520	1	13.5	13.5	warning	special_only 未命中特色规则
（一）手术室	167	1601870	史赛克锯片-1/Z1020	1	8.0	8.0	warning	special_only 未命中特色规则
（一）手术室	168	1601870	中直钳-2/Z1530	2	16.5	16.5	warning	special_only 未命中特色规则
（一）手术室	169	1601870	德美膝器械12件盒1（三）	1	71.5	71.5	warning	special_only 未命中特色规则
（一）手术室	170	1601870	持物钳罐-2件/W605060	10	16.5	16.5	warning	special_only 未命中特色规则
（一）手术室	171	1601870	弹钩-2/W605060	1	16.5	16.5	warning	special_only 未命中特色规则
（一）手术室	172	1601870	骨电钻-3件/W705060	1	16.5	16.5	warning	special_only 未命中特色规则
（一）手术室	173	1601870	尖嘴复位器-2/W605060	1	16.5	16.5	warning	special_only 未命中特色规则
（一）手术室	174	1601870	上肢加件-3/W605060	4	16.5	16.5	warning	special_only 未命中特色规则
（一）手术室	175	1601870	手科爪鞍钩-4件/W505060	1	22.0	22.0	warning	special_only 未命中特色规则
（一）手术室	176	1601870	西山骨动力（2）/W505060	1	16.5	16.5	warning	special_only 未命中特色规则
（一）手术室	177	1601870	咬丝器-1/W6050	2	16.5	16.5	warning	special_only 未命中特色规则
（一）手术室	178	1601908	刷手服	7	25.0	25.0	warning	敷料包(无纺布包)——未识别规格
（一）手术室	179	1601914	外科包	1	187.0	187.0	warning	special_only 未命中特色规则
（一）手术室	180	1601914	下肢包	1	176.0	176.0	warning	special_only 未命中特色规则
（一）手术室	183	1601914	持物钳罐-2件/W605060	1	16.5	16.5	warning	special_only 未命中特色规则
（一）手术室	184	1601914	咬骨钳1刮勺1/W605060	2	16.5	16.5	warning	special_only 未命中特色规则
（一）手术室	185	1601967	新4刨刀-1件/Z2550	1	30.0	30.0	warning	special_only 未命中特色规则
（一）手术室	186	1601967	0261机器人-8件（带盒9件）	1	154.0	154.0	warning	special_only 未命中特色规则
（一）手术室	187	1601967	DMD2号镜头3件/W705060	1	66.0	66.0	warning	special_only 未命中特色规则
（一）手术室	188	1601967	德美4K光源（2号）-1/W905060	1	35.0	35.0	warning	special_only 未命中特色规则
（一）手术室	189	1601967	德美新2镜头-1件/W605060	1	35.0	35.0	warning	special_only 未命中特色规则
（一）手术室	190	1601967	新4光源-1（带盒两件）/W12050	1	35.0	35.0	warning	special_only 未命中特色规则
（一）手术室	191	1601991	上肢包	3	159.5	159.5	warning	special_only 未命中特色规则
（一）手术室	192	1601991	手科包	3	137.5	137.5	warning	special_only 未命中特色规则
（一）手术室	193	1601991	下肢包	4	176.0	176.0	warning	special_only 未命中特色规则
（一）手术室	194	1601991	德美刨刀3号-1/双Z2550	1	16.5	16.5	warning	special_only 未命中特色规则
（一）手术室	195	1601991	德美新3水管 -2件/Z2530	1	16.5	16.5	warning	special_only 未命中特色规则
（一）手术室	196	1601991	中直钳-2/Z1530	1	16.5	16.5	warning	special_only 未命中特色规则
（一）手术室	197	1601991	德美膝器械12件盒1（四）	1	71.5	71.5	warning	special_only 未命中特色规则
（一）手术室	198	1601991	骨把持器1钢板折弯器2/W605060	1	16.5	16.5	warning	special_only 未命中特色规则
（一）手术室	199	1601991	上肢加件-3/W605060	1	16.5	16.5	warning	special_only 未命中特色规则
（一）手术室	200	1601991	咬骨钳1刮勺1/W605060	2	16.5	16.5	warning	special_only 未命中特色规则
（一）手术室	201	1602014	穿刺针-1（带芯）/7526	1	8.0	8.0	warning	special_only 未命中特色规则
（一）手术室	202	1602017	DMD光源1号-1/W905060	1	22.0	22.0	warning	special_only 未命中特色规则
（一）手术室	203	1602017	骨四（一）宋晓辉光源线-1/Z2540	1	30.0	30.0	warning	special_only 未命中特色规则
（一）手术室	204	1602017	刨刀-房玉立/Z2545	1	30.0	30.0	warning	special_only 未命中特色规则
（一）手术室	205	1602017	213机器人-8件（带盒9件）	1	154.0	154.0	warning	special_only 未命中特色规则
（一）手术室	206	1602017	348机器人-8件（带盒9件）	1	154.0	154.0	warning	special_only 未命中特色规则
（一）手术室	207	1602017	德美新1镜头-1件（盒1）	1	35.0	35.0	warning	special_only 未命中特色规则
（一）手术室	208	1602017	AR新3镜头-3件 盒1/W605060	1	66.0	66.0	warning	special_only 未命中特色规则
（一）手术室	209	1602017	德美4K光源（3号）-1/W905060	1	35.0	35.0	warning	special_only 未命中特色规则
（一）手术室	210	1602017	椎间孔镜头2号-1/W905060	1	35.0	35.0	warning	special_only 未命中特色规则
（一）手术室	211	1602075	上肢包	1	159.5	159.5	warning	special_only 未命中特色规则
（一）手术室	212	1602075	椎间孔镜（三）	1	187.0	187.0	warning	special_only 未命中特色规则
（一）手术室	213	1602075	德美2号刨刀-1/双/Z2550	1	26.5	16.5	warning	校正价16.5
（一）手术室	214	1602075	驱血带	5	2.5	2.5	warning	敷料包(无纺布包)——未识别规格
（一）手术室	217	1602075	德美膝器械11件盒1（一）	1	66.0	66.0	warning	special_only 未命中特色规则
（一）手术室	218	1602075	新膝镜（一）-10件/W9050	1	60.5	60.5	warning	special_only 未命中特色规则
（一）手术室	219	1602075	上肢加件-3/W605060	1	16.5	16.5	warning	special_only 未命中特色规则
（一）手术室	220	1602075	深钩-2/W605060	1	16.5	16.5	warning	special_only 未命中特色规则
（一）手术室	221	1602075	咬骨钳1刮勺1/W605060	1	16.5	16.5	warning	special_only 未命中特色规则
（一）手术室	222	1602077	263机器人-9件（高温）	1	55.0	55.0	warning	special_only 未命中特色规则
（一）手术室	223	1602077	上肢包	6	159.5	159.5	warning	special_only 未命中特色规则
（一）手术室	224	1602077	手科包	2	137.5	137.5	warning	special_only 未命中特色规则
（一）手术室	225	1602077	下肢包	4	176.0	176.0	warning	special_only 未命中特色规则
（一）手术室	226	1602077	半月板缝合器械-4/Z1020	2	24.5	22.0	warning	校正价22.0
（一）手术室	227	1602077	德美新1水管-2/双/Z1526	1	16.5	16.5	warning	special_only 未命中特色规则
（一）手术室	228	1602077	机器人套筒1.6-1/Z7530	1	8.0	8.0	warning	special_only 未命中特色规则
（一）手术室	230	1602077	锤子1凿子1剥离质1/W605060	1	16.5	16.5	warning	special_only 未命中特色规则
（一）手术室	231	1602077	肱骨复位器-2/W5050	1	16.5	16.5	warning	special_only 未命中特色规则
（一）手术室	232	1602077	胫骨平台顶棒器-3/W405060	1	16.5	16.5	warning	special_only 未命中特色规则
（一）手术室	233	1602077	上肢加件-3/W605060	1	16.5	16.5	warning	special_only 未命中特色规则
（一）手术室	234	1602077	鹰嘴咬骨钳1刮勺1/W605060	2	16.5	16.5	warning	special_only 未命中特色规则
（一）手术室	235	1602077	抓线钳-1/W4550	1	16.5	16.5	warning	special_only 未命中特色规则
（一）手术室	236	1602080	DMD刨刀-1/Z2550	1	30.0	30.0	warning	special_only 未命中特色规则
（一）手术室	237	1602080	新4刨刀-1/Z2545	1	30.0	30.0	warning	special_only 未命中特色规则
（一）手术室	238	1602080	373机器人-7件（带盒8件）	1	132.0	132.0	warning	special_only 未命中特色规则
（一）手术室	239	1602080	DMD5号镜头-3件	1	66.0	66.0	warning	special_only 未命中特色规则
（一）手术室	240	1602080	DMD光源2号-1（带盒）	1	35.0	35.0	warning	special_only 未命中特色规则
（一）手术室	241	1602080	DMD4号镜头3件/W705060	1	66.0	66.0	warning	special_only 未命中特色规则
（一）手术室	242	1602080	新1光源-1（带盒两件）/W12050	1	35.0	35.0	warning	special_only 未命中特色规则
（一）手术室	243	1602081	施乐辉肩镜器械	1	121.0	121.0	warning	special_only 未命中特色规则
（一）手术室	244	1602091	40001机器人-8件（高温）	1	49.5	49.5	warning	special_only 未命中特色规则
（一）手术室	245	1602091	上肢包	5	159.5	159.5	warning	special_only 未命中特色规则
（一）手术室	246	1602091	手科包	1	137.5	137.5	warning	special_only 未命中特色规则
（一）手术室	247	1602091	下肢包	6	176.0	176.0	warning	special_only 未命中特色规则
（一）手术室	248	1602091	椎体成型包-12件	2	66.0	66.0	warning	special_only 未命中特色规则
（一）手术室	249	1602091	史赛克磨钻骨动力-9件 筐1/W1205060	1	55.0	55.0	warning	special_only 未命中特色规则
（一）手术室	251	1602091	德美膝器械12件盒1（三）	1	71.5	71.5	warning	special_only 未命中特色规则
（一）手术室	252	1602091	肱骨复位器-2/W5050	1	16.5	16.5	warning	special_only 未命中特色规则
（一）手术室	253	1602091	骨电钻-3件/W705060	1	16.5	16.5	warning	special_only 未命中特色规则
（一）手术室	254	1602091	尖嘴复位器-2/W605060	2	16.5	16.5	warning	special_only 未命中特色规则
（一）手术室	255	1602091	鞠超杰肩钩-3/W605060	1	16.5	16.5	warning	special_only 未命中特色规则
（一）手术室	256	1602091	克氏钳-1/W405060	2	16.5	16.5	warning	special_only 未命中特色规则
（一）手术室	257	1602091	上肢加件-3/W605060	1	16.5	16.5	warning	special_only 未命中特色规则
（一）手术室	258	1602091	手科爪鞍钩-4件/W505060	1	22.0	22.0	warning	special_only 未命中特色规则
（一）手术室	259	1602091	中心持骨器-2/w6050	1	16.5	16.5	warning	special_only 未命中特色规则
（一）手术室	260	1602097	骨4（2）邹天彪光源-1件/Z2540	1	30.0	30.0	warning	special_only 未命中特色规则
（一）手术室	261	1602097	骨四（2）邹天彪磨头-4件/Z1026	1	38.5	38.5	warning	special_only 未命中特色规则
（一）手术室	262	1602097	刨刀线-膝关节-旧1/Z2545	1	44.0	44.0	warning	special_only 未命中特色规则
（一）手术室	263	1602097	新3刨刀-1件/Z2550	1	30.0	30.0	warning	special_only 未命中特色规则
（一）手术室	264	1602097	218机器人-7件（带盒8件）	1	132.0	132.0	warning	special_only 未命中特色规则
（一）手术室	265	1602097	DMD1号镜头3件（盒1）/W705060	1	66.0	66.0	warning	special_only 未命中特色规则
（一）手术室	266	1602097	DMD2号镜头3件/W705060	1	66.0	66.0	warning	special_only 未命中特色规则
（一）手术室	267	1602097	DMD光源3号-1/W905060	1	28.0	28.0	warning	special_only 未命中特色规则
（一）手术室	268	1602097	新3光源-1（带盒两件）/W12050	1	35.0	35.0	warning	special_only 未命中特色规则
（一）手术室	269	1602288	气管切开	1	242.0	242.0	warning	special_only 未命中特色规则
（一）手术室	270	1602288	上肢包	4	159.5	159.5	warning	special_only 未命中特色规则
（一）手术室	271	1602288	手科包	5	137.5	137.5	warning	special_only 未命中特色规则
（一）手术室	272	1602288	下肢包	6	176.0	176.0	warning	special_only 未命中特色规则
（一）手术室	273	1602288	穿刺针（带芯）-2/Z7520	2	13.5	13.5	warning	special_only 未命中特色规则
（一）手术室	274	1602288	机器人套筒3.3-1/Z7530	1	8.0	8.0	warning	special_only 未命中特色规则
（一）手术室	275	1602288	中直钳-2/Z1530	2	16.5	16.5	warning	special_only 未命中特色规则
（一）手术室	276	1602288	刷手服	6	25.0	25.0	warning	敷料包(无纺布包)——未识别规格
（一）手术室	278	1602288	持物钳罐-2件/W605060	7	16.5	16.5	warning	special_only 未命中特色规则
（一）手术室	279	1602288	大盆-1/w1205060	1	16.5	16.5	warning	special_only 未命中特色规则
（一）手术室	280	1602288	肌钩-2/W5050	1	16.5	16.5	warning	special_only 未命中特色规则
（一）手术室	281	1602288	克氏钳-1/W405060	1	16.5	16.5	warning	special_only 未命中特色规则
（一）手术室	282	1602288	上肢加件-3/W605060	2	16.5	16.5	warning	special_only 未命中特色规则
（一）手术室	283	1602288	手科咬骨钳1 刮勺1/W505060	4	16.5	16.5	warning	special_only 未命中特色规则
（一）手术室	284	1602288	手科爪鞍钩-4件/W505060	1	22.0	22.0	warning	special_only 未命中特色规则
（一）手术室	285	1602288	咬骨钳1刮勺1/W605060	1	16.5	16.5	warning	special_only 未命中特色规则
（一）手术室	286	1602288	咬丝器-1/W6050	2	16.5	16.5	warning	special_only 未命中特色规则
（一）手术室	287	1602294	产科手术器械包	1	214.5	214.5	warning	special_only 未命中特色规则
（一）手术室	288	1602294	刘断钉取（蓝)-51件（盒1）	1	286.0	286.0	warning	special_only 未命中特色规则
（一）手术室	289	1602294	上肢包	2	159.5	159.5	warning	special_only 未命中特色规则
（一）手术室	290	1602294	手科包	1	137.5	137.5	warning	special_only 未命中特色规则
（一）手术室	291	1602294	下肢包	4	176.0	176.0	warning	special_only 未命中特色规则
（一）手术室	293	1602294	德美刨刀3号-1/双Z2550	1	16.5	16.5	warning	special_only 未命中特色规则
（一）手术室	294	1602294	德美新1水管-2/双/Z1526	1	16.5	16.5	warning	special_only 未命中特色规则
（一）手术室	295	1602294	驱血带	2	2.5	2.5	warning	敷料包(无纺布包)——未识别规格
（一）手术室	298	1602294	下肢止血带	1	4.0	4.0	warning	敷料包(无纺布包)——未识别规格
（一）手术室	299	1602294	上肢加件-3/W605060	1	16.5	16.5	warning	special_only 未命中特色规则
（一）手术室	300	1602294	西山骨动力（2）/W505060	1	16.5	16.5	warning	special_only 未命中特色规则
（一）手术室	301	1602297	骨四（一）兰青常备光源线-1件/Z2530	1	30.0	30.0	warning	special_only 未命中特色规则
（一）手术室	302	1602297	骨四（一）兰青磨头-1件/Z1026	1	22.0	22.0	warning	special_only 未命中特色规则
（一）手术室	303	1602297	光源线-膝镜通用-1/Z2540	1	30.0	30.0	warning	special_only 未命中特色规则
（一）手术室	304	1602297	刨刀-房玉立/Z2545	1	30.0	30.0	warning	special_only 未命中特色规则
（一）手术室	305	1602297	胸外盖冠男电钩2线1/Z2050	1	66.0	66.0	warning	special_only 未命中特色规则
（一）手术室	306	1602297	胸外镜头-1（盒1）W905060	1	35.0	35.0	warning	special_only 未命中特色规则
（一）手术室	307	1602297	213机器人-8件（带盒9件）	1	154.0	154.0	warning	special_only 未命中特色规则
（一）手术室	308	1602297	DMD3号镜头3件/W705060	1	66.0	66.0	warning	special_only 未命中特色规则
（一）手术室	309	1602297	德美4K光源（3号）-1/W905060	1	35.0	35.0	warning	special_only 未命中特色规则
（一）手术室	310	1602297	德美新3镜头-1件/W605060	1	35.0	35.0	warning	special_only 未命中特色规则
（一）手术室	311	1602297	新4光源-1（带盒两件）/W12050	1	35.0	35.0	warning	special_only 未命中特色规则
（一）手术室	312	1602350	下肢包	1	176.0	176.0	warning	special_only 未命中特色规则
（一）手术室	313	1602350	解剖剪刀-1/Z1029	1	8.0	8.0	warning	special_only 未命中特色规则
（一）手术室	314	1602350	安速康超声刀手柄1线1/Z2530	1	44.0	44.0	warning	special_only 未命中特色规则
（一）手术室	315	1602350	骨四（一）宋晓辉光源线-1/Z2540	1	30.0	30.0	warning	special_only 未命中特色规则
（一）手术室	316	1602350	0261机器人-8件（带盒9件）	1	154.0	154.0	warning	special_only 未命中特色规则
（一）手术室	317	1602350	348机器人-8件（带盒9件）	1	154.0	154.0	warning	special_only 未命中特色规则
（一）手术室	318	1602350	椎间孔镜头2号-1/W905060	1	35.0	35.0	warning	special_only 未命中特色规则
（一）手术室	319	1602350	持物钳罐-2件/W605060	8	16.5	16.5	warning	special_only 未命中特色规则
（一）手术室	320	1602350	弹钩-2/W605060	1	16.5	16.5	warning	special_only 未命中特色规则
（一）手术室	321	1602350	手科咬骨钳1 刮勺1/W505060	1	16.5	16.5	warning	special_only 未命中特色规则
（一）手术室	322	1602368	施乐辉肩镜器械	1	121.0	121.0	warning	special_only 未命中特色规则
（一）手术室	323	1602368	德美膝器械11件盒1（一）	1	66.0	66.0	warning	special_only 未命中特色规则
（一）手术室	324	1602373	上肢包	2	159.5	159.5	warning	special_only 未命中特色规则
（一）手术室	325	1602373	手科包	2	137.5	137.5	warning	special_only 未命中特色规则
（一）手术室	326	1602373	下肢包	2	176.0	176.0	warning	special_only 未命中特色规则
（一）手术室	327	1602373	椎间孔镜（三）	1	187.0	187.0	warning	special_only 未命中特色规则
（一）手术室	328	1602373	闭合包	2	55.0	55.0	warning	special_only 未命中特色规则
（一）手术室	329	1602373	咬骨钳1刮勺1/W605060	1	16.5	16.5	warning	special_only 未命中特色规则
（一）手术室	330	1602384	DMD刨刀-1/Z2550	1	30.0	30.0	warning	special_only 未命中特色规则
（一）手术室	331	1602384	胸外软镜-2件（盒1）/W15050	1	300.0	300.0	warning	special_only 未命中特色规则
（一）手术室	332	1602384	213机器人-8件（带盒9件）	1	154.0	154.0	warning	special_only 未命中特色规则
（一）手术室	333	1602384	348机器人-8件（带盒9件）	1	154.0	154.0	warning	special_only 未命中特色规则
（一）手术室	334	1602420	史赛克磨钻骨动力-9件 筐1/W1205060	1	55.0	55.0	warning	special_only 未命中特色规则
（一）手术室	337	1602420	骨电钻-3件/W705060	1	16.5	16.5	warning	special_only 未命中特色规则
（一）手术室	338	1602434	产科手术器械包	1	214.5	214.5	warning	special_only 未命中特色规则
（一）手术室	339	1602434	脊柱常备器械	1	49.5	49.5	warning	special_only 未命中特色规则
（一）手术室	340	1602434	脊柱常备器械髓核少1	1	44.0	44.0	warning	special_only 未命中特色规则
（一）手术室	341	1602434	上肢包	5	159.5	159.5	warning	special_only 未命中特色规则
（一）手术室	342	1602434	手科包	3	137.5	137.5	warning	special_only 未命中特色规则
（一）手术室	343	1602434	下肢包	8	176.0	176.0	warning	special_only 未命中特色规则
（一）手术室	344	1602434	新膝镜（二）-10件/W9050	1	60.5	60.5	warning	special_only 未命中特色规则
（一）手术室	345	1602434	蚊式2 中弯2/Z1530	1	22.0	22.0	warning	special_only 未命中特色规则
（一）手术室	346	1602434	驱血带	5	2.5	2.5	warning	敷料包(无纺布包)——未识别规格
（一）手术室	347	1602434	手套	9	2.5	2.5	warning	敷料包(无纺布包)——未识别规格
（一）手术室	349	1602434	大盆-1/w1205060	2	16.5	16.5	warning	special_only 未命中特色规则
（一）手术室	350	1602434	弹钩-2/W605060	1	16.5	16.5	warning	special_only 未命中特色规则
（一）手术室	351	1602434	剪切钳-1/W505060	1	16.5	16.5	warning	special_only 未命中特色规则
（一）手术室	352	1602434	上肢加件-3/W605060	1	16.5	16.5	warning	special_only 未命中特色规则
（一）手术室	353	1602434	咬骨钳1刮勺1/W605060	5	16.5	16.5	warning	special_only 未命中特色规则
（一）手术室	354	1602482	产科手术器械包	1	214.5	214.5	warning	special_only 未命中特色规则
（一）手术室	355	1602482	骨十一赵德来常备万能取 -64件/W1205060	1	357.5	357.5	warning	special_only 未命中特色规则
（一）手术室	356	1602482	脊柱常备器械	1	49.5	49.5	warning	special_only 未命中特色规则
（一）手术室	357	1602482	镜骨九（1）	1	66.0	66.0	warning	special_only 未命中特色规则
（一）手术室	358	1602482	刘绍辉断钉取-带盒48件	1	264.0	264.0	warning	special_only 未命中特色规则
（一）手术室	359	1602482	上肢包	7	159.5	159.5	warning	special_only 未命中特色规则
（一）手术室	360	1602482	史赛克摆锯骨动力-4（带盒5件）	1	27.5	27.5	warning	special_only 未命中特色规则
（一）手术室	361	1602482	手科包	3	137.5	137.5	warning	special_only 未命中特色规则
（一）手术室	362	1602482	下肢包	5	176.0	176.0	warning	special_only 未命中特色规则
（一）手术室	363	1602482	椎间孔镜（三）	1	187.0	187.0	warning	special_only 未命中特色规则
（一）手术室	364	1602482	解剖剪刀-1/Z1029	1	8.0	8.0	warning	special_only 未命中特色规则
（一）手术室	365	1602482	蚊式2 中弯2/Z1530	1	22.0	22.0	warning	special_only 未命中特色规则
（一）手术室	366	1602482	0261机器人-8件（带盒9件）	1	154.0	154.0	warning	special_only 未命中特色规则
（一）手术室	367	1602482	213机器人-8件（带盒9件）	1	154.0	154.0	warning	special_only 未命中特色规则
（一）手术室	368	1602482	348机器人-8件（带盒9件）	1	154.0	154.0	warning	special_only 未命中特色规则
（一）手术室	369	1602482	DMD光源2号-1（带盒）	1	35.0	35.0	warning	special_only 未命中特色规则
（一）手术室	371	1602482	新膝镜（一）-10件/W9050	1	60.5	60.5	warning	special_only 未命中特色规则
（一）手术室	372	1602482	持物钳罐-2件/W605060	5	16.5	16.5	warning	special_only 未命中特色规则
（一）手术室	373	1602482	弹钩-2/W605060	1	16.5	16.5	warning	special_only 未命中特色规则
（一）手术室	374	1602482	骶棘拉钩-2/W605060	1	16.5	16.5	warning	special_only 未命中特色规则
（一）手术室	375	1602482	骨电钻-3件/W705060	1	16.5	16.5	warning	special_only 未命中特色规则
（一）手术室	376	1602482	脊柱加件-6件/W605060	2	33.0	33.0	warning	special_only 未命中特色规则
（一）手术室	377	1602482	尖嘴复位器-2/W605060	3	16.5	16.5	warning	special_only 未命中特色规则
（一）手术室	378	1602482	剪切钳-1/W505060	2	16.5	16.5	warning	special_only 未命中特色规则
（一）手术室	379	1602482	上肢加件-3/W605060	4	16.5	16.5	warning	special_only 未命中特色规则
（一）手术室	380	1602482	手科咬骨钳1 刮勺1/W505060	5	16.5	16.5	warning	special_only 未命中特色规则
（一）手术室	381	1602482	咬骨钳1刮勺1/W605060	1	16.5	16.5	warning	special_only 未命中特色规则
（一）手术室	382	1602482	咬丝器-1/W6050	3	16.5	16.5	warning	special_only 未命中特色规则
（一）手术室	383	1602642	光源线-膝镜通用-1/Z2540	1	30.0	30.0	warning	special_only 未命中特色规则
（一）手术室	384	1602642	旧2刨刀-1/Z3040	1	35.0	35.0	warning	special_only 未命中特色规则
（一）手术室	385	1602642	刨刀-房玉立/Z2545	1	30.0	30.0	warning	special_only 未命中特色规则
（一）手术室	386	1602642	新史赛克手控加件-1	1	22.0	22.0	warning	special_only 未命中特色规则
（一）手术室	387	1602642	DMD1号镜头3件（盒1）/W705060	1	66.0	66.0	warning	special_only 未命中特色规则
（一）手术室	388	1602642	AR新3镜头-3件 盒1/W605060	1	66.0	66.0	warning	special_only 未命中特色规则
（一）手术室	389	1602642	DMD光源3号-1/W905060	1	28.0	28.0	warning	special_only 未命中特色规则
（一）手术室	390	1602642	新3光源-1（带盒两件）/W12050	1	35.0	35.0	warning	special_only 未命中特色规则
（一）手术室	391	1602642	椎间孔镜头2号-1/W905060	1	35.0	35.0	warning	special_only 未命中特色规则
（一）手术室	392	1602643	上肢包	3	159.5	159.5	warning	special_only 未命中特色规则
（一）手术室	393	1602643	手科包	1	137.5	137.5	warning	special_only 未命中特色规则
（一）手术室	394	1602643	下肢包	5	176.0	176.0	warning	special_only 未命中特色规则
（一）手术室	396	1602643	刷手服	6	25.0	25.0	warning	敷料包(无纺布包)——未识别规格
（一）手术室	399	1602643	持物钳罐-2件/W605060	4	16.5	16.5	warning	special_only 未命中特色规则
（一）手术室	400	1602645	妇产科张长青常备超声刀线-3件Z2030	1	66.0	66.0	warning	special_only 未命中特色规则
（一）手术室	401	1602645	气腹管1单极线1/Z3045	1	44.0	44.0	warning	special_only 未命中特色规则
（一）手术室	402	1602645	外妇通用光源线-1/Z2545	1	30.0	30.0	warning	special_only 未命中特色规则
（一）手术室	403	1602645	348机器人-8件（带盒9件）	1	154.0	154.0	warning	special_only 未命中特色规则
（一）手术室	404	1602645	举宫杯器械-8件/W1205060	1	154.0	154.0	warning	special_only 未命中特色规则
（一）手术室	405	1602645	镜头-腹腔镜30°-1/W9050	1	35.0	35.0	warning	special_only 未命中特色规则
（一）手术室	406	1602648	上肢包	2	159.5	159.5	warning	special_only 未命中特色规则
（一）手术室	407	1602648	手科包	4	137.5	137.5	warning	special_only 未命中特色规则
（一）手术室	408	1602648	外科包	1	187.0	187.0	warning	special_only 未命中特色规则
（一）手术室	409	1602648	下肢包	1	176.0	176.0	warning	special_only 未命中特色规则
（一）手术室	410	1602648	椎体成型包-12件	1	66.0	66.0	warning	special_only 未命中特色规则
（一）手术室	411	1602648	持物钳罐-2件/W605060	6	16.5	16.5	warning	special_only 未命中特色规则
（一）手术室	412	1602648	上肢加件-3/W605060	1	16.5	16.5	warning	special_only 未命中特色规则
（一）手术室	413	1602648	阴道拉钩-6/W7050	1	33.0	33.0	warning	special_only 未命中特色规则
（一）手术室	414	1602666	213机器人-8件（带盒9件）	1	154.0	154.0	warning	special_only 未命中特色规则
（一）手术室	415	1602666	妇科腔镜-17（铁帽3胶帽7）	1	300.0	300.0	warning	special_only 未命中特色规则
（一）手术室	416	1602711	大盆-1/w1205060	1	16.5	16.5	warning	special_only 未命中特色规则
（一）手术室	417	1602733	椎体成型包-12件	1	66.0	66.0	warning	special_only 未命中特色规则
（一）手术室	418	1602733	解剖剪刀-1/Z1029	1	8.0	8.0	warning	special_only 未命中特色规则
（一）手术室	419	1602733	蚊式2 中弯2/Z1530	1	22.0	22.0	warning	special_only 未命中特色规则
（一）手术室	420	1602733	闭合包	1	55.0	55.0	warning	special_only 未命中特色规则
（一）手术室	421	1602733	剪切钳-1/W505060	1	16.5	16.5	warning	special_only 未命中特色规则
（一）手术室	422	1602733	手科爪鞍钩-4件/W505060	1	22.0	22.0	warning	special_only 未命中特色规则
（一）手术室	423	1602733	咬骨钳1刮勺1/W605060	2	16.5	16.5	warning	special_only 未命中特色规则
（一）手术室	424	1602741	上肢包	4	159.5	159.5	warning	special_only 未命中特色规则
（一）手术室	425	1602741	手科包	3	137.5	137.5	warning	special_only 未命中特色规则
（一）手术室	426	1602741	下肢包	3	176.0	176.0	warning	special_only 未命中特色规则
（一）手术室	427	1602741	持物钳罐-2件/W605060	1	16.5	16.5	warning	special_only 未命中特色规则
（一）手术室	428	1602741	骨电钻-3件/W705060	1	16.5	16.5	warning	special_only 未命中特色规则
（一）手术室	429	1602745	0261机器人-8件（带盒9件）	1	154.0	154.0	warning	special_only 未命中特色规则
（一）手术室	430	1602745	348机器人-8件（带盒9件）	1	154.0	154.0	warning	special_only 未命中特色规则
（一）手术室	431	1602751	上肢包	3	159.5	159.5	warning	special_only 未命中特色规则
（一）手术室	432	1602751	手科包	3	137.5	137.5	warning	special_only 未命中特色规则
（一）手术室	433	1602751	下肢包	6	176.0	176.0	warning	special_only 未命中特色规则
（一）手术室	434	1602751	持物钳罐-2件/W605060	1	16.5	16.5	warning	special_only 未命中特色规则
（一）手术室	435	1602757	驱血带	5	2.5	2.5	warning	敷料包(无纺布包)——未识别规格
（一）手术室	437	1602757	手套	2	2.5	2.5	warning	敷料包(无纺布包)——未识别规格
（一）手术室	440	1602757	大盆-1/w1205060	1	16.5	16.5	warning	special_only 未命中特色规则
（一）手术室	441	1602798	骨二李琛万能取-49件	1	275.0	275.0	warning	special_only 未命中特色规则
（一）手术室	442	1602798	脊柱常备器械	1	49.5	49.5	warning	special_only 未命中特色规则
（一）手术室	443	1602798	刘绍辉断钉取-带盒48件	1	264.0	264.0	warning	special_only 未命中特色规则
（一）手术室	444	1602798	上肢包	6	159.5	159.5	warning	special_only 未命中特色规则
（一）手术室	445	1602798	施乐辉肩镜器械	1	121.0	121.0	warning	special_only 未命中特色规则
（一）手术室	446	1602798	手科包	3	137.5	137.5	warning	special_only 未命中特色规则
（一）手术室	447	1602798	下肢包	5	176.0	176.0	warning	special_only 未命中特色规则
（一）手术室	448	1602798	椎体成型包-12件	1	66.0	66.0	warning	special_only 未命中特色规则
（一）手术室	449	1602798	解剖剪刀-1/Z1029	1	8.0	8.0	warning	special_only 未命中特色规则
（一）手术室	450	1602798	DMD刨刀-1/Z2550	1	30.0	30.0	warning	special_only 未命中特色规则
（一）手术室	451	1602798	骨四（一）宋晓辉光源线-1/Z2540	1	30.0	30.0	warning	special_only 未命中特色规则
（一）手术室	452	1602798	刨刀-房玉立/Z2545	1	30.0	30.0	warning	special_only 未命中特色规则
（一）手术室	453	1602798	DMD1号镜头3件（盒1）/W705060	1	66.0	66.0	warning	special_only 未命中特色规则
（一）手术室	454	1602798	DMD5号镜头-3件	1	66.0	66.0	warning	special_only 未命中特色规则
（一）手术室	456	1602798	闭合包	2	55.0	55.0	warning	special_only 未命中特色规则
（一）手术室	457	1602798	德美膝器械12件盒1（三）	1	71.5	71.5	warning	special_only 未命中特色规则
（一）手术室	458	1602798	骨二高川勃（伊）万能取-64/W9060	1	357.5	357.5	warning	special_only 未命中特色规则
（一）手术室	459	1602798	姜龙显微器械-6件盒1/W7050	1	38.5	38.5	warning	special_only 未命中特色规则
（一）手术室	460	1602798	DMD光源3号-1/W905060	1	28.0	28.0	warning	special_only 未命中特色规则
（一）手术室	461	1602798	新3光源-1（带盒两件）/W12050	1	35.0	35.0	warning	special_only 未命中特色规则
（一）手术室	462	1602798	张伟镜头-1/W6050	1	35.0	35.0	warning	special_only 未命中特色规则
（一）手术室	463	1602798	持物钳罐-2件/W605060	4	16.5	16.5	warning	special_only 未命中特色规则
（一）手术室	464	1602798	锤子1凿子1剥离质1/W605060	1	16.5	16.5	warning	special_only 未命中特色规则
（一）手术室	465	1602798	骨电钻-3件/W705060	1	16.5	16.5	warning	special_only 未命中特色规则
（一）手术室	466	1602798	脊柱加件-6件/W605060	1	33.0	33.0	warning	special_only 未命中特色规则
（一）手术室	467	1602798	克氏钳-1/W405060	5	16.5	16.5	warning	special_only 未命中特色规则
（一）手术室	468	1602798	取针钳-1/W505060	1	16.5	16.5	warning	special_only 未命中特色规则
（一）手术室	469	1602798	上肢加件-3/W605060	2	16.5	16.5	warning	special_only 未命中特色规则
（一）手术室	470	1602798	外三头部固定钉-4件/W505060	1	22.0	22.0	warning	special_only 未命中特色规则
（一）手术室	471	1602798	西山骨动力（2）/W505060	1	16.5	16.5	warning	special_only 未命中特色规则
（一）手术室	472	1602798	咬骨钳1刮勺1/W605060	2	16.5	16.5	warning	special_only 未命中特色规则
（一）手术室	473	1602798	咬丝器-1/W6050	1	16.5	16.5	warning	special_only 未命中特色规则
（一）手术室	474	1602798	鹰嘴咬骨钳1刮勺1/W605060	1	16.5	16.5	warning	special_only 未命中特色规则
（一）手术室	476	1603006	刷手服	5	25.0	25.0	warning	敷料包(无纺布包)——未识别规格
（一）手术室	478	1603006	大盆-1/w1205060	2	16.5	16.5	warning	special_only 未命中特色规则
（一）手术室	479	1603011	上肢包	2	159.5	159.5	warning	special_only 未命中特色规则
（一）手术室	480	1603011	下肢包	3	176.0	176.0	warning	special_only 未命中特色规则
（一）手术室	481	1603011	骨四二消融器械4件（盒1）/W705060	1	88.0	88.0	warning	special_only 未命中特色规则
（一）手术室	482	1603011	旧2刨刀-1/Z3040	1	35.0	35.0	warning	special_only 未命中特色规则
（一）手术室	483	1603011	0261机器人-8件（带盒9件）	1	154.0	154.0	warning	special_only 未命中特色规则
（一）手术室	484	1603011	DMD光源2号-1（带盒）	1	35.0	35.0	warning	special_only 未命中特色规则
（一）手术室	485	1603011	刷手服	2	25.0	25.0	warning	敷料包(无纺布包)——未识别规格
（一）手术室	486	1603011	DMD2号镜头3件/W705060	1	66.0	66.0	warning	special_only 未命中特色规则
（一）手术室	487	1603017	上肢包	2	159.5	159.5	warning	special_only 未命中特色规则
（一）手术室	488	1603017	外科包	1	187.0	187.0	warning	special_only 未命中特色规则
（一）手术室	489	1603017	下肢包	6	176.0	176.0	warning	special_only 未命中特色规则
（一）手术室	490	1603017	椎体成型包-12件	1	66.0	66.0	warning	special_only 未命中特色规则
（一）手术室	491	1603017	德美膝器械11件盒1（一）	1	66.0	66.0	warning	special_only 未命中特色规则
（一）手术室	492	1603017	持物钳罐-2件/W605060	9	16.5	16.5	warning	special_only 未命中特色规则
（一）手术室	493	1603017	鞠超杰剪线器-1/W605060	1	16.5	16.5	warning	special_only 未命中特色规则
（一）手术室	494	1603017	手科咬骨钳1 刮勺1/W505060	1	16.5	16.5	warning	special_only 未命中特色规则
（一）手术室	495	1603017	咬骨钳1刮勺1/W605060	2	16.5	16.5	warning	special_only 未命中特色规则
（一）手术室	496	1603076	刨刀-房玉立/Z2545	1	30.0	30.0	warning	special_only 未命中特色规则
（一）手术室	497	1603076	刨刀线-膝关节-旧1/Z2545	1	44.0	44.0	warning	special_only 未命中特色规则
（一）手术室	498	1603076	348机器人-8件（带盒9件）	1	154.0	154.0	warning	special_only 未命中特色规则
（一）手术室	499	1603076	AR新3镜头-3件 盒1/W605060	1	66.0	66.0	warning	special_only 未命中特色规则
（一）手术室	500	1603076	DMD3号镜头3件/W705060	1	66.0	66.0	warning	special_only 未命中特色规则
（一）手术室	501	1603076	新1光源-1（带盒两件）/W12050	1	35.0	35.0	warning	special_only 未命中特色规则
（一）手术室	502	1603076	新4光源-1（带盒两件）/W12050	1	35.0	35.0	warning	special_only 未命中特色规则
（一）手术室	503	1603114	上肢包	4	159.5	159.5	warning	special_only 未命中特色规则
（一）手术室	504	1603114	手科包	4	137.5	137.5	warning	special_only 未命中特色规则
（一）手术室	505	1603114	下肢包	7	176.0	176.0	warning	special_only 未命中特色规则
（一）手术室	506	1603114	穿刺针（带芯）-2/Z7520	1	13.5	13.5	warning	special_only 未命中特色规则
（一）手术室	507	1603114	穿刺针-1（带芯）/7526	1	8.0	8.0	warning	special_only 未命中特色规则
（一）手术室	508	1603114	中直钳-2/Z1530	2	16.5	16.5	warning	special_only 未命中特色规则
（一）手术室	509	1603114	锤子1凿子1剥离质1/W605060	1	16.5	16.5	warning	special_only 未命中特色规则
（一）手术室	510	1603114	手科咬骨钳1 刮勺1/W505060	1	16.5	16.5	warning	special_only 未命中特色规则
（一）手术室	511	1603114	咬骨钳1刮勺1/W605060	5	16.5	16.5	warning	special_only 未命中特色规则
（一）手术室	512	1603114	鹰嘴咬骨钳1刮勺1/W605060	1	16.5	16.5	warning	special_only 未命中特色规则
（一）手术室	514	1603167	上肢包	3	159.5	159.5	warning	special_only 未命中特色规则
（一）手术室	515	1603167	史赛克锯钻骨动力-7（带盒8件）	1	44.0	44.0	warning	special_only 未命中特色规则
（一）手术室	516	1603167	手科包	5	137.5	137.5	warning	special_only 未命中特色规则
（一）手术室	517	1603167	下肢包	3	176.0	176.0	warning	special_only 未命中特色规则
（一）手术室	518	1603167	德美刨刀（高温）-1/Z2044	1	16.5	16.5	warning	special_only 未命中特色规则
（一）手术室	520	1603167	大盆-1/w1205060	1	16.5	16.5	warning	special_only 未命中特色规则
（一）手术室	521	1603194	超声骨动力系统	1	49.5	49.5	warning	special_only 未命中特色规则
（一）手术室	522	1603194	脑外专用包	1	154.0	154.0	warning	special_only 未命中特色规则
（一）手术室	523	1603194	手科包	1	137.5	137.5	warning	special_only 未命中特色规则
（一）手术室	524	1603194	德美新1水管-2/双/Z1526	1	16.5	16.5	warning	special_only 未命中特色规则
（一）手术室	525	1603194	驱血带	5	2.5	2.5	warning	敷料包(无纺布包)——未识别规格
（一）手术室	526	1603194	手套	5	2.5	2.5	warning	敷料包(无纺布包)——未识别规格
（一）手术室	527	1603194	德美膝器械12件盒1（四）	1	71.5	71.5	warning	special_only 未命中特色规则
（一）手术室	528	1603194	咬骨钳1刮勺1/W605060	2	16.5	16.5	warning	special_only 未命中特色规则
（一）手术室	529	1603194	咬丝器-1/W6050	1	16.5	16.5	warning	special_only 未命中特色规则
（一）手术室	530	1603207	脑外专用包	1	154.0	154.0	warning	special_only 未命中特色规则
（一）手术室	531	1603207	上肢包	4	159.5	159.5	warning	special_only 未命中特色规则
（一）手术室	532	1603207	手科包	5	137.5	137.5	warning	special_only 未命中特色规则
（一）手术室	533	1603207	下肢包	7	176.0	176.0	warning	special_only 未命中特色规则
（一）手术室	534	1603207	德美2号刨刀-1/双/Z2550	1	26.5	16.5	warning	校正价16.5
（一）手术室	535	1603207	德美新2水管-2件/Z1530	1	16.5	16.5	warning	special_only 未命中特色规则
（一）手术室	536	1603207	解剖剪刀-1/Z1029	2	8.0	8.0	warning	special_only 未命中特色规则
（一）手术室	537	1603207	DMD6号水管-2件/W505060	1	44.0	44.0	warning	special_only 未命中特色规则
（一）手术室	538	1603207	DMD光源1号-1/W905060	1	22.0	22.0	warning	special_only 未命中特色规则
（一）手术室	539	1603207	DMD刨刀-1/Z2550	1	30.0	30.0	warning	special_only 未命中特色规则
（一）手术室	540	1603207	旧2刨刀-1/Z3040	1	35.0	35.0	warning	special_only 未命中特色规则
（一）手术室	541	1603207	史赛克无线摆锯-4/Z2030	1	88.0	88.0	warning	special_only 未命中特色规则
（一）手术室	542	1603207	DMD6号镜头-1件	1	35.0	35.0	warning	special_only 未命中特色规则
（一）手术室	543	1603207	德美新1镜头-1件（盒1）	1	35.0	35.0	warning	special_only 未命中特色规则
（一）手术室	545	1603207	德美膝器械11件盒1（二）	1	66.0	66.0	warning	special_only 未命中特色规则
（一）手术室	546	1603207	德美膝器械11件盒1（一）	1	66.0	66.0	warning	special_only 未命中特色规则
（一）手术室	547	1603207	偏瘫陈冲显微器械-15件（盒1）	1	88.0	88.0	warning	special_only 未命中特色规则
（一）手术室	548	1603207	新膝镜（一）-10件/W9050	1	60.5	60.5	warning	special_only 未命中特色规则
（一）手术室	549	1603207	AR新3镜头-3件 盒1/W605060	1	66.0	66.0	warning	special_only 未命中特色规则
（一）手术室	550	1603207	德美4K光源（1号）-1/W905060	1	35.0	35.0	warning	special_only 未命中特色规则
（一）手术室	551	1603207	德美4K光源（2号）-1/W905060	1	35.0	35.0	warning	special_only 未命中特色规则
（一）手术室	552	1603207	德美新3镜头-1件/W605060	1	35.0	35.0	warning	special_only 未命中特色规则
（一）手术室	553	1603207	新3光源-1（带盒两件）/W12050	1	35.0	35.0	warning	special_only 未命中特色规则
（一）手术室	554	1603207	叉勾-7/W605060	1	38.5	38.5	warning	special_only 未命中特色规则
（一）手术室	555	1603207	持物钳罐-2件/W605060	5	16.5	16.5	warning	special_only 未命中特色规则
（一）手术室	556	1603207	弹钩-2/W605060	2	16.5	16.5	warning	special_only 未命中特色规则
（一）手术室	557	1603207	脊柱加件-6件/W605060	1	33.0	33.0	warning	special_only 未命中特色规则
（一）手术室	558	1603207	尖嘴复位器-2/W605060	2	16.5	16.5	warning	special_only 未命中特色规则
（一）手术室	559	1603207	剪切钳-1/W505060	1	16.5	16.5	warning	special_only 未命中特色规则
（一）手术室	560	1603207	胫腓骨拉勾-2/W605060	1	16.5	16.5	warning	special_only 未命中特色规则
（一）手术室	561	1603207	鞠定向器-2件/W505060	1	16.5	16.5	warning	special_only 未命中特色规则
（一）手术室	562	1603207	克氏钳-1/W405060	2	16.5	16.5	warning	special_only 未命中特色规则
（一）手术室	563	1603207	手科咬骨钳1 刮勺1/W505060	1	16.5	16.5	warning	special_only 未命中特色规则
（一）手术室	564	1603207	咬骨钳1刮勺1/W605060	2	16.5	16.5	warning	special_only 未命中特色规则
（一）手术室	565	1603207	咬丝器-1/W6050	1	16.5	16.5	warning	special_only 未命中特色规则
（一）手术室	566	1603402	骨四（一）兰青常备光源线-1件/Z2530	1	30.0	30.0	warning	special_only 未命中特色规则
（一）手术室	567	1603402	骨四（一）兰青磨头-1件/Z1026	1	22.0	22.0	warning	special_only 未命中特色规则
（一）手术室	568	1603402	373机器人-7件（带盒8件）	1	132.0	132.0	warning	special_only 未命中特色规则
（一）手术室	569	1603402	475机器人-7件（带盒8件）	1	132.0	132.0	warning	special_only 未命中特色规则
（一）手术室	570	1603406	263机器人-9件（高温）	1	55.0	55.0	warning	special_only 未命中特色规则
（一）手术室	571	1603406	264机器人-8件（高温）	1	49.5	49.5	warning	special_only 未命中特色规则
（一）手术室	572	1603406	上肢包	4	159.5	159.5	warning	special_only 未命中特色规则
（一）手术室	573	1603406	手科包	3	137.5	137.5	warning	special_only 未命中特色规则
（一）手术室	574	1603406	下肢包	2	176.0	176.0	warning	special_only 未命中特色规则
（一）手术室	575	1603406	刷手服	6	25.0	25.0	warning	敷料包(无纺布包)——未识别规格
（一）手术室	576	1603406	持物钳罐-2件/W605060	12	16.5	16.5	warning	special_only 未命中特色规则
（一）手术室	577	1603406	大盆-1/w1205060	1	16.5	16.5	warning	special_only 未命中特色规则
（一）手术室	578	1603406	骨电钻-3件/W705060	1	16.5	16.5	warning	special_only 未命中特色规则
（一）手术室	579	1603406	手科咬骨钳1 刮勺1/W505060	2	16.5	16.5	warning	special_only 未命中特色规则
（一）手术室	580	1603406	手科爪鞍钩-4件/W505060	1	22.0	22.0	warning	special_only 未命中特色规则
（一）手术室	581	1603406	西山骨动力（2）/W505060	1	16.5	16.5	warning	special_only 未命中特色规则
（一）手术室	582	1603409	上肢包	3	159.5	159.5	warning	special_only 未命中特色规则
（一）手术室	583	1603409	下肢包	5	176.0	176.0	warning	special_only 未命中特色规则
（一）手术室	584	1603409	鞠超杰0.5钻头-4件/w405060	1	22.0	22.0	warning	special_only 未命中特色规则
（一）手术室	585	1603409	史赛克锯片-1/Z1020	1	8.0	8.0	warning	special_only 未命中特色规则
（一）手术室	586	1603409	348机器人-8件（带盒9件）	1	154.0	154.0	warning	special_only 未命中特色规则
（一）手术室	590	1603409	克氏钳-1/W405060	1	16.5	16.5	warning	special_only 未命中特色规则
（一）手术室	591	1603409	上肢加件-3/W605060	1	16.5	16.5	warning	special_only 未命中特色规则
（一）手术室	592	1603409	手科咬骨钳1 刮勺1/W505060	1	16.5	16.5	warning	special_only 未命中特色规则
（一）手术室	593	1603409	咬丝器-1/W6050	1	16.5	16.5	warning	special_only 未命中特色规则
（一）手术室	595	1603464	光源线-膝镜通用-1/Z2540	1	30.0	30.0	warning	special_only 未命中特色规则
（一）手术室	596	1603464	刨刀-房玉立/Z2545	1	30.0	30.0	warning	special_only 未命中特色规则
（一）手术室	597	1603464	新史赛克手控加件-1	1	22.0	22.0	warning	special_only 未命中特色规则
（一）手术室	598	1603464	0261机器人-8件（带盒9件）	1	154.0	154.0	warning	special_only 未命中特色规则
（一）手术室	599	1603464	DMD2号镜头3件/W705060	1	66.0	66.0	warning	special_only 未命中特色规则
（一）手术室	600	1603464	DMD3号镜头3件/W705060	1	66.0	66.0	warning	special_only 未命中特色规则
（一）手术室	601	1603464	新1光源-1（带盒两件）/W12050	1	35.0	35.0	warning	special_only 未命中特色规则
（一）手术室	602	1603473	史赛克摆锯骨动力-4（带盒5件）	1	27.5	27.5	warning	special_only 未命中特色规则
（一）手术室	603	1603473	手科包	2	137.5	137.5	warning	special_only 未命中特色规则
（一）手术室	604	1603473	下肢包	3	176.0	176.0	warning	special_only 未命中特色规则
（一）手术室	605	1603473	史赛克3.2克氏针钻-带盒4件	1	22.0	22.0	warning	special_only 未命中特色规则
（一）手术室	606	1603473	西山骨动力1号-1/双/Z2530	1	26.5	16.5	warning	校正价16.5
（一）手术室	607	1603473	德美膝器械12件盒1（三）	1	71.5	71.5	warning	special_only 未命中特色规则
（一）手术室	608	1603502	脊柱常备器械	1	49.5	49.5	warning	special_only 未命中特色规则
（一）手术室	609	1603502	上肢包	2	159.5	159.5	warning	special_only 未命中特色规则
（一）手术室	610	1603502	下肢包	2	176.0	176.0	warning	special_only 未命中特色规则
（一）手术室	611	1603502	新腰备	1	137.5	137.5	warning	special_only 未命中特色规则
（一）手术室	612	1603509	上肢包	1	159.5	159.5	warning	special_only 未命中特色规则
（一）手术室	613	1603509	手科包	2	137.5	137.5	warning	special_only 未命中特色规则
（一）手术室	614	1603509	下肢包	1	176.0	176.0	warning	special_only 未命中特色规则
（一）手术室	615	1603509	解剖剪刀-1/Z1029	1	8.0	8.0	warning	special_only 未命中特色规则
（一）手术室	616	1603509	脊柱加件-6件/W605060	1	33.0	33.0	warning	special_only 未命中特色规则
（一）手术室	617	1603509	尖嘴复位器-2/W605060	1	16.5	16.5	warning	special_only 未命中特色规则
（一）手术室	618	1603509	取针钳-1/W505060	1	16.5	16.5	warning	special_only 未命中特色规则
（一）手术室	619	1603509	上肢加件-3/W605060	3	16.5	16.5	warning	special_only 未命中特色规则
（一）手术室	620	1603509	手科咬骨钳1 刮勺1/W505060	2	16.5	16.5	warning	special_only 未命中特色规则
（一）手术室	621	1603509	咬骨剪子1刮勺1/W605060	1	16.5	16.5	warning	special_only 未命中特色规则
（一）手术室	622	1603509	咬骨钳1刮勺1/W605060	2	16.5	16.5	warning	special_only 未命中特色规则
（一）手术室	623	1603509	咬丝器-1/W6050	2	16.5	16.5	warning	special_only 未命中特色规则
（一）手术室	624	1603514	40001机器人-8件（高温）	1	49.5	49.5	warning	special_only 未命中特色规则
（一）手术室	625	1603514	上肢包	2	159.5	159.5	warning	special_only 未命中特色规则
（一）手术室	626	1603514	手科包	4	137.5	137.5	warning	special_only 未命中特色规则
（一）手术室	627	1603514	下肢包	8	176.0	176.0	warning	special_only 未命中特色规则
（一）手术室	628	1603514	骨动力-8 盒1/w1205060	1	49.5	49.5	warning	special_only 未命中特色规则
（一）手术室	629	1603514	解剖剪刀-1/Z1029	1	8.0	8.0	warning	special_only 未命中特色规则
（一）手术室	630	1603514	驱血带	11	2.5	2.5	warning	敷料包(无纺布包)——未识别规格
（一）手术室	631	1603514	手套	5	2.5	2.5	warning	敷料包(无纺布包)——未识别规格
（一）手术室	633	1603514	闭合包	1	55.0	55.0	warning	special_only 未命中特色规则
（一）手术室	634	1603514	大盆-1/w1205060	2	16.5	16.5	warning	special_only 未命中特色规则
（一）手术室	635	1603514	剪切钳-1/W505060	1	16.5	16.5	warning	special_only 未命中特色规则
（一）手术室	636	1603514	手科咬骨钳1 刮勺1/W505060	1	16.5	16.5	warning	special_only 未命中特色规则
（一）手术室	637	1603514	西山骨动力（2）/W505060	1	16.5	16.5	warning	special_only 未命中特色规则
（一）手术室	638	1603514	咬骨钳1刮勺1/W605060	3	16.5	16.5	warning	special_only 未命中特色规则
（一）手术室	639	1603514	咬丝器-1/W6050	1	16.5	16.5	warning	special_only 未命中特色规则
（一）手术室	640	1603516	动力转换器-1/Z1526	1	25.0	25.0	warning	special_only 未命中特色规则
（一）手术室	641	1603516	骨四（一）兰青常备光源线-1件/Z2530	1	30.0	30.0	warning	special_only 未命中特色规则
（一）手术室	642	1603516	史赛克无线摆锯-4/Z2030	1	88.0	88.0	warning	special_only 未命中特色规则
（一）手术室	643	1603516	213机器人-8件（带盒9件）	1	154.0	154.0	warning	special_only 未命中特色规则
（一）手术室	644	1603516	218机器人-7件（带盒8件）	1	132.0	132.0	warning	special_only 未命中特色规则
（一）手术室	645	1603568	263机器人-9件（高温）	1	55.0	55.0	warning	special_only 未命中特色规则
（一）手术室	646	1603568	上肢包	4	159.5	159.5	warning	special_only 未命中特色规则
（一）手术室	647	1603568	手科包	2	137.5	137.5	warning	special_only 未命中特色规则
（一）手术室	648	1603568	下肢包	3	176.0	176.0	warning	special_only 未命中特色规则
（一）手术室	649	1603568	椎间孔镜（三）	1	187.0	187.0	warning	special_only 未命中特色规则
（一）手术室	650	1603568	骨四（一）兰青磨头-1件/Z1026	1	22.0	22.0	warning	special_only 未命中特色规则
（一）手术室	651	1603568	骨四（一）宋晓辉光源线-1/Z2540	1	30.0	30.0	warning	special_only 未命中特色规则
（一）手术室	652	1603568	0261机器人-8件（带盒9件）	1	154.0	154.0	warning	special_only 未命中特色规则
（一）手术室	653	1603568	348机器人-8件（带盒9件）	1	154.0	154.0	warning	special_only 未命中特色规则
（一）手术室	654	1603568	475机器人-7件（带盒8件）	1	132.0	132.0	warning	special_only 未命中特色规则
（一）手术室	656	1603568	闭合包	1	55.0	55.0	warning	special_only 未命中特色规则
（一）手术室	657	1603568	椎间孔镜头2号-1/W905060	1	35.0	35.0	warning	special_only 未命中特色规则
（一）手术室	658	1603568	持物钳罐-2件/W605060	1	16.5	16.5	warning	special_only 未命中特色规则
（一）手术室	659	1603568	尺桡复位器-2/W405060	1	16.5	16.5	warning	special_only 未命中特色规则
（一）手术室	660	1603568	脊柱加件-6件/W605060	1	33.0	33.0	warning	special_only 未命中特色规则
（一）手术室	661	1603568	剪切钳-1/W505060	1	16.5	16.5	warning	special_only 未命中特色规则
（一）手术室	662	1603568	胫腓骨拉勾-2/W605060	1	16.5	16.5	warning	special_only 未命中特色规则
（一）手术室	663	1603568	取针咬骨钳-1件/W505060	1	16.5	16.5	warning	special_only 未命中特色规则
（一）手术室	664	1603568	手科咬骨钳1 刮勺1/W505060	1	16.5	16.5	warning	special_only 未命中特色规则
（一）手术室	665	1603568	中心持骨器-2/w6050	1	16.5	16.5	warning	special_only 未命中特色规则
（一）手术室	666	1603773	产科手术器械包	1	214.5	214.5	warning	special_only 未命中特色规则
（一）手术室	667	1603773	超声骨动力系统	1	49.5	49.5	warning	special_only 未命中特色规则
（一）手术室	668	1603773	上肢包	10	159.5	159.5	warning	special_only 未命中特色规则
（一）手术室	669	1603773	手科包	5	137.5	137.5	warning	special_only 未命中特色规则
（一）手术室	670	1603773	下肢包	8	176.0	176.0	warning	special_only 未命中特色规则
（一）手术室	671	1603773	椎体成型包-12件	2	66.0	66.0	warning	special_only 未命中特色规则
（一）手术室	672	1603773	西山骨动力1号-1/双/Z2530	1	26.5	16.5	warning	校正价16.5
（一）手术室	673	1603773	刷手服	7	25.0	25.0	warning	敷料包(无纺布包)——未识别规格
（一）手术室	674	1603773	持物钳罐-2件/W605060	13	16.5	16.5	warning	special_only 未命中特色规则
（一）手术室	675	1603773	弹钩-2/W605060	1	16.5	16.5	warning	special_only 未命中特色规则
（一）手术室	676	1603773	肱骨复位器-2/W5050	1	16.5	16.5	warning	special_only 未命中特色规则
（一）手术室	677	1603773	骨把持器1钢板折弯器2/W605060	1	16.5	16.5	warning	special_only 未命中特色规则
（一）手术室	678	1603773	脊柱加件-6件/W605060	2	33.0	33.0	warning	special_only 未命中特色规则
（一）手术室	679	1603773	尖嘴复位器-2/W605060	1	16.5	16.5	warning	special_only 未命中特色规则
（一）手术室	680	1603773	剪切钳-1/W505060	1	16.5	16.5	warning	special_only 未命中特色规则
（一）手术室	681	1603773	克氏钳-1/W405060	2	16.5	16.5	warning	special_only 未命中特色规则
（一）手术室	682	1603773	手科咬骨钳1 刮勺1/W505060	3	16.5	16.5	warning	special_only 未命中特色规则
（一）手术室	683	1603773	西山骨动力（2）/W505060	1	16.5	16.5	warning	special_only 未命中特色规则
（一）手术室	684	1603773	咬骨钳1刮勺1/W605060	3	16.5	16.5	warning	special_only 未命中特色规则
（一）手术室	685	1603773	中心持骨器-2/w6050	1	16.5	16.5	warning	special_only 未命中特色规则
（一）手术室	686	1603776	骨四（2）邹天彪磨头-4件/Z1026	1	38.5	38.5	warning	special_only 未命中特色规则
（一）手术室	687	1603776	骨四二邹天彪光源线1件/Z2550	1	30.0	30.0	warning	special_only 未命中特色规则
（一）手术室	688	1603776	光源线-膝镜通用-1/Z2540	1	30.0	30.0	warning	special_only 未命中特色规则
（一）手术室	689	1603776	胸外盖冠男电钩2线1/Z2050	1	66.0	66.0	warning	special_only 未命中特色规则
（一）手术室	690	1603776	胸外镜头-1（盒1）W905060	1	35.0	35.0	warning	special_only 未命中特色规则
（一）手术室	692	1603855	驱血带	7	2.5	2.5	warning	敷料包(无纺布包)——未识别规格
（一）手术室	694	1603855	手套	5	2.5	2.5	warning	敷料包(无纺布包)——未识别规格
（一）手术室	695	1603855	洗毛盒	3	25.0	25.0	warning	敷料包(无纺布包)——未识别规格
（一）手术室	697	1603855	下肢止血带	2	4.0	4.0	warning	敷料包(无纺布包)——未识别规格
（一）手术室	699	1603908	刷手服	7	25.0	25.0	warning	敷料包(无纺布包)——未识别规格
（一）手术室	700	1603910	旧2刨刀-1/Z3040	1	35.0	35.0	warning	special_only 未命中特色规则
（一）手术室	701	1603910	刨刀-房玉立/Z2545	1	30.0	30.0	warning	special_only 未命中特色规则
（一）手术室	702	1603910	0261机器人-8件（带盒9件）	1	154.0	154.0	warning	special_only 未命中特色规则
（一）手术室	703	1603910	348机器人-8件（带盒9件）	1	154.0	154.0	warning	special_only 未命中特色规则
（一）手术室	704	1603910	AR新3镜头-3件 盒1/W605060	1	66.0	66.0	warning	special_only 未命中特色规则
（一）手术室	705	1603910	新4光源-1（带盒两件）/W12050	1	35.0	35.0	warning	special_only 未命中特色规则
（一）手术室	706	1603947	上肢包	1	159.5	159.5	warning	special_only 未命中特色规则
（一）手术室	707	1603947	手科包	1	137.5	137.5	warning	special_only 未命中特色规则
（一）手术室	708	1603947	下肢包	1	176.0	176.0	warning	special_only 未命中特色规则
（一）手术室	709	1603947	闭合包	1	55.0	55.0	warning	special_only 未命中特色规则
（一）手术室	710	1603947	新膝镜（一）-10件/W9050	1	60.5	60.5	warning	special_only 未命中特色规则
（一）手术室	711	1603963	踝关节光源线-1/Z2545	1	30.0	30.0	warning	special_only 未命中特色规则
（一）手术室	712	1603963	脑外西山磨钻-3件/W705060	1	66.0	66.0	warning	special_only 未命中特色规则
（一）手术室	713	1603963	腕关节镜水管-2/Z1026	1	44.0	44.0	warning	special_only 未命中特色规则
（一）手术室	714	1603963	213机器人-8件（带盒9件）	1	154.0	154.0	warning	special_only 未命中特色规则
（一）手术室	715	1604011	上肢包	1	159.5	159.5	warning	special_only 未命中特色规则
（一）手术室	716	1604011	手科包	2	137.5	137.5	warning	special_only 未命中特色规则
（一）手术室	717	1604011	下肢包	1	176.0	176.0	warning	special_only 未命中特色规则
（一）手术室	718	1604011	吸引器头1芯1/Z7530	1	13.5	13.5	warning	special_only 未命中特色规则
（一）手术室	719	1604011	大盆-1/w1205060	2	16.5	16.5	warning	special_only 未命中特色规则
（一）手术室	720	1604011	德美肩钩-5件/W505060	1	33.0	33.0	warning	special_only 未命中特色规则
（一）手术室	721	1604011	肱骨复位器-2/W5050	1	16.5	16.5	warning	special_only 未命中特色规则
（一）手术室	722	1604011	尖嘴复位器-2/W605060	1	16.5	16.5	warning	special_only 未命中特色规则
（一）手术室	723	1604011	剪切钳-1/W505060	1	16.5	16.5	warning	special_only 未命中特色规则
（一）手术室	724	1604011	旧水管-3件/W605060	1	16.5	16.5	warning	special_only 未命中特色规则
（一）手术室	725	1604011	克氏钳-1/W405060	1	16.5	16.5	warning	special_only 未命中特色规则
（一）手术室	726	1604011	胸质钳-1/W505060	1	16.5	16.5	warning	special_only 未命中特色规则
（一）手术室	727	1604011	咬骨钳1刮勺1/W605060	1	16.5	16.5	warning	special_only 未命中特色规则
（一）手术室	728	1604011	中心持骨器-2/w6050	1	16.5	16.5	warning	special_only 未命中特色规则
（一）手术室	729	1604014	DMD光源1号-1/W905060	1	22.0	22.0	warning	special_only 未命中特色规则
（一）手术室	730	1604014	骨四（一）兰青常备光源线-1件/Z2530	1	30.0	30.0	warning	special_only 未命中特色规则
（一）手术室	731	1604014	骨四（一）兰青磨头-1件/Z1026	1	22.0	22.0	warning	special_only 未命中特色规则
（一）手术室	732	1604014	刨刀线-膝关节-旧1/Z2545	1	44.0	44.0	warning	special_only 未命中特色规则
（一）手术室	733	1604014	0261机器人-8件（带盒9件）	1	154.0	154.0	warning	special_only 未命中特色规则
（一）手术室	734	1604014	348机器人-8件（带盒9件）	1	154.0	154.0	warning	special_only 未命中特色规则
（一）手术室	735	1604014	DMD2号镜头3件/W705060	1	66.0	66.0	warning	special_only 未命中特色规则
（一）手术室	736	1604017	驱血带	4	2.5	2.5	warning	敷料包(无纺布包)——未识别规格
（一）手术室	737	1604017	手套	15	2.5	2.5	warning	敷料包(无纺布包)——未识别规格
（一）手术室	740	1604017	持物钳罐-2件/W605060	1	16.5	16.5	warning	special_only 未命中特色规则
（一）手术室	741	1604017	大盆-1/w1205060	2	16.5	16.5	warning	special_only 未命中特色规则
（一）手术室	742	1604017	尖嘴复位器-2/W605060	1	16.5	16.5	warning	special_only 未命中特色规则
（一）手术室	743	1604036	上肢包	1	159.5	159.5	warning	special_only 未命中特色规则
（一）手术室	744	1604036	手科包	2	137.5	137.5	warning	special_only 未命中特色规则
（一）手术室	745	1604036	外科包	1	187.0	187.0	warning	special_only 未命中特色规则
（一）手术室	746	1604036	下肢包	8	176.0	176.0	warning	special_only 未命中特色规则
（一）手术室	747	1604036	DMD刨刀-1/Z2550	1	30.0	30.0	warning	special_only 未命中特色规则
（一）手术室	748	1604036	鞠超杰-肩钩-5件/Z1030	1	88.0	88.0	warning	special_only 未命中特色规则
（一）手术室	749	1604036	213机器人-8件（带盒9件）	1	154.0	154.0	warning	special_only 未命中特色规则
（一）手术室	750	1604036	218机器人-7件（带盒8件）	1	132.0	132.0	warning	special_only 未命中特色规则
（一）手术室	751	1604036	德美膝器械12件盒1（三）	1	71.5	71.5	warning	special_only 未命中特色规则
（一）手术室	752	1604036	DMD3号镜头3件/W705060	1	66.0	66.0	warning	special_only 未命中特色规则
（一）手术室	753	1604036	DMD光源3号-1/W905060	1	28.0	28.0	warning	special_only 未命中特色规则
（一）手术室	754	1604048	263机器人-9件（高温）	1	55.0	55.0	warning	special_only 未命中特色规则
（一）手术室	755	1604048	上肢包	5	159.5	159.5	warning	special_only 未命中特色规则
（一）手术室	756	1604048	手科包	5	137.5	137.5	warning	special_only 未命中特色规则
（一）手术室	757	1604048	外科包	1	187.0	187.0	warning	special_only 未命中特色规则
（一）手术室	758	1604048	下肢包	3	176.0	176.0	warning	special_only 未命中特色规则
（一）手术室	759	1604048	椎体成型包-12件	4	66.0	66.0	warning	special_only 未命中特色规则
（一）手术室	760	1604048	解剖剪刀-1/Z1029	2	8.0	8.0	warning	special_only 未命中特色规则
（一）手术室	761	1604048	聂广辰专用解剖剪-1/Z1029	1	8.0	8.0	warning	special_only 未命中特色规则
（一）手术室	762	1604048	西山骨动力1号-1/双/Z2530	1	26.5	16.5	warning	校正价16.5
（一）手术室	763	1604048	德美膝器械11件盒1（一）	1	66.0	66.0	warning	special_only 未命中特色规则
（一）手术室	764	1604048	剪切钳-1/W505060	1	16.5	16.5	warning	special_only 未命中特色规则
（一）手术室	765	1604048	上肢加件-3/W605060	1	16.5	16.5	warning	special_only 未命中特色规则
（一）手术室	766	1604048	手科爪鞍钩-4件/W505060	1	22.0	22.0	warning	special_only 未命中特色规则
（一）手术室	767	1604048	咬骨剪子1刮勺1/W605060	1	16.5	16.5	warning	special_only 未命中特色规则
（一）手术室	768	1604048	咬丝器-1/W6050	2	16.5	16.5	warning	special_only 未命中特色规则
（一）手术室	771	1604088	持物钳罐-2件/W605060	1	16.5	16.5	warning	special_only 未命中特色规则
（一）手术室	772	1604088	米氏钳-2/W605060	1	16.5	16.5	warning	special_only 未命中特色规则
（一）手术室	773	1604088	咬骨钳1刮勺1/W605060	2	16.5	16.5	warning	special_only 未命中特色规则
（一）手术室	774	1604108	264机器人-8件（高温）	1	49.5	49.5	warning	special_only 未命中特色规则
（一）手术室	775	1604108	40001机器人-8件（高温）	1	49.5	49.5	warning	special_only 未命中特色规则
（一）手术室	776	1604108	上肢包	4	159.5	159.5	warning	special_only 未命中特色规则
（一）手术室	777	1604108	手科包	3	137.5	137.5	warning	special_only 未命中特色规则
（一）手术室	778	1604108	下肢包	6	176.0	176.0	warning	special_only 未命中特色规则
（一）手术室	780	1604108	安速康超声刀手柄1线1/Z2530	1	44.0	44.0	warning	special_only 未命中特色规则
（一）手术室	781	1604108	胸外电钩线-1件/Z2030	1	28.0	28.0	warning	special_only 未命中特色规则
（一）手术室	782	1604108	胸外盖冠男电钩2线1/Z2050	1	66.0	66.0	warning	special_only 未命中特色规则
（一）手术室	783	1604108	胸外光源线-1件/Z2530	1	30.0	30.0	warning	special_only 未命中特色规则
（一）手术室	784	1604108	胸外镜头-1（盒1）W905060	1	35.0	35.0	warning	special_only 未命中特色规则
（一）手术室	785	1604108	373机器人-7件（带盒8件）	1	132.0	132.0	warning	special_only 未命中特色规则
（一）手术室	786	1604108	475机器人-7件（带盒8件）	1	132.0	132.0	warning	special_only 未命中特色规则
（一）手术室	787	1604108	持物钳罐-2件/W605060	4	16.5	16.5	warning	special_only 未命中特色规则
（一）手术室	788	1604108	克氏钳-1/W405060	1	16.5	16.5	warning	special_only 未命中特色规则
（一）手术室	789	1604108	上肢加件-3/W605060	1	16.5	16.5	warning	special_only 未命中特色规则
（一）手术室	790	1604318	上肢包	3	159.5	159.5	warning	special_only 未命中特色规则
（一）手术室	791	1604318	外科包	1	187.0	187.0	warning	special_only 未命中特色规则
（一）手术室	792	1604318	下肢包	4	176.0	176.0	warning	special_only 未命中特色规则
（一）手术室	793	1604318	聂广辰专用解剖剪-1/Z1029	1	8.0	8.0	warning	special_only 未命中特色规则
（一）手术室	794	1604318	蚊式2 中弯2/Z1530	1	22.0	22.0	warning	special_only 未命中特色规则
（一）手术室	797	1604318	半月板钩-6/W605060	1	33.0	33.0	warning	special_only 未命中特色规则
（一）手术室	798	1604318	持物钳罐-2件/W605060	5	16.5	16.5	warning	special_only 未命中特色规则
（一）手术室	799	1604318	尖嘴复位器-2/W605060	2	16.5	16.5	warning	special_only 未命中特色规则
（一）手术室	800	1604318	剪切钳-1/W505060	1	16.5	16.5	warning	special_only 未命中特色规则
（一）手术室	801	1604318	取针钳-1/W505060	1	16.5	16.5	warning	special_only 未命中特色规则
（一）手术室	802	1604318	上肢加件-3/W605060	2	16.5	16.5	warning	special_only 未命中特色规则
（一）手术室	803	1604318	手科咬骨钳1 刮勺1/W505060	1	16.5	16.5	warning	special_only 未命中特色规则
（一）手术室	804	1604320	0261机器人-8件（带盒9件）	1	154.0	154.0	warning	special_only 未命中特色规则
（一）手术室	805	1604320	348机器人-8件（带盒9件）	1	154.0	154.0	warning	special_only 未命中特色规则
（一）手术室	806	1604357	产科手术器械包	1	214.5	214.5	warning	special_only 未命中特色规则
（一）手术室	807	1604357	上肢包	2	159.5	159.5	warning	special_only 未命中特色规则
（一）手术室	808	1604357	持物钳罐-2件/W605060	2	16.5	16.5	warning	special_only 未命中特色规则
（一）手术室	809	1604357	弹钩-2/W605060	1	16.5	16.5	warning	special_only 未命中特色规则
（一）手术室	810	1604357	咬钉器-1手柄-2/W6050	1	16.5	16.5	warning	special_only 未命中特色规则
（一）手术室	811	1604357	中心持骨器-2/w6050	1	16.5	16.5	warning	special_only 未命中特色规则
（一）手术室	812	1604406	上肢包	1	159.5	159.5	warning	special_only 未命中特色规则
（一）手术室	813	1604406	手科包	5	137.5	137.5	warning	special_only 未命中特色规则
（一）手术室	814	1604406	下肢包	5	176.0	176.0	warning	special_only 未命中特色规则
（一）手术室	815	1604406	椎体成型包-12件	1	66.0	66.0	warning	special_only 未命中特色规则
（一）手术室	816	1604406	大盆-1/w1205060	1	16.5	16.5	warning	special_only 未命中特色规则
（一）手术室	817	1604406	剪切钳-1/W505060	2	16.5	16.5	warning	special_only 未命中特色规则
（一）手术室	818	1604406	上肢加件-3/W605060	1	16.5	16.5	warning	special_only 未命中特色规则
（一）手术室	819	1604406	手科爪鞍钩-4件/W505060	1	22.0	22.0	warning	special_only 未命中特色规则
（一）手术室	820	1604406	咬骨剪子1刮勺1/W605060	1	16.5	16.5	warning	special_only 未命中特色规则
（一）手术室	821	1604406	咬骨钳1刮勺1/W605060	5	16.5	16.5	warning	special_only 未命中特色规则
（一）手术室	822	1604406	咬丝器-1/W6050	1	16.5	16.5	warning	special_only 未命中特色规则
（一）手术室	823	1604406	中心持骨器-2/w6050	1	16.5	16.5	warning	special_only 未命中特色规则
（一）手术室	824	1604409	光源线-膝镜通用-1/Z2540	1	30.0	30.0	warning	special_only 未命中特色规则
（一）手术室	825	1604409	刨刀-房玉立/Z2545	1	30.0	30.0	warning	special_only 未命中特色规则
（一）手术室	826	1604409	213机器人-8件（带盒9件）	1	154.0	154.0	warning	special_only 未命中特色规则
（一）手术室	828	1604409	AR新3镜头-3件 盒1/W605060	1	66.0	66.0	warning	special_only 未命中特色规则
（一）手术室	829	1604409	新3光源-1（带盒两件）/W12050	1	35.0	35.0	warning	special_only 未命中特色规则
（一）手术室	830	1604464	刘断钉取（蓝)-51件（盒1）	1	286.0	286.0	warning	special_only 未命中特色规则
（一）手术室	831	1604464	上肢包	2	159.5	159.5	warning	special_only 未命中特色规则
（一）手术室	832	1604464	手科包	4	137.5	137.5	warning	special_only 未命中特色规则
（一）手术室	833	1604464	下肢包	3	176.0	176.0	warning	special_only 未命中特色规则
（一）手术室	834	1604464	解剖剪刀-1/Z1029	2	8.0	8.0	warning	special_only 未命中特色规则
（一）手术室	835	1604464	驱血带	18	2.5	2.5	warning	敷料包(无纺布包)——未识别规格
（一）手术室	836	1604464	上肢止血带	1	4.0	4.0	warning	敷料包(无纺布包)——未识别规格
（一）手术室	839	1604464	新膝镜（一）-10件/W9050	1	60.5	60.5	warning	special_only 未命中特色规则
（一）手术室	840	1604464	大盆-1/w1205060	2	16.5	16.5	warning	special_only 未命中特色规则
（一）手术室	841	1604464	西山骨动力（2）/W505060	1	16.5	16.5	warning	special_only 未命中特色规则
（一）手术室	842	1604466	上肢包	7	159.5	159.5	warning	special_only 未命中特色规则
（一）手术室	843	1604466	手科包	2	137.5	137.5	warning	special_only 未命中特色规则
（一）手术室	844	1604466	下肢包	5	176.0	176.0	warning	special_only 未命中特色规则
（一）手术室	845	1604466	椎体成型包-12件	1	66.0	66.0	warning	special_only 未命中特色规则
（一）手术室	846	1604466	弹钩-2/W605060	1	16.5	16.5	warning	special_only 未命中特色规则
（一）手术室	847	1604466	骨电钻-3件/W705060	1	16.5	16.5	warning	special_only 未命中特色规则
（一）手术室	848	1604466	滚轴-1/W6050	1	16.5	16.5	warning	special_only 未命中特色规则
（一）手术室	849	1604466	肌钩-2/W5050	1	16.5	16.5	warning	special_only 未命中特色规则
（一）手术室	850	1604466	尖嘴复位器-2/W605060	2	16.5	16.5	warning	special_only 未命中特色规则
（一）手术室	851	1604466	剪切钳-1/W505060	1	16.5	16.5	warning	special_only 未命中特色规则
（一）手术室	852	1604466	上肢加件-3/W605060	1	16.5	16.5	warning	special_only 未命中特色规则
（一）手术室	853	1604466	手科咬骨钳1 刮勺1/W505060	2	16.5	16.5	warning	special_only 未命中特色规则
（一）手术室	854	1604466	手科爪鞍钩-4件/W505060	2	22.0	22.0	warning	special_only 未命中特色规则
（一）手术室	855	1604466	咬骨钳1刮勺1/W605060	3	16.5	16.5	warning	special_only 未命中特色规则
（一）手术室	856	1604468	DMD刨刀-1/Z2550	1	30.0	30.0	warning	special_only 未命中特色规则
（一）手术室	857	1604468	373机器人-7件（带盒8件）	1	132.0	132.0	warning	special_only 未命中特色规则
（一）手术室	858	1604468	DMD1号镜头3件（盒1）/W705060	1	66.0	66.0	warning	special_only 未命中特色规则
（一）手术室	859	1604468	DMD光源4号-1/W905060	1	35.0	35.0	warning	special_only 未命中特色规则
（一）手术室	860	1604469	263机器人-9件（高温）	1	55.0	55.0	warning	special_only 未命中特色规则
（一）手术室	861	1604472	脊柱常备器械	1	49.5	49.5	warning	special_only 未命中特色规则
（一）手术室	862	1604472	上肢包	5	159.5	159.5	warning	special_only 未命中特色规则
（一）手术室	863	1604472	手科包	1	137.5	137.5	warning	special_only 未命中特色规则
（一）手术室	864	1604472	下肢包	6	176.0	176.0	warning	special_only 未命中特色规则
（一）手术室	865	1604472	椎体成型包-12件	2	66.0	66.0	warning	special_only 未命中特色规则
（一）手术室	866	1604472	史赛克磨钻骨动力-9件 筐1/W1205060	1	55.0	55.0	warning	special_only 未命中特色规则
（一）手术室	867	1604472	德美膝器械12件盒1（三）	1	71.5	71.5	warning	special_only 未命中特色规则
（一）手术室	868	1604472	持物钳罐-2件/W605060	2	16.5	16.5	warning	special_only 未命中特色规则
（一）手术室	869	1604472	脊柱加件-6件/W605060	1	33.0	33.0	warning	special_only 未命中特色规则
（一）手术室	870	1604472	剪切钳-1/W505060	2	16.5	16.5	warning	special_only 未命中特色规则
（一）手术室	871	1604472	克氏钳-1/W405060	1	16.5	16.5	warning	special_only 未命中特色规则
（一）手术室	872	1604472	上肢加件-3/W605060	1	16.5	16.5	warning	special_only 未命中特色规则
（一）手术室	873	1604472	咬丝器-1/W6050	1	16.5	16.5	warning	special_only 未命中特色规则
（一）手术室	874	1604476	264机器人-8件（高温）	1	49.5	49.5	warning	special_only 未命中特色规则
（一）手术室	875	1604476	475机器人-7件（带盒8件）	1	132.0	132.0	warning	special_only 未命中特色规则
（一）手术室	878	1604678	218机器人-7件（带盒8件）	1	132.0	132.0	warning	special_only 未命中特色规则
（一）手术室	879	1604678	373机器人-7件（带盒8件）	1	132.0	132.0	warning	special_only 未命中特色规则
（一）手术室	880	1604678	475机器人-7件（带盒8件）	1	132.0	132.0	warning	special_only 未命中特色规则
（一）手术室	881	1604680	263机器人-9件（高温）	1	55.0	55.0	warning	special_only 未命中特色规则
（一）手术室	882	1604680	264机器人-8件（高温）	1	49.5	49.5	warning	special_only 未命中特色规则
（一）手术室	883	1604680	40001机器人-8件（高温）	1	49.5	49.5	warning	special_only 未命中特色规则
（一）手术室	884	1604680	聂断钉取（红）-55件，盒1	1	308.0	308.0	warning	special_only 未命中特色规则
（一）手术室	885	1604680	上肢包	5	159.5	159.5	warning	special_only 未命中特色规则
（一）手术室	886	1604680	手科包	5	137.5	137.5	warning	special_only 未命中特色规则
（一）手术室	887	1604680	下肢包	6	176.0	176.0	warning	special_only 未命中特色规则
（一）手术室	888	1604680	解剖剪刀-1/Z1029	1	8.0	8.0	warning	special_only 未命中特色规则
（一）手术室	889	1604680	西山骨动力1号-1/双/Z2530	1	26.5	16.5	warning	校正价16.5
（一）手术室	890	1604680	刷手服	6	25.0	25.0	warning	敷料包(无纺布包)——未识别规格
（一）手术室	891	1604680	持物钳罐-2件/W605060	8	16.5	16.5	warning	special_only 未命中特色规则
（一）手术室	892	1604680	大盆-1/w1205060	3	16.5	16.5	warning	special_only 未命中特色规则
（一）手术室	893	1604680	骨电钻-3件/W705060	1	16.5	16.5	warning	special_only 未命中特色规则
（一）手术室	894	1604680	尖嘴复位器-2/W605060	1	16.5	16.5	warning	special_only 未命中特色规则
（一）手术室	895	1604680	克氏钳-1/W405060	2	16.5	16.5	warning	special_only 未命中特色规则
（一）手术室	896	1604680	上肢加件-3/W605060	1	16.5	16.5	warning	special_only 未命中特色规则
（一）手术室	897	1604680	手科咬骨钳1 刮勺1/W505060	2	16.5	16.5	warning	special_only 未命中特色规则
（一）手术室	898	1604680	咬骨钳1刮勺1/W605060	2	16.5	16.5	warning	special_only 未命中特色规则
（一）手术室	899	1604680	咬丝器-1/W6050	1	16.5	16.5	warning	special_only 未命中特色规则
（一）手术室	900	1604682	史赛克无线摆锯-4/Z2030	1	88.0	88.0	warning	special_only 未命中特色规则
（一）手术室	901	1604682	348机器人-8件（带盒9件）	1	154.0	154.0	warning	special_only 未命中特色规则
（一）手术室	902	1604713	上肢包	1	159.5	159.5	warning	special_only 未命中特色规则
（一）手术室	903	1604713	手科包	2	137.5	137.5	warning	special_only 未命中特色规则
（一）手术室	904	1604713	下肢包	3	176.0	176.0	warning	special_only 未命中特色规则
（一）手术室	905	1604713	蚊式2 中弯2/Z1530	1	22.0	22.0	warning	special_only 未命中特色规则
（一）手术室	908	1604713	持物钳罐-2件/W605060	5	16.5	16.5	warning	special_only 未命中特色规则
（一）手术室	909	1604713	上肢加件-3/W605060	1	16.5	16.5	warning	special_only 未命中特色规则
（一）手术室	910	1604713	手科咬骨钳1 刮勺1/W505060	1	16.5	16.5	warning	special_only 未命中特色规则
（一）手术室	911	1604713	手科爪鞍钩-4件/W505060	2	22.0	22.0	warning	special_only 未命中特色规则
（一）手术室	912	1604713	咬丝器-1/W6050	1	16.5	16.5	warning	special_only 未命中特色规则
（一）手术室	913	1604725	闭合包	1	55.0	55.0	warning	special_only 未命中特色规则
（一）手术室	914	1604755	产科手术器械包	1	214.5	214.5	warning	special_only 未命中特色规则
（一）手术室	915	1604755	上肢包	1	159.5	159.5	warning	special_only 未命中特色规则
（一）手术室	916	1604755	手科包	4	137.5	137.5	warning	special_only 未命中特色规则
（一）手术室	917	1604755	下肢包	5	176.0	176.0	warning	special_only 未命中特色规则
（一）手术室	918	1604755	聂广辰专用解剖剪-1/Z1029	1	8.0	8.0	warning	special_only 未命中特色规则
（一）手术室	919	1604755	光源线-膝镜通用-1/Z2540	1	30.0	30.0	warning	special_only 未命中特色规则
（一）手术室	920	1604755	0261机器人-8件（带盒9件）	1	154.0	154.0	warning	special_only 未命中特色规则
（一）手术室	921	1604755	大盆-1/w1205060	1	16.5	16.5	warning	special_only 未命中特色规则
（一）手术室	922	1604755	手科爪鞍钩-4件/W505060	1	22.0	22.0	warning	special_only 未命中特色规则
（一）手术室	923	1604755	西山骨动力（2）/W505060	1	16.5	16.5	warning	special_only 未命中特色规则
（一）手术室	924	1604755	咬骨钳1刮勺1/W605060	2	16.5	16.5	warning	special_only 未命中特色规则
（一）手术室	925	1604774	驱血带	25	2.5	2.5	warning	敷料包(无纺布包)——未识别规格
（一）手术室	927	1604774	手套	5	2.5	2.5	warning	敷料包(无纺布包)——未识别规格
（一）手术室	930	1604774	克氏钳-1/W405060	1	16.5	16.5	warning	special_only 未命中特色规则
（一）手术室	931	1604784	上肢包	3	159.5	159.5	warning	special_only 未命中特色规则
（一）手术室	932	1604784	史赛克摆锯骨动力-4（带盒5件）	1	27.5	27.5	warning	special_only 未命中特色规则
（一）手术室	933	1604784	手科包	2	137.5	137.5	warning	special_only 未命中特色规则
（一）手术室	934	1604784	下肢包	2	176.0	176.0	warning	special_only 未命中特色规则
（一）手术室	935	1604784	新机器人（一）-2件（高温）	1	16.5	16.5	warning	special_only 未命中特色规则
（一）手术室	936	1604784	史赛克锯片-1/Z1020	1	8.0	8.0	warning	special_only 未命中特色规则
（一）手术室	937	1604784	尺桡复位器-2/W405060	1	16.5	16.5	warning	special_only 未命中特色规则
（一）手术室	938	1604784	尖嘴复位器-2/W605060	2	16.5	16.5	warning	special_only 未命中特色规则
（一）手术室	939	1604784	剪切钳-1/W505060	1	16.5	16.5	warning	special_only 未命中特色规则
（一）手术室	940	1604784	克氏钳-1/W405060	1	16.5	16.5	warning	special_only 未命中特色规则
（一）手术室	941	1604784	手科咬骨钳1 刮勺1/W505060	1	16.5	16.5	warning	special_only 未命中特色规则
（一）手术室	942	1604784	手科爪鞍钩-4件/W505060	1	22.0	22.0	warning	special_only 未命中特色规则
（一）手术室	943	1604784	咬骨钳1刮勺1/W605060	1	16.5	16.5	warning	special_only 未命中特色规则
（一）手术室	944	1604808	新史赛克手控加件-1	1	22.0	22.0	warning	special_only 未命中特色规则
（一）手术室	945	1604808	213机器人-8件（带盒9件）	1	154.0	154.0	warning	special_only 未命中特色规则
（一）手术室	946	1604808	348机器人-8件（带盒9件）	1	154.0	154.0	warning	special_only 未命中特色规则
（一）手术室	947	1604845	264机器人-8件（高温）	1	49.5	49.5	warning	special_only 未命中特色规则
（一）手术室	948	1604845	上肢包	6	159.5	159.5	warning	special_only 未命中特色规则
（一）手术室	949	1604845	手科包	1	137.5	137.5	warning	special_only 未命中特色规则
（一）手术室	950	1604845	外科包	1	187.0	187.0	warning	special_only 未命中特色规则
（一）手术室	951	1604845	下肢包	5	176.0	176.0	warning	special_only 未命中特色规则
（一）手术室	952	1604845	新机器人（一）-21件（高温）	1	121.0	121.0	warning	special_only 未命中特色规则
（一）手术室	953	1604845	中直钳-2/Z1530	1	16.5	16.5	warning	special_only 未命中特色规则
（一）手术室	954	1604845	0261机器人-8件（带盒9件）	1	154.0	154.0	warning	special_only 未命中特色规则
（一）手术室	955	1604845	475机器人-7件（带盒8件）	1	132.0	132.0	warning	special_only 未命中特色规则
（一）手术室	956	1604845	驱血带	7	2.5	2.5	warning	敷料包(无纺布包)——未识别规格
（一）手术室	957	1604845	闭合包	1	55.0	55.0	warning	special_only 未命中特色规则
（一）手术室	958	1604845	弹钩-2/W605060	1	16.5	16.5	warning	special_only 未命中特色规则
（一）手术室	959	1604845	咬钉器-1手柄-2/W6050	1	16.5	16.5	warning	special_only 未命中特色规则
（一）手术室	960	1604845	咬骨剪子1刮勺1/W605060	1	16.5	16.5	warning	special_only 未命中特色规则
（一）手术室	961	1604881	刘断钉取（蓝)-51件（盒1）	1	286.0	286.0	warning	special_only 未命中特色规则
（一）手术室	962	1604881	上肢包	2	159.5	159.5	warning	special_only 未命中特色规则
（一）手术室	963	1604881	手科包	5	137.5	137.5	warning	special_only 未命中特色规则
（一）手术室	964	1604881	下肢包	4	176.0	176.0	warning	special_only 未命中特色规则
（一）手术室	965	1604881	聂广辰专用解剖剪-1/Z1029	1	8.0	8.0	warning	special_only 未命中特色规则
（一）手术室	967	1604881	闭合包	1	55.0	55.0	warning	special_only 未命中特色规则
（一）手术室	968	1604881	持物钳罐-2件/W605060	5	16.5	16.5	warning	special_only 未命中特色规则
（一）手术室	969	1604881	大盆-1/w1205060	2	16.5	16.5	warning	special_only 未命中特色规则
（一）手术室	970	1604881	剪切钳-1/W505060	3	16.5	16.5	warning	special_only 未命中特色规则
（一）手术室	971	1604881	克氏钳-1/W405060	1	16.5	16.5	warning	special_only 未命中特色规则
（一）手术室	972	1604881	上肢加件-3/W605060	2	16.5	16.5	warning	special_only 未命中特色规则
（一）手术室	973	1604881	手科咬骨钳1 刮勺1/W505060	1	16.5	16.5	warning	special_only 未命中特色规则
（一）手术室	974	1604881	咬骨钳1刮勺1/W605060	2	16.5	16.5	warning	special_only 未命中特色规则
（一）手术室	975	1604881	咬丝器-1/W6050	2	16.5	16.5	warning	special_only 未命中特色规则
（一）手术室	976	1605059	李娜刨刀/Z2550	2	30.0	30.0	warning	special_only 未命中特色规则
（一）手术室	977	1605059	0261机器人-8件（带盒9件）	1	154.0	154.0	warning	special_only 未命中特色规则
（一）手术室	978	1605059	213机器人-8件（带盒9件）	1	154.0	154.0	warning	special_only 未命中特色规则
（一）手术室	979	1605059	348机器人-8件（带盒9件）	1	154.0	154.0	warning	special_only 未命中特色规则
（一）手术室	980	1605060	椎体成型包-12件	1	66.0	66.0	warning	special_only 未命中特色规则
（一）手术室	981	1605060	驱血带	9	2.5	2.5	warning	敷料包(无纺布包)——未识别规格
（一）手术室	983	1605060	手套	2	2.5	2.5	warning	敷料包(无纺布包)——未识别规格
（一）手术室	984	1605060	刷手服	7	25.0	25.0	warning	敷料包(无纺布包)——未识别规格
（一）手术室	986	1605062	手科包	2	137.5	137.5	warning	special_only 未命中特色规则
（一）手术室	987	1605062	下肢包	3	176.0	176.0	warning	special_only 未命中特色规则
（一）手术室	988	1605062	气腹管1单极线1/Z3045	1	44.0	44.0	warning	special_only 未命中特色规则
（一）手术室	989	1605062	外妇通用光源线-1/Z2545	1	30.0	30.0	warning	special_only 未命中特色规则
（一）手术室	990	1605062	德美新1镜头-1件（盒1）	1	35.0	35.0	warning	special_only 未命中特色规则
（一）手术室	991	1605062	外腹镜(一)13件(铁帽4胶帽2)	1	231.0	231.0	warning	special_only 未命中特色规则
（一）手术室	992	1605062	德美4K光源（3号）-1/W905060	1	35.0	35.0	warning	special_only 未命中特色规则
（一）手术室	993	1605062	镜头-腹腔镜30°-1/W9050	1	35.0	35.0	warning	special_only 未命中特色规则
（一）手术室	994	1605062	外腹镜戳卡-10件/W1205060	1	165.0	165.0	warning	special_only 未命中特色规则
（一）手术室	995	1605069	上肢包	1	159.5	159.5	warning	special_only 未命中特色规则
（一）手术室	996	1605069	手科包	1	137.5	137.5	warning	special_only 未命中特色规则
（一）手术室	997	1605069	外科包	1	187.0	187.0	warning	special_only 未命中特色规则
（一）手术室	998	1605069	新腰备	1	137.5	137.5	warning	special_only 未命中特色规则
（一）手术室	999	1605069	椎体成型包-12件	2	66.0	66.0	warning	special_only 未命中特色规则
（一）手术室	1000	1605069	闭合包	1	55.0	55.0	warning	special_only 未命中特色规则
（一）手术室	1001	1605069	持物钳罐-2件/W605060	5	16.5	16.5	warning	special_only 未命中特色规则
（一）手术室	1002	1605069	脊柱加件-6件/W605060	1	33.0	33.0	warning	special_only 未命中特色规则
（一）手术室	1003	1605069	咬骨钳1刮勺1/W605060	1	16.5	16.5	warning	special_only 未命中特色规则
（一）手术室	1004	1605095	DMD6号水管-2件/W505060	1	44.0	44.0	warning	special_only 未命中特色规则
（一）手术室	1005	1605095	DMD光源1号-1/W905060	1	22.0	22.0	warning	special_only 未命中特色规则
（一）手术室	1006	1605095	DMD刨刀-1/Z2550	1	30.0	30.0	warning	special_only 未命中特色规则
（一）手术室	1007	1605095	新4刨刀-1件/Z2550	1	30.0	30.0	warning	special_only 未命中特色规则
（一）手术室	1008	1605095	DMD6号镜头-1件	1	35.0	35.0	warning	special_only 未命中特色规则
（一）手术室	1009	1605095	妇科腔镜-17（铁帽3胶帽7）	1	300.0	300.0	warning	special_only 未命中特色规则
（一）手术室	1010	1605095	新5光源-1件（盒1）/W905060	1	35.0	35.0	warning	special_only 未命中特色规则
（一）手术室	1011	1605095	AR新3镜头-3件 盒1/W605060	1	66.0	66.0	warning	special_only 未命中特色规则
（一）手术室	1012	1605123	穿刺针-1（带芯）/7526	1	8.0	8.0	warning	special_only 未命中特色规则
（一）手术室	1013	1605123	德美刨刀（高温）-1/Z2044	1	16.5	16.5	warning	special_only 未命中特色规则
（一）手术室	1014	1605123	德美新1水管-2/双/Z1526	1	16.5	16.5	warning	special_only 未命中特色规则
（一）手术室	1015	1605123	德美膝器械11件盒1（一）	1	66.0	66.0	warning	special_only 未命中特色规则
（一）手术室	1016	1605123	骨六业皋电钻-2件/W705060	1	11.0	11.0	warning	special_only 未命中特色规则
（一）手术室	1017	1605123	骨六业皋电钻-3件/W705060	1	16.5	16.5	warning	special_only 未命中特色规则
（一）手术室	1018	1605123	骨六业皋肩-3件/W705060	1	16.5	16.5	warning	special_only 未命中特色规则
（一）手术室	1019	1605123	骨六业皋肩-9件W1205060	1	49.5	49.5	warning	special_only 未命中特色规则
（一）手术室	1020	1605123	上肢加件-3/W605060	1	16.5	16.5	warning	special_only 未命中特色规则
（一）手术室	1021	1605140	骨四（一）宋晓辉光源线-1/Z2540	1	30.0	30.0	warning	special_only 未命中特色规则
（一）手术室	1022	1605140	新3刨刀-1件/Z2550	1	30.0	30.0	warning	special_only 未命中特色规则
（一）手术室	1023	1605140	348机器人-8件（带盒9件）	1	154.0	154.0	warning	special_only 未命中特色规则
（一）手术室	1024	1605140	DMD2号镜头3件/W705060	1	66.0	66.0	warning	special_only 未命中特色规则
（一）手术室	1025	1605140	德美4K光源（2号）-1/W905060	1	35.0	35.0	warning	special_only 未命中特色规则
（一）手术室	1026	1605140	德美新2镜头-1件/W605060	1	35.0	35.0	warning	special_only 未命中特色规则
（一）手术室	1027	1605140	新4光源-1（带盒两件）/W12050	1	35.0	35.0	warning	special_only 未命中特色规则
（一）手术室	1028	1605154	德美刨刀3号-1/双Z2550	1	16.5	16.5	warning	special_only 未命中特色规则
（一）手术室	1029	1605154	德美新2水管-2件/Z1530	1	16.5	16.5	warning	special_only 未命中特色规则
（一）手术室	1030	1605154	骨六业皋肩-10件/W1205060	1	55.0	55.0	warning	special_only 未命中特色规则
（一）手术室	1031	1605154	骨六业皋肩-3件/W705060	1	16.5	16.5	warning	special_only 未命中特色规则
（一）手术室	1032	1605154	西山骨动力（2）/W505060	1	16.5	16.5	warning	special_only 未命中特色规则
（一）手术室	1033	1605154	抓线钳-1/W4550	1	16.5	16.5	warning	special_only 未命中特色规则
（一）手术室	1034	1605158	镜骨九（2）	1	82.5	82.5	warning	special_only 未命中特色规则
（一）手术室	1035	1605158	新膝镜（一）-10件/W9050	1	60.5	60.5	warning	special_only 未命中特色规则
（一）手术室	1036	1605158	骨六业皋带袢钛板-63件/W1205060	1	346.5	346.5	warning	special_only 未命中特色规则
（一）手术室	1037	1605162	穿刺针-1（带芯）/7526	2	8.0	8.0	warning	special_only 未命中特色规则
（一）手术室	1038	1605162	中直钳-2/Z1530	1	16.5	16.5	warning	special_only 未命中特色规则
（一）手术室	1039	1605162	刨刀-房玉立/Z2545	1	30.0	30.0	warning	special_only 未命中特色规则
（一）手术室	1040	1605162	213机器人-8件（带盒9件）	1	154.0	154.0	warning	special_only 未命中特色规则
（一）手术室	1041	1605162	DMD5号镜头-3件	1	66.0	66.0	warning	special_only 未命中特色规则
（一）手术室	1042	1605162	DMD光源2号-1（带盒）	1	35.0	35.0	warning	special_only 未命中特色规则
（一）手术室	1043	1605162	椎间孔镜头2号-1/W905060	1	35.0	35.0	warning	special_only 未命中特色规则
（一）手术室	1044	1605162	大盆-1/w1205060	1	16.5	16.5	warning	special_only 未命中特色规则
（一）手术室	1045	1605162	骨六业皋电钻-4件/W705060	1	16.5	16.5	warning	special_only 未命中特色规则
（一）手术室	1046	1605162	尖嘴复位器-2/W605060	1	16.5	16.5	warning	special_only 未命中特色规则
（一）手术室	1047	1605162	抓线钳-1/W4550	1	16.5	16.5	warning	special_only 未命中特色规则
（一）手术室	1048	1605167	上肢包	6	159.5	159.5	warning	special_only 未命中特色规则
（一）手术室	1049	1605167	手科包	3	137.5	137.5	warning	special_only 未命中特色规则
（一）手术室	1050	1605167	外科包	1	187.0	187.0	warning	special_only 未命中特色规则
（一）手术室	1051	1605167	下肢包	4	176.0	176.0	warning	special_only 未命中特色规则
（一）手术室	1052	1605167	锤子1凿子1剥离质1/W605060	1	16.5	16.5	warning	special_only 未命中特色规则
（一）手术室	1053	1605167	咬骨钳1刮勺1/W605060	1	16.5	16.5	warning	special_only 未命中特色规则
（一）手术室	1054	1605176	聂广辰专用解剖剪-1/Z1029	1	8.0	8.0	warning	special_only 未命中特色规则
（一）手术室	1055	1605176	德美膝器械12件盒1（四）	1	71.5	71.5	warning	special_only 未命中特色规则
（一）手术室	1056	1605176	半月板钩-6/W605060	1	33.0	33.0	warning	special_only 未命中特色规则
（一）手术室	1057	1605176	剪切钳-1/W505060	1	16.5	16.5	warning	special_only 未命中特色规则
（一）手术室	1058	1605176	上肢加件-3/W605060	1	16.5	16.5	warning	special_only 未命中特色规则
（一）手术室	1059	1605217	骨四（一）兰青常备光源线-1件/Z2530	1	30.0	30.0	warning	special_only 未命中特色规则
（一）手术室	1060	1605217	新4刨刀-1/Z2545	1	30.0	30.0	warning	special_only 未命中特色规则
（一）手术室	1061	1605217	0261机器人-8件（带盒9件）	1	154.0	154.0	warning	special_only 未命中特色规则
（一）手术室	1062	1605217	373机器人-7件（带盒8件）	1	132.0	132.0	warning	special_only 未命中特色规则
（一）手术室	1063	1605217	DMD1号镜头3件（盒1）/W705060	1	66.0	66.0	warning	special_only 未命中特色规则
（一）手术室	1064	1605217	新1光源-1（带盒两件）/W12050	1	35.0	35.0	warning	special_only 未命中特色规则
（一）手术室	1066	1605236	264机器人-8件（高温）	1	49.5	49.5	warning	special_only 未命中特色规则
（一）手术室	1067	1605236	上肢包	1	159.5	159.5	warning	special_only 未命中特色规则
（一）手术室	1068	1605236	施乐辉肩镜器械	1	121.0	121.0	warning	special_only 未命中特色规则
（一）手术室	1069	1605236	手科包	4	137.5	137.5	warning	special_only 未命中特色规则
（一）手术室	1070	1605236	下肢包	2	176.0	176.0	warning	special_only 未命中特色规则
（一）手术室	1071	1605236	椎间孔镜（三）	1	187.0	187.0	warning	special_only 未命中特色规则
（一）手术室	1074	1605236	大盆-1/w1205060	1	16.5	16.5	warning	special_only 未命中特色规则
（一）手术室	1075	1605236	脊柱加件-6件/W605060	1	33.0	33.0	warning	special_only 未命中特色规则
（一）手术室	1076	1605236	上肢加件-3/W605060	1	16.5	16.5	warning	special_only 未命中特色规则
（一）手术室	1077	1605242	骨电钻-3件/W705060	1	16.5	16.5	warning	special_only 未命中特色规则
（一）手术室	1078	1605242	剪切钳-1/W505060	1	16.5	16.5	warning	special_only 未命中特色规则
（一）手术室	1079	1605242	克氏钳-1/W405060	1	16.5	16.5	warning	special_only 未命中特色规则
（一）手术室	1080	1605242	咬钉器-1手柄-2/W6050	1	16.5	16.5	warning	special_only 未命中特色规则
（一）手术室	1081	1605242	咬骨钳1刮勺1/W605060	1	16.5	16.5	warning	special_only 未命中特色规则
（一）手术室	1082	1605242	中心持骨器-2/w6050	1	16.5	16.5	warning	special_only 未命中特色规则
（一）手术室	1083	1605243	218机器人-7件（带盒8件）	1	132.0	132.0	warning	special_only 未命中特色规则
（一）手术室	1084	1605243	348机器人-8件（带盒9件）	1	154.0	154.0	warning	special_only 未命中特色规则
（一）手术室	1085	1605243	DMD3号镜头3件/W705060	1	66.0	66.0	warning	special_only 未命中特色规则
（一）手术室	1086	1605243	DMD光源3号-1/W905060	1	28.0	28.0	warning	special_only 未命中特色规则
（一）手术室	1087	1605244	DMD6号水管-2件/W505060	1	44.0	44.0	warning	special_only 未命中特色规则
（一）手术室	1088	1605244	刨刀线-膝关节-旧1/Z2545	1	44.0	44.0	warning	special_only 未命中特色规则
（一）手术室	1089	1605244	新4刨刀-1/Z2545	1	30.0	30.0	warning	special_only 未命中特色规则
（一）手术室	1090	1605244	213机器人-8件（带盒9件）	1	154.0	154.0	warning	special_only 未命中特色规则
（一）手术室	1091	1605244	DMD6号镜头-1件	1	35.0	35.0	warning	special_only 未命中特色规则
（一）手术室	1092	1605244	德美新1镜头-1件（盒1）	1	35.0	35.0	warning	special_only 未命中特色规则
（一）手术室	1093	1605244	新5光源-1件（盒1）/W905060	1	35.0	35.0	warning	special_only 未命中特色规则
（一）手术室	1094	1605244	DMD2号镜头3件/W705060	1	66.0	66.0	warning	special_only 未命中特色规则
（一）手术室	1095	1605244	DMD光源4号-1/W905060	1	35.0	35.0	warning	special_only 未命中特色规则
（一）手术室	1096	1605244	德美4K光源（1号）-1/W905060	1	35.0	35.0	warning	special_only 未命中特色规则
（一）手术室	1097	1605244	德美4K镜头（3号）-3/W705060	1	66.0	66.0	warning	special_only 未命中特色规则
（一）手术室	1098	1605256	263机器人-9件（高温）	1	55.0	55.0	warning	special_only 未命中特色规则
（一）手术室	1099	1605256	房玉利肩器械-20件(盒1)	1	115.5	115.5	warning	special_only 未命中特色规则
（一）手术室	1100	1605256	脊柱常备器械	1	49.5	49.5	warning	special_only 未命中特色规则
（一）手术室	1101	1605256	镜骨九（1）	1	66.0	66.0	warning	special_only 未命中特色规则
（一）手术室	1102	1605256	上肢包	6	159.5	159.5	warning	special_only 未命中特色规则
（一）手术室	1103	1605256	手科包	2	137.5	137.5	warning	special_only 未命中特色规则
（一）手术室	1104	1605256	下肢包	8	176.0	176.0	warning	special_only 未命中特色规则
（一）手术室	1105	1605256	新膝镜（二）-10件/W9050	1	60.5	60.5	warning	special_only 未命中特色规则
（一）手术室	1106	1605256	椎体成型包-12件	1	66.0	66.0	warning	special_only 未命中特色规则
（一）手术室	1107	1605256	穿刺针-1（带芯）/7526	1	8.0	8.0	warning	special_only 未命中特色规则
（一）手术室	1109	1605256	德美膝器械11件盒1（二）	1	66.0	66.0	warning	special_only 未命中特色规则
（一）手术室	1110	1605256	持物钳罐-2件/W605060	1	16.5	16.5	warning	special_only 未命中特色规则
（一）手术室	1111	1605256	大盆-1/w1205060	1	16.5	16.5	warning	special_only 未命中特色规则
（一）手术室	1112	1605256	脊柱加件-6件/W605060	1	33.0	33.0	warning	special_only 未命中特色规则
（一）手术室	1113	1605256	尖嘴复位器-2/W605060	1	16.5	16.5	warning	special_only 未命中特色规则
（一）手术室	1114	1605256	剪切钳-1/W505060	1	16.5	16.5	warning	special_only 未命中特色规则
（一）手术室	1115	1605256	克氏钳-1/W405060	3	16.5	16.5	warning	special_only 未命中特色规则
（一）手术室	1116	1605256	上肢加件-3/W605060	1	16.5	16.5	warning	special_only 未命中特色规则
（一）手术室	1117	1605256	手科咬骨钳1 刮勺1/W505060	1	16.5	16.5	warning	special_only 未命中特色规则
（一）手术室	1118	1605256	咬骨剪子1刮勺1/W605060	1	16.5	16.5	warning	special_only 未命中特色规则
（一）手术室	1119	1605256	咬骨钳1刮勺1/W605060	1	16.5	16.5	warning	special_only 未命中特色规则
（一）手术室	1120	1605256	咬丝器-1/W6050	1	16.5	16.5	warning	special_only 未命中特色规则
（一）手术室	1121	1605259	德美2号刨刀-1/双/Z2550	1	26.5	16.5	warning	校正价16.5
（一）手术室	1122	1605451	半月板缝合器械-4/Z1020	1	24.5	22.0	warning	校正价22.0
（一）手术室	1123	1605451	德美刨刀3号-1/双Z2550	1	16.5	16.5	warning	special_only 未命中特色规则
（一）手术室	1124	1605451	解剖剪刀-1/Z1029	1	8.0	8.0	warning	special_only 未命中特色规则
（一）手术室	1125	1605451	聂广辰专用解剖剪-1/Z1029	2	8.0	8.0	warning	special_only 未命中特色规则
（一）手术室	1126	1605451	中直钳-2/Z1530	2	16.5	16.5	warning	special_only 未命中特色规则
（一）手术室	1127	1605451	驱血带	7	2.5	2.5	warning	敷料包(无纺布包)——未识别规格
（一）手术室	1129	1605451	刷手服	6	25.0	25.0	warning	敷料包(无纺布包)——未识别规格
（一）手术室	1132	1605451	持物钳罐-2件/W605060	5	16.5	16.5	warning	special_only 未命中特色规则
（一）手术室	1133	1605451	德美4K1号刨刀-1/W6050	1	35.0	16.5	warning	校正价16.5
（一）手术室	1134	1605451	咬骨剪子1刮勺1/W605060	1	16.5	16.5	warning	special_only 未命中特色规则
（一）手术室	1135	1605452	上肢包	3	159.5	159.5	warning	special_only 未命中特色规则
（一）手术室	1136	1605452	手科包	3	137.5	137.5	warning	special_only 未命中特色规则
（一）手术室	1137	1605452	下肢包	8	176.0	176.0	warning	special_only 未命中特色规则
（一）手术室	1138	1605452	椎体成型包-12件	2	66.0	66.0	warning	special_only 未命中特色规则
（一）手术室	1139	1605452	德美4K光源（4号）-1/Z2550	1	30.0	30.0	warning	special_only 未命中特色规则
（一）手术室	1140	1605452	德美4号刨刀-1/Z2035	1	30.0	30.0	warning	special_only 未命中特色规则
（一）手术室	1141	1605452	腕镜头30度-1	1	25.0	25.0	warning	special_only 未命中特色规则
（一）手术室	1142	1605452	新1 刨刀-1件/Z2545	1	30.0	30.0	warning	special_only 未命中特色规则
（一）手术室	1143	1605452	0261机器人-8件（带盒9件）	1	154.0	154.0	warning	special_only 未命中特色规则
（一）手术室	1144	1605452	AR新3镜头-3件 盒1/W605060	1	66.0	66.0	warning	special_only 未命中特色规则
（一）手术室	1145	1605452	德美4K光源（2号）-1/W905060	1	35.0	35.0	warning	special_only 未命中特色规则
（一）手术室	1146	1605452	德美4K光源（3号）-1/W905060	1	35.0	35.0	warning	special_only 未命中特色规则
（一）手术室	1147	1605452	德美4K镜头（2号）-4/W705060	1	88.0	88.0	warning	special_only 未命中特色规则
（一）手术室	1148	1605452	德美4K镜头（3号）-3/W705060	1	66.0	66.0	warning	special_only 未命中特色规则
（一）手术室	1149	1605452	德美新2镜头-1件/W605060	1	35.0	35.0	warning	special_only 未命中特色规则
（一）手术室	1150	1605452	新3光源-1（带盒两件）/W12050	1	35.0	35.0	warning	special_only 未命中特色规则
（一）手术室	1151	1605452	骶棘拉钩-2/W605060	1	16.5	16.5	warning	special_only 未命中特色规则
（一）手术室	1152	1605452	骨电钻-3件/W705060	1	16.5	16.5	warning	special_only 未命中特色规则
（一）手术室	1153	1605452	脊柱加件-6件/W605060	1	33.0	33.0	warning	special_only 未命中特色规则
（一）手术室	1154	1605452	尖嘴复位器-2/W605060	1	16.5	16.5	warning	special_only 未命中特色规则
（一）手术室	1155	1605452	上肢加件-3/W605060	2	16.5	16.5	warning	special_only 未命中特色规则
（一）手术室	1156	1605452	咬丝器-1/W6050	2	16.5	16.5	warning	special_only 未命中特色规则
（一）手术室	1157	1605452	凿子-3/W605060	1	16.5	16.5	warning	special_only 未命中特色规则
（一）手术室	1158	1605454	213机器人-8件（带盒9件）	1	154.0	154.0	warning	special_only 未命中特色规则
（一）手术室	1159	1605454	348机器人-8件（带盒9件）	1	154.0	154.0	warning	special_only 未命中特色规则
（一）手术室	1160	1605454	475机器人-7件（带盒8件）	1	132.0	132.0	warning	special_only 未命中特色规则
（一）手术室	1161	1605481	40001机器人-8件（高温）	1	49.5	49.5	warning	special_only 未命中特色规则
（一）手术室	1162	1605481	上肢包	5	159.5	159.5	warning	special_only 未命中特色规则
（一）手术室	1163	1605481	下肢包	3	176.0	176.0	warning	special_only 未命中特色规则
（一）手术室	1164	1605481	椎体成型包-12件	1	66.0	66.0	warning	special_only 未命中特色规则
（一）手术室	1165	1605481	德美新1水管-2/双/Z1526	1	16.5	16.5	warning	special_only 未命中特色规则
（一）手术室	1166	1605481	解剖剪刀-1/Z1029	1	8.0	8.0	warning	special_only 未命中特色规则
（一）手术室	1167	1605481	德美膝器械11件盒1（一）	1	66.0	66.0	warning	special_only 未命中特色规则
（一）手术室	1168	1605481	德美膝器械12件盒1（三）	1	71.5	71.5	warning	special_only 未命中特色规则
（一）手术室	1169	1605481	德美膝器械12件盒1（四）	1	71.5	71.5	warning	special_only 未命中特色规则
（一）手术室	1170	1605481	新膝镜（一）-10件/W9050	1	60.5	60.5	warning	special_only 未命中特色规则
（一）手术室	1171	1605481	持物钳罐-2件/W605060	9	16.5	16.5	warning	special_only 未命中特色规则
（一）手术室	1172	1605481	大盆-1/w1205060	1	16.5	16.5	warning	special_only 未命中特色规则
（一）手术室	1173	1605481	剪切钳-1/W505060	1	16.5	16.5	warning	special_only 未命中特色规则
（一）手术室	1174	1605481	盘1碗2/w9050	1	16.5	16.5	warning	special_only 未命中特色规则
（一）手术室	1175	1605481	上肢加件-3/W605060	3	16.5	16.5	warning	special_only 未命中特色规则
（一）手术室	1176	1605481	咬骨剪子1刮勺1/W605060	1	16.5	16.5	warning	special_only 未命中特色规则
（一）手术室	1177	1605481	咬骨钳1刮勺1/W605060	1	16.5	16.5	warning	special_only 未命中特色规则
（一）手术室	1178	1605496	DMD光源1号-1/W905060	1	22.0	22.0	warning	special_only 未命中特色规则
（一）手术室	1179	1605496	DMD刨刀-1/Z2550	1	30.0	30.0	warning	special_only 未命中特色规则
（一）手术室	1180	1605496	旧2刨刀-1/Z3040	1	35.0	35.0	warning	special_only 未命中特色规则
（一）手术室	1181	1605496	218机器人-7件（带盒8件）	1	132.0	132.0	warning	special_only 未命中特色规则
（一）手术室	1182	1605496	DMD1号镜头3件（盒1）/W705060	1	66.0	66.0	warning	special_only 未命中特色规则
（一）手术室	1183	1605496	DMD2号镜头3件/W705060	1	66.0	66.0	warning	special_only 未命中特色规则
（一）手术室	1184	1605496	DMD光源4号-1/W905060	1	35.0	35.0	warning	special_only 未命中特色规则
（一）手术室	1185	1605530	263机器人-9件（高温）	1	55.0	55.0	warning	special_only 未命中特色规则
（一）手术室	1186	1605530	史赛克锯钻骨动力-7（带盒8件）	1	44.0	44.0	warning	special_only 未命中特色规则
（一）手术室	1187	1605549	产科手术器械包	1	214.5	214.5	warning	special_only 未命中特色规则
（一）手术室	1188	1605549	镜骨九（2）	1	82.5	82.5	warning	special_only 未命中特色规则
（一）手术室	1189	1605549	上肢包	3	159.5	159.5	warning	special_only 未命中特色规则
（一）手术室	1190	1605549	手科包	1	137.5	137.5	warning	special_only 未命中特色规则
（一）手术室	1191	1605549	外科包	1	187.0	187.0	warning	special_only 未命中特色规则
（一）手术室	1192	1605549	下肢包	4	176.0	176.0	warning	special_only 未命中特色规则
（一）手术室	1193	1605549	德美膝器械11件盒1（二）	1	66.0	66.0	warning	special_only 未命中特色规则
（一）手术室	1194	1605552	解剖剪刀-1/Z1029	1	8.0	8.0	warning	special_only 未命中特色规则
（一）手术室	1195	1605571	外科包	1	187.0	187.0	warning	special_only 未命中特色规则
（一）手术室	1196	1605571	锤子 -1件/双/Z1030	1	13.5	13.5	warning	special_only 未命中特色规则
（一）手术室	1197	1605571	聂广辰专用解剖剪-1/Z1029	1	8.0	8.0	warning	special_only 未命中特色规则
（一）手术室	1198	1605571	驱血带	29	2.5	2.5	warning	敷料包(无纺布包)——未识别规格
（一）手术室	1200	1605571	手套	6	2.5	2.5	warning	敷料包(无纺布包)——未识别规格
（一）手术室	1202	1605571	大盆-1/w1205060	2	16.5	16.5	warning	special_only 未命中特色规则
（一）手术室	1203	1605571	骨锉-1/W605060	1	16.5	16.5	warning	special_only 未命中特色规则
（一）手术室	1204	1605571	尖嘴复位器-2/W605060	1	16.5	16.5	warning	special_only 未命中特色规则
（一）手术室	1205	1605571	剪切钳-1/W505060	2	16.5	16.5	warning	special_only 未命中特色规则
（一）手术室	1206	1605571	克氏钳-1/W405060	2	16.5	16.5	warning	special_only 未命中特色规则
（一）手术室	1207	1605571	米氏钳-2/W605060	1	16.5	16.5	warning	special_only 未命中特色规则
（一）手术室	1208	1605571	手科咬骨钳1 刮勺1/W505060	1	16.5	16.5	warning	special_only 未命中特色规则
（一）手术室	1209	1605571	咬骨钳1刮勺1/W605060	3	16.5	16.5	warning	special_only 未命中特色规则
（一）手术室	1210	1605588	213机器人-8件（带盒9件）	1	154.0	154.0	warning	special_only 未命中特色规则
（一）手术室	1211	1605588	348机器人-8件（带盒9件）	1	154.0	154.0	warning	special_only 未命中特色规则
（一）手术室	1212	1605610	镜骨九（1）	1	66.0	66.0	warning	special_only 未命中特色规则
（一）手术室	1213	1605610	上肢包	3	159.5	159.5	warning	special_only 未命中特色规则
（一）手术室	1214	1605610	手科包	3	137.5	137.5	warning	special_only 未命中特色规则
（一）手术室	1215	1605610	下肢包	9	176.0	176.0	warning	special_only 未命中特色规则
（一）手术室	1216	1605610	大盆-1/w1205060	1	16.5	16.5	warning	special_only 未命中特色规则
（一）手术室	1217	1605616	刨刀-房玉立/Z2545	1	30.0	30.0	warning	special_only 未命中特色规则
（一）手术室	1218	1605616	新史赛克手控加件-1	1	22.0	22.0	warning	special_only 未命中特色规则
（一）手术室	1219	1605616	373机器人-7件（带盒8件）	1	132.0	132.0	warning	special_only 未命中特色规则
（一）手术室	1220	1605616	DMD5号镜头-3件	1	66.0	66.0	warning	special_only 未命中特色规则
（一）手术室	1221	1605616	DMD光源2号-1（带盒）	1	35.0	35.0	warning	special_only 未命中特色规则
（一）手术室	1222	1605635	348机器人-8件（带盒9件）	1	154.0	154.0	warning	special_only 未命中特色规则
（一）手术室	1223	1605819	40001机器人-8件（高温）	1	49.5	49.5	warning	special_only 未命中特色规则
（一）手术室	1224	1605819	上肢包	9	159.5	159.5	warning	special_only 未命中特色规则
（一）手术室	1225	1605819	施乐辉肩镜器械	1	121.0	121.0	warning	special_only 未命中特色规则
（一）手术室	1226	1605819	史赛克摆锯骨动力-4（带盒5件）	1	27.5	27.5	warning	special_only 未命中特色规则
（一）手术室	1227	1605819	手科包	1	137.5	137.5	warning	special_only 未命中特色规则
（一）手术室	1228	1605819	穿刺针（带芯）-2/Z7520	1	13.5	13.5	warning	special_only 未命中特色规则
（一）手术室	1229	1605819	中直钳-2/Z1530	1	16.5	16.5	warning	special_only 未命中特色规则
（一）手术室	1230	1605819	骨四（一）兰青常备光源线-1件/Z2530	1	30.0	30.0	warning	special_only 未命中特色规则
（一）手术室	1231	1605819	闭合包	1	55.0	55.0	warning	special_only 未命中特色规则
（一）手术室	1232	1605819	持物钳罐-2件/W605060	4	16.5	16.5	warning	special_only 未命中特色规则
（一）手术室	1233	1605819	锤子1凿子1剥离质1/W605060	1	16.5	16.5	warning	special_only 未命中特色规则
（一）手术室	1234	1605819	大盆-1/w1205060	1	16.5	16.5	warning	special_only 未命中特色规则
（一）手术室	1235	1605819	骨电钻-3件/W705060	1	16.5	16.5	warning	special_only 未命中特色规则
（一）手术室	1236	1605819	骨六李娜肩器械-14件（筐1）/W1505060	1	82.5	82.5	warning	special_only 未命中特色规则
（一）手术室	1237	1605819	尖嘴复位器-2/W605060	1	16.5	16.5	warning	special_only 未命中特色规则
（一）手术室	1238	1605819	鞠超杰髋镜缝合钩-2件/W705060	1	16.5	16.5	warning	special_only 未命中特色规则
（一）手术室	1239	1605819	手科咬骨钳1 刮勺1/W505060	2	16.5	16.5	warning	special_only 未命中特色规则
（一）手术室	1240	1605819	手科爪鞍钩-4件/W505060	1	22.0	22.0	warning	special_only 未命中特色规则
（一）手术室	1241	1605819	西山骨动力（2）/W505060	1	16.5	16.5	warning	special_only 未命中特色规则
（一）手术室	1242	1605824	264机器人-8件（高温）	1	49.5	49.5	warning	special_only 未命中特色规则
（一）手术室	1243	1605824	刘绍辉断钉取-带盒48件	1	264.0	264.0	warning	special_only 未命中特色规则
（一）手术室	1244	1605824	上肢包	1	159.5	159.5	warning	special_only 未命中特色规则
（一）手术室	1245	1605824	手科包	2	137.5	137.5	warning	special_only 未命中特色规则
（一）手术室	1246	1605824	下肢包	10	176.0	176.0	warning	special_only 未命中特色规则
（一）手术室	1248	1605824	刷手服	8	25.0	25.0	warning	敷料包(无纺布包)——未识别规格
（一）手术室	1250	1605824	骨二高川勃（伊）万能取-64/W9060	1	357.5	357.5	warning	special_only 未命中特色规则
（一）手术室	1251	1605824	持物钳罐-2件/W605060	6	16.5	16.5	warning	special_only 未命中特色规则
（一）手术室	1252	1605824	锤子1凿子1剥离质1/W605060	1	16.5	16.5	warning	special_only 未命中特色规则
（一）手术室	1253	1605824	肱骨复位器-2/W5050	1	16.5	16.5	warning	special_only 未命中特色规则
（一）手术室	1254	1605824	上肢加件-3/W605060	1	16.5	16.5	warning	special_only 未命中特色规则
（一）手术室	1255	1605824	手科咬骨钳1 刮勺1/W505060	1	16.5	16.5	warning	special_only 未命中特色规则
（一）手术室	1256	1605824	咬钉器-1手柄-2/W6050	1	16.5	16.5	warning	special_only 未命中特色规则
（一）手术室	1257	1605824	咬骨钳1刮勺1/W605060	1	16.5	16.5	warning	special_only 未命中特色规则
（一）手术室	1258	1605827	机器人器械-2件	1	44.0	44.0	warning	special_only 未命中特色规则
（一）手术室	1259	1605827	213机器人-8件（带盒9件）	1	154.0	154.0	warning	special_only 未命中特色规则
（一）手术室	1260	1605827	348机器人-8件（带盒9件）	1	154.0	154.0	warning	special_only 未命中特色规则
（一）手术室	1261	1605827	475机器人-7件（带盒8件）	1	132.0	132.0	warning	special_only 未命中特色规则
（一）手术室	1262	1605835	脊柱机器人262	1	38.5	38.5	warning	special_only 未命中特色规则
（一）手术室	1263	1605835	下肢包	5	176.0	176.0	warning	special_only 未命中特色规则
（一）手术室	1264	1605835	新腰备	1	137.5	137.5	warning	special_only 未命中特色规则
（一）手术室	1265	1605835	椎体成型包-12件	2	66.0	66.0	warning	special_only 未命中特色规则
（一）手术室	1266	1605835	持物钳罐-2件/W605060	4	16.5	16.5	warning	special_only 未命中特色规则
（一）手术室	1267	1605835	脊柱加件-6件/W605060	1	33.0	33.0	warning	special_only 未命中特色规则
（一）手术室	1268	1605835	咬钉器-1手柄-2/W6050	1	16.5	16.5	warning	special_only 未命中特色规则
（一）手术室	1269	1605835	咬骨钳1刮勺1/W605060	1	16.5	16.5	warning	special_only 未命中特色规则
（一）手术室	1270	1605929	上肢包	3	159.5	159.5	warning	special_only 未命中特色规则
（一）手术室	1271	1605929	0261机器人-8件（带盒9件）	1	154.0	154.0	warning	special_only 未命中特色规则
（一）手术室	1272	1605929	驱血带	1	2.5	2.5	warning	敷料包(无纺布包)——未识别规格
（一）手术室	1274	1605929	持物钳罐-2件/W605060	1	16.5	16.5	warning	special_only 未命中特色规则
（一）手术室	1275	1605929	剪切钳-1/W505060	1	16.5	16.5	warning	special_only 未命中特色规则
（一）手术室	1276	1605929	克氏钳-1/W405060	1	16.5	16.5	warning	special_only 未命中特色规则
（一）手术室	1277	1605929	上肢加件-3/W605060	1	16.5	16.5	warning	special_only 未命中特色规则
（一）手术室	1278	1605990	0261机器人-8件（带盒9件）	1	154.0	154.0	warning	special_only 未命中特色规则
（一）手术室	1279	1605990	213机器人-8件（带盒9件）	1	154.0	154.0	warning	special_only 未命中特色规则
（一）手术室	1280	1605990	刷手服	7	25.0	25.0	warning	敷料包(无纺布包)——未识别规格
（一）手术室	1281	1606026	40001机器人-8件（高温）	1	49.5	49.5	warning	special_only 未命中特色规则
（一）手术室	1282	1606026	上肢包	4	159.5	159.5	warning	special_only 未命中特色规则
（一）手术室	1283	1606026	解剖剪刀-1/Z1029	1	8.0	8.0	warning	special_only 未命中特色规则
（一）手术室	1284	1606026	218机器人-7件（带盒8件）	1	132.0	132.0	warning	special_only 未命中特色规则
（一）手术室	1285	1606026	348机器人-8件（带盒9件）	1	154.0	154.0	warning	special_only 未命中特色规则
（一）手术室	1286	1606026	驱血带	1	2.5	2.5	warning	敷料包(无纺布包)——未识别规格
（一）手术室	1288	1606026	持物钳罐-2件/W605060	1	16.5	16.5	warning	special_only 未命中特色规则
（一）手术室	1289	1606026	大盆-1/w1205060	1	16.5	16.5	warning	special_only 未命中特色规则
（一）手术室	1290	1606026	尖嘴复位器-2/W605060	1	16.5	16.5	warning	special_only 未命中特色规则
（一）手术室	1291	1606026	克氏钳-1/W405060	1	16.5	16.5	warning	special_only 未命中特色规则
（一）手术室	1292	1606026	手科咬骨钳1 刮勺1/W505060	1	16.5	16.5	warning	special_only 未命中特色规则
（一）手术室	1293	1606026	咬骨钳1刮勺1/W605060	1	16.5	16.5	warning	special_only 未命中特色规则
（一）手术室	1294	1606026	咬丝器-1/W6050	1	16.5	16.5	warning	special_only 未命中特色规则
（一）手术室	1295	1606073	0261机器人-8件（带盒9件）	1	154.0	154.0	warning	special_only 未命中特色规则
（一）手术室	1296	1606073	213机器人-8件（带盒9件）	1	154.0	154.0	warning	special_only 未命中特色规则
（一）手术室	1297	1606073	剪切钳-1/W505060	1	16.5	16.5	warning	special_only 未命中特色规则
（一）手术室	1298	1606073	克氏钳-1/W405060	1	16.5	16.5	warning	special_only 未命中特色规则
（一）手术室	1299	1606097	上肢包	2	159.5	159.5	warning	special_only 未命中特色规则
（一）手术室	1300	1606097	手科包	1	137.5	137.5	warning	special_only 未命中特色规则
（一）手术室	1301	1606097	下肢包	4	176.0	176.0	warning	special_only 未命中特色规则
（一）手术室	1302	1606097	椎体成型包-12件	3	66.0	66.0	warning	special_only 未命中特色规则
（一）手术室	1303	1606097	大盆-1/w1205060	2	16.5	16.5	warning	special_only 未命中特色规则
（一）手术室	1304	1606097	尖嘴复位器-2/W605060	1	16.5	16.5	warning	special_only 未命中特色规则
（一）手术室	1305	1606097	克氏钳-1/W405060	1	16.5	16.5	warning	special_only 未命中特色规则
（一）手术室	1306	1606097	上肢加件-3/W605060	1	16.5	16.5	warning	special_only 未命中特色规则
（一）手术室	1307	1606097	咬骨钳1刮勺1/W605060	1	16.5	16.5	warning	special_only 未命中特色规则
（一）手术室	1308	1606106	手科包	1	137.5	137.5	warning	special_only 未命中特色规则
（一）手术室	1309	1606106	下肢包	2	176.0	176.0	warning	special_only 未命中特色规则
（一）手术室	1310	1606111	上肢包	3	159.5	159.5	warning	special_only 未命中特色规则
（一）手术室	1311	1606111	手科包	1	137.5	137.5	warning	special_only 未命中特色规则
（一）手术室	1312	1606111	下肢包	4	176.0	176.0	warning	special_only 未命中特色规则
（一）手术室	1313	1606111	椎体成型包-12件	2	66.0	66.0	warning	special_only 未命中特色规则
（一）手术室	1314	1606111	驱血带	16	2.5	2.5	warning	敷料包(无纺布包)——未识别规格
（一）手术室	1316	1606111	手套	10	2.5	2.5	warning	敷料包(无纺布包)——未识别规格
（一）手术室	1319	1606111	大盆-1/w1205060	2	16.5	16.5	warning	special_only 未命中特色规则
（一）手术室	1320	1606111	克氏钳-1/W405060	1	16.5	16.5	warning	special_only 未命中特色规则
（一）手术室	1321	1606111	上肢加件-3/W605060	1	16.5	16.5	warning	special_only 未命中特色规则
（一）手术室	1322	1606111	咬骨钳1刮勺1/W605060	1	16.5	16.5	warning	special_only 未命中特色规则
（一）手术室	1323	1606169	40001机器人-8件（高温）	1	49.5	49.5	warning	special_only 未命中特色规则
（一）手术室	1324	1606169	上肢包	9	159.5	159.5	warning	special_only 未命中特色规则
（一）手术室	1325	1606169	手科包	7	137.5	137.5	warning	special_only 未命中特色规则
（一）手术室	1326	1606169	外科包	1	187.0	187.0	warning	special_only 未命中特色规则
（一）手术室	1327	1606169	下肢包	6	176.0	176.0	warning	special_only 未命中特色规则
（一）手术室	1328	1606169	胸腔镜-17件（筐1）	1	121.0	99.0	warning	校正价99.0
（一）手术室	1329	1606169	胸外盖冠男器械-7件	1	44.0	44.0	warning	special_only 未命中特色规则
（一）手术室	1330	1606169	试用肩镜-2件/双/Z2030	1	29.0	16.5	warning	校正价16.5
（一）手术室	1331	1606169	DMD光源1号-1/W905060	1	22.0	22.0	warning	special_only 未命中特色规则
（一）手术室	1332	1606169	DMD刨刀-1/Z2550	1	30.0	30.0	warning	special_only 未命中特色规则
（一）手术室	1333	1606169	胸外盖冠男电钩2线1/Z2050	1	66.0	66.0	warning	special_only 未命中特色规则
（一）手术室	1334	1606169	胸外光源线-1件/Z2530	1	30.0	30.0	warning	special_only 未命中特色规则
（一）手术室	1335	1606169	胸外镜头-1（盒1）W905060	1	35.0	35.0	warning	special_only 未命中特色规则
（一）手术室	1336	1606169	218机器人-7件（带盒8件）	1	132.0	132.0	warning	special_only 未命中特色规则
（一）手术室	1337	1606169	驱血带	7	2.5	2.5	warning	敷料包(无纺布包)——未识别规格
（一）手术室	1339	1606169	闭合包	1	55.0	55.0	warning	special_only 未命中特色规则
（一）手术室	1340	1606169	德美膝器械11件盒1（二）	1	66.0	66.0	warning	special_only 未命中特色规则
（一）手术室	1341	1606169	DMD3号镜头3件/W705060	1	66.0	66.0	warning	special_only 未命中特色规则
（一）手术室	1342	1606169	持物钳罐-2件/W605060	5	16.5	16.5	warning	special_only 未命中特色规则
（一）手术室	1343	1606169	弹钩-2/W605060	2	16.5	16.5	warning	special_only 未命中特色规则
（一）手术室	1344	1606169	脊柱加件-6件/W605060	1	33.0	33.0	warning	special_only 未命中特色规则
（一）手术室	1345	1606169	上肢加件-3/W605060	3	16.5	16.5	warning	special_only 未命中特色规则
（一）手术室	1346	1606169	手科咬骨钳1 刮勺1/W505060	4	16.5	16.5	warning	special_only 未命中特色规则
（一）手术室	1347	1606169	手科爪鞍钩-4件/W505060	1	22.0	22.0	warning	special_only 未命中特色规则
（一）手术室	1348	1606169	咬钉器-1手柄-2/W6050	1	16.5	16.5	warning	special_only 未命中特色规则
（一）手术室	1349	1606169	咬骨剪子1刮勺1/W605060	1	16.5	16.5	warning	special_only 未命中特色规则
（一）手术室	1350	1606169	咬骨钳1刮勺1/W605060	1	16.5	16.5	warning	special_only 未命中特色规则
（一）手术室	1351	1606169	咬丝器-1/W6050	1	16.5	16.5	warning	special_only 未命中特色规则
（一）手术室	1352	1606169	中心持骨器-2/w6050	1	16.5	16.5	warning	special_only 未命中特色规则
（一）手术室	1353	1606172	348机器人-8件（带盒9件）	1	154.0	154.0	warning	special_only 未命中特色规则
（一）手术室	1354	1606373	263机器人-9件（高温）	1	55.0	55.0	warning	special_only 未命中特色规则
（一）手术室	1355	1606373	264机器人-8件（高温）	1	49.5	49.5	warning	special_only 未命中特色规则
（一）手术室	1356	1606373	脑外颅骨钻洗钻-4件/W905060	1	88.0	88.0	warning	special_only 未命中特色规则
（一）手术室	1357	1606373	脑外西山磨钻-3件/W705060	1	66.0	66.0	warning	special_only 未命中特色规则
（一）手术室	1358	1606373	373机器人-7件（带盒8件）	1	132.0	132.0	warning	special_only 未命中特色规则
（一）手术室	1359	1606373	475机器人-7件（带盒8件）	1	132.0	132.0	warning	special_only 未命中特色规则
（一）手术室	1362	1606373	外3扳手-2件/W5050	1	16.5	16.5	warning	special_only 未命中特色规则
（一）手术室	1363	1606418	开颅包	1	418.0	418.0	warning	special_only 未命中特色规则
（一）手术室	1364	1606418	上肢包	5	159.5	159.5	warning	special_only 未命中特色规则
（一）手术室	1365	1606418	手科包	3	137.5	137.5	warning	special_only 未命中特色规则
（一）手术室	1366	1606418	外科包	1	187.0	187.0	warning	special_only 未命中特色规则
（一）手术室	1367	1606418	下肢包	5	176.0	176.0	warning	special_only 未命中特色规则
（一）手术室	1368	1606418	驱血带	4	2.5	2.5	warning	敷料包(无纺布包)——未识别规格
（一）手术室	1369	1606418	持物钳罐-2件/W605060	10	16.5	16.5	warning	special_only 未命中特色规则
（一）手术室	1370	1606418	弹钩-2/W605060	1	16.5	16.5	warning	special_only 未命中特色规则
（一）手术室	1371	1606418	剪切钳-1/W505060	2	16.5	16.5	warning	special_only 未命中特色规则
（一）手术室	1372	1606418	盘1碗2/w9050	1	16.5	16.5	warning	special_only 未命中特色规则
（一）手术室	1373	1606418	上肢加件-3/W605060	1	16.5	16.5	warning	special_only 未命中特色规则
（一）手术室	1374	1606418	深钩-2/W605060	1	16.5	16.5	warning	special_only 未命中特色规则
（一）手术室	1375	1606418	咬丝器-1/W6050	1	16.5	16.5	warning	special_only 未命中特色规则
（一）手术室	1376	1606430	40001机器人-8件（高温）	1	49.5	49.5	warning	special_only 未命中特色规则
（一）手术室	1377	1606430	218机器人-7件（带盒8件）	1	132.0	132.0	warning	special_only 未命中特色规则
（一）手术室	1378	1606473	上肢包	3	159.5	159.5	warning	special_only 未命中特色规则
（一）手术室	1379	1606473	手科包	2	137.5	137.5	warning	special_only 未命中特色规则
（一）手术室	1380	1606473	外科包	1	187.0	187.0	warning	special_only 未命中特色规则
（一）手术室	1381	1606473	下肢包	5	176.0	176.0	warning	special_only 未命中特色规则
（一）手术室	1382	1606473	解剖剪刀-1/Z1029	2	8.0	8.0	warning	special_only 未命中特色规则
（一）手术室	1383	1606473	蚊式2 中弯2/Z1530	1	22.0	22.0	warning	special_only 未命中特色规则
（一）手术室	1384	1606473	骨四（一）兰青常备光源线-1件/Z2530	1	30.0	30.0	warning	special_only 未命中特色规则
（一）手术室	1385	1606473	刨刀-房玉立/Z2545	1	30.0	30.0	warning	special_only 未命中特色规则
（一）手术室	1386	1606473	475机器人-7件（带盒8件）	1	132.0	132.0	warning	special_only 未命中特色规则
（一）手术室	1387	1606473	DMD5号镜头-3件	1	66.0	66.0	warning	special_only 未命中特色规则
（一）手术室	1388	1606473	德美4K光源（2号）-1/W905060	1	35.0	35.0	warning	special_only 未命中特色规则
（一）手术室	1389	1606473	德美4K镜头（3号）-3/W705060	1	66.0	66.0	warning	special_only 未命中特色规则
（一）手术室	1390	1606473	新3光源-1（带盒两件）/W12050	1	35.0	35.0	warning	special_only 未命中特色规则
（一）手术室	1391	1606473	甲状腺拉钩-2/W505060	1	16.5	16.5	warning	special_only 未命中特色规则
（一）手术室	1392	1606473	克氏钳-1/W405060	1	16.5	16.5	warning	special_only 未命中特色规则
（一）手术室	1393	1606473	手科爪鞍钩-4件/W505060	1	22.0	22.0	warning	special_only 未命中特色规则
（一）手术室	1394	1606473	咬骨钳1刮勺1/W605060	3	16.5	16.5	warning	special_only 未命中特色规则
（一）手术室	1395	1606480	263机器人-9件（高温）	1	55.0	55.0	warning	special_only 未命中特色规则
（一）手术室	1396	1606480	机器人套筒-2/W405060	1	16.5	16.5	warning	special_only 未命中特色规则
（一）手术室	1397	1606480	甲状腺加件-4件/w505060	1	22.0	22.0	warning	special_only 未命中特色规则
（一）手术室	1398	1606508	上肢包	2	159.5	159.5	warning	special_only 未命中特色规则
（一）手术室	1399	1606508	手科包	1	137.5	137.5	warning	special_only 未命中特色规则
（一）手术室	1400	1606508	下肢包	1	176.0	176.0	warning	special_only 未命中特色规则
（一）手术室	1401	1606508	德美2号刨刀-1/双/Z2550	1	26.5	16.5	warning	校正价16.5
（一）手术室	1402	1606508	驱血带	13	2.5	2.5	warning	敷料包(无纺布包)——未识别规格
（一）手术室	1404	1606508	手套	4	2.5	2.5	warning	敷料包(无纺布包)——未识别规格
（一）手术室	1406	1606508	闭合包	1	55.0	55.0	warning	special_only 未命中特色规则
（一）手术室	1407	1606508	西山骨动力（2）/W505060	1	16.5	16.5	warning	special_only 未命中特色规则
（一）手术室	1408	1606545	德美膝器械11件盒1（二）	1	66.0	66.0	warning	special_only 未命中特色规则
（一）手术室	1409	1606545	软骨转移器械-13件/W605060	1	77.0	77.0	warning	special_only 未命中特色规则
（一）手术室	1410	1606554	上肢包	5	159.5	159.5	warning	special_only 未命中特色规则
（一）手术室	1411	1606554	手科包	4	137.5	137.5	warning	special_only 未命中特色规则
（一）手术室	1412	1606554	下肢包	8	176.0	176.0	warning	special_only 未命中特色规则
（一）手术室	1413	1606554	聂广辰专用解剖剪-1/Z1029	1	8.0	8.0	warning	special_only 未命中特色规则
（一）手术室	1414	1606554	闭合包	1	55.0	55.0	warning	special_only 未命中特色规则
（一）手术室	1415	1606554	德美膝器械12件盒1（三）	1	71.5	71.5	warning	special_only 未命中特色规则
（一）手术室	1416	1606554	骨二高川勃（伊）万能取-64/W9060	1	357.5	357.5	warning	special_only 未命中特色规则
（一）手术室	1417	1606554	尖嘴复位器-2/W605060	1	16.5	16.5	warning	special_only 未命中特色规则
（一）手术室	1418	1606554	克氏钳-1/W405060	2	16.5	16.5	warning	special_only 未命中特色规则
（一）手术室	1419	1606554	上肢加件-3/W605060	3	16.5	16.5	warning	special_only 未命中特色规则
（一）手术室	1420	1606554	手科咬骨钳1 刮勺1/W505060	1	16.5	16.5	warning	special_only 未命中特色规则
（一）手术室	1421	1606554	手科爪鞍钩-4件/W505060	2	22.0	22.0	warning	special_only 未命中特色规则
（一）手术室	1422	1606554	咬骨剪子1刮勺1/W605060	1	16.5	16.5	warning	special_only 未命中特色规则
（一）手术室	1423	1606554	咬骨钳1刮勺1/W605060	1	16.5	16.5	warning	special_only 未命中特色规则
（一）手术室	1424	1606566	264机器人-8件（高温）	1	49.5	49.5	warning	special_only 未命中特色规则
（一）手术室	1425	1606566	上肢包	4	159.5	159.5	warning	special_only 未命中特色规则
（一）手术室	1426	1606566	史赛克摆锯骨动力-4（带盒5件）	1	27.5	27.5	warning	special_only 未命中特色规则
（一）手术室	1427	1606566	手科包	5	137.5	137.5	warning	special_only 未命中特色规则
（一）手术室	1428	1606566	下肢包	3	176.0	176.0	warning	special_only 未命中特色规则
（一）手术室	1429	1606566	椎体成型包-12件	1	66.0	66.0	warning	special_only 未命中特色规则
（一）手术室	1430	1606566	新史赛克手控加件-1	1	22.0	22.0	warning	special_only 未命中特色规则
（一）手术室	1431	1606566	0261机器人-8件（带盒9件）	1	154.0	154.0	warning	special_only 未命中特色规则
（一）手术室	1432	1606566	373机器人-7件（带盒8件）	1	132.0	132.0	warning	special_only 未命中特色规则
（一）手术室	1434	1606566	闭合包	1	55.0	55.0	warning	special_only 未命中特色规则
（一）手术室	1435	1606566	持物钳罐-2件/W605060	3	16.5	16.5	warning	special_only 未命中特色规则
（一）手术室	1436	1606566	大盆-1/w1205060	1	16.5	16.5	warning	special_only 未命中特色规则
（一）手术室	1437	1606566	骨电钻-3件/W705060	1	16.5	16.5	warning	special_only 未命中特色规则
（一）手术室	1438	1606566	尖嘴复位器-2/W605060	1	16.5	16.5	warning	special_only 未命中特色规则
（一）手术室	1439	1606566	上肢加件-3/W605060	1	16.5	16.5	warning	special_only 未命中特色规则
（一）手术室	1440	1606566	手科咬骨钳1 刮勺1/W505060	1	16.5	16.5	warning	special_only 未命中特色规则
（一）手术室	1441	1606566	咬骨钳1刮勺1/W605060	1	16.5	16.5	warning	special_only 未命中特色规则
（一）手术室	1442	1606566	咬丝器-1/W6050	1	16.5	16.5	warning	special_only 未命中特色规则
（一）手术室	1443	1606765	263机器人-9件（高温）	1	55.0	55.0	warning	special_only 未命中特色规则
（一）手术室	1444	1606765	40001机器人-8件（高温）	1	49.5	49.5	warning	special_only 未命中特色规则
（一）手术室	1445	1606765	上肢包	1	159.5	159.5	warning	special_only 未命中特色规则
（一）手术室	1446	1606765	手科包	3	137.5	137.5	warning	special_only 未命中特色规则
（一）手术室	1447	1606765	下肢包	4	176.0	176.0	warning	special_only 未命中特色规则
（一）手术室	1448	1606765	218机器人-7件（带盒8件）	1	132.0	132.0	warning	special_only 未命中特色规则
（一）手术室	1449	1606765	475机器人-7件（带盒8件）	1	132.0	132.0	warning	special_only 未命中特色规则
（一）手术室	1450	1606765	刷手服	7	25.0	25.0	warning	敷料包(无纺布包)——未识别规格
（一）手术室	1451	1606765	持物钳罐-2件/W605060	3	16.5	16.5	warning	special_only 未命中特色规则
（一）手术室	1452	1606765	脊柱加件-6件/W605060	1	33.0	33.0	warning	special_only 未命中特色规则
（一）手术室	1453	1606765	上肢加件-3/W605060	1	16.5	16.5	warning	special_only 未命中特色规则
（一）手术室	1454	1606765	手科咬骨钳1 刮勺1/W505060	1	16.5	16.5	warning	special_only 未命中特色规则
（一）手术室	1455	1606766	0261机器人-8件（带盒9件）	1	154.0	154.0	warning	special_only 未命中特色规则
（一）手术室	1456	1606766	348机器人-8件（带盒9件）	1	154.0	154.0	warning	special_only 未命中特色规则
（一）手术室	1457	1606782	上肢包	3	159.5	159.5	warning	special_only 未命中特色规则
（一）手术室	1458	1606782	手科包	3	137.5	137.5	warning	special_only 未命中特色规则
（一）手术室	1459	1606782	下肢包	2	176.0	176.0	warning	special_only 未命中特色规则
（一）手术室	1463	1606782	持物钳罐-2件/W605060	8	16.5	16.5	warning	special_only 未命中特色规则
（一）手术室	1464	1606782	尖嘴复位器-2/W605060	1	16.5	16.5	warning	special_only 未命中特色规则
（一）手术室	1465	1606782	剪切钳-1/W505060	1	16.5	16.5	warning	special_only 未命中特色规则
（一）手术室	1466	1606782	克氏钳-1/W405060	1	16.5	16.5	warning	special_only 未命中特色规则
（一）手术室	1467	1606782	上肢加件-3/W605060	1	16.5	16.5	warning	special_only 未命中特色规则
（一）手术室	1468	1606782	手科咬骨钳1 刮勺1/W505060	1	16.5	16.5	warning	special_only 未命中特色规则
（一）手术室	1469	1606782	咬骨剪子1刮勺1/W605060	1	16.5	16.5	warning	special_only 未命中特色规则
（一）手术室	1470	1606782	咬骨钳1刮勺1/W605060	1	16.5	16.5	warning	special_only 未命中特色规则
（一）手术室	1471	1606831	刨刀-房玉立/Z2545	1	30.0	30.0	warning	special_only 未命中特色规则
（一）手术室	1472	1606831	213机器人-8件（带盒9件）	1	154.0	154.0	warning	special_only 未命中特色规则
（一）手术室	1473	1606831	DMD5号镜头-3件	1	66.0	66.0	warning	special_only 未命中特色规则
（一）手术室	1474	1606831	德美4K光源（2号）-1/W905060	1	35.0	35.0	warning	special_only 未命中特色规则
（一）手术室	1475	1606831	德美4K镜头（3号）-3/W705060	1	66.0	66.0	warning	special_only 未命中特色规则
（一）手术室	1476	1606831	新4光源-1（带盒两件）/W12050	1	35.0	35.0	warning	special_only 未命中特色规则
（一）手术室	1477	1606842	德美2号刨刀-1/双/Z2550	1	26.5	16.5	warning	校正价16.5
（一）手术室	1478	1606858	脑外专用包	1	154.0	154.0	warning	special_only 未命中特色规则
（一）手术室	1479	1606858	上肢包	2	159.5	159.5	warning	special_only 未命中特色规则
（一）手术室	1480	1606858	手科包	5	137.5	137.5	warning	special_only 未命中特色规则
（一）手术室	1481	1606858	下肢包	7	176.0	176.0	warning	special_only 未命中特色规则
（一）手术室	1482	1606858	椎体成型包-12件	2	66.0	66.0	warning	special_only 未命中特色规则
（一）手术室	1483	1606858	德美膝器械11件盒1（二）	1	66.0	66.0	warning	special_only 未命中特色规则
（一）手术室	1484	1606858	德美膝器械12件盒1（三）	1	71.5	71.5	warning	special_only 未命中特色规则
（一）手术室	1485	1606858	偏瘫陈冲显微器械-15件（盒1）	1	88.0	88.0	warning	special_only 未命中特色规则
（一）手术室	1486	1606861	旧2刨刀-1/Z3040	1	35.0	35.0	warning	special_only 未命中特色规则
（一）手术室	1487	1606861	0261机器人-8件（带盒9件）	1	154.0	154.0	warning	special_only 未命中特色规则
（一）手术室	1488	1606861	德美新1镜头-1件（盒1）	1	35.0	35.0	warning	special_only 未命中特色规则
（一）手术室	1489	1606861	AR新3镜头-3件 盒1/W605060	1	66.0	66.0	warning	special_only 未命中特色规则
（一）手术室	1490	1606861	德美4K光源（3号）-1/W905060	1	35.0	35.0	warning	special_only 未命中特色规则
（一）手术室	1491	1606861	新3光源-1（带盒两件）/W12050	1	35.0	35.0	warning	special_only 未命中特色规则
（一）手术室	1492	1606880	上肢包	4	159.5	159.5	warning	special_only 未命中特色规则
（一）手术室	1493	1606880	手科包	2	137.5	137.5	warning	special_only 未命中特色规则
（一）手术室	1494	1606880	下肢包	4	176.0	176.0	warning	special_only 未命中特色规则
（一）手术室	1495	1606880	德美刨刀3号-1/双Z2550	1	16.5	16.5	warning	special_only 未命中特色规则
（一）手术室	1496	1606880	德美新1水管-2/双/Z1526	1	16.5	16.5	warning	special_only 未命中特色规则
（一）手术室	1497	1606880	驱血带	19	2.5	2.5	warning	敷料包(无纺布包)——未识别规格
（一）手术室	1499	1606880	手套	7	2.5	2.5	warning	敷料包(无纺布包)——未识别规格
（一）手术室	1501	1606880	德美膝器械11件盒1（一）	1	66.0	66.0	warning	special_only 未命中特色规则
（一）手术室	1502	1606880	德美膝器械12件盒1（四）	1	71.5	71.5	warning	special_only 未命中特色规则
（一）手术室	1503	1606880	持物钳罐-2件/W605060	1	16.5	16.5	warning	special_only 未命中特色规则
（一）手术室	1504	1606880	大盆-1/w1205060	1	16.5	16.5	warning	special_only 未命中特色规则
（一）手术室	1505	1606880	骶棘拉钩-2/W605060	1	16.5	16.5	warning	special_only 未命中特色规则
（一）手术室	1506	1606880	脊柱加件-6件/W605060	1	33.0	33.0	warning	special_only 未命中特色规则
（一）手术室	1507	1606880	尖嘴复位器-2/W605060	2	16.5	16.5	warning	special_only 未命中特色规则
（一）手术室	1508	1606880	克氏钳-1/W405060	1	16.5	16.5	warning	special_only 未命中特色规则
（一）手术室	1509	1606880	盘1碗2/w9050	1	16.5	16.5	warning	special_only 未命中特色规则
（一）手术室	1510	1606880	取针钳-1/W505060	1	16.5	16.5	warning	special_only 未命中特色规则
（一）手术室	1511	1606880	上肢加件-3/W605060	1	16.5	16.5	warning	special_only 未命中特色规则
（一）手术室	1512	1606880	深钩-2/W605060	1	16.5	16.5	warning	special_only 未命中特色规则
（一）手术室	1513	1606880	手科咬骨钳1 刮勺1/W505060	2	16.5	16.5	warning	special_only 未命中特色规则
（一）手术室	1514	1606880	咬骨钳1刮勺1/W605060	3	16.5	16.5	warning	special_only 未命中特色规则
（一）手术室	1515	1606880	咬丝器-1/W6050	1	16.5	16.5	warning	special_only 未命中特色规则
（一）手术室	1516	1606919	40001机器人-8件（高温）	1	49.5	49.5	warning	special_only 未命中特色规则
（一）手术室	1517	1606919	上肢包	4	159.5	159.5	warning	special_only 未命中特色规则
（一）手术室	1518	1606919	手科包	1	137.5	137.5	warning	special_only 未命中特色规则
（一）手术室	1519	1606919	下肢包	7	176.0	176.0	warning	special_only 未命中特色规则
（一）手术室	1520	1606919	椎体成型包-12件	2	66.0	66.0	warning	special_only 未命中特色规则
（一）手术室	1521	1606919	地吸-1/Z2545	1	30.0	30.0	warning	special_only 未命中特色规则
（一）手术室	1522	1606919	348机器人-8件（带盒9件）	1	154.0	154.0	warning	special_only 未命中特色规则
（一）手术室	1524	1606919	持物钳罐-2件/W605060	5	16.5	16.5	warning	special_only 未命中特色规则
（一）手术室	1525	1606919	大盆-1/w1205060	1	16.5	16.5	warning	special_only 未命中特色规则
（一）手术室	1526	1606919	尖嘴复位器-2/W605060	1	16.5	16.5	warning	special_only 未命中特色规则
（一）手术室	1527	1606919	剪切钳-1/W505060	1	16.5	16.5	warning	special_only 未命中特色规则
（一）手术室	1528	1606919	克氏钳-1/W405060	2	16.5	16.5	warning	special_only 未命中特色规则
（一）手术室	1529	1606919	上肢加件-3/W605060	1	16.5	16.5	warning	special_only 未命中特色规则
（一）手术室	1530	1606919	咬骨钳1刮勺1/W605060	1	16.5	16.5	warning	special_only 未命中特色规则
（一）手术室	1531	1606919	咬丝器-1/W6050	1	16.5	16.5	warning	special_only 未命中特色规则
（一）手术室	1532	1607099	213机器人-8件（带盒9件）	1	154.0	154.0	warning	special_only 未命中特色规则
（一）手术室	1533	1607099	373机器人-7件（带盒8件）	1	132.0	132.0	warning	special_only 未命中特色规则
（一）手术室	1534	1607100	DMD光源1号-1/W905060	1	22.0	22.0	warning	special_only 未命中特色规则
（一）手术室	1535	1607100	DMD刨刀-1/Z2550	1	30.0	30.0	warning	special_only 未命中特色规则
（一）手术室	1536	1607100	新史赛克手控加件-1	1	22.0	22.0	warning	special_only 未命中特色规则
（一）手术室	1537	1607100	218机器人-7件（带盒8件）	1	132.0	132.0	warning	special_only 未命中特色规则
（一）手术室	1538	1607100	DMD1号镜头3件（盒1）/W705060	1	66.0	66.0	warning	special_only 未命中特色规则
（一）手术室	1539	1607104	263机器人-9件（高温）	1	55.0	55.0	warning	special_only 未命中特色规则
（一）手术室	1540	1607104	创伤1号机器人-8件（带盒9件）	1	49.5	49.5	warning	special_only 未命中特色规则
（一）手术室	1541	1607104	上肢包	4	159.5	159.5	warning	special_only 未命中特色规则
（一）手术室	1542	1607104	手科包	1	137.5	137.5	warning	special_only 未命中特色规则
（一）手术室	1543	1607104	下肢包	1	176.0	176.0	warning	special_only 未命中特色规则
（一）手术室	1545	1607104	刷手服	7	25.0	25.0	warning	敷料包(无纺布包)——未识别规格
（一）手术室	1547	1607104	持物钳罐-2件/W605060	6	16.5	16.5	warning	special_only 未命中特色规则
（一）手术室	1548	1607104	剪切钳-1/W505060	2	16.5	16.5	warning	special_only 未命中特色规则
（一）手术室	1549	1607104	咬钉器-1手柄-2/W6050	1	16.5	16.5	warning	special_only 未命中特色规则
（一）手术室	1550	1607105	40001机器人-8件（高温）	1	49.5	49.5	warning	special_only 未命中特色规则
（一）手术室	1551	1607105	373机器人-7件（带盒8件）	1	132.0	132.0	warning	special_only 未命中特色规则
（一）手术室	1552	1607105	创伤161机器人-4件（带盒5件）	1	88.0	88.0	warning	special_only 未命中特色规则
（一）手术室	1553	1607162	镜骨九（1）	1	66.0	66.0	warning	special_only 未命中特色规则
（一）手术室	1554	1607162	上肢包	3	159.5	159.5	warning	special_only 未命中特色规则
（一）手术室	1555	1607162	史赛克摆锯骨动力-4（带盒5件）	1	27.5	27.5	warning	special_only 未命中特色规则
（一）手术室	1556	1607162	手科包	2	137.5	137.5	warning	special_only 未命中特色规则
（一）手术室	1557	1607162	下肢包	1	176.0	176.0	warning	special_only 未命中特色规则
（一）手术室	1558	1607162	解剖剪刀-1/Z1029	1	8.0	8.0	warning	special_only 未命中特色规则
（一）手术室	1559	1607162	持物钳罐-2件/W605060	3	16.5	16.5	warning	special_only 未命中特色规则
（一）手术室	1560	1607162	骶棘拉钩-2/W605060	1	16.5	16.5	warning	special_only 未命中特色规则
（一）手术室	1561	1607162	机器人套筒-2/W405060	1	16.5	16.5	warning	special_only 未命中特色规则
（一）手术室	1562	1607162	脊柱加件-6件/W605060	1	33.0	33.0	warning	special_only 未命中特色规则
（一）手术室	1563	1607162	剪切钳-1/W505060	1	16.5	16.5	warning	special_only 未命中特色规则
（一）手术室	1564	1607162	克氏钳-1/W405060	1	16.5	16.5	warning	special_only 未命中特色规则
（一）手术室	1565	1607162	上肢加件-3/W605060	1	16.5	16.5	warning	special_only 未命中特色规则
（一）手术室	1566	1607162	手科咬骨钳1 刮勺1/W505060	2	16.5	16.5	warning	special_only 未命中特色规则
（一）手术室	1567	1607162	咬钉器-1手柄-2/W6050	1	16.5	16.5	warning	special_only 未命中特色规则
（一）手术室	1568	1607162	咬骨钳1刮勺1/W605060	2	16.5	16.5	warning	special_only 未命中特色规则
（一）手术室	1569	1607175	光源线-膝镜通用-1/Z2540	1	30.0	30.0	warning	special_only 未命中特色规则
（一）手术室	1570	1607175	348机器人-8件（带盒9件）	1	154.0	154.0	warning	special_only 未命中特色规则
（一）手术室	1571	1607175	475机器人-7件（带盒8件）	1	132.0	132.0	warning	special_only 未命中特色规则
（一）手术室	1572	1607175	椎间孔镜头2号-1/W905060	1	35.0	35.0	warning	special_only 未命中特色规则
（一）手术室	1573	1607188	264机器人-8件（高温）	1	49.5	49.5	warning	special_only 未命中特色规则
（一）手术室	1574	1607188	上肢包	3	159.5	159.5	warning	special_only 未命中特色规则
（一）手术室	1575	1607188	史赛克锯钻骨动力-7（带盒8件）	1	44.0	44.0	warning	special_only 未命中特色规则
（一）手术室	1576	1607188	手科包	1	137.5	137.5	warning	special_only 未命中特色规则
（一）手术室	1577	1607188	下肢包	4	176.0	176.0	warning	special_only 未命中特色规则
（一）手术室	1578	1607244	脊柱常备器械	1	49.5	49.5	warning	special_only 未命中特色规则
（一）手术室	1579	1607244	上肢包	1	159.5	159.5	warning	special_only 未命中特色规则
（一）手术室	1580	1607244	手科包	3	137.5	137.5	warning	special_only 未命中特色规则
（一）手术室	1581	1607244	下肢包	3	176.0	176.0	warning	special_only 未命中特色规则
（一）手术室	1582	1607244	椎间孔镜（三）	1	187.0	187.0	warning	special_only 未命中特色规则
（一）手术室	1583	1607244	机器人套筒125-190-1件/Z7534	1	8.0	8.0	warning	special_only 未命中特色规则
（一）手术室	1584	1607244	史赛克锯片-1/Z1020	2	8.0	8.0	warning	special_only 未命中特色规则
（一）手术室	1585	1607244	驱血带	8	2.5	2.5	warning	敷料包(无纺布包)——未识别规格
（一）手术室	1586	1607244	手套	18	2.5	2.5	warning	敷料包(无纺布包)——未识别规格
（一）手术室	1588	1607244	下肢止血带	2	4.0	4.0	warning	敷料包(无纺布包)——未识别规格
（一）手术室	1589	1607244	锤子1凿子1剥离质1/W605060	1	16.5	16.5	warning	special_only 未命中特色规则
（一）手术室	1590	1607244	大盆-1/w1205060	2	16.5	16.5	warning	special_only 未命中特色规则
（一）手术室	1591	1607244	骨电钻-3件/W705060	1	16.5	16.5	warning	special_only 未命中特色规则
（一）手术室	1592	1607244	脊柱加件-6件/W605060	1	33.0	33.0	warning	special_only 未命中特色规则
（一）手术室	1593	1607244	上肢加件-3/W605060	3	16.5	16.5	warning	special_only 未命中特色规则
（一）手术室	1594	1607244	手科爪鞍钩-4件/W505060	1	22.0	22.0	warning	special_only 未命中特色规则
（一）手术室	1595	1607244	咬丝器-1/W6050	1	16.5	16.5	warning	special_only 未命中特色规则
（一）手术室	1596	1607246	DMD光源1号-1/W905060	1	22.0	22.0	warning	special_only 未命中特色规则
（一）手术室	1597	1607246	DMD刨刀-1/Z2550	1	30.0	30.0	warning	special_only 未命中特色规则
（一）手术室	1598	1607246	刨刀-房玉立/Z2545	1	30.0	30.0	warning	special_only 未命中特色规则
（一）手术室	1599	1607246	腕肘-7件/Z1530	1	132.0	132.0	warning	special_only 未命中特色规则
（一）手术室	1600	1607246	218机器人-7件（带盒8件）	1	132.0	132.0	warning	special_only 未命中特色规则
（一）手术室	1601	1607246	DMD3号镜头3件/W705060	1	66.0	66.0	warning	special_only 未命中特色规则
（一）手术室	1602	1607246	新3光源-1（带盒两件）/W12050	1	35.0	35.0	warning	special_only 未命中特色规则
（一）手术室	1603	1607246	肘踝通用镜头-1/W6050	1	35.0	35.0	warning	special_only 未命中特色规则
（一）手术室	1604	1607288	脑外专用包	1	154.0	154.0	warning	special_only 未命中特色规则
（一）手术室	1605	1607288	上肢包	5	159.5	159.5	warning	special_only 未命中特色规则
（一）手术室	1606	1607288	手科包	6	137.5	137.5	warning	special_only 未命中特色规则
（一）手术室	1607	1607288	下肢包	10	176.0	176.0	warning	special_only 未命中特色规则
（一）手术室	1608	1607288	椎体成型包-12件	1	66.0	66.0	warning	special_only 未命中特色规则
（一）手术室	1609	1607288	穿刺针（带芯）-2/Z7520	1	13.5	13.5	warning	special_only 未命中特色规则
（一）手术室	1610	1607288	中直钳-2/Z1530	1	16.5	16.5	warning	special_only 未命中特色规则
（一）手术室	1612	1607288	德美膝器械12件盒1（四）	1	71.5	71.5	warning	special_only 未命中特色规则
（一）手术室	1613	1607288	叉勾-7/W605060	1	38.5	38.5	warning	special_only 未命中特色规则
（一）手术室	1614	1607288	大盆-1/w1205060	1	16.5	16.5	warning	special_only 未命中特色规则
（一）手术室	1615	1607288	妇产科直角钳-6件/W605060	1	33.0	33.0	warning	special_only 未命中特色规则
（一）手术室	1616	1607288	尖嘴复位器-2/W605060	1	16.5	16.5	warning	special_only 未命中特色规则
（一）手术室	1617	1607288	克氏钳-1/W405060	3	16.5	16.5	warning	special_only 未命中特色规则
（一）手术室	1618	1607288	手科咬骨钳1 刮勺1/W505060	2	16.5	16.5	warning	special_only 未命中特色规则
（一）手术室	1619	1607288	咬骨剪子1刮勺1/W605060	1	16.5	16.5	warning	special_only 未命中特色规则
（一）手术室	1620	1607288	咬骨钳1刮勺1/W605060	1	16.5	16.5	warning	special_only 未命中特色规则
（一）手术室	1621	1607288	咬丝器-1/W6050	3	16.5	16.5	warning	special_only 未命中特色规则
（一）手术室	1622	1607293	上肢包	4	159.5	159.5	warning	special_only 未命中特色规则
（一）手术室	1623	1607293	手科包	1	137.5	137.5	warning	special_only 未命中特色规则
（一）手术室	1624	1607293	下肢包	1	176.0	176.0	warning	special_only 未命中特色规则
（一）手术室	1625	1607293	椎体成型包-12件	1	66.0	66.0	warning	special_only 未命中特色规则
（一）手术室	1627	1607293	持物钳罐-2件/W605060	5	16.5	16.5	warning	special_only 未命中特色规则
（一）手术室	1628	1607293	剪切钳-1/W505060	1	16.5	16.5	warning	special_only 未命中特色规则
（一）手术室	1629	1607293	手科咬骨钳1 刮勺1/W505060	1	16.5	16.5	warning	special_only 未命中特色规则
（一）手术室	1630	1607293	咬钉器-1手柄-2/W6050	1	16.5	16.5	warning	special_only 未命中特色规则
（一）手术室	1631	1607293	咬骨钳1刮勺1/W605060	1	16.5	16.5	warning	special_only 未命中特色规则
（一）手术室	1632	1607293	中心持骨器-2/w6050	1	16.5	16.5	warning	special_only 未命中特色规则
（一）手术室	1633	1607496	0261机器人-8件（带盒9件）	1	154.0	154.0	warning	special_only 未命中特色规则
（一）手术室	1634	1607496	德美4K光源（2号）-1/W905060	1	35.0	35.0	warning	special_only 未命中特色规则
（一）手术室	1635	1607496	德美4K镜头（3号）-3/W705060	1	66.0	66.0	warning	special_only 未命中特色规则
（一）手术室	1636	1607499	上肢包	4	159.5	159.5	warning	special_only 未命中特色规则
（一）手术室	1637	1607499	下肢包	4	176.0	176.0	warning	special_only 未命中特色规则
（一）手术室	1638	1607499	德美2号刨刀-1/双/Z2550	1	26.5	16.5	warning	校正价16.5
（一）手术室	1639	1607499	机器人器械-2件	1	44.0	44.0	warning	special_only 未命中特色规则
（一）手术室	1640	1607499	0261机器人-8件（带盒9件）	1	154.0	154.0	warning	special_only 未命中特色规则
（一）手术室	1641	1607499	213机器人-8件（带盒9件）	1	154.0	154.0	warning	special_only 未命中特色规则
（一）手术室	1643	1607499	刷手服	6	25.0	25.0	warning	敷料包(无纺布包)——未识别规格
（一）手术室	1645	1607499	261机器人-6件（带盒7件）	1	38.5	38.5	warning	special_only 未命中特色规则
（一）手术室	1646	1607499	德美膝器械11件盒1（一）	1	66.0	66.0	warning	special_only 未命中特色规则
（一）手术室	1647	1607499	持物钳罐-2件/W605060	7	16.5	16.5	warning	special_only 未命中特色规则
（一）手术室	1648	1607499	上肢加件-3/W605060	2	16.5	16.5	warning	special_only 未命中特色规则
（一）手术室	1649	1607499	咬钉器-1手柄-2/W6050	1	16.5	16.5	warning	special_only 未命中特色规则
（一）手术室	1650	1607499	中心持骨器-2/w6050	1	16.5	16.5	warning	special_only 未命中特色规则
（一）手术室	1651	1607569	产科手术器械包	1	214.5	214.5	warning	special_only 未命中特色规则
（一）手术室	1652	1607569	下肢包	2	176.0	176.0	warning	special_only 未命中特色规则
（一）手术室	1653	1607569	持物钳罐-2件/W605060	3	16.5	16.5	warning	special_only 未命中特色规则
（一）手术室	1654	1607569	弹钩-2/W605060	1	16.5	16.5	warning	special_only 未命中特色规则
（一）手术室	1655	1607569	机器人器械-4件/w5050	1	22.0	22.0	warning	special_only 未命中特色规则
（一）手术室	1656	1607569	脊柱加件-6件/W605060	1	33.0	33.0	warning	special_only 未命中特色规则
（一）手术室	1657	1607569	咬丝器-1/W6050	1	16.5	16.5	warning	special_only 未命中特色规则
（一）手术室	1658	1607574	348机器人-8件（带盒9件）	1	154.0	154.0	warning	special_only 未命中特色规则
（一）手术室	1659	1607597	上肢包	2	159.5	159.5	warning	special_only 未命中特色规则
（一）手术室	1660	1607597	手科包	5	137.5	137.5	warning	special_only 未命中特色规则
（一）手术室	1661	1607597	下肢包	3	176.0	176.0	warning	special_only 未命中特色规则
（一）手术室	1662	1607597	地巾	1	15.0	15.0	warning	敷料包(无纺布包)——未识别规格
（一）手术室	1663	1607597	剪切钳-1/W505060	2	16.5	16.5	warning	special_only 未命中特色规则
（一）手术室	1664	1607597	上肢加件-3/W605060	1	16.5	16.5	warning	special_only 未命中特色规则
（一）手术室	1665	1607597	手科咬骨钳1 刮勺1/W505060	1	16.5	16.5	warning	special_only 未命中特色规则
（一）手术室	1666	1607597	手科爪鞍钩-4件/W505060	1	22.0	22.0	warning	special_only 未命中特色规则
（一）手术室	1667	1607597	咬骨钳1刮勺1/W605060	2	16.5	16.5	warning	special_only 未命中特色规则
（一）手术室	1668	1607597	咬丝器-1/W6050	1	16.5	16.5	warning	special_only 未命中特色规则
（一）手术室	1669	1607644	上肢包	3	159.5	159.5	warning	special_only 未命中特色规则
（一）手术室	1670	1607644	下肢包	2	176.0	176.0	warning	special_only 未命中特色规则
（一）手术室	1671	1607644	聂广辰专用解剖剪-1/Z1029	1	8.0	8.0	warning	special_only 未命中特色规则
（一）手术室	1672	1607644	驱血带	19	2.5	2.5	warning	敷料包(无纺布包)——未识别规格
（一）手术室	1674	1607644	手套	8	2.5	2.5	warning	敷料包(无纺布包)——未识别规格
（一）手术室	1676	1607644	持物钳罐-2件/W605060	3	16.5	16.5	warning	special_only 未命中特色规则
（一）手术室	1677	1607644	肱骨复位器-2/W5050	1	16.5	16.5	warning	special_only 未命中特色规则
（一）手术室	1678	1607644	脊柱加件-6件/W605060	1	33.0	33.0	warning	special_only 未命中特色规则
（一）手术室	1679	1607644	剪切钳-1/W505060	1	16.5	16.5	warning	special_only 未命中特色规则
（一）手术室	1680	1607644	克氏钳-1/W405060	1	16.5	16.5	warning	special_only 未命中特色规则
（一）手术室	1681	1607644	上肢加件-3/W605060	1	16.5	16.5	warning	special_only 未命中特色规则
（一）手术室	1682	1607644	咬骨剪子1刮勺1/W605060	1	16.5	16.5	warning	special_only 未命中特色规则
（一）手术室	1683	1607644	咬骨钳1刮勺1/W605060	2	16.5	16.5	warning	special_only 未命中特色规则
（一）手术室	1684	1607644	棉球/Z1530	2	2.5	2.5	warning	敷料包(纸塑袋)+棉球——未识别规格
（一）手术室	1685	1607654	40001机器人-8件（高温）	1	49.5	49.5	warning	special_only 未命中特色规则
（一）手术室	1686	1607654	上肢包	4	159.5	159.5	warning	special_only 未命中特色规则
（一）手术室	1687	1607654	胃肠加件	1	121.0	121.0	warning	special_only 未命中特色规则
（一）手术室	1688	1607654	下肢包	5	176.0	176.0	warning	special_only 未命中特色规则
（一）手术室	1689	1607654	腰间盘镜(三)	1	66.0	66.0	warning	special_only 未命中特色规则
（一）手术室	1690	1607654	子宫包	1	555.5	555.5	warning	special_only 未命中特色规则
（一）手术室	1691	1607654	持物钳罐-2件/W605060	1	16.5	16.5	warning	special_only 未命中特色规则
（一）手术室	1692	1607654	大盆-1/w1205060	1	16.5	16.5	warning	special_only 未命中特色规则
（一）手术室	1693	1607654	肌钩-2/W5050	1	16.5	16.5	warning	special_only 未命中特色规则
（一）手术室	1694	1607654	尖嘴复位器-2/W605060	1	16.5	16.5	warning	special_only 未命中特色规则
（一）手术室	1695	1607654	克氏钳-1/W405060	1	16.5	16.5	warning	special_only 未命中特色规则
（一）手术室	1696	1607654	脑科无钩尖镊-2/ W505060	1	16.5	16.5	warning	special_only 未命中特色规则
（一）手术室	1697	1607654	西山骨动力（2）/W505060	1	16.5	16.5	warning	special_only 未命中特色规则
（一）手术室	1698	1607654	咬丝器-1/W6050	1	16.5	16.5	warning	special_only 未命中特色规则
（一）手术室	1699	1607654	自动拉钩1爪2/W7050	1	16.5	16.5	warning	special_only 未命中特色规则
（一）手术室	1700	1607662	骨四（一）兰青常备光源线-1件/Z2530	1	30.0	30.0	warning	special_only 未命中特色规则
（一）手术室	1701	1607662	213机器人-8件（带盒9件）	1	154.0	154.0	warning	special_only 未命中特色规则
（一）手术室	1702	1607662	218机器人-7件（带盒8件）	1	132.0	132.0	warning	special_only 未命中特色规则
（一）手术室	1703	1607662	348机器人-8件（带盒9件）	1	154.0	154.0	warning	special_only 未命中特色规则
（一）手术室	1704	1607874	上肢包	8	159.5	159.5	warning	special_only 未命中特色规则
（一）手术室	1705	1607874	手科包	3	137.5	137.5	warning	special_only 未命中特色规则
（一）手术室	1706	1607874	下肢包	2	176.0	176.0	warning	special_only 未命中特色规则
（一）手术室	1707	1607874	椎间孔镜（三）	1	187.0	187.0	warning	special_only 未命中特色规则
（一）手术室	1708	1607874	椎体成型包-12件	1	66.0	66.0	warning	special_only 未命中特色规则
（一）手术室	1709	1607874	光源线-膝镜通用-1/Z2540	1	30.0	30.0	warning	special_only 未命中特色规则
（一）手术室	1710	1607874	0261机器人-8件（带盒9件）	1	154.0	154.0	warning	special_only 未命中特色规则
（一）手术室	1711	1607874	手套	1	2.5	2.5	warning	敷料包(无纺布包)——未识别规格
（一）手术室	1712	1607874	刷手服	6	25.0	25.0	warning	敷料包(无纺布包)——未识别规格
（一）手术室	1714	1607874	闭合包	1	55.0	55.0	warning	special_only 未命中特色规则
（一）手术室	1715	1607874	椎间孔镜头2号-1/W905060	1	35.0	35.0	warning	special_only 未命中特色规则
（一）手术室	1716	1607874	持物钳罐-2件/W605060	7	16.5	16.5	warning	special_only 未命中特色规则
（一）手术室	1717	1607874	大盆-1/w1205060	1	16.5	16.5	warning	special_only 未命中特色规则
（一）手术室	1718	1607874	脊柱加件-6件/W605060	1	33.0	33.0	warning	special_only 未命中特色规则
（一）手术室	1719	1607874	尖嘴复位器-2/W605060	1	16.5	16.5	warning	special_only 未命中特色规则
（一）手术室	1720	1607874	克氏钳-1/W405060	1	16.5	16.5	warning	special_only 未命中特色规则
（一）手术室	1721	1607874	上肢加件-3/W605060	2	16.5	16.5	warning	special_only 未命中特色规则
（一）手术室	1722	1607874	手科咬骨钳1 刮勺1/W505060	1	16.5	16.5	warning	special_only 未命中特色规则
（一）手术室	1723	1607874	咬骨钳1刮勺1/W605060	2	16.5	16.5	warning	special_only 未命中特色规则
（一）手术室	1724	1607874	咬丝器-1/W6050	1	16.5	16.5	warning	special_only 未命中特色规则
（一）手术室	1725	1607874	鹰嘴咬骨钳1刮勺1/W605060	1	16.5	16.5	warning	special_only 未命中特色规则
（一）手术室	1726	1607961	上肢包	1	159.5	159.5	warning	special_only 未命中特色规则
（一）手术室	1727	1607961	下肢包	3	176.0	176.0	warning	special_only 未命中特色规则
（一）手术室	1728	1607961	驱血带	1	2.5	2.5	warning	敷料包(无纺布包)——未识别规格
（一）手术室	1729	1607961	手套	1	2.5	2.5	warning	敷料包(无纺布包)——未识别规格
（一）手术室	1730	1607961	洗毛盒	4	25.0	25.0	warning	敷料包(无纺布包)——未识别规格
（一）手术室	1732	1607961	下肢止血带	1	4.0	4.0	warning	敷料包(无纺布包)——未识别规格
（一）手术室	1733	1607961	持物钳罐-2件/W605060	1	16.5	16.5	warning	special_only 未命中特色规则
（一）手术室	1734	1607961	大盆-1/w1205060	2	16.5	16.5	warning	special_only 未命中特色规则
（一）手术室	1735	1607961	胫腓骨拉勾-2/W605060	1	16.5	16.5	warning	special_only 未命中特色规则
（一）手术室	1736	1607961	上肢加件-3/W605060	5	16.5	16.5	warning	special_only 未命中特色规则
（一）手术室	1737	1607961	手科咬骨钳1 刮勺1/W505060	3	16.5	16.5	warning	special_only 未命中特色规则
（一）手术室	1738	1607961	咬骨剪子1刮勺1/W605060	2	16.5	16.5	warning	special_only 未命中特色规则
（一）手术室	1739	1607961	咬骨钳1刮勺1/W605060	3	16.5	16.5	warning	special_only 未命中特色规则
（一）手术室	1740	1608011	40001机器人-8件（高温）	1	49.5	49.5	warning	special_only 未命中特色规则
（一）手术室	1741	1608011	213机器人-8件（带盒9件）	1	154.0	154.0	warning	special_only 未命中特色规则
（一）手术室	1742	1608011	373机器人-7件（带盒8件）	1	132.0	132.0	warning	special_only 未命中特色规则
（一）手术室	1743	1608011	刷手服	6	25.0	25.0	warning	敷料包(无纺布包)——未识别规格
（一）手术室	1744	1608089	264机器人-8件（高温）	1	49.5	49.5	warning	special_only 未命中特色规则
（一）手术室	1745	1608101	下肢包	1	176.0	176.0	warning	special_only 未命中特色规则
（一）手术室	1746	1608106	史赛克锯钻骨动力-7（带盒8件）	1	44.0	44.0	warning	special_only 未命中特色规则
（一）手术室	1747	1608106	大盆-1/w1205060	1	16.5	16.5	warning	special_only 未命中特色规则
（一）手术室	1748	1608111	上肢包	4	159.5	159.5	warning	special_only 未命中特色规则
（一）手术室	1749	1608111	手科包	4	137.5	137.5	warning	special_only 未命中特色规则
（一）手术室	1750	1608111	下肢包	3	176.0	176.0	warning	special_only 未命中特色规则
（一）手术室	1751	1608111	博进骨动力-9件（盒1）/W1205060	1	55.0	55.0	warning	special_only 未命中特色规则
（一）手术室	1752	1608111	骨动力-8 盒1/w1205060	1	49.5	49.5	warning	special_only 未命中特色规则
（一）手术室	1753	1608111	骨动力-8件（盒1）/W1205060	1	49.5	49.5	warning	special_only 未命中特色规则
（一）手术室	1754	1608112	DMD光源1号-1/W905060	1	22.0	22.0	warning	special_only 未命中特色规则
（一）手术室	1755	1608112	DMD刨刀-1/Z2550	1	30.0	30.0	warning	special_only 未命中特色规则
（一）手术室	1756	1608112	0261机器人-8件（带盒9件）	1	154.0	154.0	warning	special_only 未命中特色规则
（一）手术室	1757	1608112	218机器人-7件（带盒8件）	1	132.0	132.0	warning	special_only 未命中特色规则
（一）手术室	1758	1608112	DMD5号镜头-3件	1	66.0	66.0	warning	special_only 未命中特色规则
（一）手术室	1759	1608144	骨动力-带盒9件	1	49.5	49.5	warning	special_only 未命中特色规则
（一）手术室	1761	1608144	手套	4	2.5	2.5	warning	敷料包(无纺布包)——未识别规格
（一）手术室	1764	1608144	持物钳罐-2件/W605060	1	16.5	16.5	warning	special_only 未命中特色规则
（一）手术室	1765	1608144	大盆-1/w1205060	2	16.5	16.5	warning	special_only 未命中特色规则
（一）手术室	1766	1608144	取针钳-1/W505060	1	16.5	16.5	warning	special_only 未命中特色规则
（一）手术室	1767	1608144	上肢加件-3/W605060	1	16.5	16.5	warning	special_only 未命中特色规则
（一）手术室	1768	1608144	手科爪鞍钩-4件/W505060	1	22.0	22.0	warning	special_only 未命中特色规则
（一）手术室	1769	1608144	咬骨钳1刮勺1/W605060	1	16.5	16.5	warning	special_only 未命中特色规则
（一）手术室	1770	1608147	263机器人-9件（高温）	1	55.0	55.0	warning	special_only 未命中特色规则
（一）手术室	1771	1608147	上肢包	3	159.5	159.5	warning	special_only 未命中特色规则
（一）手术室	1772	1608147	手科包	1	137.5	137.5	warning	special_only 未命中特色规则
（一）手术室	1773	1608147	外科包	1	187.0	187.0	warning	special_only 未命中特色规则
（一）手术室	1774	1608147	下肢包	7	176.0	176.0	warning	special_only 未命中特色规则
（一）手术室	1775	1608147	史赛克锯片-1/Z1020	1	8.0	8.0	warning	special_only 未命中特色规则
（一）手术室	1776	1608147	德美膝器械11件盒1（一）	1	66.0	66.0	warning	special_only 未命中特色规则
（一）手术室	1777	1608147	持物钳罐-2件/W605060	2	16.5	16.5	warning	special_only 未命中特色规则
（一）手术室	1778	1608147	大盆-1/w1205060	1	16.5	16.5	warning	special_only 未命中特色规则
（一）手术室	1779	1608147	弹钩-2/W605060	1	16.5	16.5	warning	special_only 未命中特色规则
（一）手术室	1780	1608147	脊柱加件-6件/W605060	1	33.0	33.0	warning	special_only 未命中特色规则
（一）手术室	1781	1608147	剪切钳-1/W505060	1	16.5	16.5	warning	special_only 未命中特色规则
（一）手术室	1782	1608147	克氏钳-1/W405060	2	16.5	16.5	warning	special_only 未命中特色规则
（一）手术室	1783	1608147	取针钳-1/W505060	1	16.5	16.5	warning	special_only 未命中特色规则
（一）手术室	1784	1608147	上肢加件-3/W605060	3	16.5	16.5	warning	special_only 未命中特色规则
（一）手术室	1785	1608147	手科咬骨钳1 刮勺1/W505060	1	16.5	16.5	warning	special_only 未命中特色规则
（一）手术室	1786	1608147	咬骨钳1刮勺1/W605060	3	16.5	16.5	warning	special_only 未命中特色规则
（一）手术室	1787	1608147	咬丝器-1/W6050	2	16.5	16.5	warning	special_only 未命中特色规则
（一）手术室	1788	1608151	刘断钉取（蓝)-51件（盒1）	1	286.0	286.0	warning	special_only 未命中特色规则
（一）手术室	1789	1608151	上肢包	7	159.5	159.5	warning	special_only 未命中特色规则
（一）手术室	1790	1608151	史赛克摆锯骨动力-4（带盒5件）	1	27.5	27.5	warning	special_only 未命中特色规则
（一）手术室	1791	1608151	手科包	1	137.5	137.5	warning	special_only 未命中特色规则
（一）手术室	1792	1608151	下肢包	4	176.0	176.0	warning	special_only 未命中特色规则
（一）手术室	1793	1608151	椎体成型包-12件	1	66.0	66.0	warning	special_only 未命中特色规则
（一）手术室	1794	1608151	博进骨动力-8件（盒1）/W1205060	1	49.5	49.5	warning	special_only 未命中特色规则
（一）手术室	1795	1608151	骨动力-8件（盒1）/W1205060	3	49.5	49.5	warning	special_only 未命中特色规则
（一）手术室	1796	1608151	骨动力-9件（盒1）/W1205060	1	55.0	55.0	warning	special_only 未命中特色规则
（一）手术室	1797	1608151	刨刀-房玉立/Z2545	1	30.0	30.0	warning	special_only 未命中特色规则
（一）手术室	1798	1608151	新史赛克手控加件-1	1	22.0	22.0	warning	special_only 未命中特色规则
（一）手术室	1799	1608151	475机器人-7件（带盒8件）	1	132.0	132.0	warning	special_only 未命中特色规则
（一）手术室	1800	1608151	德美膝器械12件盒1（四）	1	71.5	71.5	warning	special_only 未命中特色规则
（一）手术室	1801	1608151	AR新3镜头-3件 盒1/W605060	1	66.0	66.0	warning	special_only 未命中特色规则
（一）手术室	1802	1608151	新3光源-1（带盒两件）/W12050	1	35.0	35.0	warning	special_only 未命中特色规则
（一）手术室	1803	1608151	持物钳罐-2件/W605060	3	16.5	16.5	warning	special_only 未命中特色规则
（一）手术室	1804	1608151	大盆-1/w1205060	1	16.5	16.5	warning	special_only 未命中特色规则
（一）手术室	1805	1608151	尖嘴复位器-2/W605060	1	16.5	16.5	warning	special_only 未命中特色规则
（一）手术室	1806	1608151	克氏钳-1/W405060	1	16.5	16.5	warning	special_only 未命中特色规则
（一）手术室	1807	1608151	咬钉器-1手柄-2/W6050	1	16.5	16.5	warning	special_only 未命中特色规则
（一）手术室	1808	1608407	DMD光源1号-1/W905060	1	22.0	22.0	warning	special_only 未命中特色规则
（一）手术室	1809	1608407	安速康超声刀手柄1线1/Z2530	1	44.0	44.0	warning	special_only 未命中特色规则
（一）手术室	1810	1608407	电极线-1/Z1540	1	25.0	25.0	warning	special_only 未命中特色规则
（一）手术室	1811	1608407	动力转换器-1/Z1526	1	25.0	25.0	warning	special_only 未命中特色规则
（一）手术室	1812	1608407	胸外盖冠男电钩2线1/Z2050	1	66.0	66.0	warning	special_only 未命中特色规则
（一）手术室	1813	1608407	373机器人-7件（带盒8件）	1	132.0	132.0	warning	special_only 未命中特色规则
（一）手术室	1814	1608407	DMD5号镜头-3件	1	66.0	66.0	warning	special_only 未命中特色规则
（一）手术室	1815	1608407	骨六房玉利肩钩常备器械	1	110.0	132.0	warning	校正价132.0
（一）手术室	1816	1608407	胸外镜头-1（盒1）/W906050	1	11.0	11.0	warning	special_only 未命中特色规则
（一）手术室	1817	1608411	40001机器人-8件（高温）	1	49.5	49.5	warning	special_only 未命中特色规则
（一）手术室	1818	1608411	上肢包	3	159.5	159.5	warning	special_only 未命中特色规则
（一）手术室	1819	1608411	手科包	3	137.5	137.5	warning	special_only 未命中特色规则
（一）手术室	1820	1608411	下肢包	2	176.0	176.0	warning	special_only 未命中特色规则
（一）手术室	1821	1608411	拇外翻工具-2/双Z1020	1	16.5	16.5	warning	special_only 未命中特色规则
（一）手术室	1822	1608411	聂广辰专用解剖剪-1/Z1029	1	8.0	8.0	warning	special_only 未命中特色规则
（一）手术室	1823	1608411	西山骨动力1号-1/双/Z2530	1	26.5	16.5	warning	校正价16.5
（一）手术室	1824	1608411	驱血带	16	2.5	2.5	warning	敷料包(无纺布包)——未识别规格
（一）手术室	1826	1608411	手套	1	2.5	2.5	warning	敷料包(无纺布包)——未识别规格
（一）手术室	1828	1608411	闭合包	1	55.0	55.0	warning	special_only 未命中特色规则
（一）手术室	1829	1608411	姜龙显微器械-6件盒1/W7050	1	38.5	38.5	warning	special_only 未命中特色规则
（一）手术室	1830	1608411	持物钳罐-2件/W605060	9	16.5	16.5	warning	special_only 未命中特色规则
（一）手术室	1831	1608411	大盆-1/w1205060	1	16.5	16.5	warning	special_only 未命中特色规则
（一）手术室	1832	1608411	弹钩-2/W605060	1	16.5	16.5	warning	special_only 未命中特色规则
（一）手术室	1833	1608411	尖嘴复位器-2/W605060	1	16.5	16.5	warning	special_only 未命中特色规则
（一）手术室	1834	1608411	剪切钳-1/W505060	1	16.5	16.5	warning	special_only 未命中特色规则
（一）手术室	1835	1608411	克氏钳-1/W405060	1	16.5	16.5	warning	special_only 未命中特色规则
（一）手术室	1836	1608411	手科爪鞍钩-4件/W505060	1	22.0	22.0	warning	special_only 未命中特色规则
（一）手术室	1837	1608411	咬骨钳1刮勺1/W605060	3	16.5	16.5	warning	special_only 未命中特色规则
（一）手术室	1838	1608411	咬丝器-1/W6050	1	16.5	16.5	warning	special_only 未命中特色规则
（一）手术室	1839	1608427	348机器人-8件（带盒9件）	1	154.0	154.0	warning	special_only 未命中特色规则
（一）手术室	1840	1608443	下肢包	4	176.0	176.0	warning	special_only 未命中特色规则
（一）手术室	1841	1608443	胸腔镜-17件（筐1）	1	121.0	99.0	warning	校正价99.0
（一）手术室	1842	1608443	解剖剪刀-1/Z1029	1	8.0	8.0	warning	special_only 未命中特色规则
（一）手术室	1843	1608443	骨盆骨折包	1	132.0	132.0	warning	special_only 未命中特色规则
（一）手术室	1844	1608443	胫腓骨拉勾-2/W605060	1	16.5	16.5	warning	special_only 未命中特色规则
（一）手术室	1845	1608443	上肢加件-3/W605060	2	16.5	16.5	warning	special_only 未命中特色规则
（一）手术室	1846	1608443	咬骨钳1刮勺1/W605060	1	16.5	16.5	warning	special_only 未命中特色规则
（一）手术室	1847	1608443	子宫托钳-2/W6050	1	16.5	16.5	warning	special_only 未命中特色规则
（一）手术室	1848	1608491	DMD刨刀-1/Z2550	1	30.0	30.0	warning	special_only 未命中特色规则
（一）手术室	1849	1608491	213机器人-8件（带盒9件）	1	154.0	154.0	warning	special_only 未命中特色规则
（一）手术室	1850	1608491	DMD1号镜头3件（盒1）/W705060	1	66.0	66.0	warning	special_only 未命中特色规则
（一）手术室	1851	1608491	德美4K光源（2号）-1/W905060	1	35.0	35.0	warning	special_only 未命中特色规则
（一）手术室	1852	1608491	德美新2镜头-1件/W605060	1	35.0	35.0	warning	special_only 未命中特色规则
（一）手术室	1853	1608491	新4光源-1（带盒两件）/W12050	1	35.0	35.0	warning	special_only 未命中特色规则
（一）手术室	1854	1608492	0103机器人（低温）-5件盒1	1	88.0	88.0	warning	special_only 未命中特色规则
（一）手术室	1855	1608492	0138机器人（低温）-5件盒1	1	88.0	88.0	warning	special_only 未命中特色规则
（一）手术室	1856	1608492	0261机器人-8件（带盒9件）	1	154.0	154.0	warning	special_only 未命中特色规则
（一）手术室	1857	1608492	218机器人-7件（带盒8件）	1	132.0	132.0	warning	special_only 未命中特色规则
（一）手术室	1858	1608506	0103机器人（高温）-22件盒1	1	126.5	126.5	warning	special_only 未命中特色规则
（一）手术室	1859	1608506	0138机器人（高温）-22件盒1	1	126.5	126.5	warning	special_only 未命中特色规则
（一）手术室	1860	1608506	264机器人-8件（高温）	1	49.5	49.5	warning	special_only 未命中特色规则
（一）手术室	1861	1608506	上肢包	3	159.5	159.5	warning	special_only 未命中特色规则
（一）手术室	1862	1608506	施乐辉肩镜器械	1	121.0	121.0	warning	special_only 未命中特色规则
（一）手术室	1863	1608506	手科包	2	137.5	137.5	warning	special_only 未命中特色规则
（一）手术室	1864	1608506	外科包	1	187.0	187.0	warning	special_only 未命中特色规则
（一）手术室	1865	1608506	下肢包	2	176.0	176.0	warning	special_only 未命中特色规则
（一）手术室	1866	1608506	德美2号刨刀-1/双/Z2550	1	26.5	16.5	warning	校正价16.5
（一）手术室	1867	1608506	德美新2水管-2件/Z1530	1	16.5	16.5	warning	special_only 未命中特色规则
（一）手术室	1868	1608506	试用肩镜-2件/双/Z2030	1	29.0	16.5	warning	校正价16.5
（一）手术室	1869	1608506	德美膝器械11件盒1（一）	1	66.0	66.0	warning	special_only 未命中特色规则
（一）手术室	1870	1608506	手科爪鞍钩-4件/W505060	1	22.0	22.0	warning	special_only 未命中特色规则
（一）手术室	1871	1608506	咬骨钳1刮勺1/W605060	1	16.5	16.5	warning	special_only 未命中特色规则
（一）手术室	1872	1608517	DMD6号水管-2件/W505060	1	44.0	44.0	warning	special_only 未命中特色规则
（一）手术室	1873	1608517	475机器人-7件（带盒8件）	1	132.0	132.0	warning	special_only 未命中特色规则
（一）手术室	1874	1608517	DMD6号镜头-1件	1	35.0	35.0	warning	special_only 未命中特色规则
（一）手术室	1875	1608517	新1光源-1（带盒两件）/W12050	1	35.0	35.0	warning	special_only 未命中特色规则
（一）手术室	1876	1608526	263机器人-9件（高温）	1	55.0	55.0	warning	special_only 未命中特色规则
（一）手术室	1878	1608533	刘绍辉断钉取-带盒48件	1	264.0	264.0	warning	special_only 未命中特色规则
（一）手术室	1879	1608533	上肢包	1	159.5	159.5	warning	special_only 未命中特色规则
（一）手术室	1880	1608533	手科包	1	137.5	137.5	warning	special_only 未命中特色规则
（一）手术室	1881	1608533	下肢包	1	176.0	176.0	warning	special_only 未命中特色规则
（一）手术室	1882	1608533	驱血带	14	2.5	2.5	warning	敷料包(无纺布包)——未识别规格
（一）手术室	1884	1608533	下肢止血带	1	4.0	4.0	warning	敷料包(无纺布包)——未识别规格
（一）手术室	1885	1608533	大盆-1/w1205060	1	16.5	16.5	warning	special_only 未命中特色规则
（一）手术室	1886	1608541	上肢包	4	159.5	159.5	warning	special_only 未命中特色规则
（一）手术室	1887	1608541	手科包	4	137.5	137.5	warning	special_only 未命中特色规则
（一）手术室	1888	1608541	下肢包	2	176.0	176.0	warning	special_only 未命中特色规则
（一）手术室	1889	1608541	椎体成型包-12件	2	66.0	66.0	warning	special_only 未命中特色规则
（一）手术室	1890	1608541	穿刺针（带芯）-2/Z7520	1	13.5	13.5	warning	special_only 未命中特色规则
（一）手术室	1891	1608541	解剖剪刀-1/Z1029	2	8.0	8.0	warning	special_only 未命中特色规则
（一）手术室	1892	1608541	聂广辰专用解剖剪-1/Z1029	2	8.0	8.0	warning	special_only 未命中特色规则
（一）手术室	1893	1608541	手科剥离质-1/Z7530	1	8.0	8.0	warning	special_only 未命中特色规则
（一）手术室	1894	1608541	中直钳-2/Z1530	1	16.5	16.5	warning	special_only 未命中特色规则
（一）手术室	1895	1608541	旧2刨刀-1/Z3040	1	35.0	35.0	warning	special_only 未命中特色规则
（一）手术室	1896	1608541	刨刀线-膝关节-旧1/Z2545	1	44.0	44.0	warning	special_only 未命中特色规则
（一）手术室	1897	1608541	348机器人-8件（带盒9件）	1	154.0	154.0	warning	special_only 未命中特色规则
（一）手术室	1898	1608541	新5光源-1件（盒1）/W905060	1	35.0	35.0	warning	special_only 未命中特色规则
（一）手术室	1899	1608541	偏瘫陈冲显微器械-15件（盒1）	1	88.0	88.0	warning	special_only 未命中特色规则
（一）手术室	1900	1608541	DMD2号镜头3件/W705060	1	66.0	66.0	warning	special_only 未命中特色规则
（一）手术室	1901	1608541	持物钳罐-2件/W605060	1	16.5	16.5	warning	special_only 未命中特色规则
（一）手术室	1902	1608541	骨锉-1/W605060	1	16.5	16.5	warning	special_only 未命中特色规则
（一）手术室	1903	1608541	剪切钳-1/W505060	1	16.5	16.5	warning	special_only 未命中特色规则
（一）手术室	1904	1608541	克氏钳-1/W405060	1	16.5	16.5	warning	special_only 未命中特色规则
（一）手术室	1905	1608541	上肢加件-3/W605060	2	16.5	16.5	warning	special_only 未命中特色规则
（一）手术室	1906	1608541	手科咬骨钳1 刮勺1/W505060	2	16.5	16.5	warning	special_only 未命中特色规则
（一）手术室	1907	1608541	手科爪鞍钩-4件/W505060	2	22.0	22.0	warning	special_only 未命中特色规则
（一）手术室	1908	1608541	咬骨钳1刮勺1/W605060	2	16.5	16.5	warning	special_only 未命中特色规则
（一）手术室	1909	1608541	咬丝器-1/W6050	1	16.5	16.5	warning	special_only 未命中特色规则
（一）手术室	1910	1608541	中心持骨器-2/w6050	1	16.5	16.5	warning	special_only 未命中特色规则
（一）手术室	1911	1608560	40001机器人-8件（高温）	1	49.5	49.5	warning	special_only 未命中特色规则
（一）手术室	1912	1608560	房玉利肩器械-20件(盒1)	1	115.5	115.5	warning	special_only 未命中特色规则
（一）手术室	1913	1608560	脑外专用包	1	154.0	154.0	warning	special_only 未命中特色规则
（一）手术室	1914	1608560	上肢包	5	159.5	159.5	warning	special_only 未命中特色规则
（一）手术室	1915	1608560	手科包	6	137.5	137.5	warning	special_only 未命中特色规则
（一）手术室	1916	1608560	下肢包	7	176.0	176.0	warning	special_only 未命中特色规则
（一）手术室	1918	1608560	弹钩-2/W605060	1	16.5	16.5	warning	special_only 未命中特色规则
（一）手术室	1919	1608560	剪切钳-1/W505060	1	16.5	16.5	warning	special_only 未命中特色规则
（一）手术室	1920	1608560	克氏钳-1/W405060	1	16.5	16.5	warning	special_only 未命中特色规则
（一）手术室	1921	1608560	上肢加件-3/W605060	2	16.5	16.5	warning	special_only 未命中特色规则
（一）手术室	1922	1608560	手科爪鞍钩-4件/W505060	1	22.0	22.0	warning	special_only 未命中特色规则
（一）手术室	1923	1608560	咬丝器-1/W6050	1	16.5	16.5	warning	special_only 未命中特色规则
（一）手术室	1924	1608582	264机器人-8件（高温）	1	49.5	49.5	warning	special_only 未命中特色规则
（一）手术室	1925	1608582	上肢包	6	159.5	159.5	warning	special_only 未命中特色规则
（一）手术室	1926	1608582	手科包	1	137.5	137.5	warning	special_only 未命中特色规则
（一）手术室	1927	1608582	下肢包	3	176.0	176.0	warning	special_only 未命中特色规则
（一）手术室	1928	1608582	胸骨磨钻-带盒13件	1	71.5	71.5	warning	special_only 未命中特色规则
（一）手术室	1929	1608582	穿刺针-1（带芯）/7526	1	8.0	8.0	warning	special_only 未命中特色规则
（一）手术室	1930	1608582	解剖剪刀-1/Z1029	1	8.0	8.0	warning	special_only 未命中特色规则
（一）手术室	1931	1608582	蚊式2 中弯2/Z1530	1	22.0	22.0	warning	special_only 未命中特色规则
（一）手术室	1932	1608582	中直钳-2/Z1530	1	16.5	16.5	warning	special_only 未命中特色规则
（一）手术室	1933	1608582	刨刀-房玉立/Z2545	1	30.0	30.0	warning	special_only 未命中特色规则
（一）手术室	1934	1608582	213机器人-8件（带盒9件）	1	154.0	154.0	warning	special_only 未命中特色规则
（一）手术室	1935	1608582	373机器人-7件（带盒8件）	1	132.0	132.0	warning	special_only 未命中特色规则
（一）手术室	1936	1608582	AR新3镜头-3件 盒1/W605060	1	66.0	66.0	warning	special_only 未命中特色规则
（一）手术室	1937	1608582	新3光源-1（带盒两件）/W12050	1	35.0	35.0	warning	special_only 未命中特色规则
（一）手术室	1938	1608582	持物钳罐-2件/W605060	4	16.5	16.5	warning	special_only 未命中特色规则
（一）手术室	1939	1608582	锤子1凿子1剥离质1/W605060	1	16.5	16.5	warning	special_only 未命中特色规则
（一）手术室	1940	1608582	大盆-1/w1205060	1	16.5	16.5	warning	special_only 未命中特色规则
（一）手术室	1941	1608582	上肢加件-3/W605060	1	16.5	16.5	warning	special_only 未命中特色规则
（一）手术室	1942	1608582	手科咬骨钳1 刮勺1/W505060	2	16.5	16.5	warning	special_only 未命中特色规则
（一）手术室	1943	1608582	咬骨钳1刮勺1/W605060	1	16.5	16.5	warning	special_only 未命中特色规则
（一）手术室	1944	1608582	咬丝器-1/W6050	1	16.5	16.5	warning	special_only 未命中特色规则
（一）手术室	1945	1608755	史赛克微型钻-5 盒1/W1205060	1	88.0	88.0	warning	special_only 未命中特色规则
（一）手术室	1946	1608793	DMD刨刀-1/Z2550	1	30.0	30.0	warning	special_only 未命中特色规则
（一）手术室	1947	1608793	218机器人-7件（带盒8件）	1	132.0	132.0	warning	special_only 未命中特色规则
（一）手术室	1948	1608793	DMD1号镜头3件（盒1）/W705060	1	66.0	66.0	warning	special_only 未命中特色规则
（一）手术室	1949	1608793	DMD光源4号-1/W905060	1	35.0	35.0	warning	special_only 未命中特色规则
（一）手术室	1950	1608794	0261机器人-8件（带盒9件）	1	154.0	154.0	warning	special_only 未命中特色规则
（一）手术室	1951	1608794	348机器人-8件（带盒9件）	1	154.0	154.0	warning	special_only 未命中特色规则
（一）手术室	1952	1608794	475机器人-7件（带盒8件）	1	132.0	132.0	warning	special_only 未命中特色规则
（一）手术室	1953	1608794	德美4K光源（3号）-1/W905060	1	35.0	35.0	warning	special_only 未命中特色规则
（一）手术室	1954	1608794	德美新2镜头-1件/W605060	1	35.0	35.0	warning	special_only 未命中特色规则
（一）手术室	1955	1608796	263机器人-9件（高温）	1	55.0	55.0	warning	special_only 未命中特色规则
（一）手术室	1956	1608796	手科包	2	137.5	137.5	warning	special_only 未命中特色规则
（一）手术室	1957	1608796	下肢包	2	176.0	176.0	warning	special_only 未命中特色规则
（一）手术室	1958	1608796	德美2号刨刀-1/双/Z2550	1	26.5	16.5	warning	校正价16.5
（一）手术室	1959	1608796	刷手服	7	25.0	25.0	warning	敷料包(无纺布包)——未识别规格
（一）手术室	1960	1608796	德美膝器械11件盒1（二）	1	66.0	66.0	warning	special_only 未命中特色规则
（一）手术室	1961	1608796	持物钳罐-2件/W605060	3	16.5	16.5	warning	special_only 未命中特色规则
（一）手术室	1962	1608796	剪切钳-1/W505060	1	16.5	16.5	warning	special_only 未命中特色规则
（一）手术室	1963	1608796	手科爪鞍钩-4件/W505060	1	22.0	22.0	warning	special_only 未命中特色规则
（一）手术室	1964	1608801	开颅包	1	418.0	418.0	warning	special_only 未命中特色规则
（一）手术室	1965	1608801	上肢包	2	159.5	159.5	warning	special_only 未命中特色规则
（一）手术室	1966	1608801	下肢包	7	176.0	176.0	warning	special_only 未命中特色规则
（一）手术室	1967	1608801	德美新2水管-2件/Z1530	1	16.5	16.5	warning	special_only 未命中特色规则
（一）手术室	1968	1608801	驱血带	9	2.5	2.5	warning	敷料包(无纺布包)——未识别规格
（一）手术室	1971	1608801	持物钳罐-2件/W605060	7	16.5	16.5	warning	special_only 未命中特色规则
（一）手术室	1972	1608801	尖嘴复位器-2/W605060	2	16.5	16.5	warning	special_only 未命中特色规则
（一）手术室	1973	1608801	剪切钳-1/W505060	1	16.5	16.5	warning	special_only 未命中特色规则
（一）手术室	1974	1608801	克氏钳-1/W405060	1	16.5	16.5	warning	special_only 未命中特色规则
（一）手术室	1975	1608801	手科咬骨钳1 刮勺1/W505060	1	16.5	16.5	warning	special_only 未命中特色规则
（一）手术室	1976	1608801	咬丝器-1/W6050	2	16.5	16.5	warning	special_only 未命中特色规则
（一）手术室	1977	1608801	中心持骨器-2/w6050	1	16.5	16.5	warning	special_only 未命中特色规则
（一）手术室	1978	1608837	213机器人-8件（带盒9件）	1	154.0	154.0	warning	special_only 未命中特色规则
（一）手术室	1979	1608879	椎体成型包-12件	2	66.0	66.0	warning	special_only 未命中特色规则
（一）手术室	1980	1608884	德美4K光源（4号）-1/Z2550	1	30.0	30.0	warning	special_only 未命中特色规则
（一）手术室	1981	1608884	骨九史铁成0161低温-4件盒1	1	88.0	88.0	warning	special_only 未命中特色规则
（一）手术室	1982	1608893	骨九史铁成创伤1号机器人-8盒1	1	49.5	49.5	warning	special_only 未命中特色规则
（一）手术室	1983	1608893	刘绍辉断钉取-带盒48件	1	264.0	264.0	warning	special_only 未命中特色规则
（一）手术室	1984	1608893	上肢包	4	159.5	159.5	warning	special_only 未命中特色规则
（一）手术室	1985	1608893	手科包	3	137.5	137.5	warning	special_only 未命中特色规则
（一）手术室	1986	1608893	下肢包	5	176.0	176.0	warning	special_only 未命中特色规则
（一）手术室	1987	1608893	大盆-1/w1205060	1	16.5	16.5	warning	special_only 未命中特色规则
（一）手术室	1988	1608893	脊柱加件-6件/W605060	1	33.0	33.0	warning	special_only 未命中特色规则
（一）手术室	1989	1608893	尖嘴复位器-2/W605060	1	16.5	16.5	warning	special_only 未命中特色规则
（一）手术室	1990	1608893	手科咬骨钳1 刮勺1/W505060	1	16.5	16.5	warning	special_only 未命中特色规则
（一）手术室	1991	1608893	西山骨动力（2）/W505060	1	16.5	16.5	warning	special_only 未命中特色规则
（一）手术室	1992	1608893	咬骨钳1刮勺1/W605060	1	16.5	16.5	warning	special_only 未命中特色规则
（一）手术室	1993	1608898	下肢包	2	176.0	176.0	warning	special_only 未命中特色规则
（一）手术室	1994	1608898	骨四（一）宋晓辉光源线-1/Z2540	1	30.0	30.0	warning	special_only 未命中特色规则
（一）手术室	1995	1608898	0261机器人-8件（带盒9件）	1	154.0	154.0	warning	special_only 未命中特色规则
（一）手术室	1996	1608898	373机器人-7件（带盒8件）	1	132.0	132.0	warning	special_only 未命中特色规则
（一）手术室	1997	1608898	驱血带	16	2.5	2.5	warning	敷料包(无纺布包)——未识别规格
（一）手术室	1998	1608898	手套	4	2.5	2.5	warning	敷料包(无纺布包)——未识别规格
（一）手术室	2001	1608898	大盆-1/w1205060	2	16.5	16.5	warning	special_only 未命中特色规则
（一）手术室	2002	1608914	264机器人-8件（高温）	1	49.5	49.5	warning	special_only 未命中特色规则
（一）手术室	2003	1608914	脑外专用包	1	154.0	154.0	warning	special_only 未命中特色规则
（一）手术室	2004	1608914	上肢包	1	159.5	159.5	warning	special_only 未命中特色规则
（一）手术室	2005	1608914	手科包	3	137.5	137.5	warning	special_only 未命中特色规则
（一）手术室	2006	1608914	下肢包	5	176.0	176.0	warning	special_only 未命中特色规则
（一）手术室	2007	1608914	偏瘫陈冲显微器械-15件（盒1）	1	88.0	88.0	warning	special_only 未命中特色规则
（一）手术室	2008	1608914	持物钳罐-2件/W605060	1	16.5	16.5	warning	special_only 未命中特色规则
（一）手术室	2009	1608914	大盆-1/w1205060	1	16.5	16.5	warning	special_only 未命中特色规则
（一）手术室	2010	1608914	肱骨复位器-2/W5050	1	16.5	16.5	warning	special_only 未命中特色规则
（一）手术室	2011	1608914	肌钩-2/W5050	1	16.5	16.5	warning	special_only 未命中特色规则
（一）手术室	2012	1608914	脊柱加件-6件/W605060	1	33.0	33.0	warning	special_only 未命中特色规则
（一）手术室	2013	1608914	尖嘴复位器-2/W605060	2	16.5	16.5	warning	special_only 未命中特色规则
（一）手术室	2014	1608914	上肢加件-3/W605060	2	16.5	16.5	warning	special_only 未命中特色规则
（一）手术室	2015	1608914	咬钉器-1手柄-2/W6050	1	16.5	16.5	warning	special_only 未命中特色规则
（一）手术室	2016	1608914	咬丝器-1/W6050	1	16.5	16.5	warning	special_only 未命中特色规则
（一）手术室	2017	1608914	中心持骨器-2/w6050	1	16.5	16.5	warning	special_only 未命中特色规则
（一）手术室	2018	1608917	DMD6号水管-2件/W505060	1	44.0	44.0	warning	special_only 未命中特色规则
（一）手术室	2019	1608917	新1 刨刀-1件/Z2545	1	30.0	30.0	warning	special_only 未命中特色规则
（一）手术室	2020	1608917	348机器人-8件（带盒9件）	1	154.0	154.0	warning	special_only 未命中特色规则
（一）手术室	2021	1608917	DMD6号镜头-1件	1	35.0	35.0	warning	special_only 未命中特色规则
（一）手术室	2022	1608917	德美新1镜头-1件（盒1）	1	35.0	35.0	warning	special_only 未命中特色规则
（一）手术室	2023	1608917	德美4K光源（3号）-1/W905060	1	35.0	35.0	warning	special_only 未命中特色规则
（一）手术室	2024	1608917	新1光源-1（带盒两件）/W12050	1	35.0	35.0	warning	special_only 未命中特色规则
（一）手术室	2025	1608937	刘断钉取（蓝)-51件（盒1）	1	286.0	286.0	warning	special_only 未命中特色规则
（一）手术室	2026	1608937	上肢包	8	159.5	159.5	warning	special_only 未命中特色规则
（一）手术室	2027	1608937	手科包	2	137.5	137.5	warning	special_only 未命中特色规则
（一）手术室	2028	1608937	下肢包	6	176.0	176.0	warning	special_only 未命中特色规则
（一）手术室	2029	1608937	穿刺针-1（带芯）/7526	1	8.0	8.0	warning	special_only 未命中特色规则
（一）手术室	2030	1608937	德美刨刀（高温）-1/Z2044	1	16.5	16.5	warning	special_only 未命中特色规则
（一）手术室	2031	1608937	德美新1水管-2/双/Z1526	1	16.5	16.5	warning	special_only 未命中特色规则
（一）手术室	2032	1608937	西山骨动力1号-1/双/Z2530	1	26.5	16.5	warning	校正价16.5
（一）手术室	2033	1608937	中直钳-2/Z1530	1	16.5	16.5	warning	special_only 未命中特色规则
（一）手术室	2034	1608937	0261机器人-8件（带盒9件）	1	154.0	154.0	warning	special_only 未命中特色规则
（一）手术室	2035	1608937	213机器人-8件（带盒9件）	1	154.0	154.0	warning	special_only 未命中特色规则
（一）手术室	2036	1608937	德美膝器械11件盒1（二）	1	66.0	66.0	warning	special_only 未命中特色规则
（一）手术室	2037	1608937	大盆-1/w1205060	1	16.5	16.5	warning	special_only 未命中特色规则
（一）手术室	2038	1608937	剪切钳-1/W505060	1	16.5	16.5	warning	special_only 未命中特色规则
（一）手术室	2039	1608937	克氏钳-1/W405060	1	16.5	16.5	warning	special_only 未命中特色规则
（一）手术室	2040	1608937	上肢加件-3/W605060	2	16.5	16.5	warning	special_only 未命中特色规则
（一）手术室	2041	1608937	手科咬骨钳1 刮勺1/W505060	3	16.5	16.5	warning	special_only 未命中特色规则
（一）手术室	2042	1608937	咬骨剪子1刮勺1/W605060	1	16.5	16.5	warning	special_only 未命中特色规则
（一）手术室	2043	1608937	咬丝器-1/W6050	1	16.5	16.5	warning	special_only 未命中特色规则
（一）手术室	2044	1609157	上肢包	5	159.5	159.5	warning	special_only 未命中特色规则
（一）手术室	2045	1609157	手科包	1	137.5	137.5	warning	special_only 未命中特色规则
（一）手术室	2046	1609157	下肢包	3	176.0	176.0	warning	special_only 未命中特色规则
（一）手术室	2047	1609157	椎体成型包-12件	1	66.0	66.0	warning	special_only 未命中特色规则
（一）手术室	2048	1609157	DMD刨刀-1/Z2550	1	30.0	30.0	warning	special_only 未命中特色规则
（一）手术室	2049	1609157	骨四（一）宋晓辉光源线-1/Z2540	1	30.0	30.0	warning	special_only 未命中特色规则
（一）手术室	2050	1609157	旧2刨刀-1/Z3040	1	35.0	35.0	warning	special_only 未命中特色规则
（一）手术室	2051	1609157	0261机器人-8件（带盒9件）	1	154.0	154.0	warning	special_only 未命中特色规则
（一）手术室	2053	1609157	刷手服	8	25.0	25.0	warning	敷料包(无纺布包)——未识别规格
（一）手术室	2055	1609157	AR新3镜头-3件 盒1/W605060	1	66.0	66.0	warning	special_only 未命中特色规则
（一）手术室	2056	1609157	DMD2号镜头3件/W705060	1	66.0	66.0	warning	special_only 未命中特色规则
（一）手术室	2057	1609157	新3光源-1（带盒两件）/W12050	1	35.0	35.0	warning	special_only 未命中特色规则
（一）手术室	2058	1609157	新4光源-1（带盒两件）/W12050	1	35.0	35.0	warning	special_only 未命中特色规则
（一）手术室	2059	1609157	椎间孔镜头2号-1/W905060	1	35.0	35.0	warning	special_only 未命中特色规则
（一）手术室	2060	1609157	持物钳罐-2件/W605060	3	16.5	16.5	warning	special_only 未命中特色规则
（一）手术室	2061	1609157	克氏钳-1/W405060	2	16.5	16.5	warning	special_only 未命中特色规则
（一）手术室	2062	1609157	取针钳-1/W505060	1	16.5	16.5	warning	special_only 未命中特色规则
（一）手术室	2063	1609157	上肢加件-3/W605060	1	16.5	16.5	warning	special_only 未命中特色规则
（一）手术室	2064	1609157	手科咬骨钳1 刮勺1/W505060	1	16.5	16.5	warning	special_only 未命中特色规则
（一）手术室	2065	1609183	上肢包	1	159.5	159.5	warning	special_only 未命中特色规则
（一）手术室	2066	1609183	手科包	4	137.5	137.5	warning	special_only 未命中特色规则
（一）手术室	2067	1609183	下肢包	6	176.0	176.0	warning	special_only 未命中特色规则
（一）手术室	2068	1609183	椎间孔镜（三）	1	187.0	187.0	warning	special_only 未命中特色规则
（一）手术室	2069	1609183	2.5钻头3件（继元）/Z7530	1	16.5	16.5	warning	special_only 未命中特色规则
（一）手术室	2070	1609183	穿刺针-1（带芯）/7526	1	8.0	8.0	warning	special_only 未命中特色规则
（一）手术室	2071	1609183	中直钳-2/Z1530	1	16.5	16.5	warning	special_only 未命中特色规则
（一）手术室	2072	1609183	德美膝器械12件盒1（三）	1	71.5	71.5	warning	special_only 未命中特色规则
（一）手术室	2073	1609183	鞍钩-2/W605060	1	16.5	16.5	warning	special_only 未命中特色规则
（一）手术室	2074	1609183	持物钳罐-2件/W605060	11	16.5	16.5	warning	special_only 未命中特色规则
（一）手术室	2075	1609183	骨电钻-3件/W705060	1	16.5	16.5	warning	special_only 未命中特色规则
（一）手术室	2076	1609183	尖嘴复位器-2/W605060	4	16.5	16.5	warning	special_only 未命中特色规则
（一）手术室	2077	1609183	胫腓骨拉勾-2/W605060	1	16.5	16.5	warning	special_only 未命中特色规则
（一）手术室	2078	1609183	克氏钳-1/W405060	1	16.5	16.5	warning	special_only 未命中特色规则
（一）手术室	2079	1609183	上肢加件-3/W605060	1	16.5	16.5	warning	special_only 未命中特色规则
（一）手术室	2080	1609183	手科咬骨钳1 刮勺1/W505060	1	16.5	16.5	warning	special_only 未命中特色规则
（一）手术室	2081	1609183	手科爪鞍钩-4件/W505060	1	22.0	22.0	warning	special_only 未命中特色规则
（一）手术室	2082	1609183	咬丝器-1/W6050	1	16.5	16.5	warning	special_only 未命中特色规则
（一）手术室	2083	1609215	上肢包	1	159.5	159.5	warning	special_only 未命中特色规则
（一）手术室	2084	1609215	椎体成型包-12件	1	66.0	66.0	warning	special_only 未命中特色规则
（一）手术室	2085	1609244	骨一专家包	1	93.5	93.5	warning	special_only 未命中特色规则
（一）手术室	2086	1609244	上肢包	4	159.5	159.5	warning	special_only 未命中特色规则
（一）手术室	2087	1609244	手科包	2	137.5	137.5	warning	special_only 未命中特色规则
（一）手术室	2088	1609244	下肢包	5	176.0	176.0	warning	special_only 未命中特色规则
（一）手术室	2089	1609244	大盆-1/w1205060	1	16.5	16.5	warning	special_only 未命中特色规则
（一）手术室	2090	1609244	尖嘴复位器-2/W605060	3	16.5	16.5	warning	special_only 未命中特色规则
（一）手术室	2091	1609244	剪切钳-1/W505060	1	16.5	16.5	warning	special_only 未命中特色规则
（一）手术室	2092	1609244	克氏钳-1/W405060	1	16.5	16.5	warning	special_only 未命中特色规则
（一）手术室	2093	1609244	手科爪鞍钩-4件/W505060	2	22.0	22.0	warning	special_only 未命中特色规则
（一）手术室	2094	1609244	咬骨钳1刮勺1/W605060	1	16.5	16.5	warning	special_only 未命中特色规则
（一）手术室	2095	1609244	咬丝器-1/W6050	1	16.5	16.5	warning	special_only 未命中特色规则
（一）手术室	2096	1609244	中心持骨器-2/w6050	1	16.5	16.5	warning	special_only 未命中特色规则
（一）手术室	2097	1609264	德美膝器械12件盒1（四）	1	71.5	71.5	warning	special_only 未命中特色规则
（一）手术室	2098	1609267	创伤2号机器人-4件（盒1）	1	88.0	88.0	warning	special_only 未命中特色规则
（一）手术室	2099	1609267	德美4K光源（1号）-1/W905060	1	35.0	35.0	warning	special_only 未命中特色规则
（一）手术室	2100	1609267	德美4K镜头（3号）-3/W705060	1	66.0	66.0	warning	special_only 未命中特色规则
（一）手术室	2101	1609293	超声骨动力系统	1	49.5	49.5	warning	special_only 未命中特色规则
（一）手术室	2102	1609293	创伤1号机器人-7件	1	38.5	38.5	warning	special_only 未命中特色规则
（一）手术室	2103	1609293	创伤2号机器人-7件（盒1）	1	44.0	44.0	warning	special_only 未命中特色规则
（一）手术室	2104	1609293	镜骨九（1）	1	66.0	66.0	warning	special_only 未命中特色规则
（一）手术室	2105	1609293	上肢包	3	159.5	159.5	warning	special_only 未命中特色规则
（一）手术室	2106	1609293	史赛克锯钻骨动力-7（带盒8件）	1	44.0	44.0	warning	special_only 未命中特色规则
（一）手术室	2107	1609293	手科包	3	137.5	137.5	warning	special_only 未命中特色规则
（一）手术室	2108	1609293	外科包	1	187.0	187.0	warning	special_only 未命中特色规则
（一）手术室	2109	1609293	下肢包	5	176.0	176.0	warning	special_only 未命中特色规则
（一）手术室	2110	1609293	史赛克磨钻骨动力-9件 筐1/W1205060	1	55.0	55.0	warning	special_only 未命中特色规则
（一）手术室	2111	1609293	德美刨刀3号-1/双Z2550	1	16.5	16.5	warning	special_only 未命中特色规则
（一）手术室	2112	1609293	驱血带	18	2.5	2.5	warning	敷料包(无纺布包)——未识别规格
（一）手术室	2114	1609293	手套	3	2.5	2.5	warning	敷料包(无纺布包)——未识别规格
（一）手术室	2116	1609293	下肢止血带	1	4.0	4.0	warning	敷料包(无纺布包)——未识别规格
（一）手术室	2118	1609293	持物钳罐-2件/W605060	2	16.5	16.5	warning	special_only 未命中特色规则
（一）手术室	2119	1609293	大盆-1/w1205060	1	16.5	16.5	warning	special_only 未命中特色规则
（一）手术室	2120	1609293	脊柱加件-6件/W605060	1	33.0	33.0	warning	special_only 未命中特色规则
（一）手术室	2121	1609293	克氏钳-1/W405060	1	16.5	16.5	warning	special_only 未命中特色规则
（一）手术室	2122	1609293	上肢加件-3/W605060	1	16.5	16.5	warning	special_only 未命中特色规则
（一）手术室	2123	1609293	手科咬骨钳1 刮勺1/W505060	1	16.5	16.5	warning	special_only 未命中特色规则
（一）手术室	2124	1609293	咬骨钳1刮勺1/W605060	1	16.5	16.5	warning	special_only 未命中特色规则
（一）手术室	2125	1609293	咬丝器-1/W6050	1	16.5	16.5	warning	special_only 未命中特色规则
（一）手术室	2126	1609293	鹰嘴咬骨钳1刮勺1/W605060	1	16.5	16.5	warning	special_only 未命中特色规则
（一）手术室	2127	1609293	中心持骨器-2/w6050	1	16.5	16.5	warning	special_only 未命中特色规则
（一）手术室	2128	1609297	0103机器人（低温）-5件盒1	1	88.0	88.0	warning	special_only 未命中特色规则
（一）手术室	2129	1609297	213机器人-8件（带盒9件）	1	154.0	154.0	warning	special_only 未命中特色规则
（一）手术室	2130	1609297	348机器人-8件（带盒9件）	1	154.0	154.0	warning	special_only 未命中特色规则
（一）手术室	2131	1609297	创伤1号机器人-4件（盒1）	1	27.5	88.0	warning	校正价88.0
（一）手术室	2132	1609297	德美新1镜头-1件（盒1）	1	35.0	35.0	warning	special_only 未命中特色规则
（一）手术室	2133	1609297	德美4K光源（2号）-1/W905060	1	35.0	35.0	warning	special_only 未命中特色规则
（一）手术室	2134	1609297	新1光源-1（带盒两件）/W12050	1	35.0	35.0	warning	special_only 未命中特色规则
（一）手术室	2135	1609303	0103机器人（高温）-22件盒1	1	126.5	126.5	warning	special_only 未命中特色规则
（一）手术室	2136	1609303	骨十一赵德来常备万能取 -64件/W1205060	1	357.5	357.5	warning	special_only 未命中特色规则
（一）手术室	2137	1609303	上肢包	4	159.5	159.5	warning	special_only 未命中特色规则
（一）手术室	2138	1609303	手科包	3	137.5	137.5	warning	special_only 未命中特色规则
（一）手术室	2139	1609303	下肢包	3	176.0	176.0	warning	special_only 未命中特色规则
（一）手术室	2140	1609303	德美2号刨刀-1/双/Z2550	1	26.5	16.5	warning	校正价16.5
（一）手术室	2141	1609303	德美刨刀（高温）-1/Z2044	1	16.5	16.5	warning	special_only 未命中特色规则
（一）手术室	2142	1609303	德美新1水管-2/双/Z1526	1	16.5	16.5	warning	special_only 未命中特色规则
（一）手术室	2143	1609303	德美新2水管-2件/Z1530	1	16.5	16.5	warning	special_only 未命中特色规则
（一）手术室	2144	1609303	德美膝器械11件盒1（二）	1	66.0	66.0	warning	special_only 未命中特色规则
（一）手术室	2145	1609303	持物钳罐-2件/W605060	4	16.5	16.5	warning	special_only 未命中特色规则
（一）手术室	2146	1609303	弹钩-2/W605060	1	16.5	16.5	warning	special_only 未命中特色规则
（一）手术室	2147	1609303	脊柱加件-6件/W605060	2	33.0	33.0	warning	special_only 未命中特色规则
（一）手术室	2148	1609303	剪切钳-1/W505060	1	16.5	16.5	warning	special_only 未命中特色规则
（一）手术室	2149	1609303	上肢加件-3/W605060	1	16.5	16.5	warning	special_only 未命中特色规则
（一）手术室	2150	1609303	手科咬骨钳1 刮勺1/W505060	1	16.5	16.5	warning	special_only 未命中特色规则
（一）手术室	2151	1609303	手科爪鞍钩-4件/W505060	1	22.0	22.0	warning	special_only 未命中特色规则
（一）手术室	2152	1609561	上肢包	2	159.5	159.5	warning	special_only 未命中特色规则
（一）手术室	2153	1609561	手科包	2	137.5	137.5	warning	special_only 未命中特色规则
（一）手术室	2154	1609561	下肢包	3	176.0	176.0	warning	special_only 未命中特色规则
（一）手术室	2155	1609561	椎体成型包-12件	2	66.0	66.0	warning	special_only 未命中特色规则
（一）手术室	2156	1609561	穿刺针-1（带芯）/7526	1	8.0	8.0	warning	special_only 未命中特色规则
（一）手术室	2157	1609561	中直钳-2/Z1530	1	16.5	16.5	warning	special_only 未命中特色规则
（一）手术室	2158	1609561	德美4K光源（4号）-1/Z2550	1	30.0	30.0	warning	special_only 未命中特色规则
（一）手术室	2159	1609561	新4刨刀-1/Z2545	1	30.0	30.0	warning	special_only 未命中特色规则
（一）手术室	2160	1609561	刷手服	6	25.0	25.0	warning	敷料包(无纺布包)——未识别规格
（一）手术室	2161	1609561	德美膝器械11件盒1（一）	1	66.0	66.0	warning	special_only 未命中特色规则
（一）手术室	2162	1609561	DMD2号镜头3件/W705060	1	66.0	66.0	warning	special_only 未命中特色规则
（一）手术室	2163	1609561	DMD光源4号-1/W905060	1	35.0	35.0	warning	special_only 未命中特色规则
（一）手术室	2164	1609561	德美新2镜头-1件/W605060	1	35.0	35.0	warning	special_only 未命中特色规则
（一）手术室	2165	1609561	持物钳罐-2件/W605060	5	16.5	16.5	warning	special_only 未命中特色规则
（一）手术室	2166	1609561	大盆-1/w1205060	1	16.5	16.5	warning	special_only 未命中特色规则
（一）手术室	2167	1609561	克氏钳-1/W405060	1	16.5	16.5	warning	special_only 未命中特色规则
（一）手术室	2168	1609561	上肢加件-3/W605060	2	16.5	16.5	warning	special_only 未命中特色规则
（一）手术室	2169	1609561	咬丝器-1/W6050	2	16.5	16.5	warning	special_only 未命中特色规则
（一）手术室	2170	1609563	0261机器人-8件（带盒9件）	1	154.0	154.0	warning	special_only 未命中特色规则
（一）手术室	2171	1609563	213机器人-8件（带盒9件）	1	154.0	154.0	warning	special_only 未命中特色规则
（一）手术室	2172	1609563	348机器人-8件（带盒9件）	1	154.0	154.0	warning	special_only 未命中特色规则
（一）手术室	2173	1609563	创伤2号机器人-4件（盒1）	1	88.0	88.0	warning	special_only 未命中特色规则
（一）手术室	2176	1609595	创伤2号机器人-7件（盒1）	1	44.0	44.0	warning	special_only 未命中特色规则
（一）手术室	2177	1609595	镜骨九（2）	1	82.5	82.5	warning	special_only 未命中特色规则
（一）手术室	2178	1609595	上肢包	3	159.5	159.5	warning	special_only 未命中特色规则
（一）手术室	2179	1609595	手科包	1	137.5	137.5	warning	special_only 未命中特色规则
（一）手术室	2180	1609595	下肢包	3	176.0	176.0	warning	special_only 未命中特色规则
（一）手术室	2181	1609595	驱血带	3	2.5	2.5	warning	敷料包(无纺布包)——未识别规格
（一）手术室	2182	1609595	手套	3	2.5	2.5	warning	敷料包(无纺布包)——未识别规格
（一）手术室	2183	1609595	新膝镜（一）-10件/W9050	1	60.5	60.5	warning	special_only 未命中特色规则
（一）手术室	2184	1609595	持物钳罐-2件/W605060	3	16.5	16.5	warning	special_only 未命中特色规则
（一）手术室	2185	1609595	弹钩-2/W605060	1	16.5	16.5	warning	special_only 未命中特色规则
（一）手术室	2186	1609595	中心持骨器-2/w6050	1	16.5	16.5	warning	special_only 未命中特色规则
（一）手术室	2187	1609610	DMD6号水管-2件/W505060	1	44.0	44.0	warning	special_only 未命中特色规则
（一）手术室	2188	1609610	DMD刨刀-1/Z2550	1	30.0	30.0	warning	special_only 未命中特色规则
（一）手术室	2189	1609610	旧2刨刀-1/Z3040	1	35.0	35.0	warning	special_only 未命中特色规则
（一）手术室	2190	1609610	DMD1号镜头3件（盒1）/W705060	1	66.0	66.0	warning	special_only 未命中特色规则
（一）手术室	2191	1609610	DMD5号镜头-3件	1	66.0	66.0	warning	special_only 未命中特色规则
（一）手术室	2192	1609610	DMD光源2号-1（带盒）	1	35.0	35.0	warning	special_only 未命中特色规则
（一）手术室	2193	1609610	DMD光源3号-1/W905060	1	28.0	28.0	warning	special_only 未命中特色规则
（一）手术室	2194	1609644	光源线-膝镜通用-1/Z2540	1	30.0	30.0	warning	special_only 未命中特色规则
（一）手术室	2195	1609644	创伤1号机器人-4件（盒1）	1	27.5	88.0	warning	校正价88.0
（一）手术室	2196	1609644	椎间孔镜头2号-1/W905060	1	35.0	35.0	warning	special_only 未命中特色规则
（一）手术室	2197	1609644	棉球/Z1530	1	2.5	2.5	warning	敷料包(纸塑袋)+棉球——未识别规格
（一）手术室	2198	1609657	创伤1号机器人-7件	1	38.5	38.5	warning	special_only 未命中特色规则
（一）手术室	2199	1609657	手科包	2	137.5	137.5	warning	special_only 未命中特色规则
（一）手术室	2200	1609657	下肢包	8	176.0	176.0	warning	special_only 未命中特色规则
（一）手术室	2201	1609657	蚊式2 中弯2/Z1530	1	22.0	22.0	warning	special_only 未命中特色规则
（一）手术室	2202	1609657	尖嘴复位器-2/W605060	1	16.5	16.5	warning	special_only 未命中特色规则
（一）手术室	2203	1609657	髋臼凿子-2/W505060	1	16.5	16.5	warning	special_only 未命中特色规则
（一）手术室	2204	1609657	上肢加件-3/W605060	1	16.5	16.5	warning	special_only 未命中特色规则
（一）手术室	2205	1609657	咬钉器-1手柄-2/W6050	1	16.5	16.5	warning	special_only 未命中特色规则
（一）手术室	2206	1609657	咬骨钳1刮勺1/W605060	1	16.5	16.5	warning	special_only 未命中特色规则
（一）手术室	2207	1609657	咬丝器-1/W6050	1	16.5	16.5	warning	special_only 未命中特色规则
（一）手术室	2208	1609672	DMD光源1号-1/W905060	1	22.0	22.0	warning	special_only 未命中特色规则
（一）手术室	2209	1609672	刨刀-房玉立/Z2545	1	30.0	30.0	warning	special_only 未命中特色规则
（一）手术室	2210	1609672	213机器人-8件（带盒9件）	1	154.0	154.0	warning	special_only 未命中特色规则
（一）手术室	2211	1609672	348机器人-8件（带盒9件）	1	154.0	154.0	warning	special_only 未命中特色规则
（一）手术室	2212	1609672	DMD3号镜头3件/W705060	1	66.0	66.0	warning	special_only 未命中特色规则
（一）手术室	2213	1609672	DMD光源4号-1/W905060	1	35.0	35.0	warning	special_only 未命中特色规则
（一）手术室	2214	1609705	胸腔镜加件-13件	1	71.5	71.5	warning	special_only 未命中特色规则
（一）手术室	2215	1609726	上肢包	6	159.5	159.5	warning	special_only 未命中特色规则
（一）手术室	2216	1609726	手科包	3	137.5	137.5	warning	special_only 未命中特色规则
（一）手术室	2217	1609726	下肢包	4	176.0	176.0	warning	special_only 未命中特色规则
（一）手术室	2218	1609726	椎间孔镜（三）	1	187.0	187.0	warning	special_only 未命中特色规则
（一）手术室	2219	1609726	德美新1水管-2/双/Z1526	1	16.5	16.5	warning	special_only 未命中特色规则
（一）手术室	2220	1609726	中直钳-2/Z1530	1	16.5	16.5	warning	special_only 未命中特色规则
（一）手术室	2221	1609726	驱血带	3	2.5	2.5	warning	敷料包(无纺布包)——未识别规格
（一）手术室	2223	1609726	手套	2	2.5	2.5	warning	敷料包(无纺布包)——未识别规格
（一）手术室	2225	1609726	持物钳罐-2件/W605060	1	16.5	16.5	warning	special_only 未命中特色规则
（一）手术室	2226	1609726	大盆-1/w1205060	1	16.5	16.5	warning	special_only 未命中特色规则
（一）手术室	2227	1609726	尖嘴复位器-2/W605060	2	16.5	16.5	warning	special_only 未命中特色规则
（一）手术室	2228	1609726	剪切钳-1/W505060	3	16.5	16.5	warning	special_only 未命中特色规则
（一）手术室	2229	1609726	鞠超杰髋镜缝合钩-2件/W705060	1	16.5	16.5	warning	special_only 未命中特色规则
（一）手术室	2230	1609726	克氏钳-1/W405060	2	16.5	16.5	warning	special_only 未命中特色规则
（一）手术室	2231	1609726	上肢加件-3/W605060	1	16.5	16.5	warning	special_only 未命中特色规则
（一）手术室	2232	1609726	咬骨钳1刮勺1/W605060	2	16.5	16.5	warning	special_only 未命中特色规则
（一）手术室	2233	1609726	中心持骨器-2/w6050	1	16.5	16.5	warning	special_only 未命中特色规则
（一）手术室	2234	1609734	骨四（一）兰青常备光源线-1件/Z2530	1	30.0	30.0	warning	special_only 未命中特色规则
（一）手术室	2235	1609734	骨四（一）兰青磨头-1件/Z1026	1	22.0	22.0	warning	special_only 未命中特色规则
（一）手术室	2236	1609734	德美新2镜头-1件/W605060	1	35.0	35.0	warning	special_only 未命中特色规则
（一）手术室	2237	1609734	髋关节器械-10件	1	165.0	165.0	warning	special_only 未命中特色规则
（一）手术室	2238	1609734	胸外镜头-1（盒1）/W906050	1	11.0	11.0	warning	special_only 未命中特色规则
（一）手术室	2239	1609740	上肢包	1	159.5	159.5	warning	special_only 未命中特色规则
（一）手术室	2240	1609740	手科包	2	137.5	137.5	warning	special_only 未命中特色规则
（一）手术室	2241	1609740	下肢包	6	176.0	176.0	warning	special_only 未命中特色规则
（一）手术室	2242	1609740	椎体成型包-12件	2	66.0	66.0	warning	special_only 未命中特色规则
（一）手术室	2243	1609740	西山骨动力1号-1/双/Z2530	1	26.5	16.5	warning	校正价16.5
（一）手术室	2245	1609740	大盆-1/w1205060	1	16.5	16.5	warning	special_only 未命中特色规则
（一）手术室	2246	1609740	咬骨钳1刮勺1/W605060	1	16.5	16.5	warning	special_only 未命中特色规则
（一）手术室	2247	1609740	鹰嘴咬骨钳1刮勺1/W605060	1	16.5	16.5	warning	special_only 未命中特色规则
（一）手术室	2248	1609935	创伤2号机器人-7件（盒1）	1	44.0	44.0	warning	special_only 未命中特色规则
（一）手术室	2249	1609935	上肢包	4	159.5	159.5	warning	special_only 未命中特色规则
（一）手术室	2250	1609935	手科包	1	137.5	137.5	warning	special_only 未命中特色规则
（一）手术室	2251	1609935	下肢包	2	176.0	176.0	warning	special_only 未命中特色规则
（一）手术室	2252	1609935	持物钳罐-2件/W605060	1	16.5	16.5	warning	special_only 未命中特色规则
（一）手术室	2253	1609935	上肢加件-3/W605060	3	16.5	16.5	warning	special_only 未命中特色规则
（一）手术室	2254	1609935	手科爪鞍钩-4件/W505060	1	22.0	22.0	warning	special_only 未命中特色规则
（一）手术室	2255	1609935	咬骨钳1刮勺1/W605060	1	16.5	16.5	warning	special_only 未命中特色规则
（一）手术室	2256	1609939	上肢包	4	159.5	159.5	warning	special_only 未命中特色规则
（一）手术室	2257	1609939	史赛克锯钻骨动力-7（带盒8件）	1	44.0	44.0	warning	special_only 未命中特色规则
（一）手术室	2258	1609939	手科包	3	137.5	137.5	warning	special_only 未命中特色规则
（一）手术室	2259	1609939	下肢包	1	176.0	176.0	warning	special_only 未命中特色规则
（一）手术室	2260	1609939	椎体成型包-12件	1	66.0	66.0	warning	special_only 未命中特色规则
（一）手术室	2261	1609939	史赛克磨钻骨动力-9件 筐1/W1205060	1	55.0	55.0	warning	special_only 未命中特色规则
（一）手术室	2262	1609939	胸骨磨钻-带盒13件	1	71.5	71.5	warning	special_only 未命中特色规则
（一）手术室	2264	1609939	刷手服	4	25.0	25.0	warning	敷料包(无纺布包)——未识别规格
（一）手术室	2266	1609939	闭合包	1	55.0	55.0	warning	special_only 未命中特色规则
（一）手术室	2267	1609939	持物钳罐-2件/W605060	13	16.5	16.5	warning	special_only 未命中特色规则
（一）手术室	2268	1609939	锤子1凿子1剥离质1/W605060	1	16.5	16.5	warning	special_only 未命中特色规则
（一）手术室	2269	1609939	肱骨复位器-2/W5050	1	16.5	16.5	warning	special_only 未命中特色规则
（一）手术室	2270	1609939	尖嘴复位器-2/W605060	1	16.5	16.5	warning	special_only 未命中特色规则
（一）手术室	2271	1609939	剪切钳-1/W505060	1	16.5	16.5	warning	special_only 未命中特色规则
（一）手术室	2272	1609939	克氏钳-1/W405060	1	16.5	16.5	warning	special_only 未命中特色规则
（一）手术室	2273	1609939	咬骨钳1刮勺1/W605060	1	16.5	16.5	warning	special_only 未命中特色规则
（一）手术室	2274	1609941	40001机器人-8件（高温）	1	49.5	49.5	warning	special_only 未命中特色规则
（一）手术室	2275	1609985	264机器人-8件（高温）	1	49.5	49.5	warning	special_only 未命中特色规则
（一）手术室	2276	1609985	上肢包	5	159.5	159.5	warning	special_only 未命中特色规则
（一）手术室	2277	1609985	手科包	2	137.5	137.5	warning	special_only 未命中特色规则
（一）手术室	2278	1609985	外科包	1	187.0	187.0	warning	special_only 未命中特色规则
（一）手术室	2279	1609985	下肢包	7	176.0	176.0	warning	special_only 未命中特色规则
（一）手术室	2280	1609985	椎体成型包-12件	2	66.0	66.0	warning	special_only 未命中特色规则
（一）手术室	2281	1609985	锤子 -1件/双/Z1030	1	13.5	13.5	warning	special_only 未命中特色规则
（一）手术室	2282	1609985	聂广辰专用解剖剪-1/Z1029	2	8.0	8.0	warning	special_only 未命中特色规则
（一）手术室	2283	1609985	史赛克锯片-1/Z1020	2	8.0	8.0	warning	special_only 未命中特色规则
（一）手术室	2284	1609985	手科剥离质-1/Z7530	1	8.0	8.0	warning	special_only 未命中特色规则
（一）手术室	2285	1609985	蚊式2 中弯2/Z1530	1	22.0	22.0	warning	special_only 未命中特色规则
（一）手术室	2286	1609985	0261机器人-8件（带盒9件）	1	154.0	154.0	warning	special_only 未命中特色规则
（一）手术室	2287	1609985	213机器人-8件（带盒9件）	1	154.0	154.0	warning	special_only 未命中特色规则
（一）手术室	2288	1609985	348机器人-8件（带盒9件）	1	154.0	154.0	warning	special_only 未命中特色规则
（一）手术室	2289	1609985	373机器人-7件（带盒8件）	1	132.0	132.0	warning	special_only 未命中特色规则
（一）手术室	2290	1609985	475机器人-7件（带盒8件）	1	132.0	132.0	warning	special_only 未命中特色规则
（一）手术室	2291	1609985	创伤2号机器人-4件（盒1）	1	88.0	88.0	warning	special_only 未命中特色规则
（一）手术室	2292	1609985	闭合包	2	55.0	55.0	warning	special_only 未命中特色规则
（一）手术室	2293	1609985	姜龙显微器械-6件盒1/W7050	1	38.5	38.5	warning	special_only 未命中特色规则
（一）手术室	2294	1609985	外科内镜30度-1/W9050	1	35.0	35.0	warning	special_only 未命中特色规则
（一）手术室	2295	1609985	尺-1/W605060	1	16.5	16.5	warning	special_only 未命中特色规则
（一）手术室	2296	1609985	锤子1凿子1剥离质1/W605060	1	16.5	16.5	warning	special_only 未命中特色规则
（一）手术室	2297	1609985	弹钩-2/W605060	3	16.5	16.5	warning	special_only 未命中特色规则
（一）手术室	2298	1609985	剪切钳-1/W505060	1	16.5	16.5	warning	special_only 未命中特色规则
（一）手术室	2299	1609985	克氏钳-1/W405060	1	16.5	16.5	warning	special_only 未命中特色规则
（一）手术室	2300	1609985	上肢加件-3/W605060	1	16.5	16.5	warning	special_only 未命中特色规则
（一）手术室	2301	1609985	手科咬骨钳1 刮勺1/W505060	1	16.5	16.5	warning	special_only 未命中特色规则
（一）手术室	2302	1609985	手科爪鞍钩-4件/W505060	1	22.0	22.0	warning	special_only 未命中特色规则
（一）手术室	2303	1609985	咬钉器-1手柄-2/W6050	1	16.5	16.5	warning	special_only 未命中特色规则
（一）手术室	2304	1609985	咬骨剪子1刮勺1/W605060	1	16.5	16.5	warning	special_only 未命中特色规则
（一）手术室	2305	1609985	咬丝器-1/W6050	2	16.5	16.5	warning	special_only 未命中特色规则
（一）手术室	2306	1609985	鹰嘴咬骨钳1刮勺1/W605060	1	16.5	16.5	warning	special_only 未命中特色规则
（一）手术室	2307	1610037	驱血带	2	2.5	2.5	warning	敷料包(无纺布包)——未识别规格
（一）手术室	2308	1610037	手套	3	2.5	2.5	warning	敷料包(无纺布包)——未识别规格
（一）手术室	2309	1610037	洗毛盒	4	25.0	25.0	warning	敷料包(无纺布包)——未识别规格
（一）手术室	2311	1610095	睿米机器人（一）-21件（高温）	1	121.0	121.0	warning	special_only 未命中特色规则
（一）手术室	2312	1610095	睿米机器人（一）-3件（高温）	1	22.0	22.0	warning	special_only 未命中特色规则
（一）手术室	2313	1610095	刷手服	6	25.0	25.0	warning	敷料包(无纺布包)——未识别规格
（一）手术室	2314	1610097	外妇通用光源线-1/Z2545	1	30.0	30.0	warning	special_only 未命中特色规则
（一）手术室	2315	1610097	0261机器人-8件（带盒9件）	1	154.0	154.0	warning	special_only 未命中特色规则
（一）手术室	2316	1610097	213机器人-8件（带盒9件）	1	154.0	154.0	warning	special_only 未命中特色规则
（一）手术室	2317	1610097	外科内镜30度-1/W9050	1	35.0	35.0	warning	special_only 未命中特色规则
（一）手术室	2318	1610097	胸外镜头-1（盒1）/W906050	1	11.0	11.0	warning	special_only 未命中特色规则
（一）手术室	2319	1610127	40001机器人-8件（高温）	1	49.5	49.5	warning	special_only 未命中特色规则
（一）手术室	2320	1610127	下肢包	5	176.0	176.0	warning	special_only 未命中特色规则
（一）手术室	2322	1610127	弹钩-2/W605060	1	16.5	16.5	warning	special_only 未命中特色规则
（一）手术室	2323	1610142	218机器人-7件（带盒8件）	1	132.0	132.0	warning	special_only 未命中特色规则
（一）手术室	2324	1610159	机器人套筒125-190-1件/Z7534	1	8.0	8.0	warning	special_only 未命中特色规则
（一）手术室	2325	1610163	西山骨动力1号-1/双/Z2530	1	26.5	16.5	warning	校正价16.5
（一）手术室	2326	1610202	往复锯（二）-带盒6件	1	33.0	33.0	warning	special_only 未命中特色规则
（一）手术室	2327	1610212	上肢包	4	159.5	159.5	warning	special_only 未命中特色规则
（一）手术室	2328	1610212	手科包	3	137.5	137.5	warning	special_only 未命中特色规则
（一）手术室	2329	1610212	下肢包	5	176.0	176.0	warning	special_only 未命中特色规则
（一）手术室	2330	1610212	德美膝器械12件盒1（三）	1	71.5	71.5	warning	special_only 未命中特色规则
（一）手术室	2331	1610214	光源线-膝镜通用-1/Z2540	1	30.0	30.0	warning	special_only 未命中特色规则
（一）手术室	2332	1610214	旧2刨刀-1/Z3040	1	35.0	35.0	warning	special_only 未命中特色规则
（一）手术室	2333	1610214	348机器人-8件（带盒9件）	1	154.0	154.0	warning	special_only 未命中特色规则
（一）手术室	2334	1610214	新5光源-1件（盒1）/W905060	1	35.0	35.0	warning	special_only 未命中特色规则
（一）手术室	2335	1610214	AR新3镜头-3件 盒1/W605060	1	66.0	66.0	warning	special_only 未命中特色规则
（一）手术室	2336	1610227	德美刨刀（高温）-1/Z2044	1	16.5	16.5	warning	special_only 未命中特色规则
（一）手术室	2337	1610227	聂广辰专用解剖剪-1/Z1029	1	8.0	8.0	warning	special_only 未命中特色规则
（一）手术室	2338	1610241	刨刀线-膝关节-旧1/Z2545	1	44.0	44.0	warning	special_only 未命中特色规则
（一）手术室	2339	1610241	0261机器人-8件（带盒9件）	1	154.0	154.0	warning	special_only 未命中特色规则
（一）手术室	2340	1610241	DMD1号镜头3件（盒1）/W705060	1	66.0	66.0	warning	special_only 未命中特色规则
（一）手术室	2341	1610241	德美新1镜头-1件（盒1）	1	35.0	35.0	warning	special_only 未命中特色规则
（一）手术室	2342	1610241	驱血带	5	2.5	2.5	warning	敷料包(无纺布包)——未识别规格
（一）手术室	2343	1610241	手套	1	2.5	2.5	warning	敷料包(无纺布包)——未识别规格
（一）手术室	2346	1610241	德美4K光源（2号）-1/W905060	1	35.0	35.0	warning	special_only 未命中特色规则
（一）手术室	2347	1610241	新3光源-1（带盒两件）/W12050	1	35.0	35.0	warning	special_only 未命中特色规则
（一）手术室	2348	1610241	大盆-1/w1205060	1	16.5	16.5	warning	special_only 未命中特色规则
（一）手术室	2349	1610241	克氏钳-1/W405060	3	16.5	16.5	warning	special_only 未命中特色规则
（一）手术室	2350	1610241	咬丝器-1/W6050	2	16.5	16.5	warning	special_only 未命中特色规则
（一）手术室	2351	1610246	上肢包	6	159.5	159.5	warning	special_only 未命中特色规则
（一）手术室	2352	1610246	史赛克摆锯骨动力-4（带盒5件）	1	27.5	27.5	warning	special_only 未命中特色规则
（一）手术室	2353	1610246	下肢包	4	176.0	176.0	warning	special_only 未命中特色规则
（一）手术室	2354	1610246	史赛克磨钻骨动力-9件 筐1/W1205060	1	55.0	55.0	warning	special_only 未命中特色规则
（一）手术室	2355	1610246	德美新1水管-2/双/Z1526	1	16.5	16.5	warning	special_only 未命中特色规则
（一）手术室	2356	1610246	解剖剪刀-1/Z1029	1	8.0	8.0	warning	special_only 未命中特色规则
（一）手术室	2357	1610246	德美膝器械11件盒1（一）	1	66.0	66.0	warning	special_only 未命中特色规则
（一）手术室	2358	1610246	德美膝器械12件盒1（四）	1	71.5	71.5	warning	special_only 未命中特色规则
（一）手术室	2359	1610246	骨电钻-3件/W705060	1	16.5	16.5	warning	special_only 未命中特色规则
（一）手术室	2360	1610246	脊柱加件-6件/W605060	1	33.0	33.0	warning	special_only 未命中特色规则
（一）手术室	2361	1610246	尖嘴复位器-2/W605060	2	16.5	16.5	warning	special_only 未命中特色规则
（一）手术室	2362	1610246	克氏钳-1/W405060	2	16.5	16.5	warning	special_only 未命中特色规则
（一）手术室	2363	1610246	咬钉器-1手柄-2/W6050	1	16.5	16.5	warning	special_only 未命中特色规则
（一）手术室	2364	1610246	咬丝器-1/W6050	1	16.5	16.5	warning	special_only 未命中特色规则
（一）手术室	2365	1610323	263机器人-9件（高温）	1	55.0	55.0	warning	special_only 未命中特色规则
（一）手术室	2366	1610323	镜骨九（2）	1	82.5	82.5	warning	special_only 未命中特色规则
（一）手术室	2367	1610323	睿米机器人（一）-21件（高温）	1	121.0	121.0	warning	special_only 未命中特色规则
（一）手术室	2368	1610323	睿米机器人（一）-3件（高温）	1	22.0	22.0	warning	special_only 未命中特色规则
（一）手术室	2369	1610323	上肢包	5	159.5	159.5	warning	special_only 未命中特色规则
（一）手术室	2370	1610323	手科包	4	137.5	137.5	warning	special_only 未命中特色规则
（一）手术室	2371	1610323	下肢包	5	176.0	176.0	warning	special_only 未命中特色规则
（一）手术室	2372	1610323	DMD刨刀-1/Z2550	1	30.0	30.0	warning	special_only 未命中特色规则
（一）手术室	2373	1610323	骨4（2）邹天彪光源-1件/Z2540	1	30.0	30.0	warning	special_only 未命中特色规则
（一）手术室	2374	1610323	骨4（2）邹天彪磨头-4件/Z7520	1	88.0	88.0	warning	special_only 未命中特色规则
（一）手术室	2375	1610323	新史赛克手控加件-1	1	22.0	22.0	warning	special_only 未命中特色规则
（一）手术室	2376	1610323	213机器人-8件（带盒9件）	1	154.0	154.0	warning	special_only 未命中特色规则
（一）手术室	2377	1610323	348机器人-8件（带盒9件）	1	154.0	154.0	warning	special_only 未命中特色规则
（一）手术室	2378	1610323	373机器人-7件（带盒8件）	1	132.0	132.0	warning	special_only 未命中特色规则
（一）手术室	2379	1610323	475机器人-7件（带盒8件）	1	132.0	132.0	warning	special_only 未命中特色规则
（一）手术室	2380	1610323	DMD光源2号-1（带盒）	1	35.0	35.0	warning	special_only 未命中特色规则
（一）手术室	2381	1610323	闭合包	1	55.0	55.0	warning	special_only 未命中特色规则
（一）手术室	2382	1610323	DMD3号镜头3件/W705060	1	66.0	66.0	warning	special_only 未命中特色规则
（一）手术室	2383	1610323	德美4K光源（1号）-1/W905060	1	35.0	35.0	warning	special_only 未命中特色规则
（一）手术室	2384	1610323	德美4K镜头（3号）-3/W705060	1	66.0	66.0	warning	special_only 未命中特色规则
（一）手术室	2385	1610323	骨四二邹天彪镜头-2/W905060	1	44.0	44.0	warning	special_only 未命中特色规则
（一）手术室	2386	1610323	骨把持器1钢板折弯器2/W605060	1	16.5	16.5	warning	special_only 未命中特色规则
（一）手术室	2387	1610323	剪切钳-1/W505060	2	16.5	16.5	warning	special_only 未命中特色规则
（一）手术室	2388	1610323	上肢加件-3/W605060	2	16.5	16.5	warning	special_only 未命中特色规则
（一）手术室	2389	1610323	手科咬骨钳1 刮勺1/W505060	1	16.5	16.5	warning	special_only 未命中特色规则
（一）手术室	2390	1610323	手科爪鞍钩-4件/W505060	1	22.0	22.0	warning	special_only 未命中特色规则
（一）手术室	2391	1610323	咬骨钳1刮勺1/W605060	2	16.5	16.5	warning	special_only 未命中特色规则
（二）手术室	12	1601602	缝合包	14	88.0	88.0	warning	special_only 未命中特色规则
（二）手术室	13	1601602	小烧伤	1	165.0	165.0	warning	special_only 未命中特色规则
（二）手术室	14	1601602	肌钩-2/Z1026	1	13.5	13.5	warning	special_only 未命中特色规则
（二）手术室	15	1601602	剪刀-1/Z1530	2	11.0	11.0	warning	special_only 未命中特色规则
（二）手术室	16	1601602	手科剥离质-1/Z7530	1	8.0	8.0	warning	special_only 未命中特色规则
（二）手术室	17	1601602	手科爪鞍钩-1 /Z7526	2	8.0	8.0	warning	special_only 未命中特色规则
（二）手术室	18	1601602	手科爪钩-2/Z1535	1	16.5	16.5	warning	special_only 未命中特色规则
（二）手术室	19	1601602	咬骨钳-1/Z2032	5	13.0	13.0	warning	special_only 未命中特色规则
（二）手术室	20	1601602	咬丝器-1/Z双2032	1	16.5	16.5	warning	special_only 未命中特色规则
（二）手术室	21	1601602	止血钳-4/Z1530	2	22.0	22.0	warning	special_only 未命中特色规则
（二）手术室	22	1601602	止血钳大-2/Z1535	1	16.5	16.5	warning	special_only 未命中特色规则
（二）手术室	23	1601602	门诊整形包（三）	1	88.0	88.0	warning	special_only 未命中特色规则
（二）手术室	24	1601602	厂家电钻-3/W7060	1	16.5	16.5	warning	special_only 未命中特色规则
（二）手术室	25	1601602	尺-1/W605060	1	16.5	16.5	warning	special_only 未命中特色规则
（二）手术室	26	1601602	方盘-1/W9050	2	16.5	16.5	warning	special_only 未命中特色规则
（二）手术室	27	1601602	骨电钻-2件	1	16.5	16.5	warning	special_only 未命中特色规则
（二）手术室	28	1601602	固指板-1/W7050	1	16.5	16.5	warning	special_only 未命中特色规则
（二）手术室	29	1601602	滚轴(植皮刀)-1件/W6050	1	16.5	16.5	warning	special_only 未命中特色规则
（二）手术室	30	1601602	弯盘1小碗1/W9050	5	16.5	16.5	warning	special_only 未命中特色规则
（二）手术室	31	1601602	咬丝器1持针器1/W6050	2	16.5	16.5	warning	special_only 未命中特色规则
（二）手术室	32	1601710	缝合包	7	88.0	88.0	warning	special_only 未命中特色规则
（二）手术室	33	1601710	骨科剥离质-1/Z7534	1	8.0	8.0	warning	special_only 未命中特色规则
（二）手术室	34	1601710	肌钩-2/Z1026	3	13.5	13.5	warning	special_only 未命中特色规则
（二）手术室	35	1601710	剪刀-1/Z1530	1	11.0	11.0	warning	special_only 未命中特色规则
（二）手术室	36	1601710	巾钳子-1/Z1026	1	8.0	8.0	warning	special_only 未命中特色规则
（二）手术室	37	1601710	咬骨钳-1/Z2032	2	13.0	13.0	warning	special_only 未命中特色规则
（二）手术室	38	1601710	止血钳-4/Z1530	2	22.0	22.0	warning	special_only 未命中特色规则
（二）手术室	39	1601710	止血钳大-2/Z1535	1	16.5	16.5	warning	special_only 未命中特色规则
（二）手术室	40	1601710	组织钳-1/Z1026	1	8.0	8.0	warning	special_only 未命中特色规则
（二）手术室	41	1601710	持物钳罐-2件/W605060	8	16.5	16.5	warning	special_only 未命中特色规则
（二）手术室	42	1601710	方盘-1/W9050	1	16.5	16.5	warning	special_only 未命中特色规则
（二）手术室	43	1601734	大烧伤	1	264.0	264.0	warning	special_only 未命中特色规则
（二）手术室	44	1601734	缝合包	3	88.0	88.0	warning	special_only 未命中特色规则
（二）手术室	45	1601734	手科包	1	154.0	154.0	warning	special_only 未命中特色规则
（二）手术室	46	1601734	咬丝器-1/Z双2032	1	16.5	16.5	warning	special_only 未命中特色规则
（二）手术室	47	1601734	持物钳罐-2件/W605060	1	16.5	16.5	warning	special_only 未命中特色规则
（二）手术室	48	1601734	弹钩-2/W6050	1	16.5	16.5	warning	special_only 未命中特色规则
（二）手术室	49	1601734	方盘-1/W9050	5	16.5	16.5	warning	special_only 未命中特色规则
（二）手术室	50	1601734	滚轴(植皮刀)-1件/W6050	3	16.5	16.5	warning	special_only 未命中特色规则
（二）手术室	51	1601734	弯盘1小碗1/W9050	1	16.5	16.5	warning	special_only 未命中特色规则
（二）手术室	52	1601863	缝合包	7	88.0	88.0	warning	special_only 未命中特色规则
（二）手术室	53	1601863	手科包	1	154.0	154.0	warning	special_only 未命中特色规则
（二）手术室	54	1601863	小烧伤	1	165.0	165.0	warning	special_only 未命中特色规则
（二）手术室	55	1601874	缝合包	4	88.0	88.0	warning	special_only 未命中特色规则
（二）手术室	56	1601874	电动取皮机-6件 筐1/W12050	2	38.5	38.5	warning	special_only 未命中特色规则
（二）手术室	57	1601874	4号刀柄-1/z7526	1	8.0	8.0	warning	special_only 未命中特色规则
（二）手术室	58	1601874	持针器-1/Z1026	1	8.0	8.0	warning	special_only 未命中特色规则
（二）手术室	59	1601874	刮勺-1/Z7526	1	8.0	8.0	warning	special_only 未命中特色规则
（二）手术室	60	1601874	肌钩-2/Z1026	1	13.5	13.5	warning	special_only 未命中特色规则
（二）手术室	61	1601874	剪刀小-1/Z1026	1	8.0	8.0	warning	special_only 未命中特色规则
（二）手术室	62	1601874	聂广辰专用剪刀-1/Z1029	1	8.0	8.0	warning	special_only 未命中特色规则
（二）手术室	63	1601874	手科爪鞍钩-1 /Z7526	2	8.0	8.0	warning	special_only 未命中特色规则
（二）手术室	64	1601874	小弯止血钳-4/Z1530	1	22.0	22.0	warning	special_only 未命中特色规则
（二）手术室	65	1601874	咬骨钳-1/Z2032	2	13.0	13.0	warning	special_only 未命中特色规则
（二）手术室	66	1601874	咬丝器-1/Z双2032	1	16.5	16.5	warning	special_only 未命中特色规则
（二）手术室	67	1601874	止血钳大-2/Z1535	1	16.5	16.5	warning	special_only 未命中特色规则
（二）手术室	68	1601874	门诊整形包（三）	1	88.0	88.0	warning	special_only 未命中特色规则
（二）手术室	69	1601874	切开包-10件	3	55.0	55.0	warning	special_only 未命中特色规则
（二）手术室	70	1601874	持物钳罐-2件/W605060	4	16.5	16.5	warning	special_only 未命中特色规则
（二）手术室	71	1601874	方盘-1/W9050	2	16.5	16.5	warning	special_only 未命中特色规则
（二）手术室	72	1601874	骨锉-1/W605060	1	16.5	16.5	warning	special_only 未命中特色规则
（二）手术室	73	1601874	骨电钻-2件	2	16.5	16.5	warning	special_only 未命中特色规则
（二）手术室	74	1601874	滚轴(植皮刀)-1件/W6050	1	16.5	16.5	warning	special_only 未命中特色规则
（二）手术室	75	1601874	弯盘1小碗1/W9050	6	16.5	16.5	warning	special_only 未命中特色规则
（二）手术室	76	1601874	咬丝器1持针器1/W6050	1	16.5	16.5	warning	special_only 未命中特色规则
（二）手术室	77	1601911	缝合包	14	88.0	88.0	warning	special_only 未命中特色规则
（二）手术室	78	1601911	骨科剥离质-1/Z7534	2	8.0	8.0	warning	special_only 未命中特色规则
（二）手术室	79	1601911	刮勺-1/Z7526	3	8.0	8.0	warning	special_only 未命中特色规则
（二）手术室	80	1601911	肌钩-2/Z1026	4	13.5	13.5	warning	special_only 未命中特色规则
（二）手术室	81	1601911	尖嘴复位器-1/Z1535	3	11.0	11.0	warning	special_only 未命中特色规则
（二）手术室	82	1601911	剪刀-1/Z1530	1	11.0	11.0	warning	special_only 未命中特色规则
（二）手术室	83	1601911	克氏钳-1/双z1029	3	13.5	13.5	warning	special_only 未命中特色规则
（二）手术室	84	1601911	咬骨钳-1/Z2032	5	13.0	13.0	warning	special_only 未命中特色规则
（二）手术室	85	1601911	止血钳大-2/Z1535	1	16.5	16.5	warning	special_only 未命中特色规则
（二）手术室	86	1601911	组织钳-1/Z1026	2	8.0	8.0	warning	special_only 未命中特色规则
（二）手术室	87	1601911	持物钳罐-2件/W605060	3	16.5	16.5	warning	special_only 未命中特色规则
（二）手术室	88	1601911	电钻-3/W705060	3	16.5	16.5	warning	special_only 未命中特色规则
（二）手术室	89	1601911	方盘-1/W9050	5	16.5	16.5	warning	special_only 未命中特色规则
（二）手术室	90	1601911	咬丝器1持针器1/W6050	2	16.5	16.5	warning	special_only 未命中特色规则
（二）手术室	91	1602078	大烧伤	1	264.0	264.0	warning	special_only 未命中特色规则
（二）手术室	92	1602078	缝合包	9	88.0	88.0	warning	special_only 未命中特色规则
（二）手术室	93	1602078	门诊整形包（二）	1	66.0	66.0	warning	special_only 未命中特色规则
（二）手术室	94	1602078	新轧皮机1号-2件（盒1）	1	16.5	16.5	warning	special_only 未命中特色规则
（二）手术室	95	1602078	新轧皮机2号-2件（盒1）	1	16.5	16.5	warning	special_only 未命中特色规则
（二）手术室	96	1602078	骨科剥离质-1/Z7534	1	8.0	8.0	warning	special_only 未命中特色规则
（二）手术室	97	1602078	刮勺-1/Z7526	2	8.0	8.0	warning	special_only 未命中特色规则
（二）手术室	98	1602078	肌钩-2/Z1026	1	13.5	13.5	warning	special_only 未命中特色规则
（二）手术室	99	1602078	手科爪钩-2/Z1535	2	16.5	16.5	warning	special_only 未命中特色规则
（二）手术室	100	1602078	咬骨钳-1/Z2032	2	13.0	13.0	warning	special_only 未命中特色规则
（二）手术室	101	1602078	扎皮机板-2件/z2025	2	16.5	16.5	warning	special_only 未命中特色规则
（二）手术室	102	1602078	地巾	1	15.0	15.0	warning	敷料包(无纺布包)——未识别规格
（二）手术室	103	1602078	门诊整形包（三）	1	88.0	88.0	warning	special_only 未命中特色规则
（二）手术室	104	1602078	持物钳罐-2件/W605060	3	16.5	16.5	warning	special_only 未命中特色规则
（二）手术室	105	1602078	方盘-1/W9050	3	16.5	16.5	warning	special_only 未命中特色规则
（二）手术室	106	1602078	滚轴(植皮刀)-1件/W6050	2	16.5	16.5	warning	special_only 未命中特色规则
（二）手术室	107	1602089	缝合包	1	88.0	88.0	warning	special_only 未命中特色规则
（二）手术室	108	1602089	电动取皮机-6件 筐1/W12050	1	38.5	38.5	warning	special_only 未命中特色规则
（二）手术室	109	1602089	切开包-10件	1	55.0	55.0	warning	special_only 未命中特色规则
（二）手术室	110	1602089	持物钳罐-2件/W605060	2	16.5	16.5	warning	special_only 未命中特色规则
（二）手术室	111	1602089	咬钉器-1手柄-2/W6050	1	16.5	16.5	warning	special_only 未命中特色规则
（二）手术室	112	1602343	缝合包	14	88.0	88.0	warning	special_only 未命中特色规则
（二）手术室	113	1602343	手科包	1	154.0	154.0	warning	special_only 未命中特色规则
（二）手术室	114	1602343	肌钩-2/Z1026	2	13.5	13.5	warning	special_only 未命中特色规则
（二）手术室	115	1602343	克氏钳-1/双z1029	2	13.5	13.5	warning	special_only 未命中特色规则
（二）手术室	116	1602343	咬骨钳-1/Z2032	2	13.0	13.0	warning	special_only 未命中特色规则
（二）手术室	117	1602343	持物钳罐-2件/W605060	3	16.5	16.5	warning	special_only 未命中特色规则
（二）手术室	118	1602343	电钻-3/W705060	1	16.5	16.5	warning	special_only 未命中特色规则
（二）手术室	119	1602343	方盘-1/W9050	2	16.5	16.5	warning	special_only 未命中特色规则
（二）手术室	120	1602343	固指板-1/W7050	2	16.5	16.5	warning	special_only 未命中特色规则
（二）手术室	121	1602343	弯盘1小碗1/W9050	7	16.5	16.5	warning	special_only 未命中特色规则
（二）手术室	122	1602433	缝合包	3	88.0	88.0	warning	special_only 未命中特色规则
（二）手术室	123	1602433	慢创包	1	148.5	148.5	warning	special_only 未命中特色规则
（二）手术室	124	1602433	小烧伤	1	165.0	165.0	warning	special_only 未命中特色规则
（二）手术室	125	1602433	钩镊-1/Z7526	1	8.0	8.0	warning	special_only 未命中特色规则
（二）手术室	126	1602433	肌钩-2/Z1026	1	13.5	13.5	warning	special_only 未命中特色规则
（二）手术室	127	1602433	剪刀小-1/Z1026	1	8.0	8.0	warning	special_only 未命中特色规则
（二）手术室	128	1602433	解剖剪刀-1/Z1029	1	8.0	8.0	warning	special_only 未命中特色规则
（二）手术室	129	1602433	咬骨钳-1/Z2032	1	13.0	13.0	warning	special_only 未命中特色规则
（二）手术室	130	1602433	地巾	1	15.0	15.0	warning	敷料包(无纺布包)——未识别规格
（二）手术室	131	1602433	门诊整形（一）	2	66.0	66.0	warning	special_only 未命中特色规则
（二）手术室	132	1602433	持物钳罐-2件/W605060	2	16.5	16.5	warning	special_only 未命中特色规则
（二）手术室	133	1602433	方盘-1/W9050	3	16.5	16.5	warning	special_only 未命中特色规则
（二）手术室	134	1602433	骨电钻-2件	1	16.5	16.5	warning	special_only 未命中特色规则
（二）手术室	135	1602433	咬丝器1持针器1/W6050	1	16.5	16.5	warning	special_only 未命中特色规则
（二）手术室	136	1602460	聂广辰专用剪刀-1/Z1029	2	8.0	8.0	warning	special_only 未命中特色规则
（二）手术室	137	1602460	咬骨钳-1/Z2032	2	13.0	13.0	warning	special_only 未命中特色规则
（二）手术室	138	1602460	止血钳-4/Z1530	1	22.0	22.0	warning	special_only 未命中特色规则
（二）手术室	139	1602460	切开包-10件	1	55.0	55.0	warning	special_only 未命中特色规则
（二）手术室	140	1602460	持物钳罐-2件/W605060	1	16.5	16.5	warning	special_only 未命中特色规则
（二）手术室	141	1602460	尺-1/W605060	2	16.5	16.5	warning	special_only 未命中特色规则
（二）手术室	142	1602460	弹钩-2/W6050	1	16.5	16.5	warning	special_only 未命中特色规则
（二）手术室	143	1602460	骨锉-1/W605060	1	16.5	16.5	warning	special_only 未命中特色规则
（二）手术室	144	1602460	滚轴(植皮刀)-1件/W6050	1	16.5	16.5	warning	special_only 未命中特色规则
（二）手术室	145	1602484	缝合包	5	88.0	88.0	warning	special_only 未命中特色规则
（二）手术室	146	1602484	手科包	1	154.0	154.0	warning	special_only 未命中特色规则
（二）手术室	147	1602484	电动取皮机-6件 筐1/W12050	1	38.5	38.5	warning	special_only 未命中特色规则
（二）手术室	148	1602484	方盘-1/W9050	3	16.5	16.5	warning	special_only 未命中特色规则
（二）手术室	149	1602647	缝合包	18	88.0	88.0	warning	special_only 未命中特色规则
（二）手术室	150	1602647	电动取皮机-6件 筐1/W12050	1	38.5	38.5	warning	special_only 未命中特色规则
（二）手术室	151	1602647	骨科剥离质-1/Z7534	1	8.0	8.0	warning	special_only 未命中特色规则
（二）手术室	152	1602647	肌钩-2/Z1026	1	13.5	13.5	warning	special_only 未命中特色规则
（二）手术室	153	1602647	克氏钳-1/双z1029	2	13.5	13.5	warning	special_only 未命中特色规则
（二）手术室	154	1602647	手科骨锉-1/Z7526	1	8.0	8.0	warning	special_only 未命中特色规则
（二）手术室	155	1602647	咬骨钳-1/Z2032	6	13.0	13.0	warning	special_only 未命中特色规则
（二）手术室	156	1602647	植皮刀片-1/Z7520	20	8.0	8.0	warning	special_only 未命中特色规则
（二）手术室	157	1602647	持物钳罐-2件/W605060	4	16.5	16.5	warning	special_only 未命中特色规则
（二）手术室	158	1602647	电钻-3/W705060	2	16.5	16.5	warning	special_only 未命中特色规则
（二）手术室	159	1602647	方盘-1/W9050	1	16.5	16.5	warning	special_only 未命中特色规则
（二）手术室	160	1602647	肱骨复位器-2/W5050	1	16.5	16.5	warning	special_only 未命中特色规则
（二）手术室	161	1602647	骨电钻-2件	1	16.5	16.5	warning	special_only 未命中特色规则
（二）手术室	162	1602647	滚轴(植皮刀)-1件/W6050	1	16.5	16.5	warning	special_only 未命中特色规则
（二）手术室	163	1602647	咬丝器1持针器1/W6050	2	16.5	16.5	warning	special_only 未命中特色规则
（二）手术室	164	1602750	缝合包	5	88.0	88.0	warning	special_only 未命中特色规则
（二）手术室	165	1602750	门诊整形包（二）	1	66.0	66.0	warning	special_only 未命中特色规则
（二）手术室	166	1602750	小烧伤	1	165.0	165.0	warning	special_only 未命中特色规则
（二）手术室	167	1602750	持针器-1/Z1026	1	8.0	8.0	warning	special_only 未命中特色规则
（二）手术室	168	1602750	骨科剥离质-1/Z7534	2	8.0	8.0	warning	special_only 未命中特色规则
（二）手术室	169	1602750	刮勺-1/Z7526	1	8.0	8.0	warning	special_only 未命中特色规则
（二）手术室	170	1602750	肌钩-2/Z1026	2	13.5	13.5	warning	special_only 未命中特色规则
（二）手术室	171	1602750	尖嘴复位器-1/Z1535	1	11.0	11.0	warning	special_only 未命中特色规则
（二）手术室	172	1602750	剪刀小-1/Z1026	1	8.0	8.0	warning	special_only 未命中特色规则
（二）手术室	173	1602750	巾钳子-1/Z1026	1	8.0	8.0	warning	special_only 未命中特色规则
（二）手术室	174	1602750	咬骨钳-1/Z2032	1	13.0	13.0	warning	special_only 未命中特色规则
（二）手术室	175	1602750	咬丝器-1/Z双2032	1	16.5	16.5	warning	special_only 未命中特色规则
（二）手术室	176	1602750	止血钳-4/Z1530	1	22.0	22.0	warning	special_only 未命中特色规则
（二）手术室	177	1602750	组织钳-1/Z1026	1	8.0	8.0	warning	special_only 未命中特色规则
（二）手术室	178	1602750	地巾	1	15.0	15.0	warning	敷料包(无纺布包)——未识别规格
（二）手术室	179	1602750	门诊整形（四）	1	66.0	66.0	warning	special_only 未命中特色规则
（二）手术室	180	1602750	门诊整形（一）	2	66.0	66.0	warning	special_only 未命中特色规则
（二）手术室	181	1602750	门诊整形包（三）	1	88.0	88.0	warning	special_only 未命中特色规则
（二）手术室	182	1602750	持物钳罐-2件/W605060	1	16.5	16.5	warning	special_only 未命中特色规则
（二）手术室	183	1602750	方盘-1/W9050	1	16.5	16.5	warning	special_only 未命中特色规则
（二）手术室	184	1602750	骨电钻-2件	1	16.5	16.5	warning	special_only 未命中特色规则
（二）手术室	185	1602750	滚轴(植皮刀)-1件/W6050	1	16.5	16.5	warning	special_only 未命中特色规则
（二）手术室	186	1602750	弯盘1小碗1/W9050	1	16.5	16.5	warning	special_only 未命中特色规则
（二）手术室	187	1602750	咬丝器1持针器1/W6050	1	16.5	16.5	warning	special_only 未命中特色规则
（二）手术室	188	1602800	缝合包	6	88.0	88.0	warning	special_only 未命中特色规则
（二）手术室	189	1602800	新轧皮机1号-2件（盒1）	1	16.5	16.5	warning	special_only 未命中特色规则
（二）手术室	190	1602800	新轧皮机2号-2件（盒1）	1	16.5	16.5	warning	special_only 未命中特色规则
（二）手术室	191	1602800	电动取皮机-6件 筐1/W12050	2	38.5	38.5	warning	special_only 未命中特色规则
（二）手术室	192	1602800	4号刀柄-1/z7526	1	8.0	8.0	warning	special_only 未命中特色规则
（二）手术室	193	1602800	刮勺-1/Z7526	1	8.0	8.0	warning	special_only 未命中特色规则
（二）手术室	194	1602800	剪刀-1/Z1530	1	11.0	11.0	warning	special_only 未命中特色规则
（二）手术室	195	1602800	咬骨钳-1/Z2032	1	13.0	13.0	warning	special_only 未命中特色规则
（二）手术室	196	1602800	扎皮机板-4件/Z1029	1	22.0	22.0	warning	special_only 未命中特色规则
（二）手术室	197	1602800	止血钳-4/Z1530	1	22.0	22.0	warning	special_only 未命中特色规则
（二）手术室	199	1602800	门诊整形（五）	1	66.0	66.0	warning	special_only 未命中特色规则
（二）手术室	200	1602800	持物钳罐-2件/W605060	2	16.5	16.5	warning	special_only 未命中特色规则
（二）手术室	201	1602800	方盘-1/W9050	2	16.5	16.5	warning	special_only 未命中特色规则
（二）手术室	202	1603015	缝合包	16	88.0	88.0	warning	special_only 未命中特色规则
（二）手术室	203	1603015	肛肠包	1	104.5	104.5	warning	special_only 未命中特色规则
（二）手术室	204	1603015	刮勺-1/Z7526	1	8.0	8.0	warning	special_only 未命中特色规则
（二）手术室	205	1603015	克氏钳-1/双z1029	4	13.5	13.5	warning	special_only 未命中特色规则
（二）手术室	206	1603015	手科剥离质-1/Z7530	1	8.0	8.0	warning	special_only 未命中特色规则
（二）手术室	207	1603015	手科爪鞍钩-1 /Z7526	2	8.0	8.0	warning	special_only 未命中特色规则
（二）手术室	208	1603015	咬骨钳-1/Z2032	2	13.0	13.0	warning	special_only 未命中特色规则
（二）手术室	209	1603015	咬丝器-1/Z双2032	1	16.5	16.5	warning	special_only 未命中特色规则
（二）手术室	210	1603015	切开包-10件	2	55.0	55.0	warning	special_only 未命中特色规则
（二）手术室	211	1603015	持物钳罐-2件/W605060	7	16.5	16.5	warning	special_only 未命中特色规则
（二）手术室	212	1603015	电钻-3/W705060	3	16.5	16.5	warning	special_only 未命中特色规则
（二）手术室	213	1603015	方盘-1/W9050	3	16.5	16.5	warning	special_only 未命中特色规则
（二）手术室	214	1603015	骨电钻-2件	1	16.5	16.5	warning	special_only 未命中特色规则
（二）手术室	215	1603015	滚轴(植皮刀)-1件/W6050	1	16.5	16.5	warning	special_only 未命中特色规则
（二）手术室	216	1603015	咬钉器-1手柄-2/W6050	1	16.5	16.5	warning	special_only 未命中特色规则
（二）手术室	217	1603015	咬丝器1持针器1/W6050	3	16.5	16.5	warning	special_only 未命中特色规则
（二）手术室	218	1603115	缝合包	4	88.0	88.0	warning	special_only 未命中特色规则
（二）手术室	219	1603115	切开包-10件	1	55.0	55.0	warning	special_only 未命中特色规则
（二）手术室	220	1603115	弯盘1小碗1/W9050	10	16.5	16.5	warning	special_only 未命中特色规则
（二）手术室	221	1603179	大烧伤	1	264.0	264.0	warning	special_only 未命中特色规则
（二）手术室	222	1603179	缝合包	6	88.0	88.0	warning	special_only 未命中特色规则
（二）手术室	223	1603179	慢创包	1	148.5	148.5	warning	special_only 未命中特色规则
（二）手术室	224	1603179	新轧皮机1号-2件（盒1）	1	16.5	16.5	warning	special_only 未命中特色规则
（二）手术室	225	1603179	新轧皮机2号-2件（盒1）	1	16.5	16.5	warning	special_only 未命中特色规则
（二）手术室	226	1603179	电动取皮机-6件 筐1/W12050	1	38.5	38.5	warning	special_only 未命中特色规则
（二）手术室	227	1603179	肌钩-2/Z1026	2	13.5	13.5	warning	special_only 未命中特色规则
（二）手术室	228	1603179	剪刀-1/Z1530	1	11.0	11.0	warning	special_only 未命中特色规则
（二）手术室	229	1603179	克氏钳-1/双z1029	1	13.5	13.5	warning	special_only 未命中特色规则
（二）手术室	230	1603179	聂广辰专用剪刀-1/Z1029	1	8.0	8.0	warning	special_only 未命中特色规则
（二）手术室	231	1603179	手科爪钩-2/Z1535	2	16.5	16.5	warning	special_only 未命中特色规则
（二）手术室	232	1603179	咬骨钳-1/Z2032	3	13.0	13.0	warning	special_only 未命中特色规则
（二）手术室	233	1603179	扎皮机板-4件/Z1029	1	22.0	22.0	warning	special_only 未命中特色规则
（二）手术室	234	1603179	止血钳-4/Z1530	1	22.0	22.0	warning	special_only 未命中特色规则
（二）手术室	235	1603179	地巾	1	15.0	15.0	warning	敷料包(无纺布包)——未识别规格
（二）手术室	236	1603179	门诊整形（一）	1	66.0	66.0	warning	special_only 未命中特色规则
（二）手术室	237	1603179	门诊整形包（三）	1	88.0	88.0	warning	special_only 未命中特色规则
（二）手术室	238	1603179	持物钳罐-2件/W605060	4	16.5	16.5	warning	special_only 未命中特色规则
（二）手术室	239	1603179	尺-1/W605060	1	16.5	16.5	warning	special_only 未命中特色规则
（二）手术室	240	1603179	方盘-1/W9050	3	16.5	16.5	warning	special_only 未命中特色规则
（二）手术室	241	1603179	骨电钻-2件	1	16.5	16.5	warning	special_only 未命中特色规则
（二）手术室	242	1603179	滚轴(植皮刀)-1件/W6050	2	16.5	16.5	warning	special_only 未命中特色规则
（二）手术室	243	1603179	弯盘1小碗1/W9050	2	16.5	16.5	warning	special_only 未命中特色规则
（二）手术室	244	1603208	缝合包	1	88.0	88.0	warning	special_only 未命中特色规则
（二）手术室	245	1603208	克氏钳-1/双z1029	1	13.5	13.5	warning	special_only 未命中特色规则
（二）手术室	246	1603208	咬骨钳-1/Z2032	1	13.0	13.0	warning	special_only 未命中特色规则
（二）手术室	247	1603208	咬丝器-1/Z双2032	2	16.5	16.5	warning	special_only 未命中特色规则
（二）手术室	248	1603208	切开包-10件	1	55.0	55.0	warning	special_only 未命中特色规则
（二）手术室	249	1603208	电钻-3/W705060	2	16.5	16.5	warning	special_only 未命中特色规则
（二）手术室	250	1603411	缝合包	7	88.0	88.0	warning	special_only 未命中特色规则
（二）手术室	251	1603411	手科包	1	154.0	154.0	warning	special_only 未命中特色规则
（二）手术室	252	1603411	小烧伤	1	165.0	165.0	warning	special_only 未命中特色规则
（二）手术室	253	1603411	电动取皮机-6件 筐1/W12050	1	38.5	38.5	warning	special_only 未命中特色规则
（二）手术室	254	1603411	剪刀小-1/Z1026	2	8.0	8.0	warning	special_only 未命中特色规则
（二）手术室	255	1603411	克氏钳-1/双z1029	2	13.5	13.5	warning	special_only 未命中特色规则
（二）手术室	256	1603411	手科爪鞍钩-1 /Z7526	2	8.0	8.0	warning	special_only 未命中特色规则
（二）手术室	257	1603411	门诊整形（四）	1	66.0	66.0	warning	special_only 未命中特色规则
（二）手术室	258	1603411	门诊整形（五）	1	66.0	66.0	warning	special_only 未命中特色规则
（二）手术室	259	1603411	持物钳罐-2件/W605060	4	16.5	16.5	warning	special_only 未命中特色规则
（二）手术室	260	1603411	弹钩-2/W6050	1	16.5	16.5	warning	special_only 未命中特色规则
（二）手术室	261	1603411	电钻-3/W705060	1	16.5	16.5	warning	special_only 未命中特色规则
（二）手术室	262	1603411	方盘-1/W9050	3	16.5	16.5	warning	special_only 未命中特色规则
（二）手术室	263	1603411	骨电钻-2件	1	16.5	16.5	warning	special_only 未命中特色规则
（二）手术室	264	1603411	滚轴(植皮刀)-1件/W6050	2	16.5	16.5	warning	special_only 未命中特色规则
（二）手术室	265	1603411	弯盘1小碗1/W9050	5	16.5	16.5	warning	special_only 未命中特色规则
（二）手术室	266	1603411	咬丝器1持针器1/W6050	1	16.5	16.5	warning	special_only 未命中特色规则
（二）手术室	267	1603511	缝合包	6	88.0	88.0	warning	special_only 未命中特色规则
（二）手术室	268	1603511	骨科剥离质-1/Z7534	1	8.0	8.0	warning	special_only 未命中特色规则
（二）手术室	269	1603511	刮勺-1/Z7526	2	8.0	8.0	warning	special_only 未命中特色规则
（二）手术室	270	1603511	肌钩-2/Z1026	1	13.5	13.5	warning	special_only 未命中特色规则
（二）手术室	271	1603511	剪刀-1/Z1530	2	11.0	11.0	warning	special_only 未命中特色规则
（二）手术室	272	1603511	聂广辰专用剪刀-1/Z1029	1	8.0	8.0	warning	special_only 未命中特色规则
（二）手术室	273	1603511	手科爪钩-2/Z1535	1	16.5	16.5	warning	special_only 未命中特色规则
（二）手术室	274	1603511	咬骨钳-1/Z2032	2	13.0	13.0	warning	special_only 未命中特色规则
（二）手术室	275	1603511	咬丝器-1/Z双2032	1	16.5	16.5	warning	special_only 未命中特色规则
（二）手术室	276	1603511	地巾	1	15.0	15.0	warning	敷料包(无纺布包)——未识别规格
（二）手术室	277	1603511	切开包-10件	3	55.0	55.0	warning	special_only 未命中特色规则
（二）手术室	278	1603511	电钻-3/W705060	1	16.5	16.5	warning	special_only 未命中特色规则
（二）手术室	279	1603511	方盘-1/W9050	2	16.5	16.5	warning	special_only 未命中特色规则
（二）手术室	280	1603511	骨锉-1/W605060	1	16.5	16.5	warning	special_only 未命中特色规则
（二）手术室	281	1603570	大烧伤	1	264.0	264.0	warning	special_only 未命中特色规则
（二）手术室	282	1603570	缝合包	5	88.0	88.0	warning	special_only 未命中特色规则
（二）手术室	283	1603570	刮勺-1/Z7526	1	8.0	8.0	warning	special_only 未命中特色规则
（二）手术室	284	1603570	巾钳子-1/Z1026	1	8.0	8.0	warning	special_only 未命中特色规则
（二）手术室	285	1603570	克氏钳-1/双z1029	2	13.5	13.5	warning	special_only 未命中特色规则
（二）手术室	286	1603570	咬骨钳-1/Z2032	1	13.0	13.0	warning	special_only 未命中特色规则
（二）手术室	287	1603570	咬丝器-1/Z双2032	1	16.5	16.5	warning	special_only 未命中特色规则
（二）手术室	288	1603570	门诊整形（四）	1	66.0	66.0	warning	special_only 未命中特色规则
（二）手术室	289	1603570	门诊整形（一）	1	66.0	66.0	warning	special_only 未命中特色规则
（二）手术室	290	1603570	持物钳罐-2件/W605060	3	16.5	16.5	warning	special_only 未命中特色规则
（二）手术室	291	1603570	电钻-3/W705060	2	16.5	16.5	warning	special_only 未命中特色规则
（二）手术室	292	1603570	方盘-1/W9050	2	16.5	16.5	warning	special_only 未命中特色规则
（二）手术室	293	1603570	滚轴(植皮刀)-1件/W6050	1	16.5	16.5	warning	special_only 未命中特色规则
（二）手术室	294	1603570	弯盘1小碗1/W9050	3	16.5	16.5	warning	special_only 未命中特色规则
（二）手术室	295	1603772	缝合包	8	88.0	88.0	warning	special_only 未命中特色规则
（二）手术室	296	1603772	门诊整形包（二）	1	66.0	66.0	warning	special_only 未命中特色规则
（二）手术室	297	1603772	锤子-1/双z1535	1	16.5	16.5	warning	special_only 未命中特色规则
（二）手术室	298	1603772	骨科剥离质-1/Z7534	1	8.0	8.0	warning	special_only 未命中特色规则
（二）手术室	299	1603772	刮勺-1/Z7526	1	8.0	8.0	warning	special_only 未命中特色规则
（二）手术室	300	1603772	肌钩-2/Z1026	2	13.5	13.5	warning	special_only 未命中特色规则
（二）手术室	301	1603772	剪刀小-1/Z1026	1	8.0	8.0	warning	special_only 未命中特色规则
（二）手术室	302	1603772	克氏钳-1/双z1029	2	13.5	13.5	warning	special_only 未命中特色规则
（二）手术室	303	1603772	手科爪鞍钩-1 /Z7526	2	8.0	8.0	warning	special_only 未命中特色规则
（二）手术室	304	1603772	手科爪钩-2/Z1535	1	16.5	16.5	warning	special_only 未命中特色规则
（二）手术室	305	1603772	咬骨钳-1/Z2032	4	13.0	13.0	warning	special_only 未命中特色规则
（二）手术室	306	1603772	咬丝器-1/Z双2032	2	16.5	16.5	warning	special_only 未命中特色规则
（二）手术室	307	1603772	止血钳大-2/Z1535	1	16.5	16.5	warning	special_only 未命中特色规则
（二）手术室	308	1603772	组织钳-1/Z1026	1	8.0	8.0	warning	special_only 未命中特色规则
（二）手术室	309	1603772	驱血带	6	2.5	2.5	warning	敷料包(无纺布包)——未识别规格
（二）手术室	310	1603772	门诊整形（五）	1	66.0	66.0	warning	special_only 未命中特色规则
（二）手术室	311	1603772	门诊整形（一）	1	66.0	66.0	warning	special_only 未命中特色规则
（二）手术室	312	1603772	门诊整形包（三）	1	88.0	88.0	warning	special_only 未命中特色规则
（二）手术室	313	1603772	切开包-10件	8	55.0	55.0	warning	special_only 未命中特色规则
（二）手术室	314	1603772	持物钳罐-2件/W605060	7	16.5	16.5	warning	special_only 未命中特色规则
（二）手术室	315	1603772	方盘-1/W9050	2	16.5	16.5	warning	special_only 未命中特色规则
（二）手术室	316	1603772	肱骨复位器-2/W5050	1	16.5	16.5	warning	special_only 未命中特色规则
（二）手术室	317	1603772	骨电钻-3件/W705060	1	16.5	16.5	warning	special_only 未命中特色规则
（二）手术室	318	1603772	弯盘1小碗1/W9050	12	16.5	16.5	warning	special_only 未命中特色规则
（二）手术室	319	1603772	咬丝器1持针器1/W6050	2	16.5	16.5	warning	special_only 未命中特色规则
（二）手术室	320	1603772	中心持骨器-2/w6050	1	16.5	16.5	warning	special_only 未命中特色规则
（二）手术室	321	1603851	缝合包	12	88.0	88.0	warning	special_only 未命中特色规则
（二）手术室	322	1603851	咬骨钳-1/Z2032	1	13.0	13.0	warning	special_only 未命中特色规则
（二）手术室	323	1603851	咬丝器-1/Z双2032	3	16.5	16.5	warning	special_only 未命中特色规则
（二）手术室	324	1603851	持物钳罐-2件/W605060	1	16.5	16.5	warning	special_only 未命中特色规则
（二）手术室	325	1603851	电钻-3/W705060	2	16.5	16.5	warning	special_only 未命中特色规则
（二）手术室	326	1603851	肱骨复位器-2/W5050	1	16.5	16.5	warning	special_only 未命中特色规则
（二）手术室	327	1603851	骨电钻-2件	1	16.5	16.5	warning	special_only 未命中特色规则
（二）手术室	328	1603851	弯盘1小碗1/W9050	6	16.5	16.5	warning	special_only 未命中特色规则
（二）手术室	329	1603851	咬丝器1持针器1/W6050	1	16.5	16.5	warning	special_only 未命中特色规则
（二）手术室	330	1603851	中心持骨器-2/w6050	1	16.5	16.5	warning	special_only 未命中特色规则
（二）手术室	331	1603858	骨科剥离质-1/Z7534	3	8.0	8.0	warning	special_only 未命中特色规则
（二）手术室	332	1603858	肌钩-2/Z1026	3	13.5	13.5	warning	special_only 未命中特色规则
（二）手术室	333	1603858	尖嘴复位器-1/Z1535	1	11.0	11.0	warning	special_only 未命中特色规则
（二）手术室	334	1603858	止血钳大-2/Z1535	2	16.5	16.5	warning	special_only 未命中特色规则
（二）手术室	335	1603858	组织钳-1/Z1026	1	8.0	8.0	warning	special_only 未命中特色规则
（二）手术室	336	1603858	尺-1/W605060	1	16.5	16.5	warning	special_only 未命中特色规则
（二）手术室	337	1603912	缝合包	15	88.0	88.0	warning	special_only 未命中特色规则
（二）手术室	338	1603912	手科包	1	154.0	154.0	warning	special_only 未命中特色规则
（二）手术室	339	1603912	肌钩-2/Z1026	1	13.5	13.5	warning	special_only 未命中特色规则
（二）手术室	340	1603912	聂广辰专用剪刀-1/Z1029	1	8.0	8.0	warning	special_only 未命中特色规则
（二）手术室	341	1603912	手科爪鞍钩-1 /Z7526	1	8.0	8.0	warning	special_only 未命中特色规则
（二）手术室	342	1603912	咬骨钳-1/Z2032	1	13.0	13.0	warning	special_only 未命中特色规则
（二）手术室	343	1603912	咬丝器-1/Z双2032	3	16.5	16.5	warning	special_only 未命中特色规则
（二）手术室	344	1603912	止血钳大-2/Z1535	1	16.5	16.5	warning	special_only 未命中特色规则
（二）手术室	345	1603912	地巾	1	15.0	15.0	warning	敷料包(无纺布包)——未识别规格
（二）手术室	346	1603912	持物钳罐-2件/W605060	3	16.5	16.5	warning	special_only 未命中特色规则
（二）手术室	347	1603912	方盘-1/W9050	3	16.5	16.5	warning	special_only 未命中特色规则
（二）手术室	348	1603912	骨电钻-2件	1	16.5	16.5	warning	special_only 未命中特色规则
（二）手术室	349	1603912	骨电钻-3件/W705060	2	16.5	16.5	warning	special_only 未命中特色规则
（二）手术室	350	1603912	咬丝器1持针器1/W6050	2	16.5	16.5	warning	special_only 未命中特色规则
（二）手术室	351	1603912	中心持骨器-2/w6050	1	16.5	16.5	warning	special_only 未命中特色规则
（二）手术室	352	1603950	弯盘1小碗1/W9050	2	16.5	16.5	warning	special_only 未命中特色规则
（二）手术室	353	1604038	小烧伤	1	165.0	165.0	warning	special_only 未命中特色规则
（二）手术室	354	1604038	电动取皮机-6件 筐1/W12050	1	38.5	38.5	warning	special_only 未命中特色规则
（二）手术室	355	1604038	咬骨钳-1/Z2032	1	13.0	13.0	warning	special_only 未命中特色规则
（二）手术室	356	1604038	滚轴(植皮刀)-1件/W6050	1	16.5	16.5	warning	special_only 未命中特色规则
（二）手术室	357	1604049	缝合包	2	88.0	88.0	warning	special_only 未命中特色规则
（二）手术室	358	1604049	电动取皮机-6件 筐1/W12050	1	38.5	38.5	warning	special_only 未命中特色规则
（二）手术室	359	1604049	方盘-1/W9050	2	16.5	16.5	warning	special_only 未命中特色规则
（二）手术室	360	1604109	大烧伤	1	264.0	264.0	warning	special_only 未命中特色规则
（二）手术室	361	1604109	缝合包	1	88.0	88.0	warning	special_only 未命中特色规则
（二）手术室	362	1604109	气管切开包	1	170.5	170.5	warning	special_only 未命中特色规则
（二）手术室	363	1604109	持针器-1/Z1026	1	8.0	8.0	warning	special_only 未命中特色规则
（二）手术室	364	1604109	剪刀-1/Z1530	1	11.0	11.0	warning	special_only 未命中特色规则
（二）手术室	365	1604109	门诊整形包（三）	1	88.0	88.0	warning	special_only 未命中特色规则
（二）手术室	366	1604109	持物钳罐-2件/W605060	1	16.5	16.5	warning	special_only 未命中特色规则
（二）手术室	367	1604109	方盘-1/W9050	1	16.5	16.5	warning	special_only 未命中特色规则
（二）手术室	368	1604358	缝合包	8	88.0	88.0	warning	special_only 未命中特色规则
（二）手术室	369	1604358	门诊整形包（二）	1	66.0	66.0	warning	special_only 未命中特色规则
（二）手术室	370	1604358	手科包	1	154.0	154.0	warning	special_only 未命中特色规则
（二）手术室	371	1604358	肌钩-2/Z1026	1	13.5	13.5	warning	special_only 未命中特色规则
（二）手术室	372	1604358	咬骨钳-1/Z2032	3	13.0	13.0	warning	special_only 未命中特色规则
（二）手术室	373	1604358	止血钳-4/Z1530	1	22.0	22.0	warning	special_only 未命中特色规则
（二）手术室	374	1604358	地巾	1	15.0	15.0	warning	敷料包(无纺布包)——未识别规格
（二）手术室	375	1604358	门诊整形（一）	1	66.0	66.0	warning	special_only 未命中特色规则
（二）手术室	376	1604358	持物钳罐-2件/W605060	4	16.5	16.5	warning	special_only 未命中特色规则
（二）手术室	377	1604358	肱骨复位器-2/W5050	1	16.5	16.5	warning	special_only 未命中特色规则
（二）手术室	378	1604358	骨电钻-2件	1	16.5	16.5	warning	special_only 未命中特色规则
（二）手术室	379	1604358	骨电钻-3件/W705060	1	16.5	16.5	warning	special_only 未命中特色规则
（二）手术室	380	1604358	咬丝器1持针器1/W6050	1	16.5	16.5	warning	special_only 未命中特色规则
（二）手术室	381	1604358	中心持骨器-2/w6050	1	16.5	16.5	warning	special_only 未命中特色规则
（二）手术室	382	1604465	缝合包	4	88.0	88.0	warning	special_only 未命中特色规则
（二）手术室	383	1604465	慢创包	1	148.5	148.5	warning	special_only 未命中特色规则
（二）手术室	384	1604465	小烧伤	1	165.0	165.0	warning	special_only 未命中特色规则
（二）手术室	385	1604465	肌钩-2/Z1026	1	13.5	13.5	warning	special_only 未命中特色规则
（二）手术室	386	1604465	剪刀-1/Z1530	1	11.0	11.0	warning	special_only 未命中特色规则
（二）手术室	387	1604465	手科剥离质-1/Z7530	1	8.0	8.0	warning	special_only 未命中特色规则
（二）手术室	388	1604465	头皮夹钳-1/Z1530	2	11.0	11.0	warning	special_only 未命中特色规则
（二）手术室	389	1604465	咬骨钳-1/Z2032	3	13.0	13.0	warning	special_only 未命中特色规则
（二）手术室	390	1604465	切开包-10件	1	55.0	55.0	warning	special_only 未命中特色规则
（二）手术室	391	1604465	方盘-1/W9050	3	16.5	16.5	warning	special_only 未命中特色规则
（二）手术室	392	1604465	滚轴(植皮刀)-1件/W6050	1	16.5	16.5	warning	special_only 未命中特色规则
（二）手术室	393	1604471	缝合包	4	88.0	88.0	warning	special_only 未命中特色规则
（二）手术室	394	1604471	电动取皮机-6件 筐1/W12050	1	38.5	38.5	warning	special_only 未命中特色规则
（二）手术室	395	1604471	4号刀柄-1/z7526	1	8.0	8.0	warning	special_only 未命中特色规则
（二）手术室	396	1604471	刮勺-1/Z7526	1	8.0	8.0	warning	special_only 未命中特色规则
（二）手术室	397	1604471	咬骨钳-1/Z2032	1	13.0	13.0	warning	special_only 未命中特色规则
（二）手术室	398	1604471	止血钳-4/Z1530	1	22.0	22.0	warning	special_only 未命中特色规则
（二）手术室	399	1604471	切开包-10件	2	55.0	55.0	warning	special_only 未命中特色规则
（二）手术室	400	1604471	持物钳罐-2件/W605060	2	16.5	16.5	warning	special_only 未命中特色规则
（二）手术室	401	1604471	尺-1/W605060	1	16.5	16.5	warning	special_only 未命中特色规则
（二）手术室	402	1604471	弹钩-2/W6050	1	16.5	16.5	warning	special_only 未命中特色规则
（二）手术室	403	1604471	方盘-1/W9050	3	16.5	16.5	warning	special_only 未命中特色规则
（二）手术室	404	1604471	骨电钻-3件/W705060	1	16.5	16.5	warning	special_only 未命中特色规则
（二）手术室	405	1604471	咬丝器1持针器1/W6050	1	16.5	16.5	warning	special_only 未命中特色规则
（二）手术室	406	1604712	缝合包	9	88.0	88.0	warning	special_only 未命中特色规则
（二）手术室	407	1604712	手科包	2	154.0	154.0	warning	special_only 未命中特色规则
（二）手术室	408	1604712	骨一薛岩撑开器-1/Z1526	2	11.0	11.0	warning	special_only 未命中特色规则
（二）手术室	409	1604712	肌钩-2/Z1026	1	13.5	13.5	warning	special_only 未命中特色规则
（二）手术室	410	1604712	手科剥离质-1/Z7530	1	8.0	8.0	warning	special_only 未命中特色规则
（二）手术室	411	1604712	咬骨钳-1/Z2032	6	13.0	13.0	warning	special_only 未命中特色规则
（二）手术室	412	1604712	咬丝器-1/Z双2032	2	16.5	16.5	warning	special_only 未命中特色规则
（二）手术室	413	1604712	止血钳-4/Z1530	1	22.0	22.0	warning	special_only 未命中特色规则
（二）手术室	414	1604712	组织钳-1/Z1026	1	8.0	8.0	warning	special_only 未命中特色规则
（二）手术室	415	1604712	地巾	1	15.0	15.0	warning	敷料包(无纺布包)——未识别规格
（二）手术室	416	1604712	驱血带	2	2.5	2.5	warning	敷料包(无纺布包)——未识别规格
（二）手术室	417	1604712	门诊整形（四）	1	66.0	66.0	warning	special_only 未命中特色规则
（二）手术室	418	1604712	切开包-10件	6	55.0	55.0	warning	special_only 未命中特色规则
（二）手术室	419	1604712	持物钳罐-2件/W605060	6	16.5	16.5	warning	special_only 未命中特色规则
（二）手术室	420	1604712	弹钩-2/W6050	2	16.5	16.5	warning	special_only 未命中特色规则
（二）手术室	421	1604712	方盘-1/W9050	1	16.5	16.5	warning	special_only 未命中特色规则
（二）手术室	422	1604712	骨电钻-3件/W705060	1	16.5	16.5	warning	special_only 未命中特色规则
（二）手术室	423	1604712	固指板-1/W7050	1	16.5	16.5	warning	special_only 未命中特色规则
（二）手术室	424	1604712	弯盘1小碗1/W9050	1	16.5	16.5	warning	special_only 未命中特色规则
（二）手术室	425	1604844	缝合包	3	88.0	88.0	warning	special_only 未命中特色规则
（二）手术室	426	1604844	小烧伤	1	165.0	165.0	warning	special_only 未命中特色规则
（二）手术室	427	1604844	电动取皮机-6件 筐1/W12050	2	38.5	38.5	warning	special_only 未命中特色规则
（二）手术室	428	1604844	4号刀柄-1/z7526	1	8.0	8.0	warning	special_only 未命中特色规则
（二）手术室	429	1604844	骨科剥离质-1/Z7534	1	8.0	8.0	warning	special_only 未命中特色规则
（二）手术室	430	1604844	肌钩-2/Z1026	1	13.5	13.5	warning	special_only 未命中特色规则
（二）手术室	431	1604844	剪刀-1/Z1530	2	11.0	11.0	warning	special_only 未命中特色规则
（二）手术室	432	1604844	聂广辰专用剪刀-1/Z1029	1	8.0	8.0	warning	special_only 未命中特色规则
（二）手术室	433	1604844	手科爪鞍钩-1 /Z7526	1	8.0	8.0	warning	special_only 未命中特色规则
（二）手术室	434	1604844	扎皮机板-4件/Z1029	1	22.0	22.0	warning	special_only 未命中特色规则
（二）手术室	435	1604844	止血钳-4/Z1530	1	22.0	22.0	warning	special_only 未命中特色规则
（二）手术室	436	1604844	止血钳大-2/Z1535	1	16.5	16.5	warning	special_only 未命中特色规则
（二）手术室	437	1604844	持物钳罐-2件/W605060	1	16.5	16.5	warning	special_only 未命中特色规则
（二）手术室	438	1604844	尺-1/W605060	1	16.5	16.5	warning	special_only 未命中特色规则
（二）手术室	439	1604844	方盘-1/W9050	2	16.5	16.5	warning	special_only 未命中特色规则
（二）手术室	440	1604844	骨电钻-3件/W705060	2	16.5	16.5	warning	special_only 未命中特色规则
（二）手术室	441	1604844	咬钉器-1手柄-2/W6050	1	16.5	16.5	warning	special_only 未命中特色规则
（二）手术室	442	1604877	大烧伤	1	264.0	264.0	warning	special_only 未命中特色规则
（二）手术室	443	1604877	缝合包	6	88.0	88.0	warning	special_only 未命中特色规则
（二）手术室	444	1604877	门诊整形包（二）	1	66.0	66.0	warning	special_only 未命中特色规则
（二）手术室	445	1604877	新轧皮机1号-2件（盒1）	1	16.5	16.5	warning	special_only 未命中特色规则
（二）手术室	446	1604877	新轧皮机2号-2件（盒1）	1	16.5	16.5	warning	special_only 未命中特色规则
（二）手术室	447	1604877	4号刀柄-1/z7526	1	8.0	8.0	warning	special_only 未命中特色规则
（二）手术室	448	1604877	持针器-1/Z1026	1	8.0	8.0	warning	special_only 未命中特色规则
（二）手术室	449	1604877	刮勺-1/Z7526	1	8.0	8.0	warning	special_only 未命中特色规则
（二）手术室	450	1604877	肌钩-2/Z1026	1	13.5	13.5	warning	special_only 未命中特色规则
（二）手术室	451	1604877	巾钳子-1/Z1026	1	8.0	8.0	warning	special_only 未命中特色规则
（二）手术室	452	1604877	克氏钳-1/双z1029	1	13.5	13.5	warning	special_only 未命中特色规则
（二）手术室	453	1604877	手科爪钩-2/Z1535	1	16.5	16.5	warning	special_only 未命中特色规则
（二）手术室	454	1604877	咬骨钳-1/Z2032	1	13.0	13.0	warning	special_only 未命中特色规则
（二）手术室	455	1604877	咬丝器-1/Z双2032	2	16.5	16.5	warning	special_only 未命中特色规则
（二）手术室	456	1604877	止血钳-4/Z1530	1	22.0	22.0	warning	special_only 未命中特色规则
（二）手术室	457	1604877	门诊整形（五）	1	66.0	66.0	warning	special_only 未命中特色规则
（二）手术室	458	1604877	门诊整形（一）	1	66.0	66.0	warning	special_only 未命中特色规则
（二）手术室	459	1604877	门诊整形包（三）	1	88.0	88.0	warning	special_only 未命中特色规则
（二）手术室	460	1604877	持物钳罐-2件/W605060	3	16.5	16.5	warning	special_only 未命中特色规则
（二）手术室	461	1604877	弹钩-2/W6050	1	16.5	16.5	warning	special_only 未命中特色规则
（二）手术室	462	1604877	方盘-1/W9050	1	16.5	16.5	warning	special_only 未命中特色规则
（二）手术室	463	1605065	缝合包	8	88.0	88.0	warning	special_only 未命中特色规则
（二）手术室	464	1605065	肌钩-2/Z1026	1	13.5	13.5	warning	special_only 未命中特色规则
（二）手术室	465	1605065	咬骨钳-1/Z2032	5	13.0	13.0	warning	special_only 未命中特色规则
（二）手术室	466	1605065	地巾	1	15.0	15.0	warning	敷料包(无纺布包)——未识别规格
（二）手术室	467	1605065	门诊整形（一）	1	66.0	66.0	warning	special_only 未命中特色规则
（二）手术室	468	1605065	切开包-10件	1	55.0	55.0	warning	special_only 未命中特色规则
（二）手术室	469	1605065	持物钳罐-2件/W605060	5	16.5	16.5	warning	special_only 未命中特色规则
（二）手术室	470	1605065	方盘-1/W9050	1	16.5	16.5	warning	special_only 未命中特色规则
（二）手术室	471	1605065	骨电钻-3件/W705060	1	16.5	16.5	warning	special_only 未命中特色规则
（二）手术室	472	1605065	滚轴(植皮刀)-1件/W6050	1	16.5	16.5	warning	special_only 未命中特色规则
（二）手术室	473	1605065	咬丝器1持针器1/W6050	1	16.5	16.5	warning	special_only 未命中特色规则
（二）手术室	474	1605220	缝合包	5	88.0	88.0	warning	special_only 未命中特色规则
（二）手术室	475	1605220	慢创包	1	148.5	148.5	warning	special_only 未命中特色规则
（二）手术室	476	1605220	电动取皮机-6件 筐1/W12050	1	38.5	38.5	warning	special_only 未命中特色规则
（二）手术室	477	1605220	刮勺-1/Z7526	2	8.0	8.0	warning	special_only 未命中特色规则
（二）手术室	478	1605220	肌钩-2/Z1026	2	13.5	13.5	warning	special_only 未命中特色规则
（二）手术室	479	1605220	克氏钳-1/双z1029	1	13.5	13.5	warning	special_only 未命中特色规则
（二）手术室	480	1605220	聂广辰专用剪刀-1/Z1029	1	8.0	8.0	warning	special_only 未命中特色规则
（二）手术室	481	1605220	手科爪鞍钩-1 /Z7526	2	8.0	8.0	warning	special_only 未命中特色规则
（二）手术室	482	1605220	咬骨钳-1/Z2032	2	13.0	13.0	warning	special_only 未命中特色规则
（二）手术室	483	1605220	咬丝器-1/Z双2032	1	16.5	16.5	warning	special_only 未命中特色规则
（二）手术室	484	1605220	持物钳罐-2件/W605060	1	16.5	16.5	warning	special_only 未命中特色规则
（二）手术室	485	1605220	尺-1/W605060	1	16.5	16.5	warning	special_only 未命中特色规则
（二）手术室	486	1605220	方盘-1/W9050	4	16.5	16.5	warning	special_only 未命中特色规则
（二）手术室	487	1605220	扩肛器-1/W5050	1	16.5	16.5	warning	special_only 未命中特色规则
（二）手术室	488	1605257	大烧伤	1	264.0	264.0	warning	special_only 未命中特色规则
（二）手术室	489	1605257	缝合包	3	88.0	88.0	warning	special_only 未命中特色规则
（二）手术室	490	1605257	手科包	1	154.0	154.0	warning	special_only 未命中特色规则
（二）手术室	491	1605257	骨一薛岩撑开器-1/Z1526	1	11.0	11.0	warning	special_only 未命中特色规则
（二）手术室	492	1605257	手科剥离质-1/Z7530	2	8.0	8.0	warning	special_only 未命中特色规则
（二）手术室	493	1605257	手科爪钩-2/Z1535	1	16.5	16.5	warning	special_only 未命中特色规则
（二）手术室	494	1605257	咬骨剪-1/Z2032	1	13.0	13.0	warning	special_only 未命中特色规则
（二）手术室	495	1605257	咬骨钳-1/Z2032	1	13.0	13.0	warning	special_only 未命中特色规则
（二）手术室	496	1605257	咬丝器-1/Z双2032	1	16.5	16.5	warning	special_only 未命中特色规则
（二）手术室	497	1605257	弹钩-2/W6050	1	16.5	16.5	warning	special_only 未命中特色规则
（二）手术室	498	1605257	方盘-1/W9050	1	16.5	16.5	warning	special_only 未命中特色规则
（二）手术室	499	1605257	骨电钻-2件	1	16.5	16.5	warning	special_only 未命中特色规则
（二）手术室	500	1605470	缝合包	12	88.0	88.0	warning	special_only 未命中特色规则
（二）手术室	501	1605470	门诊整形包（二）	1	66.0	66.0	warning	special_only 未命中特色规则
（二）手术室	502	1605470	骨科剥离质-1/Z7534	1	8.0	8.0	warning	special_only 未命中特色规则
（二）手术室	503	1605470	刮勺-1/Z7526	2	8.0	8.0	warning	special_only 未命中特色规则
（二）手术室	504	1605470	肌钩-2/Z1026	1	13.5	13.5	warning	special_only 未命中特色规则
（二）手术室	505	1605470	手科剥离质-1/Z7530	1	8.0	8.0	warning	special_only 未命中特色规则
（二）手术室	506	1605470	咬骨钳-1/Z2032	5	13.0	13.0	warning	special_only 未命中特色规则
（二）手术室	507	1605470	咬丝器-1/Z双2032	2	16.5	16.5	warning	special_only 未命中特色规则
（二）手术室	508	1605470	止血钳-4/Z1530	1	22.0	22.0	warning	special_only 未命中特色规则
（二）手术室	509	1605470	驱血带	6	2.5	2.5	warning	敷料包(无纺布包)——未识别规格
（二）手术室	510	1605470	门诊整形包（三）	1	88.0	88.0	warning	special_only 未命中特色规则
（二）手术室	511	1605470	持物钳罐-2件/W605060	7	16.5	16.5	warning	special_only 未命中特色规则
（二）手术室	512	1605470	尺-1/W605060	1	16.5	16.5	warning	special_only 未命中特色规则
（二）手术室	513	1605470	弹钩-2/W6050	1	16.5	16.5	warning	special_only 未命中特色规则
（二）手术室	514	1605470	肱骨复位器-2/W5050	1	16.5	16.5	warning	special_only 未命中特色规则
（二）手术室	515	1605470	骨电钻-2件	1	16.5	16.5	warning	special_only 未命中特色规则
（二）手术室	516	1605470	骨电钻-3件/W705060	3	16.5	16.5	warning	special_only 未命中特色规则
（二）手术室	517	1605470	固指板-1/W7050	1	16.5	16.5	warning	special_only 未命中特色规则
（二）手术室	518	1605470	咬钉器-1手柄-2/W6050	1	16.5	16.5	warning	special_only 未命中特色规则
（二）手术室	519	1605470	咬丝器1持针器1/W6050	3	16.5	16.5	warning	special_only 未命中特色规则
（二）手术室	520	1605601	大烧伤	1	264.0	264.0	warning	special_only 未命中特色规则
（二）手术室	521	1605601	缝合包	6	88.0	88.0	warning	special_only 未命中特色规则
（二）手术室	522	1605601	手科包	2	154.0	154.0	warning	special_only 未命中特色规则
（二）手术室	523	1605601	新轧皮机1号-2件（盒1）	1	16.5	16.5	warning	special_only 未命中特色规则
（二）手术室	524	1605601	新轧皮机2号-2件（盒1）	1	16.5	16.5	warning	special_only 未命中特色规则
（二）手术室	525	1605601	电动取皮机-6件 筐1/W12050	1	38.5	38.5	warning	special_only 未命中特色规则
（二）手术室	526	1605601	锤子-1/双z1535	1	16.5	16.5	warning	special_only 未命中特色规则
（二）手术室	527	1605601	骨科剥离质-1/Z7534	1	8.0	8.0	warning	special_only 未命中特色规则
（二）手术室	528	1605601	刮勺-1/Z7526	3	8.0	8.0	warning	special_only 未命中特色规则
（二）手术室	529	1605601	巾钳子-1/Z1026	1	8.0	8.0	warning	special_only 未命中特色规则
（二）手术室	530	1605601	手科剥离质-1/Z7530	1	8.0	8.0	warning	special_only 未命中特色规则
（二）手术室	531	1605601	手科爪钩-2/Z1535	3	16.5	16.5	warning	special_only 未命中特色规则
（二）手术室	532	1605601	咬骨钳-1/Z2032	3	13.0	13.0	warning	special_only 未命中特色规则
（二）手术室	533	1605601	咬丝器-1/Z双2032	1	16.5	16.5	warning	special_only 未命中特色规则
（二）手术室	534	1605601	凿子-3/双z1029	1	16.5	16.5	warning	special_only 未命中特色规则
（二）手术室	535	1605601	扎皮机板-2件/z2025	1	16.5	16.5	warning	special_only 未命中特色规则
（二）手术室	536	1605601	扎皮机板-4件/Z1029	1	22.0	22.0	warning	special_only 未命中特色规则
（二）手术室	537	1605601	驱血带	5	2.5	2.5	warning	敷料包(无纺布包)——未识别规格
（二）手术室	538	1605601	持物钳罐-2件/W605060	1	16.5	16.5	warning	special_only 未命中特色规则
（二）手术室	539	1605601	弹钩-2/W6050	1	16.5	16.5	warning	special_only 未命中特色规则
（二）手术室	540	1605601	方盘-1/W9050	4	16.5	16.5	warning	special_only 未命中特色规则
（二）手术室	541	1605601	滚轴(植皮刀)-1件/W6050	2	16.5	16.5	warning	special_only 未命中特色规则
（二）手术室	542	1605821	缝合包	2	88.0	88.0	warning	special_only 未命中特色规则
（二）手术室	543	1605821	肌钩-2/Z1026	1	13.5	13.5	warning	special_only 未命中特色规则
（二）手术室	544	1605821	止血钳-4/Z1530	1	22.0	22.0	warning	special_only 未命中特色规则
（二）手术室	545	1605821	组织钳-1/Z1026	1	8.0	8.0	warning	special_only 未命中特色规则
（二）手术室	546	1605821	切开包-10件	2	55.0	55.0	warning	special_only 未命中特色规则
（二）手术室	547	1605821	持物钳罐-2件/W605060	2	16.5	16.5	warning	special_only 未命中特色规则
（二）手术室	548	1605821	尺-1/W605060	1	16.5	16.5	warning	special_only 未命中特色规则
（二）手术室	549	1605831	缝合包	13	88.0	88.0	warning	special_only 未命中特色规则
（二）手术室	550	1605831	门诊整形包（二）	1	66.0	66.0	warning	special_only 未命中特色规则
（二）手术室	551	1605831	手科包	1	154.0	154.0	warning	special_only 未命中特色规则
（二）手术室	552	1605831	骨科剥离质-1/Z7534	1	8.0	8.0	warning	special_only 未命中特色规则
（二）手术室	553	1605831	肌钩-2/Z1026	1	13.5	13.5	warning	special_only 未命中特色规则
（二）手术室	554	1605831	克氏钳-1/双z1029	1	13.5	13.5	warning	special_only 未命中特色规则
（二）手术室	555	1605831	手科爪鞍钩-1 /Z7526	2	8.0	8.0	warning	special_only 未命中特色规则
（二）手术室	556	1605831	手科爪钩-2/Z1535	1	16.5	16.5	warning	special_only 未命中特色规则
（二）手术室	557	1605831	咬骨钳-1/Z2032	3	13.0	13.0	warning	special_only 未命中特色规则
（二）手术室	558	1605831	咬丝器-1/Z双2032	3	16.5	16.5	warning	special_only 未命中特色规则
（二）手术室	559	1605831	门诊整形（五）	1	66.0	66.0	warning	special_only 未命中特色规则
（二）手术室	560	1605831	门诊整形包（三）	1	88.0	88.0	warning	special_only 未命中特色规则
（二）手术室	561	1605831	切开包-10件	2	55.0	55.0	warning	special_only 未命中特色规则
（二）手术室	562	1605831	持物钳罐-2件/W605060	6	16.5	16.5	warning	special_only 未命中特色规则
（二）手术室	563	1605831	肱骨复位器-2/W5050	1	16.5	16.5	warning	special_only 未命中特色规则
（二）手术室	564	1605831	骨电钻-3件/W705060	3	16.5	16.5	warning	special_only 未命中特色规则
（二）手术室	565	1605831	弯盘1小碗1/W9050	1	16.5	16.5	warning	special_only 未命中特色规则
（二）手术室	566	1605831	咬丝器1持针器1/W6050	3	16.5	16.5	warning	special_only 未命中特色规则
（二）手术室	567	1605924	缝合包	9	88.0	88.0	warning	special_only 未命中特色规则
（二）手术室	568	1605924	门诊整形包（二）	1	66.0	66.0	warning	special_only 未命中特色规则
（二）手术室	569	1605924	电动取皮机-6件 筐1/W12050	1	38.5	38.5	warning	special_only 未命中特色规则
（二）手术室	570	1605924	刮勺-1/Z7526	2	8.0	8.0	warning	special_only 未命中特色规则
（二）手术室	571	1605924	聂广辰专用剪刀-1/Z1029	1	8.0	8.0	warning	special_only 未命中特色规则
（二）手术室	572	1605924	咬丝器-1/Z双2032	1	16.5	16.5	warning	special_only 未命中特色规则
（二）手术室	573	1605924	持物钳罐-2件/W605060	1	16.5	16.5	warning	special_only 未命中特色规则
（二）手术室	574	1605924	电钻-3/W705060	1	16.5	16.5	warning	special_only 未命中特色规则
（二）手术室	575	1605924	方盘-1/W9050	1	16.5	16.5	warning	special_only 未命中特色规则
（二）手术室	576	1605924	骨电钻-2件	1	16.5	16.5	warning	special_only 未命中特色规则
（二）手术室	577	1605924	固指板-1/W7050	2	16.5	16.5	warning	special_only 未命中特色规则
（二）手术室	578	1606018	缝合包	7	88.0	88.0	warning	special_only 未命中特色规则
（二）手术室	579	1606018	骨科剥离质-1/Z7534	2	8.0	8.0	warning	special_only 未命中特色规则
（二）手术室	580	1606018	刮勺-1/Z7526	1	8.0	8.0	warning	special_only 未命中特色规则
（二）手术室	581	1606018	肌钩-2/Z1026	2	13.5	13.5	warning	special_only 未命中特色规则
（二）手术室	582	1606018	剪刀-1/Z1530	1	11.0	11.0	warning	special_only 未命中特色规则
（二）手术室	583	1606018	解剖剪刀-1/Z1029	1	8.0	8.0	warning	special_only 未命中特色规则
（二）手术室	584	1606018	手科爪鞍钩-1 /Z7526	2	8.0	8.0	warning	special_only 未命中特色规则
（二）手术室	585	1606018	手科爪钩-2/Z1535	3	16.5	16.5	warning	special_only 未命中特色规则
（二）手术室	586	1606018	咬骨钳-1/Z2032	2	13.0	13.0	warning	special_only 未命中特色规则
（二）手术室	587	1606018	咬丝器-1/Z双2032	2	16.5	16.5	warning	special_only 未命中特色规则
（二）手术室	588	1606018	地巾	1	15.0	15.0	warning	敷料包(无纺布包)——未识别规格
（二）手术室	589	1606018	切开包-10件	5	55.0	55.0	warning	special_only 未命中特色规则
（二）手术室	590	1606018	持物钳罐-2件/W605060	2	16.5	16.5	warning	special_only 未命中特色规则
（二）手术室	591	1606018	电钻-3/W705060	3	16.5	16.5	warning	special_only 未命中特色规则
（二）手术室	592	1606018	骨电钻-2件	1	16.5	16.5	warning	special_only 未命中特色规则
（二）手术室	593	1606018	咬钉器-1手柄-2/W6050	1	16.5	16.5	warning	special_only 未命中特色规则
（二）手术室	594	1606018	咬丝器1持针器1/W6050	2	16.5	16.5	warning	special_only 未命中特色规则
（二）手术室	595	1606109	缝合包	3	88.0	88.0	warning	special_only 未命中特色规则
（二）手术室	596	1606109	手科包	1	154.0	154.0	warning	special_only 未命中特色规则
（二）手术室	597	1606109	小烧伤	1	165.0	165.0	warning	special_only 未命中特色规则
（二）手术室	598	1606109	刮勺-1/Z7526	1	8.0	8.0	warning	special_only 未命中特色规则
（二）手术室	599	1606109	聂广辰专用剪刀-1/Z1029	1	8.0	8.0	warning	special_only 未命中特色规则
（二）手术室	600	1606109	咬骨钳-1/Z2032	2	13.0	13.0	warning	special_only 未命中特色规则
（二）手术室	601	1606109	切开包-10件	1	55.0	55.0	warning	special_only 未命中特色规则
（二）手术室	602	1606109	弹钩-2/W6050	1	16.5	16.5	warning	special_only 未命中特色规则
（二）手术室	603	1606109	方盘-1/W9050	4	16.5	16.5	warning	special_only 未命中特色规则
（二）手术室	604	1606109	骨锉-1/W605060	1	16.5	16.5	warning	special_only 未命中特色规则
（二）手术室	605	1606109	滚轴(植皮刀)-1件/W6050	1	16.5	16.5	warning	special_only 未命中特色规则
（二）手术室	606	1606168	缝合包	3	88.0	88.0	warning	special_only 未命中特色规则
（二）手术室	607	1606168	肛肠包	1	104.5	104.5	warning	special_only 未命中特色规则
（二）手术室	608	1606168	门诊整形包（二）	1	66.0	66.0	warning	special_only 未命中特色规则
（二）手术室	609	1606168	电动取皮机-6件 筐1/W12050	1	38.5	38.5	warning	special_only 未命中特色规则
（二）手术室	610	1606168	肛肠探针-1/Z7520	1	8.0	8.0	warning	special_only 未命中特色规则
（二）手术室	611	1606168	刮勺-1/Z7526	3	8.0	8.0	warning	special_only 未命中特色规则
（二）手术室	612	1606168	咬骨钳-1/Z2032	1	13.0	13.0	warning	special_only 未命中特色规则
（二）手术室	613	1606168	持物钳罐-2件/W605060	2	16.5	16.5	warning	special_only 未命中特色规则
（二）手术室	614	1606168	方盘-1/W9050	1	16.5	16.5	warning	special_only 未命中特色规则
（二）手术室	615	1606420	缝合包	17	88.0	88.0	warning	special_only 未命中特色规则
（二）手术室	616	1606420	肛肠包	1	104.5	104.5	warning	special_only 未命中特色规则
（二）手术室	617	1606420	手科包	1	154.0	154.0	warning	special_only 未命中特色规则
（二）手术室	618	1606420	电动取皮机-6件 筐1/W12050	1	38.5	38.5	warning	special_only 未命中特色规则
（二）手术室	619	1606420	骨科剥离质-1/Z7534	1	8.0	8.0	warning	special_only 未命中特色规则
（二）手术室	620	1606420	刮勺-1/Z7526	1	8.0	8.0	warning	special_only 未命中特色规则
（二）手术室	621	1606420	肌钩-2/Z1026	2	13.5	13.5	warning	special_only 未命中特色规则
（二）手术室	622	1606420	小止血钳-2/z1026	1	13.5	13.5	warning	special_only 未命中特色规则
（二）手术室	623	1606420	咬骨钳-1/Z2032	4	13.0	13.0	warning	special_only 未命中特色规则
（二）手术室	624	1606420	咬丝器-1/Z双2032	4	16.5	16.5	warning	special_only 未命中特色规则
（二）手术室	625	1606420	止血钳-4/Z1530	2	22.0	22.0	warning	special_only 未命中特色规则
（二）手术室	626	1606420	止血钳大-2/Z1535	1	16.5	16.5	warning	special_only 未命中特色规则
（二）手术室	627	1606420	组织钳-1/Z1026	1	8.0	8.0	warning	special_only 未命中特色规则
（二）手术室	628	1606420	地巾	1	15.0	15.0	warning	敷料包(无纺布包)——未识别规格
（二）手术室	629	1606420	持物钳罐-2件/W605060	4	16.5	16.5	warning	special_only 未命中特色规则
（二）手术室	630	1606420	弹钩-2/W6050	1	16.5	16.5	warning	special_only 未命中特色规则
（二）手术室	631	1606420	电钻-3/W705060	3	16.5	16.5	warning	special_only 未命中特色规则
（二）手术室	632	1606420	骨电钻-2件	3	16.5	16.5	warning	special_only 未命中特色规则
（二）手术室	633	1606420	固指板-1/W7050	1	16.5	16.5	warning	special_only 未命中特色规则
（二）手术室	634	1606420	咬丝器1持针器1/W6050	1	16.5	16.5	warning	special_only 未命中特色规则
（二）手术室	635	1606550	缝合包	11	88.0	88.0	warning	special_only 未命中特色规则
（二）手术室	636	1606550	慢创包	1	148.5	148.5	warning	special_only 未命中特色规则
（二）手术室	637	1606550	电动取皮机-6件 筐1/W12050	1	38.5	38.5	warning	special_only 未命中特色规则
（二）手术室	638	1606550	刮勺-1/Z7526	2	8.0	8.0	warning	special_only 未命中特色规则
（二）手术室	639	1606550	剪刀-1/Z1530	2	11.0	11.0	warning	special_only 未命中特色规则
（二）手术室	640	1606550	剪刀小-1/Z1026	1	8.0	8.0	warning	special_only 未命中特色规则
（二）手术室	641	1606550	聂广辰专用剪刀-1/Z1029	2	8.0	8.0	warning	special_only 未命中特色规则
（二）手术室	642	1606550	平镊-1/Z7530	1	8.0	8.0	warning	special_only 未命中特色规则
（二）手术室	643	1606550	手科剥离质-1/Z7530	1	8.0	8.0	warning	special_only 未命中特色规则
（二）手术室	644	1606550	手科爪钩-2/Z1535	1	16.5	16.5	warning	special_only 未命中特色规则
（二）手术室	645	1606550	咬骨钳-1/Z2032	3	13.0	13.0	warning	special_only 未命中特色规则
（二）手术室	646	1606550	咬丝器-1/Z双2032	1	16.5	16.5	warning	special_only 未命中特色规则
（二）手术室	647	1606550	止血钳-4/Z1530	1	22.0	22.0	warning	special_only 未命中特色规则
（二）手术室	648	1606550	切开包-10件	1	55.0	55.0	warning	special_only 未命中特色规则
（二）手术室	649	1606550	持物钳罐-2件/W605060	3	16.5	16.5	warning	special_only 未命中特色规则
（二）手术室	650	1606550	尺-1/W605060	1	16.5	16.5	warning	special_only 未命中特色规则
（二）手术室	651	1606550	方盘-1/W9050	6	16.5	16.5	warning	special_only 未命中特色规则
（二）手术室	652	1606550	滚轴(植皮刀)-1件/W6050	2	16.5	16.5	warning	special_only 未命中特色规则
（二）手术室	653	1606565	缝合包	2	88.0	88.0	warning	special_only 未命中特色规则
（二）手术室	654	1606565	手科包	1	154.0	154.0	warning	special_only 未命中特色规则
（二）手术室	655	1606565	电动取皮机-6件 筐1/W12050	1	38.5	38.5	warning	special_only 未命中特色规则
（二）手术室	656	1606565	肌钩-2/Z1026	1	13.5	13.5	warning	special_only 未命中特色规则
（二）手术室	657	1606565	止血钳-4/Z1530	1	22.0	22.0	warning	special_only 未命中特色规则
（二）手术室	658	1606565	切开包-10件	1	55.0	55.0	warning	special_only 未命中特色规则
（二）手术室	659	1606565	持物钳罐-2件/W605060	3	16.5	16.5	warning	special_only 未命中特色规则
（二）手术室	660	1606565	方盘-1/W9050	1	16.5	16.5	warning	special_only 未命中特色规则
（二）手术室	661	1606785	缝合包	7	88.0	88.0	warning	special_only 未命中特色规则
（二）手术室	662	1606785	手科包	1	154.0	154.0	warning	special_only 未命中特色规则
（二）手术室	663	1606785	肌钩-2/Z1026	1	13.5	13.5	warning	special_only 未命中特色规则
（二）手术室	664	1606785	手科爪鞍钩-1 /Z7526	1	8.0	8.0	warning	special_only 未命中特色规则
（二）手术室	665	1606785	咬骨钳-1/Z2032	1	13.0	13.0	warning	special_only 未命中特色规则
（二）手术室	666	1606785	止血钳-4/Z1530	1	22.0	22.0	warning	special_only 未命中特色规则
（二）手术室	667	1606785	持物钳罐-2件/W605060	2	16.5	16.5	warning	special_only 未命中特色规则
（二）手术室	668	1606785	电钻-3/W705060	1	16.5	16.5	warning	special_only 未命中特色规则
（二）手术室	669	1606785	骨电钻-2件	1	16.5	16.5	warning	special_only 未命中特色规则
（二）手术室	670	1606785	咬丝器1持针器1/W6050	1	16.5	16.5	warning	special_only 未命中特色规则
（二）手术室	671	1606878	缝合包	5	88.0	88.0	warning	special_only 未命中特色规则
（二）手术室	672	1606878	小烧伤	1	165.0	165.0	warning	special_only 未命中特色规则
（二）手术室	673	1606878	刮勺-1/Z7526	1	8.0	8.0	warning	special_only 未命中特色规则
（二）手术室	674	1606878	剪刀-1/Z1530	1	11.0	11.0	warning	special_only 未命中特色规则
（二）手术室	675	1606878	平镊-1/Z7530	1	8.0	8.0	warning	special_only 未命中特色规则
（二）手术室	676	1606878	小止血钳-2/z1026	1	13.5	13.5	warning	special_only 未命中特色规则
（二）手术室	677	1606878	咬骨钳-1/Z2032	1	13.0	13.0	warning	special_only 未命中特色规则
（二）手术室	678	1606878	止血钳大-2/Z1535	1	16.5	16.5	warning	special_only 未命中特色规则
（二）手术室	679	1606878	地巾	1	15.0	15.0	warning	敷料包(无纺布包)——未识别规格
（二）手术室	680	1606878	驱血带	3	2.5	2.5	warning	敷料包(无纺布包)——未识别规格
（二）手术室	681	1606878	切开包-10件	2	55.0	55.0	warning	special_only 未命中特色规则
（二）手术室	682	1606878	持物钳罐-2件/W605060	3	16.5	16.5	warning	special_only 未命中特色规则
（二）手术室	683	1606878	方盘-1/W9050	2	16.5	16.5	warning	special_only 未命中特色规则
（二）手术室	684	1606878	骨锉-1/W605060	1	16.5	16.5	warning	special_only 未命中特色规则
（二）手术室	685	1606878	固指板-1/W7050	1	16.5	16.5	warning	special_only 未命中特色规则
（二）手术室	686	1606878	滚轴(植皮刀)-1件/W6050	1	16.5	16.5	warning	special_only 未命中特色规则
（二）手术室	687	1606878	薛岩手科凿子-5/Z6050	1	27.5	27.5	warning	special_only 未命中特色规则
（二）手术室	688	1606918	缝合包	1	88.0	88.0	warning	special_only 未命中特色规则
（二）手术室	689	1606918	手科包	1	154.0	154.0	warning	special_only 未命中特色规则
（二）手术室	690	1606918	平镊-1/Z7530	1	8.0	8.0	warning	special_only 未命中特色规则
（二）手术室	691	1606918	手科爪鞍钩-1 /Z7526	1	8.0	8.0	warning	special_only 未命中特色规则
（二）手术室	692	1606918	止血钳-4/Z1530	1	22.0	22.0	warning	special_only 未命中特色规则
（二）手术室	693	1606918	切开包-10件	1	55.0	55.0	warning	special_only 未命中特色规则
（二）手术室	694	1606918	弹钩-2/W6050	1	16.5	16.5	warning	special_only 未命中特色规则
（二）手术室	695	1606918	方盘-1/W9050	1	16.5	16.5	warning	special_only 未命中特色规则
（二）手术室	696	1607131	缝合包	15	88.0	88.0	warning	special_only 未命中特色规则
（二）手术室	697	1607131	4号刀柄-1/z7526	1	8.0	8.0	warning	special_only 未命中特色规则
（二）手术室	698	1607131	持针器-1/Z1026	1	8.0	8.0	warning	special_only 未命中特色规则
（二）手术室	699	1607131	骨科剥离质-1/Z7534	1	8.0	8.0	warning	special_only 未命中特色规则
（二）手术室	700	1607131	刮勺-1/Z7526	1	8.0	8.0	warning	special_only 未命中特色规则
（二）手术室	701	1607131	肌钩-2/Z1026	4	13.5	13.5	warning	special_only 未命中特色规则
（二）手术室	702	1607131	尖嘴复位器-1/Z1535	1	11.0	11.0	warning	special_only 未命中特色规则
（二）手术室	703	1607131	手科爪鞍钩-1 /Z7526	1	8.0	8.0	warning	special_only 未命中特色规则
（二）手术室	704	1607131	咬骨钳-1/Z2032	1	13.0	13.0	warning	special_only 未命中特色规则
（二）手术室	705	1607131	咬丝器-1/Z双2032	4	16.5	16.5	warning	special_only 未命中特色规则
（二）手术室	706	1607131	止血钳-4/Z1530	1	22.0	22.0	warning	special_only 未命中特色规则
（二）手术室	707	1607131	止血钳大-2/Z1535	1	16.5	16.5	warning	special_only 未命中特色规则
（二）手术室	708	1607131	组织钳-1/Z1026	1	8.0	8.0	warning	special_only 未命中特色规则
（二）手术室	709	1607131	持物钳罐-2件/W605060	4	16.5	16.5	warning	special_only 未命中特色规则
（二）手术室	710	1607131	弹钩-2/W6050	1	16.5	16.5	warning	special_only 未命中特色规则
（二）手术室	711	1607131	电钻-3/W705060	2	16.5	16.5	warning	special_only 未命中特色规则
（二）手术室	712	1607131	方盘-1/W9050	3	16.5	16.5	warning	special_only 未命中特色规则
（二）手术室	713	1607131	骨电钻-2件	3	16.5	16.5	warning	special_only 未命中特色规则
（二）手术室	714	1607131	咬丝器1持针器1/W6050	1	16.5	16.5	warning	special_only 未命中特色规则
（二）手术室	715	1607286	缝合包	6	88.0	88.0	warning	special_only 未命中特色规则
（二）手术室	716	1607286	慢创包	1	148.5	148.5	warning	special_only 未命中特色规则
（二）手术室	717	1607286	小烧伤	1	165.0	165.0	warning	special_only 未命中特色规则
（二）手术室	718	1607286	4号刀柄-1/z7526	1	8.0	8.0	warning	special_only 未命中特色规则
（二）手术室	719	1607286	剪刀-1/Z1530	1	11.0	11.0	warning	special_only 未命中特色规则
（二）手术室	720	1607286	手科剥离质-1/Z7530	1	8.0	8.0	warning	special_only 未命中特色规则
（二）手术室	721	1607286	手科爪鞍钩-1 /Z7526	1	8.0	8.0	warning	special_only 未命中特色规则
（二）手术室	722	1607286	咬骨钳-1/Z2032	1	13.0	13.0	warning	special_only 未命中特色规则
（二）手术室	723	1607286	咬丝器-1/Z双2032	2	16.5	16.5	warning	special_only 未命中特色规则
（二）手术室	724	1607286	止血钳-4/Z1530	2	22.0	22.0	warning	special_only 未命中特色规则
（二）手术室	725	1607286	地巾	1	15.0	15.0	warning	敷料包(无纺布包)——未识别规格
（二）手术室	726	1607286	驱血带	5	2.5	2.5	warning	敷料包(无纺布包)——未识别规格
（二）手术室	727	1607286	电钻-3/W705060	1	16.5	16.5	warning	special_only 未命中特色规则
（二）手术室	728	1607286	方盘-1/W9050	3	16.5	16.5	warning	special_only 未命中特色规则
（二）手术室	729	1607286	固指板-1/W7050	1	16.5	16.5	warning	special_only 未命中特色规则
（二）手术室	730	1607292	缝合包	2	88.0	88.0	warning	special_only 未命中特色规则
（二）手术室	731	1607292	持针器-1/Z1026	2	8.0	8.0	warning	special_only 未命中特色规则
（二）手术室	732	1607292	肌钩-2/Z1026	1	13.5	13.5	warning	special_only 未命中特色规则
（二）手术室	733	1607292	剪刀小-1/Z1026	3	8.0	8.0	warning	special_only 未命中特色规则
（二）手术室	734	1607292	解剖剪刀-1/Z1029	1	8.0	8.0	warning	special_only 未命中特色规则
（二）手术室	735	1607292	手科剥离质-1/Z7530	1	8.0	8.0	warning	special_only 未命中特色规则
（二）手术室	736	1607292	手科爪鞍钩-1 /Z7526	1	8.0	8.0	warning	special_only 未命中特色规则
（二）手术室	737	1607292	止血钳-4/Z1530	1	22.0	22.0	warning	special_only 未命中特色规则
（二）手术室	738	1607292	门诊整形包（三）	1	88.0	88.0	warning	special_only 未命中特色规则
（二）手术室	739	1607292	切开包-10件	2	55.0	55.0	warning	special_only 未命中特色规则
（二）手术室	740	1607292	持物钳罐-2件/W605060	1	16.5	16.5	warning	special_only 未命中特色规则
（二）手术室	741	1607517	大烧伤	1	264.0	264.0	warning	special_only 未命中特色规则
（二）手术室	742	1607517	缝合包	13	88.0	88.0	warning	special_only 未命中特色规则
（二）手术室	743	1607517	手科包	1	154.0	154.0	warning	special_only 未命中特色规则
（二）手术室	744	1607517	电动取皮机-6件 筐1/W12050	2	38.5	38.5	warning	special_only 未命中特色规则
（二）手术室	745	1607517	骨科剥离质-1/Z7534	1	8.0	8.0	warning	special_only 未命中特色规则
（二）手术室	746	1607517	肌钩-2/Z1026	1	13.5	13.5	warning	special_only 未命中特色规则
（二）手术室	747	1607517	剪刀-1/Z1530	1	11.0	11.0	warning	special_only 未命中特色规则
（二）手术室	748	1607517	巾钳子-1/Z1026	1	8.0	8.0	warning	special_only 未命中特色规则
（二）手术室	749	1607517	手科剥离质-1/Z7530	1	8.0	8.0	warning	special_only 未命中特色规则
（二）手术室	750	1607517	咬骨钳-1/Z2032	1	13.0	13.0	warning	special_only 未命中特色规则
（二）手术室	751	1607517	咬丝器-1/Z双2032	3	16.5	16.5	warning	special_only 未命中特色规则
（二）手术室	752	1607517	门诊整形（四）	1	66.0	66.0	warning	special_only 未命中特色规则
（二）手术室	753	1607517	切开包-10件	1	55.0	55.0	warning	special_only 未命中特色规则
（二）手术室	754	1607517	持物钳罐-2件/W605060	5	16.5	16.5	warning	special_only 未命中特色规则
（二）手术室	755	1607517	弹钩-2/W6050	1	16.5	16.5	warning	special_only 未命中特色规则
（二）手术室	756	1607517	电钻-3/W705060	1	16.5	16.5	warning	special_only 未命中特色规则
（二）手术室	757	1607517	方盘-1/W9050	2	16.5	16.5	warning	special_only 未命中特色规则
（二）手术室	758	1607517	骨电钻-2件	2	16.5	16.5	warning	special_only 未命中特色规则
（二）手术室	759	1607517	滚轴(植皮刀)-1件/W6050	1	16.5	16.5	warning	special_only 未命中特色规则
（二）手术室	760	1607652	缝合包	8	88.0	88.0	warning	special_only 未命中特色规则
（二）手术室	761	1607652	骨一薛岩撑开器-1/Z1526	1	11.0	11.0	warning	special_only 未命中特色规则
（二）手术室	762	1607652	肌钩-2/Z1026	1	13.5	13.5	warning	special_only 未命中特色规则
（二）手术室	763	1607652	剪刀-1/Z1530	1	11.0	11.0	warning	special_only 未命中特色规则
（二）手术室	764	1607652	手科剥离质-1/Z7530	2	8.0	8.0	warning	special_only 未命中特色规则
（二）手术室	765	1607652	手科爪钩-2/Z1535	1	16.5	16.5	warning	special_only 未命中特色规则
（二）手术室	766	1607652	咬骨钳-1/Z2032	1	13.0	13.0	warning	special_only 未命中特色规则
（二）手术室	767	1607652	咬丝器-1/Z双2032	3	16.5	16.5	warning	special_only 未命中特色规则
（二）手术室	768	1607652	地巾	1	15.0	15.0	warning	敷料包(无纺布包)——未识别规格
（二）手术室	769	1607652	门诊整形包（三）	1	88.0	88.0	warning	special_only 未命中特色规则
（二）手术室	770	1607652	尺-1/W605060	2	16.5	16.5	warning	special_only 未命中特色规则
（二）手术室	771	1607652	电钻-3/W705060	1	16.5	16.5	warning	special_only 未命中特色规则
（二）手术室	772	1607652	方盘-1/W9050	2	16.5	16.5	warning	special_only 未命中特色规则
（二）手术室	773	1607652	骨电钻-2件	2	16.5	16.5	warning	special_only 未命中特色规则
（二）手术室	774	1607652	滚轴(植皮刀)-1件/W6050	1	16.5	16.5	warning	special_only 未命中特色规则
（二）手术室	775	1607869	缝合包	10	88.0	88.0	warning	special_only 未命中特色规则
（二）手术室	776	1607869	门诊整形包（二）	1	66.0	66.0	warning	special_only 未命中特色规则
（二）手术室	777	1607869	手科包	1	154.0	154.0	warning	special_only 未命中特色规则
（二）手术室	778	1607869	锤子-1/双z1535	1	16.5	16.5	warning	special_only 未命中特色规则
（二）手术室	779	1607869	肌钩-2/Z1026	2	13.5	13.5	warning	special_only 未命中特色规则
（二）手术室	780	1607869	剪刀-1/Z1530	1	11.0	11.0	warning	special_only 未命中特色规则
（二）手术室	781	1607869	克氏钳-1/双z1029	2	13.5	13.5	warning	special_only 未命中特色规则
（二）手术室	782	1607869	手科剥离质-1/Z7530	1	8.0	8.0	warning	special_only 未命中特色规则
（二）手术室	783	1607869	咬骨钳-1/Z2032	3	13.0	13.0	warning	special_only 未命中特色规则
（二）手术室	784	1607869	咬丝器-1/Z双2032	3	16.5	16.5	warning	special_only 未命中特色规则
（二）手术室	785	1607869	爪鞍钩-2 /Z7526	1	13.5	13.5	warning	special_only 未命中特色规则
（二）手术室	786	1607869	组织钳-1/Z1026	1	8.0	8.0	warning	special_only 未命中特色规则
（二）手术室	787	1607869	门诊整形（四）	1	66.0	66.0	warning	special_only 未命中特色规则
（二）手术室	788	1607869	门诊整形（一）	2	66.0	66.0	warning	special_only 未命中特色规则
（二）手术室	789	1607869	切开包-10件	7	55.0	55.0	warning	special_only 未命中特色规则
（二）手术室	790	1607869	持物钳罐-2件/W605060	8	16.5	16.5	warning	special_only 未命中特色规则
（二）手术室	791	1607869	电钻-3/W705060	3	16.5	16.5	warning	special_only 未命中特色规则
（二）手术室	792	1607869	方盘-1/W9050	2	16.5	16.5	warning	special_only 未命中特色规则
（二）手术室	793	1607869	骨电钻-2件	3	16.5	16.5	warning	special_only 未命中特色规则
（二）手术室	794	1607869	固指板-1/W7050	2	16.5	16.5	warning	special_only 未命中特色规则
（二）手术室	795	1607869	薛岩手科凿子-5/Z6050	1	27.5	27.5	warning	special_only 未命中特色规则
（二）手术室	796	1607869	咬丝器1持针器1/W6050	1	16.5	16.5	warning	special_only 未命中特色规则
（二）手术室	797	1607960	缝合包	18	88.0	88.0	warning	special_only 未命中特色规则
（二）手术室	798	1607960	骨科剥离质-1/Z7534	1	8.0	8.0	warning	special_only 未命中特色规则
（二）手术室	799	1607960	肌钩-2/Z1026	2	13.5	13.5	warning	special_only 未命中特色规则
（二）手术室	800	1607960	巾钳子-1/Z1026	1	8.0	8.0	warning	special_only 未命中特色规则
（二）手术室	801	1607960	聂广辰专用剪刀-1/Z1029	1	8.0	8.0	warning	special_only 未命中特色规则
（二）手术室	802	1607960	手科爪鞍钩-1 /Z7526	2	8.0	8.0	warning	special_only 未命中特色规则
（二）手术室	803	1607960	手科爪钩-2/Z1535	3	16.5	16.5	warning	special_only 未命中特色规则
（二）手术室	804	1607960	咬骨钳-1/Z2032	3	13.0	13.0	warning	special_only 未命中特色规则
（二）手术室	805	1607960	咬丝器-1/Z双2032	3	16.5	16.5	warning	special_only 未命中特色规则
（二）手术室	806	1607960	切开包-10件	1	55.0	55.0	warning	special_only 未命中特色规则
（二）手术室	807	1607960	持物钳罐-2件/W605060	1	16.5	16.5	warning	special_only 未命中特色规则
（二）手术室	808	1607960	电钻-3/W705060	3	16.5	16.5	warning	special_only 未命中特色规则
（二）手术室	809	1607960	骨电钻-2件	1	16.5	16.5	warning	special_only 未命中特色规则
（二）手术室	810	1607960	咬丝器1持针器1/W6050	1	16.5	16.5	warning	special_only 未命中特色规则
（二）手术室	811	1608021	缝合包	17	88.0	88.0	warning	special_only 未命中特色规则
（二）手术室	812	1608021	刮勺-1/Z7526	1	8.0	8.0	warning	special_only 未命中特色规则
（二）手术室	813	1608021	肌钩-2/Z1026	3	13.5	13.5	warning	special_only 未命中特色规则
（二）手术室	814	1608021	手科剥离质-1/Z7530	1	8.0	8.0	warning	special_only 未命中特色规则
（二）手术室	815	1608021	手科爪鞍钩-1 /Z7526	1	8.0	8.0	warning	special_only 未命中特色规则
（二）手术室	816	1608021	手科爪钩-2/Z1535	2	16.5	16.5	warning	special_only 未命中特色规则
（二）手术室	817	1608021	咬骨钳-1/Z2032	3	13.0	13.0	warning	special_only 未命中特色规则
（二）手术室	818	1608021	咬丝器-1/Z双2032	3	16.5	16.5	warning	special_only 未命中特色规则
（二）手术室	819	1608021	组织钳-1/Z1026	1	8.0	8.0	warning	special_only 未命中特色规则
（二）手术室	820	1608021	地巾	1	15.0	15.0	warning	敷料包(无纺布包)——未识别规格
（二）手术室	821	1608021	持物钳罐-2件/W605060	2	16.5	16.5	warning	special_only 未命中特色规则
（二）手术室	822	1608021	方盘-1/W9050	1	16.5	16.5	warning	special_only 未命中特色规则
（二）手术室	823	1608021	骨电钻-2件	3	16.5	16.5	warning	special_only 未命中特色规则
（二）手术室	824	1608021	骨电钻-3件/W705060	1	16.5	16.5	warning	special_only 未命中特色规则
（二）手术室	825	1608021	咬丝器1持针器1/W6050	1	16.5	16.5	warning	special_only 未命中特色规则
（二）手术室	826	1608146	缝合包	7	88.0	88.0	warning	special_only 未命中特色规则
（二）手术室	827	1608146	手科包	1	154.0	154.0	warning	special_only 未命中特色规则
（二）手术室	828	1608146	骨科剥离质-1/Z7534	1	8.0	8.0	warning	special_only 未命中特色规则
（二）手术室	829	1608146	肌钩-2/Z1026	2	13.5	13.5	warning	special_only 未命中特色规则
（二）手术室	830	1608146	解剖剪刀-1/Z1029	1	8.0	8.0	warning	special_only 未命中特色规则
（二）手术室	831	1608146	克氏钳-1/双z1029	1	13.5	13.5	warning	special_only 未命中特色规则
（二）手术室	832	1608146	手科剥离质-1/Z7530	1	8.0	8.0	warning	special_only 未命中特色规则
（二）手术室	833	1608146	手科爪鞍钩-1 /Z7526	1	8.0	8.0	warning	special_only 未命中特色规则
（二）手术室	834	1608146	手科爪钩-2/Z1535	2	16.5	16.5	warning	special_only 未命中特色规则
（二）手术室	835	1608146	小弯止血钳-4/Z1530	1	22.0	22.0	warning	special_only 未命中特色规则
（二）手术室	836	1608146	咬骨钳-1/Z2032	1	13.0	13.0	warning	special_only 未命中特色规则
（二）手术室	837	1608146	咬丝器-1/Z双2032	2	16.5	16.5	warning	special_only 未命中特色规则
（二）手术室	838	1608146	组织钳-1/Z1026	1	8.0	8.0	warning	special_only 未命中特色规则
（二）手术室	839	1608146	持物钳罐-2件/W605060	2	16.5	16.5	warning	special_only 未命中特色规则
（二）手术室	840	1608146	骨锉-1/W605060	1	16.5	16.5	warning	special_only 未命中特色规则
（二）手术室	841	1608146	骨电钻-3件/W705060	3	16.5	16.5	warning	special_only 未命中特色规则
（二）手术室	842	1608149	大烧伤	1	264.0	264.0	warning	special_only 未命中特色规则
（二）手术室	843	1608149	缝合包	2	88.0	88.0	warning	special_only 未命中特色规则
（二）手术室	844	1608149	肛肠包	1	104.5	104.5	warning	special_only 未命中特色规则
（二）手术室	845	1608149	新轧皮机1号-4件（盒1）	1	27.5	27.5	warning	special_only 未命中特色规则
（二）手术室	846	1608149	新轧皮机2号-2件（盒1）	1	16.5	16.5	warning	special_only 未命中特色规则
（二）手术室	847	1608149	电动取皮机-6件 筐1/W12050	1	38.5	38.5	warning	special_only 未命中特色规则
（二）手术室	848	1608149	旧轧皮机（2号）-2件盒1/W12050	1	22.0	16.5	warning	校正价16.5
（二）手术室	849	1608149	持针器-1/Z1026	1	8.0	8.0	warning	special_only 未命中特色规则
（二）手术室	850	1608149	锤子-1/双z1535	1	16.5	16.5	warning	special_only 未命中特色规则
（二）手术室	851	1608149	咬骨钳-1/Z2032	1	13.0	13.0	warning	special_only 未命中特色规则
（二）手术室	852	1608149	咬丝器-1/Z双2032	1	16.5	16.5	warning	special_only 未命中特色规则
（二）手术室	853	1608149	凿子-3/双z1029	1	16.5	16.5	warning	special_only 未命中特色规则
（二）手术室	854	1608149	持物钳罐-2件/W605060	2	16.5	16.5	warning	special_only 未命中特色规则
（二）手术室	855	1608149	方盘-1/W9050	1	16.5	16.5	warning	special_only 未命中特色规则
（二）手术室	856	1608149	骨电钻-2件	1	16.5	16.5	warning	special_only 未命中特色规则
（二）手术室	857	1608149	滚轴(植皮刀)-1件/W6050	1	16.5	16.5	warning	special_only 未命中特色规则
（二）手术室	858	1608432	缝合包	6	88.0	88.0	warning	special_only 未命中特色规则
（二）手术室	859	1608432	电动取皮机-6件 筐1/W12050	1	38.5	38.5	warning	special_only 未命中特色规则
（二）手术室	860	1608432	4号刀柄-1/z7526	1	8.0	8.0	warning	special_only 未命中特色规则
（二）手术室	861	1608432	肌钩-2/Z1026	1	13.5	13.5	warning	special_only 未命中特色规则
（二）手术室	862	1608432	咬骨钳-1/Z2032	3	13.0	13.0	warning	special_only 未命中特色规则
（二）手术室	863	1608432	咬丝器-1/Z双2032	1	16.5	16.5	warning	special_only 未命中特色规则
（二）手术室	864	1608432	止血钳-4/Z1530	3	22.0	22.0	warning	special_only 未命中特色规则
（二）手术室	865	1608432	门诊整形（一）	1	66.0	66.0	warning	special_only 未命中特色规则
（二）手术室	866	1608432	切开包-10件	4	55.0	55.0	warning	special_only 未命中特色规则
（二）手术室	867	1608432	持物钳罐-2件/W605060	7	16.5	16.5	warning	special_only 未命中特色规则
（二）手术室	868	1608432	骨电钻-2件	1	16.5	16.5	warning	special_only 未命中特色规则
（二）手术室	869	1608518	电动取皮机-6件 筐1/W12050	1	38.5	38.5	warning	special_only 未命中特色规则
（二）手术室	870	1608518	地巾	1	15.0	15.0	warning	敷料包(无纺布包)——未识别规格
（二）手术室	871	1608542	大烧伤	1	264.0	264.0	warning	special_only 未命中特色规则
（二）手术室	872	1608542	缝合包	9	88.0	88.0	warning	special_only 未命中特色规则
（二）手术室	873	1608542	新轧皮机1号-4件（盒1）	1	27.5	27.5	warning	special_only 未命中特色规则
（二）手术室	874	1608542	新轧皮机2号-2件（盒1）	1	16.5	16.5	warning	special_only 未命中特色规则
（二）手术室	875	1608542	旧轧皮机（1号）-2件盒1/W9050	1	16.5	16.5	warning	special_only 未命中特色规则
（二）手术室	876	1608542	旧轧皮机（2号）-4盒1/W12050	1	33.0	33.0	warning	special_only 未命中特色规则
（二）手术室	877	1608542	刮勺-1/Z7526	2	8.0	8.0	warning	special_only 未命中特色规则
（二）手术室	878	1608542	肌钩-2/Z1026	3	13.5	13.5	warning	special_only 未命中特色规则
（二）手术室	879	1608542	手科剥离质-1/Z7530	1	8.0	8.0	warning	special_only 未命中特色规则
（二）手术室	880	1608542	手科爪鞍钩-1 /Z7526	2	8.0	8.0	warning	special_only 未命中特色规则
（二）手术室	881	1608542	手科爪钩-2/Z1535	1	16.5	16.5	warning	special_only 未命中特色规则
（二）手术室	882	1608542	咬骨钳-1/Z2032	2	13.0	13.0	warning	special_only 未命中特色规则
（二）手术室	883	1608542	咬丝器-1/Z双2032	2	16.5	16.5	warning	special_only 未命中特色规则
（二）手术室	884	1608542	持物钳罐-2件/W605060	2	16.5	16.5	warning	special_only 未命中特色规则
（二）手术室	885	1608542	方盘-1/W9050	5	16.5	16.5	warning	special_only 未命中特色规则
（二）手术室	886	1608542	骨锉-1/W605060	1	16.5	16.5	warning	special_only 未命中特色规则
（二）手术室	887	1608542	骨电钻-2件	1	16.5	16.5	warning	special_only 未命中特色规则
（二）手术室	888	1608542	骨电钻-3件/W705060	1	16.5	16.5	warning	special_only 未命中特色规则
（二）手术室	889	1608542	滚轴(植皮刀)-1件/W6050	2	16.5	16.5	warning	special_only 未命中特色规则
（二）手术室	890	1608542	弯盘1小碗1/W9050	1	16.5	16.5	warning	special_only 未命中特色规则
（二）手术室	891	1608581	缝合包	3	88.0	88.0	warning	special_only 未命中特色规则
（二）手术室	892	1608581	电动取皮机-6件 筐1/W12050	1	38.5	38.5	warning	special_only 未命中特色规则
（二）手术室	893	1608581	刮勺-1/Z7526	1	8.0	8.0	warning	special_only 未命中特色规则
（二）手术室	894	1608581	肌钩-2/Z1026	1	13.5	13.5	warning	special_only 未命中特色规则
（二）手术室	895	1608581	持物钳罐-2件/W605060	2	16.5	16.5	warning	special_only 未命中特色规则
（二）手术室	896	1608581	电钻-3/W705060	2	16.5	16.5	warning	special_only 未命中特色规则
（二）手术室	897	1608581	方盘-1/W9050	1	16.5	16.5	warning	special_only 未命中特色规则
（二）手术室	898	1608581	骨电钻-2件	1	16.5	16.5	warning	special_only 未命中特色规则
（二）手术室	899	1608581	薛岩手科凿子-5/Z6050	1	27.5	27.5	warning	special_only 未命中特色规则
（二）手术室	900	1608795	电动取皮机-6件 筐1/W12050	1	38.5	38.5	warning	special_only 未命中特色规则
（二）手术室	901	1608854	缝合包	15	88.0	88.0	warning	special_only 未命中特色规则
（二）手术室	902	1608854	手科包	1	154.0	154.0	warning	special_only 未命中特色规则
（二）手术室	903	1608854	锤子-1/双z1535	1	16.5	16.5	warning	special_only 未命中特色规则
（二）手术室	904	1608854	尖嘴复位器-1/Z1535	1	11.0	11.0	warning	special_only 未命中特色规则
（二）手术室	905	1608854	剪刀-1/Z1530	1	11.0	11.0	warning	special_only 未命中特色规则
（二）手术室	906	1608854	手科剥离质-1/Z7530	1	8.0	8.0	warning	special_only 未命中特色规则
（二）手术室	907	1608854	咬骨钳-1/Z2032	3	13.0	13.0	warning	special_only 未命中特色规则
（二）手术室	908	1608854	咬丝器-1/Z双2032	7	16.5	16.5	warning	special_only 未命中特色规则
（二）手术室	909	1608854	地巾	1	15.0	15.0	warning	敷料包(无纺布包)——未识别规格
（二）手术室	910	1608854	持物钳罐-2件/W605060	3	16.5	16.5	warning	special_only 未命中特色规则
（二）手术室	911	1608854	方盘-1/W9050	1	16.5	16.5	warning	special_only 未命中特色规则
（二）手术室	912	1608854	骨电钻-2件	2	16.5	16.5	warning	special_only 未命中特色规则
（二）手术室	913	1608854	骨电钻-3件/W705060	2	16.5	16.5	warning	special_only 未命中特色规则
（二）手术室	914	1608915	缝合包	2	88.0	88.0	warning	special_only 未命中特色规则
（二）手术室	915	1608915	手科包	1	154.0	154.0	warning	special_only 未命中特色规则
（二）手术室	916	1608915	小烧伤	1	165.0	165.0	warning	special_only 未命中特色规则
（二）手术室	917	1608915	整形包	1	176.0	176.0	warning	special_only 未命中特色规则
（二）手术室	918	1608915	电动取皮机-6件 筐1/W12050	1	38.5	38.5	warning	special_only 未命中特色规则
（二）手术室	919	1608915	麻杯-1/Z1526	1	11.0	11.0	warning	special_only 未命中特色规则
（二）手术室	920	1608915	手科爪钩-2/Z1535	1	16.5	16.5	warning	special_only 未命中特色规则
（二）手术室	921	1608915	咬骨钳-1/Z2032	1	13.0	13.0	warning	special_only 未命中特色规则
（二）手术室	922	1608915	门诊整形（一）	1	66.0	66.0	warning	special_only 未命中特色规则
（二）手术室	923	1608915	切开包-10件	2	55.0	55.0	warning	special_only 未命中特色规则
（二）手术室	924	1608915	持物钳罐-2件/W605060	2	16.5	16.5	warning	special_only 未命中特色规则
（二）手术室	925	1608915	方盘-1/W9050	1	16.5	16.5	warning	special_only 未命中特色规则
（二）手术室	926	1608915	弯盘1小碗1/W9050	1	16.5	16.5	warning	special_only 未命中特色规则
（二）手术室	927	1608941	电动取皮机-6件 筐1/W12050	1	38.5	38.5	warning	special_only 未命中特色规则
（二）手术室	928	1608941	方盘-1/W9050	1	16.5	16.5	warning	special_only 未命中特色规则
（二）手术室	929	1608945	大烧伤	1	264.0	264.0	warning	special_only 未命中特色规则
（二）手术室	930	1608945	门诊整形（五）	1	66.0	66.0	warning	special_only 未命中特色规则
（二）手术室	931	1608945	切开包-10件	1	55.0	55.0	warning	special_only 未命中特色规则
（二）手术室	932	1608945	持物钳罐-2件/W605060	1	16.5	16.5	warning	special_only 未命中特色规则
（二）手术室	933	1608945	滚轴(植皮刀)-1件/W6050	1	16.5	16.5	warning	special_only 未命中特色规则
（二）手术室	934	1609165	电动取皮机-6件 筐1/W12050	1	38.5	38.5	warning	special_only 未命中特色规则
（二）手术室	935	1609165	线锯-1/Z1026	10	8.0	8.0	warning	special_only 未命中特色规则
（二）手术室	936	1609165	咬骨钳-1/Z2032	3	13.0	13.0	warning	special_only 未命中特色规则
（二）手术室	937	1609165	植皮刀片-1/Z7520	20	8.0	8.0	warning	special_only 未命中特色规则
（二）手术室	938	1609165	地巾	1	15.0	15.0	warning	敷料包(无纺布包)——未识别规格
（二）手术室	939	1609165	尺-1/W605060	1	16.5	16.5	warning	special_only 未命中特色规则
（二）手术室	940	1609182	缝合包	5	88.0	88.0	warning	special_only 未命中特色规则
（二）手术室	941	1609182	电动取皮机-6件 筐1/W12050	1	38.5	38.5	warning	special_only 未命中特色规则
（二）手术室	942	1609182	咬丝器-1/Z双2032	1	16.5	16.5	warning	special_only 未命中特色规则
（二）手术室	943	1609186	缝合包	4	88.0	88.0	warning	special_only 未命中特色规则
（二）手术室	944	1609186	门诊整形包（二）	1	66.0	66.0	warning	special_only 未命中特色规则
（二）手术室	945	1609186	咬丝器-1/Z双2032	1	16.5	16.5	warning	special_only 未命中特色规则
（二）手术室	946	1609186	门诊整形（一）	1	66.0	66.0	warning	special_only 未命中特色规则
（二）手术室	947	1609186	切开包-10件	1	55.0	55.0	warning	special_only 未命中特色规则
（二）手术室	948	1609186	持物钳罐-2件/W605060	5	16.5	16.5	warning	special_only 未命中特色规则
（二）手术室	949	1609186	骨电钻-2件	1	16.5	16.5	warning	special_only 未命中特色规则
（二）手术室	950	1609186	骨电钻-3件/W705060	1	16.5	16.5	warning	special_only 未命中特色规则
（二）手术室	951	1609292	缝合包	4	88.0	88.0	warning	special_only 未命中特色规则
（二）手术室	952	1609292	小烧伤	1	165.0	165.0	warning	special_only 未命中特色规则
（二）手术室	953	1609292	电动取皮机-6件 筐1/W12050	1	38.5	38.5	warning	special_only 未命中特色规则
（二）手术室	954	1609292	持针器-1/Z1026	1	8.0	8.0	warning	special_only 未命中特色规则
（二）手术室	955	1609292	骨科剥离质-1/Z7534	1	8.0	8.0	warning	special_only 未命中特色规则
（二）手术室	956	1609292	刮勺-1/Z7526	1	8.0	8.0	warning	special_only 未命中特色规则
（二）手术室	957	1609292	肌钩-2/Z1026	1	13.5	13.5	warning	special_only 未命中特色规则
（二）手术室	958	1609292	剪刀小-1/Z1026	2	8.0	8.0	warning	special_only 未命中特色规则
（二）手术室	959	1609292	小弯止血钳-4/Z1530	1	22.0	22.0	warning	special_only 未命中特色规则
（二）手术室	960	1609292	咬骨钳-1/Z2032	2	13.0	13.0	warning	special_only 未命中特色规则
（二）手术室	961	1609292	门诊整形（五）	1	66.0	66.0	warning	special_only 未命中特色规则
（二）手术室	962	1609292	门诊整形（一）	1	66.0	66.0	warning	special_only 未命中特色规则
（二）手术室	963	1609292	切开包-10件	2	55.0	55.0	warning	special_only 未命中特色规则
（二）手术室	964	1609292	持物钳罐-2件/W605060	1	16.5	16.5	warning	special_only 未命中特色规则
（二）手术室	965	1609292	尺-1/W605060	1	16.5	16.5	warning	special_only 未命中特色规则
（二）手术室	966	1609292	方盘-1/W9050	3	16.5	16.5	warning	special_only 未命中特色规则
（二）手术室	967	1609292	滚轴(植皮刀)-1件/W6050	1	16.5	16.5	warning	special_only 未命中特色规则
（二）手术室	968	1609302	缝合包	3	88.0	88.0	warning	special_only 未命中特色规则
（二）手术室	969	1609302	手科包	1	154.0	154.0	warning	special_only 未命中特色规则
（二）手术室	970	1609302	小弯止血钳-4/Z1530	1	22.0	22.0	warning	special_only 未命中特色规则
（二）手术室	971	1609302	咬骨钳-1/Z2032	1	13.0	13.0	warning	special_only 未命中特色规则
（二）手术室	972	1609302	持物钳罐-2件/W605060	2	16.5	16.5	warning	special_only 未命中特色规则
（二）手术室	973	1609302	弹钩-2/W6050	1	16.5	16.5	warning	special_only 未命中特色规则
（二）手术室	974	1609302	方盘-1/W9050	2	16.5	16.5	warning	special_only 未命中特色规则
（二）手术室	975	1609302	滚轴(植皮刀)-1件/W6050	1	16.5	16.5	warning	special_only 未命中特色规则
（二）手术室	976	1609592	缝合包	13	88.0	88.0	warning	special_only 未命中特色规则
（二）手术室	977	1609592	4号刀柄-1/z7526	1	8.0	8.0	warning	special_only 未命中特色规则
（二）手术室	978	1609592	持针器-1/Z1026	1	8.0	8.0	warning	special_only 未命中特色规则
（二）手术室	979	1609592	骨科剥离质-1/Z7534	2	8.0	8.0	warning	special_only 未命中特色规则
（二）手术室	980	1609592	肌钩-2/Z1026	1	13.5	13.5	warning	special_only 未命中特色规则
（二）手术室	981	1609592	尖嘴复位器-1/Z1535	1	11.0	11.0	warning	special_only 未命中特色规则
（二）手术室	982	1609592	小止血钳-2/z1026	1	13.5	13.5	warning	special_only 未命中特色规则
（二）手术室	983	1609592	咬骨钳-1/Z2032	1	13.0	13.0	warning	special_only 未命中特色规则
（二）手术室	984	1609592	咬丝器-1/Z双2032	6	16.5	16.5	warning	special_only 未命中特色规则
（二）手术室	985	1609592	地巾	1	15.0	15.0	warning	敷料包(无纺布包)——未识别规格
（二）手术室	986	1609592	切开包-10件	2	55.0	55.0	warning	special_only 未命中特色规则
（二）手术室	987	1609592	持物钳罐-2件/W605060	4	16.5	16.5	warning	special_only 未命中特色规则
（二）手术室	988	1609592	骨电钻-2件	3	16.5	16.5	warning	special_only 未命中特色规则
（二）手术室	989	1609592	骨电钻-3件/W705060	3	16.5	16.5	warning	special_only 未命中特色规则
（二）手术室	990	1609592	固指板-1/W7050	1	16.5	16.5	warning	special_only 未命中特色规则
（二）手术室	991	1609592	滚轴(植皮刀)-1件/W6050	1	16.5	16.5	warning	special_only 未命中特色规则
（二）手术室	992	1609592	弯盘1小碗1/W9050	1	16.5	16.5	warning	special_only 未命中特色规则
（二）手术室	993	1609592	中心持骨器-2/w6050	1	16.5	16.5	warning	special_only 未命中特色规则
（二）手术室	994	1609725	大烧伤	1	264.0	264.0	warning	special_only 未命中特色规则
（二）手术室	995	1609725	缝合包	3	88.0	88.0	warning	special_only 未命中特色规则
（二）手术室	996	1609725	手科包	1	154.0	154.0	warning	special_only 未命中特色规则
（二）手术室	997	1609725	骨科剥离质-1/Z7534	1	8.0	8.0	warning	special_only 未命中特色规则
（二）手术室	998	1609725	肌钩-2/Z1026	1	13.5	13.5	warning	special_only 未命中特色规则
（二）手术室	999	1609725	克氏钳-1/双z1029	3	13.5	13.5	warning	special_only 未命中特色规则
（二）手术室	1000	1609725	手科剥离质-1/Z7530	3	8.0	8.0	warning	special_only 未命中特色规则
（二）手术室	1001	1609725	手科爪鞍钩-1 /Z7526	2	8.0	8.0	warning	special_only 未命中特色规则
（二）手术室	1002	1609725	手科爪钩-2/Z1535	1	16.5	16.5	warning	special_only 未命中特色规则
（二）手术室	1003	1609725	咬骨钳-1/Z2032	2	13.0	13.0	warning	special_only 未命中特色规则
（二）手术室	1004	1609725	咬丝器-1/Z双2032	1	16.5	16.5	warning	special_only 未命中特色规则
（二）手术室	1005	1609725	止血钳-4/Z1530	1	22.0	22.0	warning	special_only 未命中特色规则
（二）手术室	1006	1609725	止血钳大-2/Z1535	2	16.5	16.5	warning	special_only 未命中特色规则
（二）手术室	1007	1609725	切开包-10件	1	55.0	55.0	warning	special_only 未命中特色规则
（二）手术室	1008	1609725	持物钳罐-2件/W605060	1	16.5	16.5	warning	special_only 未命中特色规则
（二）手术室	1009	1609725	尺-1/W605060	1	16.5	16.5	warning	special_only 未命中特色规则
（二）手术室	1010	1609725	方盘-1/W9050	2	16.5	16.5	warning	special_only 未命中特色规则
（二）手术室	1011	1609725	骨电钻-2件	1	16.5	16.5	warning	special_only 未命中特色规则
（二）手术室	1012	1609725	骨电钻-3件/W705060	1	16.5	16.5	warning	special_only 未命中特色规则
（二）手术室	1013	1609725	弯盘1小碗1/W9050	1	16.5	16.5	warning	special_only 未命中特色规则
（二）手术室	1014	1609742	缝合包	1	88.0	88.0	warning	special_only 未命中特色规则
（二）手术室	1015	1609742	电动取皮机-6件 筐1/W12050	1	38.5	38.5	warning	special_only 未命中特色规则
（二）手术室	1016	1609742	驱血带	7	2.5	2.5	warning	敷料包(无纺布包)——未识别规格
（二）手术室	1017	1609742	门诊整形（一）	1	66.0	66.0	warning	special_only 未命中特色规则
（二）手术室	1018	1609742	切开包-10件	2	55.0	55.0	warning	special_only 未命中特色规则
（二）手术室	1019	1609742	方盘-1/W9050	1	16.5	16.5	warning	special_only 未命中特色规则
（二）手术室	1020	1609936	缝合包	2	88.0	88.0	warning	special_only 未命中特色规则
（二）手术室	1021	1609936	小烧伤	1	165.0	165.0	warning	special_only 未命中特色规则
（二）手术室	1022	1609936	3号刀柄-1/z7526	1	8.0	8.0	warning	special_only 未命中特色规则
（二）手术室	1023	1609936	肌钩-2/Z1026	1	13.5	13.5	warning	special_only 未命中特色规则
（二）手术室	1024	1609936	手科爪钩-2/Z1535	1	16.5	16.5	warning	special_only 未命中特色规则
（二）手术室	1025	1609936	咬骨钳-1/Z2032	1	13.0	13.0	warning	special_only 未命中特色规则
（二）手术室	1026	1609936	切开包-10件	2	55.0	55.0	warning	special_only 未命中特色规则
（二）手术室	1027	1609936	持物钳罐-2件/W605060	4	16.5	16.5	warning	special_only 未命中特色规则
（二）手术室	1028	1609981	大烧伤	1	264.0	264.0	warning	special_only 未命中特色规则
（二）手术室	1029	1609981	缝合包	8	88.0	88.0	warning	special_only 未命中特色规则
（二）手术室	1030	1609981	手科包	1	154.0	154.0	warning	special_only 未命中特色规则
（二）手术室	1031	1609981	骨科剥离质-1/Z7534	1	8.0	8.0	warning	special_only 未命中特色规则
（二）手术室	1032	1609981	肌钩-2/Z1026	2	13.5	13.5	warning	special_only 未命中特色规则
（二）手术室	1033	1609981	手科爪钩-2/Z1535	1	16.5	16.5	warning	special_only 未命中特色规则
（二）手术室	1034	1609981	咬骨钳-1/Z2032	4	13.0	13.0	warning	special_only 未命中特色规则
（二）手术室	1035	1609981	咬丝器-1/Z双2032	2	16.5	16.5	warning	special_only 未命中特色规则
（二）手术室	1036	1609981	组织钳-1/Z1026	1	8.0	8.0	warning	special_only 未命中特色规则
（二）手术室	1037	1609981	切开包-10件	1	55.0	55.0	warning	special_only 未命中特色规则
（二）手术室	1038	1609981	持物钳罐-2件/W605060	3	16.5	16.5	warning	special_only 未命中特色规则
（二）手术室	1039	1609981	电钻-3/W705060	1	16.5	16.5	warning	special_only 未命中特色规则
（二）手术室	1040	1609981	方盘-1/W9050	3	16.5	16.5	warning	special_only 未命中特色规则
（二）手术室	1041	1609981	骨电钻-2件	1	16.5	16.5	warning	special_only 未命中特色规则
（二）手术室	1042	1609981	滚轴(植皮刀)-1件/W6050	1	16.5	16.5	warning	special_only 未命中特色规则
（二）手术室	1043	1610039	缝合包	10	88.0	88.0	warning	special_only 未命中特色规则
（二）手术室	1044	1610039	手科包	1	154.0	154.0	warning	special_only 未命中特色规则
（二）手术室	1045	1610039	肌钩-2/Z1026	3	13.5	13.5	warning	special_only 未命中特色规则
（二）手术室	1046	1610039	尖嘴复位器-1/Z1535	1	11.0	11.0	warning	special_only 未命中特色规则
（二）手术室	1047	1610039	剪刀-1/Z1530	1	11.0	11.0	warning	special_only 未命中特色规则
（二）手术室	1048	1610039	巾钳子-1/Z1026	1	8.0	8.0	warning	special_only 未命中特色规则
（二）手术室	1049	1610039	克氏钳-1/双z1029	1	13.5	13.5	warning	special_only 未命中特色规则
（二）手术室	1050	1610039	咬骨钳-1/Z2032	3	13.0	13.0	warning	special_only 未命中特色规则
（二）手术室	1051	1610039	咬丝器-1/Z双2032	6	16.5	16.5	warning	special_only 未命中特色规则
（二）手术室	1052	1610039	止血钳-4/Z1530	1	22.0	22.0	warning	special_only 未命中特色规则
（二）手术室	1053	1610039	切开包-10件	8	55.0	55.0	warning	special_only 未命中特色规则
（二）手术室	1054	1610039	持物钳罐-2件/W605060	4	16.5	16.5	warning	special_only 未命中特色规则
（二）手术室	1055	1610039	电钻-3/W705060	4	16.5	16.5	warning	special_only 未命中特色规则
（二）手术室	1056	1610039	方盘-1/W9050	3	16.5	16.5	warning	special_only 未命中特色规则
（二）手术室	1057	1610039	骨电钻-2件	2	16.5	16.5	warning	special_only 未命中特色规则
（二）手术室	1058	1610141	缝合包	7	88.0	88.0	warning	special_only 未命中特色规则
（二）手术室	1059	1610141	咬骨钳-1/Z2032	4	13.0	13.0	warning	special_only 未命中特色规则
（二）手术室	1060	1610141	咬丝器-1/Z双2032	1	16.5	16.5	warning	special_only 未命中特色规则
（二）手术室	1061	1610141	地巾	1	15.0	15.0	warning	敷料包(无纺布包)——未识别规格
（二）手术室	1062	1610141	持物钳罐-2件/W605060	1	16.5	16.5	warning	special_only 未命中特色规则
（二）手术室	1063	1610141	骨电钻-2件	1	16.5	16.5	warning	special_only 未命中特色规则
（二）手术室	1064	1610243	缝合包	3	88.0	88.0	warning	special_only 未命中特色规则
（二）手术室	1065	1610243	小烧伤	1	165.0	165.0	warning	special_only 未命中特色规则
（二）手术室	1066	1610243	骨科剥离质-1/Z7534	1	8.0	8.0	warning	special_only 未命中特色规则
（二）手术室	1067	1610243	肌钩-2/Z1026	1	13.5	13.5	warning	special_only 未命中特色规则
（二）手术室	1068	1610243	尖嘴复位器-1/Z1535	1	11.0	11.0	warning	special_only 未命中特色规则
（二）手术室	1069	1610243	剪刀-1/Z1530	1	11.0	11.0	warning	special_only 未命中特色规则
（二）手术室	1070	1610243	手科爪鞍钩-1 /Z7526	1	8.0	8.0	warning	special_only 未命中特色规则
（二）手术室	1071	1610243	手科爪钩-2/Z1535	2	16.5	16.5	warning	special_only 未命中特色规则
（二）手术室	1072	1610243	组织钳-1/Z1026	1	8.0	8.0	warning	special_only 未命中特色规则
（二）手术室	1073	1610243	驱血带	4	2.5	2.5	warning	敷料包(无纺布包)——未识别规格
（二）手术室	1074	1610243	门诊整形（一）	1	66.0	66.0	warning	special_only 未命中特色规则
（二）手术室	1075	1610243	持物钳罐-2件/W605060	3	16.5	16.5	warning	special_only 未命中特色规则
（二）手术室	1076	1610243	电钻-3/W705060	3	16.5	16.5	warning	special_only 未命中特色规则
（二）手术室	1077	1610243	方盘-1/W9050	2	16.5	16.5	warning	special_only 未命中特色规则
（二）手术室	1078	1610250	咬丝器-1/Z双2032	1	16.5	16.5	warning	special_only 未命中特色规则
（二）手术室	1079	1610322	缝合包	1	88.0	88.0	warning	special_only 未命中特色规则
（二）手术室	1080	1610322	咬骨钳-1/Z2032	1	13.0	13.0	warning	special_only 未命中特色规则
（二）手术室	1081	1610322	咬丝器-1/Z双2032	1	16.5	16.5	warning	special_only 未命中特色规则
（二）手术室	1082	1610322	门诊整形（五）	1	66.0	66.0	warning	special_only 未命中特色规则
（二）手术室	1083	1610322	持物钳罐-2件/W605060	1	16.5	16.5	warning	special_only 未命中特色规则
ICU	9	1601632	剪刀-1/Z1029	2	8.0	8.0	warning	special_only 未命中特色规则
ICU	10	1602338	剪刀-1/Z1029	1	8.0	8.0	warning	special_only 未命中特色规则
ICU	11	1602703	剪刀-1/Z1029	1	8.0	8.0	warning	special_only 未命中特色规则
ICU	12	1602962	支撑喉镜1（配件4）/Z双3060	1	300.0	300.0	warning	special_only 未命中特色规则
ICU	13	1603072	剪刀-1/Z1029	1	8.0	8.0	warning	special_only 未命中特色规则
ICU	14	1603474	剪刀-1/Z1029	1	8.0	8.0	warning	special_only 未命中特色规则
ICU	15	1604378	剪刀-1/Z1029	2	8.0	8.0	warning	special_only 未命中特色规则
ICU	16	1604740	剪刀-1/Z1029	1	8.0	8.0	warning	special_only 未命中特色规则
ICU	17	1605115	剪刀-1/Z1029	1	8.0	8.0	warning	special_only 未命中特色规则
ICU	18	1605482	剪刀-1/Z1029	1	8.0	8.0	warning	special_only 未命中特色规则
ICU	19	1606074	剪刀-1/Z1029	1	8.0	8.0	warning	special_only 未命中特色规则
ICU	20	1607198	剪刀-1/Z1029	1	8.0	8.0	warning	special_only 未命中特色规则
ICU	21	1607529	剪刀-1/Z1029	1	8.0	8.0	warning	special_only 未命中特色规则
ICU	22	1608861	剪刀-1/Z1029	3	8.0	8.0	warning	special_only 未命中特色规则
ICU	23	1609636	剪刀-1/Z1029	3	8.0	8.0	warning	special_only 未命中特色规则
产科分娩室	9	1604379	扩棒包-6件/W4050	1	33.0	33.0	warning	special_only 未命中特色规则
产科分娩室	10	1605483	剪刀-1/Z1029	1	8.0	8.0	warning	special_only 未命中特色规则
产科分娩室	11	1606075	产包	3	27.5	27.5	warning	special_only 未命中特色规则
产科分娩室	12	1606075	拉勾-5件/W6050	1	27.5	27.5	warning	special_only 未命中特色规则
供应室	9	1601642	切开包-8件	4	44.0	44.0	warning	special_only 未命中特色规则
供应室	10	1601875	切开包-8件	5	44.0	44.0	warning	special_only 未命中特色规则
供应室	11	1602079	棉球/Z1530	60	2.5	2.5	warning	敷料包(纸塑袋)+棉球——未识别规格
供应室	12	1602347	供应中心气管切开	1	126.5	126.5	warning	special_only 未命中特色规则
供应室	13	1602347	切开包-8件	5	44.0	44.0	warning	special_only 未命中特色规则
供应室	14	1602712	切开包-8件	4	44.0	44.0	warning	special_only 未命中特色规则
供应室	15	1603077	切开包-8件	3	44.0	44.0	warning	special_only 未命中特色规则
供应室	16	1603477	切开包-8件	7	44.0	44.0	warning	special_only 未命中特色规则
供应室	17	1603574	切开包-8件	4	44.0	44.0	warning	special_only 未命中特色规则
供应室	18	1603768	切开包-8件	3	44.0	44.0	warning	special_only 未命中特色规则
供应室	19	1603863	切开包-8件	9	44.0	44.0	warning	special_only 未命中特色规则
供应室	20	1603958	切开包-8件	5	44.0	44.0	warning	special_only 未命中特色规则
供应室	21	1604382	切开包-8件	4	44.0	44.0	warning	special_only 未命中特色规则
供应室	22	1604467	切开包-8件	3	44.0	44.0	warning	special_only 未命中特色规则
供应室	23	1604742	切开包-8件	6	44.0	44.0	warning	special_only 未命中特色规则
供应室	24	1605063	切开包-8件	5	44.0	44.0	warning	special_only 未命中特色规则
供应室	25	1605550	切开包-8件	6	44.0	44.0	warning	special_only 未命中特色规则
供应室	26	1605841	切开包-8件	3	44.0	44.0	warning	special_only 未命中特色规则
供应室	27	1605934	切开包-8件	6	44.0	44.0	warning	special_only 未命中特色规则
供应室	28	1606078	切开包-8件	4	44.0	44.0	warning	special_only 未命中特色规则
供应室	29	1606448	切开包-8件	7	44.0	44.0	warning	special_only 未命中特色规则
供应室	30	1606551	切开包-8件	4	44.0	44.0	warning	special_only 未命中特色规则
供应室	31	1606843	切开包-8件	6	44.0	44.0	warning	special_only 未命中特色规则
供应室	32	1607199	切开包-8件	6	44.0	44.0	warning	special_only 未命中特色规则
供应室	33	1607575	切开包-8件	3	44.0	44.0	warning	special_only 未命中特色规则
供应室	34	1607872	切开包-8件	5	44.0	44.0	warning	special_only 未命中特色规则
供应室	35	1607963	切开包-8件	3	44.0	44.0	warning	special_only 未命中特色规则
供应室	36	1608025	切开包-8件	18	44.0	44.0	warning	special_only 未命中特色规则
供应室	37	1608102	切开包-8件	4	44.0	44.0	warning	special_only 未命中特色规则
供应室	38	1608154	切开包-8件	3	44.0	44.0	warning	special_only 未命中特色规则
供应室	39	1608487	切开包-8件	6	44.0	44.0	warning	special_only 未命中特色规则
供应室	40	1608880	切开包-8件	7	44.0	44.0	warning	special_only 未命中特色规则
供应室	41	1608942	切开包-8件	3	44.0	44.0	warning	special_only 未命中特色规则
供应室	42	1609239	切开包-8件	2	44.0	44.0	warning	special_only 未命中特色规则
供应室	43	1609294	气管套管10号-3/Z1020	1	16.5	16.5	warning	special_only 未命中特色规则
供应室	44	1609647	切开包-8件	2	44.0	44.0	warning	special_only 未命中特色规则
供应室	45	1609983	切开包-8件	3	44.0	44.0	warning	special_only 未命中特色规则
供应室	46	1610049	切开包-8件	5	44.0	44.0	warning	special_only 未命中特色规则
供应室	47	1610162	切开包-8件	2	44.0	44.0	warning	special_only 未命中特色规则
偏瘫科	9	1603206	偏瘫陈冲显微器械-12件（盒1）	1	71.5	71.5	warning	special_only 未命中特色规则
偏瘫科	10	1607287	偏瘫陈冲显微器械-12件（盒1）	1	71.5	71.5	warning	special_only 未命中特色规则
冲击波门诊	9	1601731	PRP冲击波-4件/W905060	12	22.0	22.0	warning	special_only 未命中特色规则
冲击波门诊	10	1602090	PRP冲击波-4件/W905060	14	22.0	22.0	warning	special_only 未命中特色规则
冲击波门诊	11	1602756	PRP冲击波-4件/W905060	14	22.0	22.0	warning	special_only 未命中特色规则
冲击波门诊	12	1603166	PRP冲击波-4件/W905060	8	22.0	22.0	warning	special_only 未命中特色规则
冲击波门诊	13	1603175	PRP冲击波-4件/W905060	1	22.0	22.0	warning	special_only 未命中特色规则
冲击波门诊	14	1603472	PRP冲击波-4件/W905060	6	22.0	22.0	warning	special_only 未命中特色规则
冲击波门诊	15	1604035	PRP冲击波-4件/W905060	10	22.0	22.0	warning	special_only 未命中特色规则
冲击波门诊	16	1604405	PRP冲击波-4件/W905060	10	22.0	22.0	warning	special_only 未命中特色规则
冲击波门诊	17	1604783	PRP冲击波-4件/W905060	6	22.0	22.0	warning	special_only 未命中特色规则
冲击波门诊	18	1605222	PRP冲击波-4件/W905060	3	22.0	22.0	warning	special_only 未命中特色规则
冲击波门诊	19	1605548	PRP冲击波-4件/W905060	6	22.0	22.0	warning	special_only 未命中特色规则
冲击波门诊	20	1606110	PRP冲击波-4件/W905060	14	22.0	22.0	warning	special_only 未命中特色规则
冲击波门诊	21	1606553	PRP冲击波-4件/W905060	5	22.0	22.0	warning	special_only 未命中特色规则
冲击波门诊	22	1606567	PRP冲击波-4件/W905060	8	22.0	22.0	warning	special_only 未命中特色规则
冲击波门诊	23	1607243	PRP冲击波-4件/W905060	12	22.0	22.0	warning	special_only 未命中特色规则
冲击波门诊	24	1607603	PRP冲击波-4件/W905060	9	22.0	22.0	warning	special_only 未命中特色规则
冲击波门诊	25	1608150	PRP冲击波-4件/W905060	13	22.0	22.0	warning	special_only 未命中特色规则
冲击波门诊	26	1608540	PRP冲击波-4件/W905060	5	22.0	22.0	warning	special_only 未命中特色规则
冲击波门诊	27	1608913	PRP冲击波-4件/W905060	13	22.0	22.0	warning	special_only 未命中特色规则
冲击波门诊	28	1608938	PRP冲击波-4件/W905060	1	22.0	22.0	warning	special_only 未命中特色规则
冲击波门诊	29	1609304	PRP冲击波-4件/W905060	12	22.0	22.0	warning	special_only 未命中特色规则
冲击波门诊	30	1609739	PRP冲击波-4件/W905060	2	22.0	22.0	warning	special_only 未命中特色规则
冲击波门诊	31	1610321	PRP冲击波-4件/W905060	14	22.0	22.0	warning	special_only 未命中特色规则
口内	9	1601639	不锈钢牙托-2/z1526	2	16.5	16.5	warning	special_only 未命中特色规则
口内	10	1601639	充填器-1/Z7530	1	8.0	8.0	warning	special_only 未命中特色规则
口内	11	1601639	高速手机-1/Z7526	2	8.0	8.0	warning	special_only 未命中特色规则
口内	12	1601639	喷头-2/z7526	1	13.5	13.5	warning	special_only 未命中特色规则
口内	13	1601639	球钻-5/z7526	2	8.0	8.0	warning	special_only 未命中特色规则
口内	14	1601639	洗拔髓针-5/z7520	1	8.0	8.0	warning	special_only 未命中特色规则
口内	15	1601639	棉球缸(小)-2/w6050	2	16.5	16.5	warning	special_only 未命中特色规则
口内	16	1601639	镊子缸-4件/W5050	1	22.0	22.0	warning	special_only 未命中特色规则
口内	17	1601975	玻璃板-1/z1526	3	11.0	11.0	warning	special_only 未命中特色规则
口内	18	1601975	车针-5件/(同颜色一包)Z7520	3	8.0	8.0	warning	special_only 未命中特色规则
口内	19	1601975	大根管锉-6/z7520	1	13.5	13.5	warning	special_only 未命中特色规则
口内	20	1601975	低速手机-1/Z7520	1	8.0	8.0	warning	special_only 未命中特色规则
口内	21	1601975	高速手机-1/Z7526	11	8.0	8.0	warning	special_only 未命中特色规则
口内	22	1601975	光敏刀-2/z7526	2	13.5	13.5	warning	special_only 未命中特色规则
口内	23	1601975	洁牙机组件-4件/z7526	1	22.0	22.0	warning	special_only 未命中特色规则
口内	24	1601975	起冠器-1/z7526	1	8.0	8.0	warning	special_only 未命中特色规则
口内	25	1601975	球钻-5/z7526	1	8.0	8.0	warning	special_only 未命中特色规则
口内	26	1601975	针柄-3/z7520	1	16.5	16.5	warning	special_only 未命中特色规则
口内	27	1601975	棉球缸(中)-3件/W6050	1	16.5	16.5	warning	special_only 未命中特色规则
口内	28	1601975	镊子缸-2件/W4550	1	16.5	16.5	warning	special_only 未命中特色规则
口内	29	1602095	车针-5件/(同颜色一包)Z7520	2	8.0	8.0	warning	special_only 未命中特色规则
口内	30	1602095	成型片-5/Z7520	1	27.5	27.5	warning	special_only 未命中特色规则
口内	31	1602095	唇钩-2/z7520	1	13.5	13.5	warning	special_only 未命中特色规则
口内	32	1602095	低速手机-1/Z7520	2	8.0	8.0	warning	special_only 未命中特色规则
口内	33	1602095	调刀-1/z7526	2	8.0	8.0	warning	special_only 未命中特色规则
口内	34	1602095	高速手机-1/Z7526	7	8.0	8.0	warning	special_only 未命中特色规则
口内	35	1602095	刮勺-1/（保护）z7526	1	8.0	8.0	warning	special_only 未命中特色规则
口内	36	1602095	洁牙机组件-4件/z7526	1	22.0	22.0	warning	special_only 未命中特色规则
口内	37	1602095	起冠器-1/z7526	2	8.0	8.0	warning	special_only 未命中特色规则
口内	38	1602095	小根管锉-9/z7520	1	13.5	13.5	warning	special_only 未命中特色规则
口内	39	1602095	针柄-3/z7520	1	16.5	16.5	warning	special_only 未命中特色规则
口内	40	1602341	高速手机-1/Z7526	3	8.0	8.0	warning	special_only 未命中特色规则
口内	41	1602341	光敏刀-2/z7526	1	13.5	13.5	warning	special_only 未命中特色规则
口内	42	1602341	起冠器-1/z7526	1	8.0	8.0	warning	special_only 未命中特色规则
口内	43	1602341	棉球缸(小)-2/w6050	1	16.5	16.5	warning	special_only 未命中特色规则
口内	44	1602341	棉球缸(中)-3件/W6050	1	16.5	16.5	warning	special_only 未命中特色规则
口内	45	1602341	镊子缸-6件(3套)/w9050	2	33.0	33.0	warning	special_only 未命中特色规则
口内	46	1602461	不锈钢牙托-2/z1526	1	16.5	16.5	warning	special_only 未命中特色规则
口内	47	1602461	车针-5件/(同颜色一包)Z7520	2	8.0	8.0	warning	special_only 未命中特色规则
口内	48	1602461	充填器-1/Z7530	1	8.0	8.0	warning	special_only 未命中特色规则
口内	49	1602461	唇钩-2/z7520	1	13.5	13.5	warning	special_only 未命中特色规则
口内	50	1602461	大根管锉-6/z7520	1	13.5	13.5	warning	special_only 未命中特色规则
口内	51	1602461	低速手机-1/Z7520	2	8.0	8.0	warning	special_only 未命中特色规则
口内	52	1602461	调刀-1/z7526	1	8.0	8.0	warning	special_only 未命中特色规则
口内	53	1602461	高速手机-1/Z7526	7	8.0	8.0	warning	special_only 未命中特色规则
口内	54	1602461	光敏刀-2/z7526	1	13.5	13.5	warning	special_only 未命中特色规则
口内	55	1602461	螺旋输送器-3件/Z7520	1	16.5	16.5	warning	special_only 未命中特色规则
口内	56	1602461	起冠器-1/z7526	1	8.0	8.0	warning	special_only 未命中特色规则
口内	57	1602461	球钻-5/z7526	2	8.0	8.0	warning	special_only 未命中特色规则
口内	58	1602461	洗拔髓针-5/z7520	1	8.0	8.0	warning	special_only 未命中特色规则
口内	59	1602461	小根管锉-9/z7520	1	13.5	13.5	warning	special_only 未命中特色规则
口内	60	1602461	针柄-3/z7520	1	16.5	16.5	warning	special_only 未命中特色规则
口内	61	1602700	不锈钢牙托-2/z1526	1	16.5	16.5	warning	special_only 未命中特色规则
口内	62	1602700	车针-5件/(同颜色一包)Z7520	1	8.0	8.0	warning	special_only 未命中特色规则
口内	63	1602700	低速手机-1/Z7520	1	8.0	8.0	warning	special_only 未命中特色规则
口内	64	1602700	高速手机-1/Z7526	6	8.0	8.0	warning	special_only 未命中特色规则
口内	65	1602700	刮勺-1/（保护）z7526	1	8.0	8.0	warning	special_only 未命中特色规则
口内	66	1602700	喷头-2/z7526	1	13.5	13.5	warning	special_only 未命中特色规则
口内	67	1602700	棉球缸(小)-2/w6050	1	16.5	16.5	warning	special_only 未命中特色规则
口内	68	1602700	棉球缸(中)-3件/W6050	1	16.5	16.5	warning	special_only 未命中特色规则
口内	69	1602700	镊子缸-2件/W4550	3	16.5	16.5	warning	special_only 未命中特色规则
口内	70	1602700	器械回收盒（带盖）-1/W6050	1	16.5	16.5	warning	special_only 未命中特色规则
口内	71	1602802	G钻-3/z7520	1	16.5	16.5	warning	special_only 未命中特色规则
口内	72	1602802	车针-5件/(同颜色一包)Z7520	1	8.0	8.0	warning	special_only 未命中特色规则
口内	73	1602802	低速手机-1/Z7520	2	8.0	8.0	warning	special_only 未命中特色规则
口内	74	1602802	高速手机-1/Z7526	2	8.0	8.0	warning	special_only 未命中特色规则
口内	75	1602802	刮勺-1/（保护）z7526	1	8.0	8.0	warning	special_only 未命中特色规则
口内	76	1602802	洗拔髓针-5/z7520	1	8.0	8.0	warning	special_only 未命中特色规则
口内	77	1603069	不锈钢牙托-2/z1526	6	16.5	16.5	warning	special_only 未命中特色规则
口内	78	1603069	车针-5件/(同颜色一包)Z7520	1	8.0	8.0	warning	special_only 未命中特色规则
口内	79	1603069	调刀-1/z7526	1	8.0	8.0	warning	special_only 未命中特色规则
口内	80	1603069	高速手机-1/Z7526	3	8.0	8.0	warning	special_only 未命中特色规则
口内	81	1603069	起冠器-1/z7526	1	8.0	8.0	warning	special_only 未命中特色规则
口内	82	1603069	小根管锉-9/z7520	1	13.5	13.5	warning	special_only 未命中特色规则
口内	83	1603069	棉球缸(小)-2/w6050	2	16.5	16.5	warning	special_only 未命中特色规则
口内	84	1603069	镊子缸-4件/W5050	1	22.0	22.0	warning	special_only 未命中特色规则
口内	85	1603210	车针-5件/(同颜色一包)Z7520	3	8.0	8.0	warning	special_only 未命中特色规则
口内	86	1603210	成型片-5/Z7520	1	27.5	27.5	warning	special_only 未命中特色规则
口内	87	1603210	充填器-1/Z7530	1	8.0	8.0	warning	special_only 未命中特色规则
口内	88	1603210	低速手机-1/Z7520	1	8.0	8.0	warning	special_only 未命中特色规则
口内	89	1603210	调刀-1/z7526	1	8.0	8.0	warning	special_only 未命中特色规则
口内	90	1603210	高速手机-1/Z7526	3	8.0	8.0	warning	special_only 未命中特色规则
口内	91	1603210	刮勺-1/（保护）z7526	1	8.0	8.0	warning	special_only 未命中特色规则
口内	92	1603210	球钻-5/z7526	1	8.0	8.0	warning	special_only 未命中特色规则
口内	93	1603210	洗拔髓针-5/z7520	1	8.0	8.0	warning	special_only 未命中特色规则
口内	94	1603479	G钻-3/z7520	1	16.5	16.5	warning	special_only 未命中特色规则
口内	95	1603479	玻璃板-1/z1526	1	11.0	11.0	warning	special_only 未命中特色规则
口内	96	1603479	车针-5件/(同颜色一包)Z7520	1	8.0	8.0	warning	special_only 未命中特色规则
口内	97	1603479	充填器-1/Z7530	1	8.0	8.0	warning	special_only 未命中特色规则
口内	98	1603479	唇钩-2/z7520	2	13.5	13.5	warning	special_only 未命中特色规则
口内	99	1603479	低速手机-1/Z7520	2	8.0	8.0	warning	special_only 未命中特色规则
口内	100	1603479	高速手机-1/Z7526	7	8.0	8.0	warning	special_only 未命中特色规则
口内	101	1603479	刮勺-1/（保护）z7526	1	8.0	8.0	warning	special_only 未命中特色规则
口内	102	1603479	光敏刀-2/z7526	1	13.5	13.5	warning	special_only 未命中特色规则
口内	103	1603479	洁牙机组件-4件/z7526	1	22.0	22.0	warning	special_only 未命中特色规则
口内	104	1603479	起冠器-1/z7526	2	8.0	8.0	warning	special_only 未命中特色规则
口内	105	1603479	小根管锉-9/z7520	1	13.5	13.5	warning	special_only 未命中特色规则
口内	106	1603479	针柄-3/z7520	1	16.5	16.5	warning	special_only 未命中特色规则
口内	107	1603479	棉球缸(小)-2/w6050	1	16.5	16.5	warning	special_only 未命中特色规则
口内	108	1603479	棉球缸(中)-3件/W6050	1	16.5	16.5	warning	special_only 未命中特色规则
口内	109	1603479	镊子缸-4件/W5050	3	22.0	22.0	warning	special_only 未命中特色规则
口内	110	1603479	器械回收盒（带盖）-1/W6050	1	16.5	16.5	warning	special_only 未命中特色规则
口内	111	1603573	不锈钢牙托-2/z1526	2	16.5	16.5	warning	special_only 未命中特色规则
口内	112	1603573	调刀-1/z7526	2	8.0	8.0	warning	special_only 未命中特色规则
口内	113	1603573	高速手机-1/Z7526	4	8.0	8.0	warning	special_only 未命中特色规则
口内	114	1603573	刮勺-1/（保护）z7526	1	8.0	8.0	warning	special_only 未命中特色规则
口内	115	1603573	光敏刀-2/z7526	1	13.5	13.5	warning	special_only 未命中特色规则
口内	116	1603573	起冠器-1/z7526	1	8.0	8.0	warning	special_only 未命中特色规则
口内	117	1603859	不锈钢牙托-2/z1526	1	16.5	16.5	warning	special_only 未命中特色规则
口内	118	1603859	车针-5件/(同颜色一包)Z7520	3	8.0	8.0	warning	special_only 未命中特色规则
口内	119	1603859	充填器-1/Z7530	2	8.0	8.0	warning	special_only 未命中特色规则
口内	120	1603859	大根管锉-6/z7520	1	13.5	13.5	warning	special_only 未命中特色规则
口内	121	1603859	高速手机-1/Z7526	7	8.0	8.0	warning	special_only 未命中特色规则
口内	122	1603859	光敏刀-2/z7526	1	13.5	13.5	warning	special_only 未命中特色规则
口内	123	1603859	洁牙机组件-4件/z7526	2	22.0	22.0	warning	special_only 未命中特色规则
口内	124	1603859	喷头-2/z7526	1	13.5	13.5	warning	special_only 未命中特色规则
口内	125	1603859	球钻-5/z7526	2	8.0	8.0	warning	special_only 未命中特色规则
口内	126	1603859	针柄-3/z7520	1	16.5	16.5	warning	special_only 未命中特色规则
口内	127	1603859	棉球缸(小)-2/w6050	1	16.5	16.5	warning	special_only 未命中特色规则
口内	128	1603859	棉球缸(中)-3件/W6050	2	16.5	16.5	warning	special_only 未命中特色规则
口内	129	1603859	镊子缸-2件/W4550	1	16.5	16.5	warning	special_only 未命中特色规则
口内	130	1603859	镊子缸-4件/W5050	1	22.0	22.0	warning	special_only 未命中特色规则
口内	131	1604070	车针-5件/(同颜色一包)Z7520	1	8.0	8.0	warning	special_only 未命中特色规则
口内	132	1604070	唇钩-2/z7520	1	13.5	13.5	warning	special_only 未命中特色规则
口内	133	1604070	大根管锉-6/z7520	1	13.5	13.5	warning	special_only 未命中特色规则
口内	134	1604070	调刀-1/z7526	1	8.0	8.0	warning	special_only 未命中特色规则
口内	135	1604070	高速手机-1/Z7526	3	8.0	8.0	warning	special_only 未命中特色规则
口内	136	1604070	起冠器-1/z7526	1	8.0	8.0	warning	special_only 未命中特色规则
口内	137	1604070	小根管锉-9/z7520	2	13.5	13.5	warning	special_only 未命中特色规则
口内	138	1604366	G钻-3/z7520	1	16.5	16.5	warning	special_only 未命中特色规则
口内	139	1604366	不锈钢牙托-2/z1526	2	16.5	16.5	warning	special_only 未命中特色规则
口内	140	1604366	车针-5件/(同颜色一包)Z7520	3	8.0	8.0	warning	special_only 未命中特色规则
口内	141	1604366	充填器-1/Z7530	2	8.0	8.0	warning	special_only 未命中特色规则
口内	142	1604366	低速手机-1/Z7520	1	8.0	8.0	warning	special_only 未命中特色规则
口内	143	1604366	调刀-1/z7526	2	8.0	8.0	warning	special_only 未命中特色规则
口内	144	1604366	高速手机-1/Z7526	6	8.0	8.0	warning	special_only 未命中特色规则
口内	145	1604366	刮勺-1/（保护）z7526	1	8.0	8.0	warning	special_only 未命中特色规则
口内	146	1604366	光敏刀-2/z7526	1	13.5	13.5	warning	special_only 未命中特色规则
口内	147	1604366	喷头-2/z7526	1	13.5	13.5	warning	special_only 未命中特色规则
口内	148	1604366	起冠器-1/z7526	4	8.0	8.0	warning	special_only 未命中特色规则
口内	149	1604366	球钻-5/z7526	1	8.0	8.0	warning	special_only 未命中特色规则
口内	150	1604366	针柄-3/z7520	1	16.5	16.5	warning	special_only 未命中特色规则
口内	151	1604366	棉球缸(小)-2/w6050	1	16.5	16.5	warning	special_only 未命中特色规则
口内	152	1604366	棉球缸(中)-3件/W6050	1	16.5	16.5	warning	special_only 未命中特色规则
口内	153	1604366	镊子缸-6件(3套)/w9050	1	33.0	33.0	warning	special_only 未命中特色规则
口内	154	1604385	洗拔髓针-5/z7520	1	8.0	8.0	warning	special_only 未命中特色规则
口内	155	1604474	车针-5件/(同颜色一包)Z7520	1	8.0	8.0	warning	special_only 未命中特色规则
口内	156	1604474	唇钩-2/z7520	1	13.5	13.5	warning	special_only 未命中特色规则
口内	157	1604474	高速手机-1/Z7526	3	8.0	8.0	warning	special_only 未命中特色规则
口内	158	1604474	洁牙机组件-4件/z7526	1	22.0	22.0	warning	special_only 未命中特色规则
口内	159	1604743	玻璃板-1/z1526	1	11.0	11.0	warning	special_only 未命中特色规则
口内	160	1604743	车针-5件/(同颜色一包)Z7520	2	8.0	8.0	warning	special_only 未命中特色规则
口内	161	1604743	大根管锉-6/z7520	1	13.5	13.5	warning	special_only 未命中特色规则
口内	162	1604743	调刀-1/z7526	2	8.0	8.0	warning	special_only 未命中特色规则
口内	163	1604743	高速手机-1/Z7526	2	8.0	8.0	warning	special_only 未命中特色规则
口内	164	1604743	洁牙机组件-4件/z7526	1	22.0	22.0	warning	special_only 未命中特色规则
口内	165	1604743	起冠器-1/z7526	1	8.0	8.0	warning	special_only 未命中特色规则
口内	166	1604743	球钻-5/z7526	1	8.0	8.0	warning	special_only 未命中特色规则
口内	167	1604743	洗拔髓针-5/z7520	1	8.0	8.0	warning	special_only 未命中特色规则
口内	168	1604743	小根管锉-9/z7520	1	13.5	13.5	warning	special_only 未命中特色规则
口内	169	1604743	针柄-3/z7520	1	16.5	16.5	warning	special_only 未命中特色规则
口内	170	1604743	棉球缸(小)-2/w6050	1	16.5	16.5	warning	special_only 未命中特色规则
口内	171	1604743	棉球缸(中)-3件/W6050	1	16.5	16.5	warning	special_only 未命中特色规则
口内	172	1604743	镊子缸-4件/W5050	3	22.0	22.0	warning	special_only 未命中特色规则
口内	173	1604743	器械回收盒（带盖）-1/W6050	1	16.5	16.5	warning	special_only 未命中特色规则
口内	174	1604879	玻璃板-1/z1526	4	11.0	11.0	warning	special_only 未命中特色规则
口内	175	1604879	不锈钢牙托-2/z1526	1	16.5	16.5	warning	special_only 未命中特色规则
口内	176	1604879	车针-5件/(同颜色一包)Z7520	1	8.0	8.0	warning	special_only 未命中特色规则
口内	177	1604879	唇钩-2/z7520	2	13.5	13.5	warning	special_only 未命中特色规则
口内	178	1604879	低速手机-1/Z7520	4	8.0	8.0	warning	special_only 未命中特色规则
口内	179	1604879	高速手机-1/Z7526	8	8.0	8.0	warning	special_only 未命中特色规则
口内	180	1604879	刮勺-1/（保护）z7526	3	8.0	8.0	warning	special_only 未命中特色规则
口内	181	1604879	洁牙机组件-4件/z7526	1	22.0	22.0	warning	special_only 未命中特色规则
口内	182	1604879	螺旋输送器-3件/Z7520	1	16.5	16.5	warning	special_only 未命中特色规则
口内	183	1604879	起冠器-1/z7526	1	8.0	8.0	warning	special_only 未命中特色规则
口内	184	1604879	球钻-5/z7526	1	8.0	8.0	warning	special_only 未命中特色规则
口内	185	1604879	小根管锉-9/z7520	1	13.5	13.5	warning	special_only 未命中特色规则
口内	186	1604879	针柄-3/z7520	1	16.5	16.5	warning	special_only 未命中特色规则
口内	187	1605111	不锈钢牙托-2/z1526	5	16.5	16.5	warning	special_only 未命中特色规则
口内	188	1605111	车针-5件/(同颜色一包)Z7520	2	8.0	8.0	warning	special_only 未命中特色规则
口内	189	1605111	成型片-5/Z7520	1	27.5	27.5	warning	special_only 未命中特色规则
口内	190	1605111	唇钩-2/z7520	1	13.5	13.5	warning	special_only 未命中特色规则
口内	191	1605111	大根管锉-6/z7520	1	13.5	13.5	warning	special_only 未命中特色规则
口内	192	1605111	低速手机-1/Z7520	1	8.0	8.0	warning	special_only 未命中特色规则
口内	193	1605111	调刀-1/z7526	1	8.0	8.0	warning	special_only 未命中特色规则
口内	194	1605111	高速手机-1/Z7526	6	8.0	8.0	warning	special_only 未命中特色规则
口内	195	1605111	刮勺-1/（保护）z7526	1	8.0	8.0	warning	special_only 未命中特色规则
口内	196	1605111	洗拔髓针-5/z7520	1	8.0	8.0	warning	special_only 未命中特色规则
口内	197	1605111	小根管锉-9/z7520	1	13.5	13.5	warning	special_only 未命中特色规则
口内	198	1605111	针柄-3/z7520	1	16.5	16.5	warning	special_only 未命中特色规则
口内	199	1605111	棉球缸(小)-2/w6050	1	16.5	16.5	warning	special_only 未命中特色规则
口内	200	1605111	棉球缸(中)-3件/W6050	1	16.5	16.5	warning	special_only 未命中特色规则
口内	201	1605111	镊子缸-4件/W5050	1	22.0	22.0	warning	special_only 未命中特色规则
口内	202	1605260	车针-5件/(同颜色一包)Z7520	2	8.0	8.0	warning	special_only 未命中特色规则
口内	203	1605260	高速手机-1/Z7526	2	8.0	8.0	warning	special_only 未命中特色规则
口内	204	1605260	洁牙机组件-4件/z7526	1	22.0	22.0	warning	special_only 未命中特色规则
口内	205	1605260	球钻-5/z7526	1	8.0	8.0	warning	special_only 未命中特色规则
口内	206	1605260	洗拔髓针-5/z7520	1	8.0	8.0	warning	special_only 未命中特色规则
口内	207	1605486	G钻-3/z7520	1	16.5	16.5	warning	special_only 未命中特色规则
口内	208	1605486	玻璃板-1/z1526	1	11.0	11.0	warning	special_only 未命中特色规则
口内	209	1605486	不锈钢牙托-2/z1526	4	16.5	16.5	warning	special_only 未命中特色规则
口内	210	1605486	唇钩-2/z7520	1	13.5	13.5	warning	special_only 未命中特色规则
口内	211	1605486	低速手机-1/Z7520	3	8.0	8.0	warning	special_only 未命中特色规则
口内	212	1605486	调刀-1/z7526	2	8.0	8.0	warning	special_only 未命中特色规则
口内	213	1605486	高速手机-1/Z7526	7	8.0	8.0	warning	special_only 未命中特色规则
口内	214	1605486	刮勺-1/（保护）z7526	3	8.0	8.0	warning	special_only 未命中特色规则
口内	215	1605486	光敏刀-2/z7526	1	13.5	13.5	warning	special_only 未命中特色规则
口内	216	1605486	洁牙机组件-4件/z7526	1	22.0	22.0	warning	special_only 未命中特色规则
口内	217	1605486	球钻-5/z7526	1	8.0	8.0	warning	special_only 未命中特色规则
口内	218	1605486	小根管锉-9/z7520	1	13.5	13.5	warning	special_only 未命中特色规则
口内	219	1605486	针柄-3/z7520	1	16.5	16.5	warning	special_only 未命中特色规则
口内	220	1605486	棉球缸(小)-2/w6050	1	16.5	16.5	warning	special_only 未命中特色规则
口内	221	1605486	棉球缸(中)-3件/W6050	1	16.5	16.5	warning	special_only 未命中特色规则
口内	222	1605486	镊子缸-2件/W4550	3	16.5	16.5	warning	special_only 未命中特色规则
口内	223	1605486	器械回收盒（带盖）-1/W6050	1	16.5	16.5	warning	special_only 未命中特色规则
口内	224	1605840	车针-5件/(同颜色一包)Z7520	2	8.0	8.0	warning	special_only 未命中特色规则
口内	225	1605840	高速手机-1/Z7526	2	8.0	8.0	warning	special_only 未命中特色规则
口内	226	1605840	球钻-5/z7526	1	8.0	8.0	warning	special_only 未命中特色规则
口内	227	1605840	小根管锉-9/z7520	1	13.5	13.5	warning	special_only 未命中特色规则
口内	228	1605939	不锈钢牙托-2/z1526	5	16.5	16.5	warning	special_only 未命中特色规则
口内	229	1605939	车针-5件/(同颜色一包)Z7520	4	8.0	8.0	warning	special_only 未命中特色规则
口内	230	1605939	成型片-5/Z7520	1	27.5	27.5	warning	special_only 未命中特色规则
口内	231	1605939	唇钩-2/z7520	2	13.5	13.5	warning	special_only 未命中特色规则
口内	232	1605939	低速手机-1/Z7520	1	8.0	8.0	warning	special_only 未命中特色规则
口内	233	1605939	高速手机-1/Z7526	13	8.0	8.0	warning	special_only 未命中特色规则
口内	234	1605939	刮勺-1/（保护）z7526	2	8.0	8.0	warning	special_only 未命中特色规则
口内	235	1605939	洁牙机组件-4件/z7526	2	22.0	22.0	warning	special_only 未命中特色规则
口内	236	1605939	喷头-2/z7526	1	13.5	13.5	warning	special_only 未命中特色规则
口内	237	1605939	起冠器-1/z7526	1	8.0	8.0	warning	special_only 未命中特色规则
口内	238	1605939	洗拔髓针-5/z7520	1	8.0	8.0	warning	special_only 未命中特色规则
口内	239	1605939	小根管锉-9/z7520	1	13.5	13.5	warning	special_only 未命中特色规则
口内	240	1605939	针柄-3/z7520	1	16.5	16.5	warning	special_only 未命中特色规则
口内	241	1605939	棉球缸(小)-2/w6050	2	16.5	16.5	warning	special_only 未命中特色规则
口内	242	1605939	棉球缸(中)-3件/W6050	1	16.5	16.5	warning	special_only 未命中特色规则
口内	243	1605939	镊子缸-2件/W4550	3	16.5	16.5	warning	special_only 未命中特色规则
口内	244	1606028	高速手机-1/Z7526	6	8.0	8.0	warning	special_only 未命中特色规则
口内	245	1606028	光敏刀-2/z7526	1	13.5	13.5	warning	special_only 未命中特色规则
口内	246	1606028	起冠器-1/z7526	2	8.0	8.0	warning	special_only 未命中特色规则
口内	247	1606164	车针-5件/(同颜色一包)Z7520	1	8.0	8.0	warning	special_only 未命中特色规则
口内	248	1606164	唇钩-2/z7520	2	13.5	13.5	warning	special_only 未命中特色规则
口内	249	1606164	大根管锉-6/z7520	1	13.5	13.5	warning	special_only 未命中特色规则
口内	250	1606164	低速手机-1/Z7520	2	8.0	8.0	warning	special_only 未命中特色规则
口内	251	1606164	高速手机-1/Z7526	5	8.0	8.0	warning	special_only 未命中特色规则
口内	252	1606164	刮勺-1/（保护）z7526	2	8.0	8.0	warning	special_only 未命中特色规则
口内	253	1606164	洁牙机组件-4件/z7526	1	22.0	22.0	warning	special_only 未命中特色规则
口内	254	1606164	起冠器-1/z7526	1	8.0	8.0	warning	special_only 未命中特色规则
口内	255	1606164	球钻-5/z7526	1	8.0	8.0	warning	special_only 未命中特色规则
口内	256	1606164	小根管锉-9/z7520	1	13.5	13.5	warning	special_only 未命中特色规则
口内	257	1606452	不锈钢牙托-2/z1526	1	16.5	16.5	warning	special_only 未命中特色规则
口内	258	1606452	车针-5件/(同颜色一包)Z7520	2	8.0	8.0	warning	special_only 未命中特色规则
口内	259	1606452	充填器-1/Z7530	1	8.0	8.0	warning	special_only 未命中特色规则
口内	260	1606452	大根管锉-6/z7520	1	13.5	13.5	warning	special_only 未命中特色规则
口内	261	1606452	调刀-1/z7526	2	8.0	8.0	warning	special_only 未命中特色规则
口内	262	1606452	高速手机-1/Z7526	3	8.0	8.0	warning	special_only 未命中特色规则
口内	263	1606452	光敏刀-2/z7526	1	13.5	13.5	warning	special_only 未命中特色规则
口内	264	1606452	洁牙机组件-4件/z7526	2	22.0	22.0	warning	special_only 未命中特色规则
口内	265	1606452	螺旋输送器-3件/Z7520	1	16.5	16.5	warning	special_only 未命中特色规则
口内	266	1606452	喷头-2/z7526	1	13.5	13.5	warning	special_only 未命中特色规则
口内	267	1606452	起冠器-1/z7526	1	8.0	8.0	warning	special_only 未命中特色规则
口内	268	1606452	球钻-5/z7526	2	8.0	8.0	warning	special_only 未命中特色规则
口内	269	1606452	洗拔髓针-5/z7520	1	8.0	8.0	warning	special_only 未命中特色规则
口内	270	1606452	小根管锉-9/z7520	1	13.5	13.5	warning	special_only 未命中特色规则
口内	271	1606452	针柄-3/z7520	1	16.5	16.5	warning	special_only 未命中特色规则
口内	272	1606452	棉球缸(小)-2/w6050	1	16.5	16.5	warning	special_only 未命中特色规则
口内	273	1606452	棉球缸(中)-3件/W6050	1	16.5	16.5	warning	special_only 未命中特色规则
口内	274	1606452	镊子缸-6件(3套)/w9050	1	33.0	33.0	warning	special_only 未命中特色规则
口内	275	1606452	器械回收盒（带盖）-1/W6050	1	16.5	16.5	warning	special_only 未命中特色规则
口内	276	1606569	玻璃板-1/z1526	2	11.0	11.0	warning	special_only 未命中特色规则
口内	277	1606569	唇钩-2/z7520	1	13.5	13.5	warning	special_only 未命中特色规则
口内	278	1606569	低速手机-1/Z7520	3	8.0	8.0	warning	special_only 未命中特色规则
口内	279	1606569	高速手机-1/Z7526	11	8.0	8.0	warning	special_only 未命中特色规则
口内	280	1606569	刮勺-1/（保护）z7526	2	8.0	8.0	warning	special_only 未命中特色规则
口内	281	1606569	喷头-2/z7526	1	13.5	13.5	warning	special_only 未命中特色规则
口内	282	1606569	针柄-3/z7520	1	16.5	16.5	warning	special_only 未命中特色规则
口内	283	1606809	G钻-3/z7520	2	16.5	16.5	warning	special_only 未命中特色规则
口内	284	1606809	玻璃板-1/z1526	3	11.0	11.0	warning	special_only 未命中特色规则
口内	285	1606809	车针-5件/(同颜色一包)Z7520	4	8.0	8.0	warning	special_only 未命中特色规则
口内	286	1606809	充填器-1/Z7530	1	8.0	8.0	warning	special_only 未命中特色规则
口内	287	1606809	唇钩-2/z7520	1	13.5	13.5	warning	special_only 未命中特色规则
口内	288	1606809	低速手机-1/Z7520	2	8.0	8.0	warning	special_only 未命中特色规则
口内	289	1606809	调刀-1/z7526	1	8.0	8.0	warning	special_only 未命中特色规则
口内	290	1606809	高速手机-1/Z7526	5	8.0	8.0	warning	special_only 未命中特色规则
口内	291	1606809	刮勺-1/（保护）z7526	2	8.0	8.0	warning	special_only 未命中特色规则
口内	292	1606809	洁牙机组件-4件/z7526	1	22.0	22.0	warning	special_only 未命中特色规则
口内	293	1606809	起冠器-1/z7526	1	8.0	8.0	warning	special_only 未命中特色规则
口内	294	1606809	球钻-5/z7526	2	8.0	8.0	warning	special_only 未命中特色规则
口内	295	1606809	小根管锉-9/z7520	1	13.5	13.5	warning	special_only 未命中特色规则
口内	296	1606809	针柄-3/z7520	1	16.5	16.5	warning	special_only 未命中特色规则
口内	297	1606809	棉球缸(小)-2/w6050	1	16.5	16.5	warning	special_only 未命中特色规则
口内	298	1606809	棉球缸(中)-3件/W6050	1	16.5	16.5	warning	special_only 未命中特色规则
口内	299	1606809	镊子缸-6件(3套)/w9050	1	33.0	33.0	warning	special_only 未命中特色规则
口内	300	1606882	玻璃板-1/z1526	1	11.0	11.0	warning	special_only 未命中特色规则
口内	301	1606882	不锈钢牙托-2/z1526	1	16.5	16.5	warning	special_only 未命中特色规则
口内	302	1606882	唇钩-2/z7520	1	13.5	13.5	warning	special_only 未命中特色规则
口内	303	1606882	低速手机-1/Z7520	1	8.0	8.0	warning	special_only 未命中特色规则
口内	304	1606882	高速手机-1/Z7526	2	8.0	8.0	warning	special_only 未命中特色规则
口内	305	1607194	G钻-3/z7520	2	16.5	16.5	warning	special_only 未命中特色规则
口内	306	1607194	不锈钢牙托-2/z1526	6	16.5	16.5	warning	special_only 未命中特色规则
口内	307	1607194	车针-5件/(同颜色一包)Z7520	2	8.0	8.0	warning	special_only 未命中特色规则
口内	308	1607194	充填器-1/Z7530	1	8.0	8.0	warning	special_only 未命中特色规则
口内	309	1607194	大根管锉-6/z7520	1	13.5	13.5	warning	special_only 未命中特色规则
口内	310	1607194	低速手机-1/Z7520	1	8.0	8.0	warning	special_only 未命中特色规则
口内	311	1607194	调刀-1/z7526	1	8.0	8.0	warning	special_only 未命中特色规则
口内	312	1607194	高速手机-1/Z7526	3	8.0	8.0	warning	special_only 未命中特色规则
口内	313	1607194	洁牙机组件-4件/z7526	1	22.0	22.0	warning	special_only 未命中特色规则
口内	314	1607194	螺旋输送器-3件/Z7520	1	16.5	16.5	warning	special_only 未命中特色规则
口内	315	1607194	球钻-5/z7526	1	8.0	8.0	warning	special_only 未命中特色规则
口内	316	1607194	洗拔髓针-5/z7520	1	8.0	8.0	warning	special_only 未命中特色规则
口内	317	1607194	针柄-3/z7520	1	16.5	16.5	warning	special_only 未命中特色规则
口内	318	1607194	正畸支抗钉-1/z7520	2	8.0	8.0	warning	special_only 未命中特色规则
口内	319	1607194	棉球缸(小)-2/w6050	2	16.5	16.5	warning	special_only 未命中特色规则
口内	320	1607194	镊子缸-4件/W5050	1	22.0	22.0	warning	special_only 未命中特色规则
口内	321	1607194	器械回收盒（带盖）-1/W6050	1	16.5	16.5	warning	special_only 未命中特色规则
口内	322	1607290	车针-5件/(同颜色一包)Z7520	1	8.0	8.0	warning	special_only 未命中特色规则
口内	323	1607290	唇钩-2/z7520	2	13.5	13.5	warning	special_only 未命中特色规则
口内	324	1607290	低速手机-1/Z7520	1	8.0	8.0	warning	special_only 未命中特色规则
口内	325	1607290	高速手机-1/Z7526	6	8.0	8.0	warning	special_only 未命中特色规则
口内	326	1607290	螺旋输送器-3件/Z7520	1	16.5	16.5	warning	special_only 未命中特色规则
口内	327	1607290	起冠器-1/z7526	1	8.0	8.0	warning	special_only 未命中特色规则
口内	328	1607290	洗拔髓针-5/z7520	1	8.0	8.0	warning	special_only 未命中特色规则
口内	329	1607290	小根管锉-9/z7520	1	13.5	13.5	warning	special_only 未命中特色规则
口内	330	1607530	玻璃板-1/z1526	1	11.0	11.0	warning	special_only 未命中特色规则
口内	331	1607530	车针-5件/(同颜色一包)Z7520	1	8.0	8.0	warning	special_only 未命中特色规则
口内	332	1607530	成型片-5/Z7520	1	27.5	27.5	warning	special_only 未命中特色规则
口内	333	1607530	大根管锉-6/z7520	1	13.5	13.5	warning	special_only 未命中特色规则
口内	334	1607530	低速手机-1/Z7520	1	8.0	8.0	warning	special_only 未命中特色规则
口内	335	1607530	调刀-1/z7526	1	8.0	8.0	warning	special_only 未命中特色规则
口内	336	1607530	高速手机-1/Z7526	9	8.0	8.0	warning	special_only 未命中特色规则
口内	337	1607530	刮勺-1/（保护）z7526	1	8.0	8.0	warning	special_only 未命中特色规则
口内	338	1607530	起冠器-1/z7526	1	8.0	8.0	warning	special_only 未命中特色规则
口内	339	1607530	小根管锉-9/z7520	1	13.5	13.5	warning	special_only 未命中特色规则
口内	340	1607530	针柄-3/z7520	1	16.5	16.5	warning	special_only 未命中特色规则
口内	341	1607530	棉球缸(小)-2/w6050	1	16.5	16.5	warning	special_only 未命中特色规则
口内	342	1607530	棉球缸(中)-3件/W6050	1	16.5	16.5	warning	special_only 未命中特色规则
口内	343	1607530	镊子缸-4件/W5050	1	22.0	22.0	warning	special_only 未命中特色规则
口内	344	1607530	器械回收盒（带盖）-1/W6050	1	16.5	16.5	warning	special_only 未命中特色规则
口内	345	1607658	不锈钢牙托-2/z1526	1	16.5	16.5	warning	special_only 未命中特色规则
口内	346	1607658	调刀-1/z7526	1	8.0	8.0	warning	special_only 未命中特色规则
口内	347	1607658	高速手机-1/Z7526	1	8.0	8.0	warning	special_only 未命中特色规则
口内	348	1607658	起冠器-1/z7526	1	8.0	8.0	warning	special_only 未命中特色规则
口内	349	1607970	G钻-3/z7520	1	16.5	16.5	warning	special_only 未命中特色规则
口内	350	1607970	玻璃板-1/z1526	2	11.0	11.0	warning	special_only 未命中特色规则
口内	351	1607970	不锈钢牙托-2/z1526	2	16.5	16.5	warning	special_only 未命中特色规则
口内	352	1607970	车针-5件/(同颜色一包)Z7520	5	8.0	8.0	warning	special_only 未命中特色规则
口内	353	1607970	唇钩-2/z7520	1	13.5	13.5	warning	special_only 未命中特色规则
口内	354	1607970	大根管锉-6/z7520	1	13.5	13.5	warning	special_only 未命中特色规则
口内	355	1607970	低速手机-1/Z7520	1	8.0	8.0	warning	special_only 未命中特色规则
口内	356	1607970	高速手机-1/Z7526	7	8.0	8.0	warning	special_only 未命中特色规则
口内	357	1607970	刮勺-1/（保护）z7526	1	8.0	8.0	warning	special_only 未命中特色规则
口内	358	1607970	光敏刀-2/z7526	2	13.5	13.5	warning	special_only 未命中特色规则
口内	359	1607970	洁牙机组件-4件/z7526	1	22.0	22.0	warning	special_only 未命中特色规则
口内	360	1607970	喷头-2/z7526	2	13.5	13.5	warning	special_only 未命中特色规则
口内	361	1607970	球钻-5/z7526	2	8.0	8.0	warning	special_only 未命中特色规则
口内	362	1607970	小根管锉-9/z7520	1	13.5	13.5	warning	special_only 未命中特色规则
口内	363	1607970	棉球缸(小)-2/w6050	2	16.5	16.5	warning	special_only 未命中特色规则
口内	364	1607970	棉球缸(中)-3件/W6050	1	16.5	16.5	warning	special_only 未命中特色规则
口内	365	1607970	镊子缸-2件/W4550	1	16.5	16.5	warning	special_only 未命中特色规则
口内	366	1607970	镊子缸-4件/W5050	1	22.0	22.0	warning	special_only 未命中特色规则
口内	367	1608153	大根管锉-6/z7520	1	13.5	13.5	warning	special_only 未命中特色规则
口内	368	1608153	高速手机-1/Z7526	2	8.0	8.0	warning	special_only 未命中特色规则
口内	369	1608448	充填器-1/Z7530	1	8.0	8.0	warning	special_only 未命中特色规则
口内	370	1608448	低速手机-1/Z7520	1	8.0	8.0	warning	special_only 未命中特色规则
口内	371	1608448	调刀-1/z7526	3	8.0	8.0	warning	special_only 未命中特色规则
口内	372	1608448	高速手机-1/Z7526	2	8.0	8.0	warning	special_only 未命中特色规则
口内	373	1608448	刮勺-1/（保护）z7526	1	8.0	8.0	warning	special_only 未命中特色规则
口内	374	1608448	光敏刀-2/z7526	1	13.5	13.5	warning	special_only 未命中特色规则
口内	375	1608448	洁牙机组件-4件/z7526	1	22.0	22.0	warning	special_only 未命中特色规则
口内	376	1608448	棉球缸(小)-2/w6050	2	16.5	16.5	warning	special_only 未命中特色规则
口内	377	1608448	镊子缸-4件/W5050	2	22.0	22.0	warning	special_only 未命中特色规则
口内	378	1608579	车针-5件/(同颜色一包)Z7520	4	8.0	8.0	warning	special_only 未命中特色规则
口内	379	1608579	成型片-5/Z7520	1	27.5	27.5	warning	special_only 未命中特色规则
口内	380	1608579	充填器-1/Z7530	1	8.0	8.0	warning	special_only 未命中特色规则
口内	381	1608579	大根管锉-6/z7520	1	13.5	13.5	warning	special_only 未命中特色规则
口内	382	1608579	低速手机-1/Z7520	1	8.0	8.0	warning	special_only 未命中特色规则
口内	383	1608579	调刀-1/z7526	2	8.0	8.0	warning	special_only 未命中特色规则
口内	384	1608579	高速手机-1/Z7526	8	8.0	8.0	warning	special_only 未命中特色规则
口内	385	1608579	洁牙机组件-4件/z7526	1	22.0	22.0	warning	special_only 未命中特色规则
口内	386	1608579	喷头-2/z7526	1	13.5	13.5	warning	special_only 未命中特色规则
口内	387	1608579	起冠器-1/z7526	1	8.0	8.0	warning	special_only 未命中特色规则
口内	388	1608579	球钻-5/z7526	3	8.0	8.0	warning	special_only 未命中特色规则
口内	389	1608579	小根管锉-9/z7520	1	13.5	13.5	warning	special_only 未命中特色规则
口内	390	1608579	针柄-3/z7520	1	16.5	16.5	warning	special_only 未命中特色规则
口内	391	1608864	G钻-3/z7520	1	16.5	16.5	warning	special_only 未命中特色规则
口内	392	1608864	玻璃板-1/z1526	1	11.0	11.0	warning	special_only 未命中特色规则
口内	393	1608864	不锈钢牙托-2/z1526	4	16.5	16.5	warning	special_only 未命中特色规则
口内	394	1608864	车针-5件/(同颜色一包)Z7520	1	8.0	8.0	warning	special_only 未命中特色规则
口内	395	1608864	充填器-1/Z7530	1	8.0	8.0	warning	special_only 未命中特色规则
口内	396	1608864	唇钩-2/z7520	1	13.5	13.5	warning	special_only 未命中特色规则
口内	397	1608864	低速手机-1/Z7520	2	8.0	8.0	warning	special_only 未命中特色规则
口内	398	1608864	高速手机-1/Z7526	8	8.0	8.0	warning	special_only 未命中特色规则
口内	399	1608864	刮勺-1/（保护）z7526	1	8.0	8.0	warning	special_only 未命中特色规则
口内	400	1608864	光敏刀-2/z7526	1	13.5	13.5	warning	special_only 未命中特色规则
口内	401	1608864	起冠器-1/z7526	2	8.0	8.0	warning	special_only 未命中特色规则
口内	402	1608864	洗拔髓针-4/z7520	1	8.0	8.0	warning	special_only 未命中特色规则
口内	403	1608864	针柄-3/z7520	1	16.5	16.5	warning	special_only 未命中特色规则
口内	404	1608864	棉球缸(小)-2/w6050	1	16.5	16.5	warning	special_only 未命中特色规则
口内	405	1608864	棉球缸(小)-3件/W7050	1	16.5	16.5	warning	special_only 未命中特色规则
口内	406	1608864	镊子缸-6件(3套)/w9050	2	33.0	33.0	warning	special_only 未命中特色规则
口内	407	1608943	玻璃板-1/z1526	2	11.0	11.0	warning	special_only 未命中特色规则
口内	408	1608943	唇钩-2/z7520	1	13.5	13.5	warning	special_only 未命中特色规则
口内	409	1608943	低速手机-1/Z7520	1	8.0	8.0	warning	special_only 未命中特色规则
口内	410	1608943	调刀-1/z7526	1	8.0	8.0	warning	special_only 未命中特色规则
口内	411	1608943	高速手机-1/Z7526	4	8.0	8.0	warning	special_only 未命中特色规则
口内	412	1608943	刮勺-1/（保护）z7526	2	8.0	8.0	warning	special_only 未命中特色规则
口内	413	1609191	玻璃板-1/z1526	1	11.0	11.0	warning	special_only 未命中特色规则
口内	414	1609191	车针-5件/(同颜色一包)Z7520	3	8.0	8.0	warning	special_only 未命中特色规则
口内	415	1609191	充填器-1/Z7530	1	8.0	8.0	warning	special_only 未命中特色规则
口内	416	1609191	唇钩-2/z7520	1	13.5	13.5	warning	special_only 未命中特色规则
口内	417	1609191	调刀-1/z7526	2	8.0	8.0	warning	special_only 未命中特色规则
口内	418	1609191	高速手机-1/Z7526	5	8.0	8.0	warning	special_only 未命中特色规则
口内	419	1609191	球钻-5/z7526	1	8.0	8.0	warning	special_only 未命中特色规则
口内	420	1609191	小根管锉-9/z7520	1	13.5	13.5	warning	special_only 未命中特色规则
口内	421	1609191	针柄-3/z7520	1	16.5	16.5	warning	special_only 未命中特色规则
口内	422	1609191	棉球缸(小)-2/w6050	2	16.5	16.5	warning	special_only 未命中特色规则
口内	423	1609191	镊子缸-4件/W5050	1	22.0	22.0	warning	special_only 未命中特色规则
口内	424	1609306	G钻-3/z7520	1	16.5	16.5	warning	special_only 未命中特色规则
口内	425	1609306	不锈钢牙托-2/z1526	2	16.5	16.5	warning	special_only 未命中特色规则
口内	426	1609306	车针-5件/(同颜色一包)Z7520	2	8.0	8.0	warning	special_only 未命中特色规则
口内	427	1609306	低速手机-1/Z7520	2	8.0	8.0	warning	special_only 未命中特色规则
口内	428	1609306	高速手机-1/Z7526	5	8.0	8.0	warning	special_only 未命中特色规则
口内	429	1609306	喷头-2/z7526	1	13.5	13.5	warning	special_only 未命中特色规则
口内	430	1609306	起冠器-1/z7526	2	8.0	8.0	warning	special_only 未命中特色规则
口内	431	1609306	球钻-5/z7526	1	8.0	8.0	warning	special_only 未命中特色规则
口内	432	1609306	洗拔髓针-5/z7520	1	8.0	8.0	warning	special_only 未命中特色规则
口内	433	1609306	小根管锉-9/z7520	1	13.5	13.5	warning	special_only 未命中特色规则
口内	434	1609615	玻璃板-1/z1526	1	11.0	11.0	warning	special_only 未命中特色规则
口内	435	1609615	唇钩-2/z7520	2	13.5	13.5	warning	special_only 未命中特色规则
口内	436	1609615	大根管锉-6/z7520	1	13.5	13.5	warning	special_only 未命中特色规则
口内	437	1609615	低速手机-1/Z7520	1	8.0	8.0	warning	special_only 未命中特色规则
口内	438	1609615	调刀-1/z7526	1	8.0	8.0	warning	special_only 未命中特色规则
口内	439	1609615	高速手机-1/Z7526	5	8.0	8.0	warning	special_only 未命中特色规则
口内	440	1609615	刮勺-1/（保护）z7526	3	8.0	8.0	warning	special_only 未命中特色规则
口内	441	1609615	洁牙机组件-4件/z7526	1	22.0	22.0	warning	special_only 未命中特色规则
口内	442	1609615	洗拔髓针-5/z7520	1	8.0	8.0	warning	special_only 未命中特色规则
口内	443	1609615	小根管锉-9/z7520	1	13.5	13.5	warning	special_only 未命中特色规则
口内	444	1609615	针柄-3/z7520	1	16.5	16.5	warning	special_only 未命中特色规则
口内	445	1609615	棉球缸(小)-2/w6050	1	16.5	16.5	warning	special_only 未命中特色规则
口内	446	1609615	棉球缸(中)-3件/W6050	1	16.5	16.5	warning	special_only 未命中特色规则
口内	447	1609615	镊子缸-6件(3套)/w9050	1	33.0	33.0	warning	special_only 未命中特色规则
口内	448	1609615	器械回收盒（带盖）-1/W6050	1	16.5	16.5	warning	special_only 未命中特色规则
口内	449	1609744	玻璃板-1/z1526	1	11.0	11.0	warning	special_only 未命中特色规则
口内	450	1609744	不锈钢牙托-2/z1526	2	16.5	16.5	warning	special_only 未命中特色规则
口内	451	1609744	车针-5件/(同颜色一包)Z7520	3	8.0	8.0	warning	special_only 未命中特色规则
口内	452	1609744	充填器-1/Z7530	1	8.0	8.0	warning	special_only 未命中特色规则
口内	453	1609744	唇钩-2/z7520	1	13.5	13.5	warning	special_only 未命中特色规则
口内	454	1609744	大根管锉-6/z7520	1	13.5	13.5	warning	special_only 未命中特色规则
口内	455	1609744	低速手机-1/Z7520	1	8.0	8.0	warning	special_only 未命中特色规则
口内	456	1609744	高速手机-1/Z7526	7	8.0	8.0	warning	special_only 未命中特色规则
口内	457	1609744	光敏刀-2/z7526	1	13.5	13.5	warning	special_only 未命中特色规则
口内	458	1609744	洁牙机组件-4件/z7526	1	22.0	22.0	warning	special_only 未命中特色规则
口内	459	1609744	螺旋输送器-3件/Z7520	1	16.5	16.5	warning	special_only 未命中特色规则
口内	460	1609744	球钻-5/z7526	1	8.0	8.0	warning	special_only 未命中特色规则
口内	461	1609744	洗拔髓针-5/z7520	1	8.0	8.0	warning	special_only 未命中特色规则
口内	462	1610048	不锈钢牙托-2/z1526	2	16.5	16.5	warning	special_only 未命中特色规则
口内	463	1610048	车针-5件/(同颜色一包)Z7520	2	8.0	8.0	warning	special_only 未命中特色规则
口内	464	1610048	成型片-5/Z7520	1	27.5	27.5	warning	special_only 未命中特色规则
口内	465	1610048	低速手机-1/Z7520	1	8.0	8.0	warning	special_only 未命中特色规则
口内	466	1610048	调刀-1/z7526	1	8.0	8.0	warning	special_only 未命中特色规则
口内	467	1610048	高速手机-1/Z7526	9	8.0	8.0	warning	special_only 未命中特色规则
口内	468	1610048	光敏刀-2/z7526	2	13.5	13.5	warning	special_only 未命中特色规则
口内	469	1610048	喷头-2/z7526	1	13.5	13.5	warning	special_only 未命中特色规则
口内	470	1610048	球钻-5/z7526	1	8.0	8.0	warning	special_only 未命中特色规则
口内	471	1610048	小根管锉-9/z7520	1	13.5	13.5	warning	special_only 未命中特色规则
口内	472	1610048	针柄-3/z7520	1	16.5	16.5	warning	special_only 未命中特色规则
口内	473	1610048	棉球缸(小)-2/w6050	2	16.5	16.5	warning	special_only 未命中特色规则
口内	474	1610048	棉球缸(中)-3件/W6050	1	16.5	16.5	warning	special_only 未命中特色规则
口内	475	1610048	镊子缸-2件/W4550	1	16.5	16.5	warning	special_only 未命中特色规则
口内	476	1610048	镊子缸-4件/W5050	1	22.0	22.0	warning	special_only 未命中特色规则
口内	477	1610319	G钻-3/z7520	1	16.5	16.5	warning	special_only 未命中特色规则
口内	478	1610319	车针-5件/(同颜色一包)Z7520	2	8.0	8.0	warning	special_only 未命中特色规则
口内	479	1610319	充填器-1/Z7530	1	8.0	8.0	warning	special_only 未命中特色规则
口内	480	1610319	唇钩-2/z7520	1	13.5	13.5	warning	special_only 未命中特色规则
口内	481	1610319	低速手机-1/Z7520	2	8.0	8.0	warning	special_only 未命中特色规则
口内	482	1610319	调刀-1/z7526	1	8.0	8.0	warning	special_only 未命中特色规则
口内	483	1610319	高速手机-1/Z7526	5	8.0	8.0	warning	special_only 未命中特色规则
口内	484	1610319	球钻-5/z7526	1	8.0	8.0	warning	special_only 未命中特色规则
口内	485	1610319	小根管锉-9/z7520	1	13.5	13.5	warning	special_only 未命中特色规则
口外	9	1601640	拔牙钳-1/z1029	1	8.0	8.0	warning	special_only 未命中特色规则
口外	10	1601640	拔牙挺-1/Z7526	1	8.0	8.0	warning	special_only 未命中特色规则
口外	11	1601640	唇颊拉钩-1/z7520	1	8.0	8.0	warning	special_only 未命中特色规则
口外	12	1601640	刀柄-1/z7526	1	8.0	8.0	warning	special_only 未命中特色规则
口外	13	1601640	封闭螺丝-1/Z7520	2	8.0	8.0	warning	special_only 未命中特色规则
口外	14	1601640	镊子-1/Z7534	1	8.0	8.0	warning	special_only 未命中特色规则
口外	15	1601640	眼科剪刀-1/Z7526	1	8.0	8.0	warning	special_only 未命中特色规则
口外	16	1601640	止血钳 -1/Z1026	2	8.0	8.0	warning	special_only 未命中特色规则
口外	17	1601640	阻生齿拔牙包	2	38.5	38.5	warning	special_only 未命中特色规则
口外	18	1601640	镊子缸-2件/w6050	1	16.5	16.5	warning	special_only 未命中特色规则
口外	19	1601640	无菌缸-3（大中小）/w6050	1	16.5	16.5	warning	special_only 未命中特色规则
口外	20	1601640	修复工具盒-6 盒1/W6050	1	38.5	38.5	warning	special_only 未命中特色规则
口外	21	1601733	45 度拔牙手机 -1/z7526	3	8.0	8.0	warning	special_only 未命中特色规则
口外	22	1601733	拔牙钳-1/z1029	2	8.0	8.0	warning	special_only 未命中特色规则
口外	23	1601733	拔牙挺-1/Z7526	4	8.0	8.0	warning	special_only 未命中特色规则
口外	24	1601733	刮勺-1/（保护）z7526	1	8.0	8.0	warning	special_only 未命中特色规则
口外	25	1601733	吸唾管-2/z7526	1	13.5	13.5	warning	special_only 未命中特色规则
口外	26	1601733	眼科剪刀-1/Z7526	2	8.0	8.0	warning	special_only 未命中特色规则
口外	27	1601733	止血钳 -1/Z1026	2	8.0	8.0	warning	special_only 未命中特色规则
口外	28	1601733	阻生齿车针-1/Z7520	4	8.0	8.0	warning	special_only 未命中特色规则
口外	29	1601733	阻生齿拔牙包	1	38.5	38.5	warning	special_only 未命中特色规则
口外	30	1601974	45 度拔牙手机 -1/z7526	2	8.0	8.0	warning	special_only 未命中特色规则
口外	31	1601974	拔牙挺-1/Z7526	3	8.0	8.0	warning	special_only 未命中特色规则
口外	32	1601974	止血钳 -1/Z1026	1	8.0	8.0	warning	special_only 未命中特色规则
口外	33	1601974	阻生齿车针-1/Z7520	2	8.0	8.0	warning	special_only 未命中特色规则
口外	34	1601974	镊子缸-2件/w6050	1	16.5	16.5	warning	special_only 未命中特色规则
口外	35	1601974	无菌缸-3（大中小）/w6050	1	16.5	16.5	warning	special_only 未命中特色规则
口外	36	1601983	阻生齿拔牙包	2	38.5	38.5	warning	special_only 未命中特色规则
口外	37	1602092	拔牙钳-1/z1029	1	8.0	8.0	warning	special_only 未命中特色规则
口外	38	1602092	拔牙挺-1/Z7526	1	8.0	8.0	warning	special_only 未命中特色规则
口外	39	1602092	刮勺-1/（保护）z7526	1	8.0	8.0	warning	special_only 未命中特色规则
口外	40	1602092	金属注射器-1/z1026	1	8.0	8.0	warning	special_only 未命中特色规则
口外	41	1602092	眼科剪刀-1/Z7526	1	8.0	8.0	warning	special_only 未命中特色规则
口外	42	1602092	止血钳 -1/Z1026	1	8.0	8.0	warning	special_only 未命中特色规则
口外	43	1602340	拔牙挺-1/Z7526	2	8.0	8.0	warning	special_only 未命中特色规则
口外	44	1602340	金属注射器-1/z1026	3	8.0	8.0	warning	special_only 未命中特色规则
口外	45	1602340	眼科剪刀-1/Z7526	3	8.0	8.0	warning	special_only 未命中特色规则
口外	46	1602340	止血钳 -1/Z1026	2	8.0	8.0	warning	special_only 未命中特色规则
口外	47	1602340	镊子缸-2件/w6050	2	16.5	16.5	warning	special_only 未命中特色规则
口外	48	1602340	无菌缸-3（大中小）/w6050	1	16.5	16.5	warning	special_only 未命中特色规则
口外	49	1602462	拔牙钳-1/z1029	1	8.0	8.0	warning	special_only 未命中特色规则
口外	50	1602462	拔牙挺-1/Z7526	3	8.0	8.0	warning	special_only 未命中特色规则
口外	51	1602462	刮勺-1/（保护）z7526	2	8.0	8.0	warning	special_only 未命中特色规则
口外	52	1602462	金属注射器-1/z1026	1	8.0	8.0	warning	special_only 未命中特色规则
口外	53	1602462	眼科剪刀-1/Z7526	2	8.0	8.0	warning	special_only 未命中特色规则
口外	54	1602462	止血钳 -1/Z1026	1	8.0	8.0	warning	special_only 未命中特色规则
口外	55	1602462	阻生齿车针-1/Z7520	1	8.0	8.0	warning	special_only 未命中特色规则
口外	56	1602699	镊子缸-2件/w6050	1	16.5	16.5	warning	special_only 未命中特色规则
口外	57	1602699	无菌缸-3（大中小）/w6050	1	16.5	16.5	warning	special_only 未命中特色规则
口外	58	1602801	拔牙钳-1/z1029	3	8.0	8.0	warning	special_only 未命中特色规则
口外	59	1602801	金属注射器-1/z1026	2	8.0	8.0	warning	special_only 未命中特色规则
口外	60	1602801	小咬骨钳-1/Z1530	1	11.0	11.0	warning	special_only 未命中特色规则
口外	61	1602801	眼科剪刀-1/Z7526	1	8.0	8.0	warning	special_only 未命中特色规则
口外	62	1603068	45 度拔牙手机 -1/z7526	1	8.0	8.0	warning	special_only 未命中特色规则
口外	63	1603068	拔牙钳-1/z1029	3	8.0	8.0	warning	special_only 未命中特色规则
口外	64	1603068	拔牙挺-1/Z7526	3	8.0	8.0	warning	special_only 未命中特色规则
口外	65	1603068	大球钻-1/z7520	2	8.0	8.0	warning	special_only 未命中特色规则
口外	66	1603068	骨钻-1/7520	1	8.0	8.0	warning	special_only 未命中特色规则
口外	67	1603068	金属注射器-1/z1026	3	8.0	8.0	warning	special_only 未命中特色规则
口外	68	1603068	小球钻-1/Z7520	1	8.0	8.0	warning	special_only 未命中特色规则
口外	69	1603068	眼科剪刀-1/Z7526	1	8.0	8.0	warning	special_only 未命中特色规则
口外	70	1603068	止血钳 -1/Z1026	2	8.0	8.0	warning	special_only 未命中特色规则
口外	71	1603068	阻生齿车针-1/Z7520	1	8.0	8.0	warning	special_only 未命中特色规则
口外	72	1603068	口外缝合包	1	33.0	33.0	warning	special_only 未命中特色规则
口外	73	1603068	阻生齿拔牙包	1	38.5	38.5	warning	special_only 未命中特色规则
口外	74	1603068	镊子缸-2件/w6050	1	16.5	16.5	warning	special_only 未命中特色规则
口外	75	1603068	无菌缸-3（大中小）/w6050	1	16.5	16.5	warning	special_only 未命中特色规则
口外	76	1603209	拔牙刀-1/z7526	1	8.0	8.0	warning	special_only 未命中特色规则
口外	77	1603209	拔牙钳-1/z1029	1	8.0	8.0	warning	special_only 未命中特色规则
口外	78	1603209	拔牙挺-1/Z7526	1	8.0	8.0	warning	special_only 未命中特色规则
口外	79	1603209	刮勺-1/（保护）z7526	1	8.0	8.0	warning	special_only 未命中特色规则
口外	80	1603209	喷头-1/z7520	1	8.0	8.0	warning	special_only 未命中特色规则
口外	81	1603209	止血钳 -1/Z1026	1	8.0	8.0	warning	special_only 未命中特色规则
口外	82	1603480	45 度拔牙手机 -1/z7526	2	8.0	8.0	warning	special_only 未命中特色规则
口外	83	1603480	拔牙挺-1/Z7526	3	8.0	8.0	warning	special_only 未命中特色规则
口外	84	1603480	唇颊拉钩-1/z7520	1	8.0	8.0	warning	special_only 未命中特色规则
口外	85	1603480	反光板-1/z1526	1	11.0	11.0	warning	special_only 未命中特色规则
口外	86	1603480	封闭螺丝-1/Z7520	1	8.0	8.0	warning	special_only 未命中特色规则
口外	87	1603480	口角拉钩-1/z7520	2	8.0	8.0	warning	special_only 未命中特色规则
口外	88	1603480	镊子-1/Z7534	1	8.0	8.0	warning	special_only 未命中特色规则
口外	89	1603480	止血钳 -1/Z1026	2	8.0	8.0	warning	special_only 未命中特色规则
口外	90	1603480	阻生齿车针-1/Z7520	2	8.0	8.0	warning	special_only 未命中特色规则
口外	91	1603480	阻生齿拔牙包	2	38.5	38.5	warning	special_only 未命中特色规则
口外	92	1603480	镊子缸-2件/w6050	2	16.5	16.5	warning	special_only 未命中特色规则
口外	93	1603480	无菌缸-3（大中小）/w6050	1	16.5	16.5	warning	special_only 未命中特色规则
口外	94	1603572	45 度拔牙手机 -1/z7526	1	8.0	8.0	warning	special_only 未命中特色规则
口外	95	1603572	拔牙刀-1/z7526	1	8.0	8.0	warning	special_only 未命中特色规则
口外	96	1603572	拔牙钳-1/z1029	1	8.0	8.0	warning	special_only 未命中特色规则
口外	97	1603572	拔牙挺-1/Z7526	3	8.0	8.0	warning	special_only 未命中特色规则
口外	98	1603572	剥离器-1/z7526	2	8.0	8.0	warning	special_only 未命中特色规则
口外	99	1603572	刀柄-1/z7526	1	8.0	8.0	warning	special_only 未命中特色规则
口外	100	1603572	骨锤-1/z1029	1	8.0	8.0	warning	special_only 未命中特色规则
口外	101	1603572	骨粉充填器-1/z7526	1	8.0	8.0	warning	special_only 未命中特色规则
口外	102	1603572	骨刮-1/z7526	1	8.0	8.0	warning	special_only 未命中特色规则
口外	103	1603572	骨凿-1/z7526	1	8.0	8.0	warning	special_only 未命中特色规则
口外	104	1603572	骨钻-1/7520	1	8.0	8.0	warning	special_only 未命中特色规则
口外	105	1603572	刮勺-1/（保护）z7526	1	8.0	8.0	warning	special_only 未命中特色规则
口外	106	1603572	口角拉钩-1/z7520	3	8.0	8.0	warning	special_only 未命中特色规则
口外	107	1603572	修复螺丝刀-3件/Z1530	1	16.5	16.5	warning	special_only 未命中特色规则
口外	108	1603572	牙周探针-1/Z7526	1	8.0	8.0	warning	special_only 未命中特色规则
口外	109	1603572	止血钳 -1/Z1026	4	8.0	8.0	warning	special_only 未命中特色规则
口外	110	1603572	种植手机-1/Z7526	1	8.0	8.0	warning	special_only 未命中特色规则
口外	111	1603572	阻生齿车针-1/Z7520	1	8.0	8.0	warning	special_only 未命中特色规则
口外	112	1603572	牙科种植包（二）	1	99.0	99.0	warning	special_only 未命中特色规则
口外	113	1603860	45 度拔牙手机 -1/z7526	1	8.0	8.0	warning	special_only 未命中特色规则
口外	114	1603860	拔牙钳-1/z1029	2	8.0	8.0	warning	special_only 未命中特色规则
口外	115	1603860	拔牙挺-1/Z7526	3	8.0	8.0	warning	special_only 未命中特色规则
口外	116	1603860	挡舌板-1/Z1026	1	8.0	8.0	warning	special_only 未命中特色规则
口外	117	1603860	刀柄-1/z7526	1	8.0	8.0	warning	special_only 未命中特色规则
口外	118	1603860	舌钳子-1/z1526	1	11.0	11.0	warning	special_only 未命中特色规则
口外	119	1603860	吸唾管-1/z7526	1	8.0	8.0	warning	special_only 未命中特色规则
口外	120	1603860	止血钳 -1/Z1026	1	8.0	8.0	warning	special_only 未命中特色规则
口外	121	1603860	种植手机-1/Z7526	1	8.0	8.0	warning	special_only 未命中特色规则
口外	122	1603860	阻生齿车针-1/Z7520	1	8.0	8.0	warning	special_only 未命中特色规则
口外	123	1603860	口外缝合包	1	33.0	33.0	warning	special_only 未命中特色规则
口外	124	1603860	阻生齿拔牙包	1	38.5	38.5	warning	special_only 未命中特色规则
口外	125	1603955	45 度拔牙手机 -1/z7526	2	8.0	8.0	warning	special_only 未命中特色规则
口外	126	1603955	拔牙钳-1/z1029	2	8.0	8.0	warning	special_only 未命中特色规则
口外	127	1603955	拔牙挺-1/Z7526	11	8.0	8.0	warning	special_only 未命中特色规则
口外	128	1603955	刀柄-1/z7526	1	8.0	8.0	warning	special_only 未命中特色规则
口外	129	1603955	金属注射器-1/z1026	1	8.0	8.0	warning	special_only 未命中特色规则
口外	130	1603955	喷头-1/z7520	1	8.0	8.0	warning	special_only 未命中特色规则
口外	131	1603955	眼科剪刀-1/Z7526	2	8.0	8.0	warning	special_only 未命中特色规则
口外	132	1603955	止血钳 -1/Z1026	1	8.0	8.0	warning	special_only 未命中特色规则
口外	133	1603955	阻生齿车针-1/Z7520	2	8.0	8.0	warning	special_only 未命中特色规则
口外	134	1603955	阻生齿拔牙包	3	38.5	38.5	warning	special_only 未命中特色规则
口外	135	1603955	镊子缸-2件/w6050	1	16.5	16.5	warning	special_only 未命中特色规则
口外	136	1603955	冉大夫器械5件（盒1）/W5050	1	33.0	33.0	warning	special_only 未命中特色规则
口外	137	1603955	无菌缸-3（大中小）/w6050	1	16.5	16.5	warning	special_only 未命中特色规则
口外	138	1604069	拔牙挺-1/Z7526	1	8.0	8.0	warning	special_only 未命中特色规则
口外	139	1604069	眼科剪刀-1/Z7526	1	8.0	8.0	warning	special_only 未命中特色规则
口外	140	1604069	止血钳 -1/Z1026	1	8.0	8.0	warning	special_only 未命中特色规则
口外	141	1604365	45 度拔牙手机 -1/z7526	2	8.0	8.0	warning	special_only 未命中特色规则
口外	142	1604365	拔牙钳-1/z1029	3	8.0	8.0	warning	special_only 未命中特色规则
口外	143	1604365	拔牙挺-1/Z7526	7	8.0	8.0	warning	special_only 未命中特色规则
口外	144	1604365	刮勺-1/（保护）z7526	1	8.0	8.0	warning	special_only 未命中特色规则
口外	145	1604365	金属注射器-1/z1026	5	8.0	8.0	warning	special_only 未命中特色规则
口外	146	1604365	眼科剪刀-1/Z7526	3	8.0	8.0	warning	special_only 未命中特色规则
口外	147	1604365	愈合基台-1/Z7526	8	8.0	8.0	warning	special_only 未命中特色规则
口外	148	1604365	止血钳 -1/Z1026	3	8.0	8.0	warning	special_only 未命中特色规则
口外	149	1604365	阻生齿车针-1/Z7520	2	8.0	8.0	warning	special_only 未命中特色规则
口外	150	1604365	镊子缸-2件/w6050	1	16.5	16.5	warning	special_only 未命中特色规则
口外	151	1604365	无菌缸-3（大中小）/w6050	1	16.5	16.5	warning	special_only 未命中特色规则
口外	152	1604473	45 度拔牙手机 -1/z7526	1	8.0	8.0	warning	special_only 未命中特色规则
口外	153	1604473	拔牙钳-1/z1029	1	8.0	8.0	warning	special_only 未命中特色规则
口外	154	1604473	拔牙挺-1/Z7526	2	8.0	8.0	warning	special_only 未命中特色规则
口外	155	1604473	唇颊拉钩-1/z7520	1	8.0	8.0	warning	special_only 未命中特色规则
口外	156	1604473	刮勺-1/（保护）z7526	2	8.0	8.0	warning	special_only 未命中特色规则
口外	157	1604473	金属注射器-1/z1026	3	8.0	8.0	warning	special_only 未命中特色规则
口外	158	1604473	喷头-1/z7520	1	8.0	8.0	warning	special_only 未命中特色规则
口外	159	1604473	阻生齿车针-1/Z7520	1	8.0	8.0	warning	special_only 未命中特色规则
口外	160	1604473	阻生齿拔牙包	3	38.5	38.5	warning	special_only 未命中特色规则
口外	161	1604744	拔牙钳-1/z1029	2	8.0	8.0	warning	special_only 未命中特色规则
口外	162	1604744	拔牙挺-1/Z7526	3	8.0	8.0	warning	special_only 未命中特色规则
口外	163	1604744	覆盖螺丝-1/Z7520	5	8.0	8.0	warning	special_only 未命中特色规则
口外	164	1604744	镊子-1/Z7534	1	8.0	8.0	warning	special_only 未命中特色规则
口外	165	1604744	喷头-1/z7520	1	8.0	8.0	warning	special_only 未命中特色规则
口外	166	1604744	修复螺丝刀-3件/Z1530	1	16.5	16.5	warning	special_only 未命中特色规则
口外	167	1604744	眼科剪刀-1/Z7526	2	8.0	8.0	warning	special_only 未命中特色规则
口外	168	1604744	止血钳 -1/Z1026	2	8.0	8.0	warning	special_only 未命中特色规则
口外	169	1604744	阻生齿拔牙包	1	38.5	38.5	warning	special_only 未命中特色规则
口外	170	1604744	镊子缸-2件/w6050	2	16.5	16.5	warning	special_only 未命中特色规则
口外	171	1604744	无菌缸-3（大中小）/w6050	1	16.5	16.5	warning	special_only 未命中特色规则
口外	172	1604880	拔牙钳-1/z1029	1	8.0	8.0	warning	special_only 未命中特色规则
口外	173	1604880	拔牙挺-1/Z7526	3	8.0	8.0	warning	special_only 未命中特色规则
口外	174	1604880	金属注射器-1/z1026	2	8.0	8.0	warning	special_only 未命中特色规则
口外	175	1604880	镊子-1/Z7534	1	8.0	8.0	warning	special_only 未命中特色规则
口外	176	1604880	眼科剪刀-1/Z7526	2	8.0	8.0	warning	special_only 未命中特色规则
口外	177	1604880	止血钳 -1/Z1026	2	8.0	8.0	warning	special_only 未命中特色规则
口外	178	1605064	拔牙钳-1/z1029	4	8.0	8.0	warning	special_only 未命中特色规则
口外	179	1605064	拔牙挺-1/Z7526	2	8.0	8.0	warning	special_only 未命中特色规则
口外	180	1605064	唇颊拉钩-1/z7520	1	8.0	8.0	warning	special_only 未命中特色规则
口外	181	1605064	金属开口器-1/z1526	1	11.0	11.0	warning	special_only 未命中特色规则
口外	182	1605064	金属注射器-1/z1026	1	8.0	8.0	warning	special_only 未命中特色规则
口外	183	1605064	镊子-1/Z7534	1	8.0	8.0	warning	special_only 未命中特色规则
口外	184	1605064	小咬骨钳-1/Z1530	1	11.0	11.0	warning	special_only 未命中特色规则
口外	185	1605064	口外缝合包	1	33.0	33.0	warning	special_only 未命中特色规则
口外	186	1605064	阻生齿拔牙包	1	38.5	38.5	warning	special_only 未命中特色规则
口外	187	1605064	镊子缸-2件/w6050	1	16.5	16.5	warning	special_only 未命中特色规则
口外	188	1605064	无菌缸-3（大中小）/w6050	1	16.5	16.5	warning	special_only 未命中特色规则
口外	189	1605261	刀柄-1/z7526	2	8.0	8.0	warning	special_only 未命中特色规则
口外	190	1605261	刮勺-1/（保护）z7526	1	8.0	8.0	warning	special_only 未命中特色规则
口外	191	1605261	金属注射器-1/z1026	1	8.0	8.0	warning	special_only 未命中特色规则
口外	192	1605261	口角拉钩-1/z7520	2	8.0	8.0	warning	special_only 未命中特色规则
口外	193	1605261	喷头-1/z7520	1	8.0	8.0	warning	special_only 未命中特色规则
口外	194	1605261	止血钳 -1/Z1026	1	8.0	8.0	warning	special_only 未命中特色规则
口外	195	1605487	45 度拔牙手机 -1/z7526	1	8.0	8.0	warning	special_only 未命中特色规则
口外	196	1605487	拔牙钳-1/z1029	3	8.0	8.0	warning	special_only 未命中特色规则
口外	197	1605487	拔牙挺-1/Z7526	6	8.0	8.0	warning	special_only 未命中特色规则
口外	198	1605487	持针器-1/Z1026	2	8.0	8.0	warning	special_only 未命中特色规则
口外	199	1605487	刀柄-1/z7526	1	8.0	8.0	warning	special_only 未命中特色规则
口外	200	1605487	刮勺-1/（保护）z7526	1	8.0	8.0	warning	special_only 未命中特色规则
口外	201	1605487	金属注射器-1/z1026	1	8.0	8.0	warning	special_only 未命中特色规则
口外	202	1605487	吸唾管-2/z7526	1	13.5	13.5	warning	special_only 未命中特色规则
口外	203	1605487	眼科剪刀-1/Z7526	2	8.0	8.0	warning	special_only 未命中特色规则
口外	204	1605487	止血钳 -1/Z1026	2	8.0	8.0	warning	special_only 未命中特色规则
口外	205	1605487	镊子缸-2件/w6050	1	16.5	16.5	warning	special_only 未命中特色规则
口外	206	1605487	无菌缸-3（大中小）/w6050	1	16.5	16.5	warning	special_only 未命中特色规则
口外	207	1605839	拔牙钳-1/z1029	2	8.0	8.0	warning	special_only 未命中特色规则
口外	208	1605839	拔牙挺-1/Z7526	1	8.0	8.0	warning	special_only 未命中特色规则
口外	209	1605839	持针器-1/Z1026	1	8.0	8.0	warning	special_only 未命中特色规则
口外	210	1605839	骨锤-1/z1029	1	8.0	8.0	warning	special_only 未命中特色规则
口外	211	1605839	刮勺-1/（保护）z7526	2	8.0	8.0	warning	special_only 未命中特色规则
口外	212	1605839	镊子-1/Z7534	1	8.0	8.0	warning	special_only 未命中特色规则
口外	213	1605839	吸唾管-1/z7526	1	8.0	8.0	warning	special_only 未命中特色规则
口外	214	1605839	眼科剪刀-1/Z7526	2	8.0	8.0	warning	special_only 未命中特色规则
口外	215	1605940	45 度拔牙手机 -1/z7526	1	8.0	8.0	warning	special_only 未命中特色规则
口外	216	1605940	拔牙钳-1/z1029	2	8.0	8.0	warning	special_only 未命中特色规则
口外	217	1605940	拔牙挺-1/Z7526	1	8.0	8.0	warning	special_only 未命中特色规则
口外	218	1605940	金属注射器-1/z1026	2	8.0	8.0	warning	special_only 未命中特色规则
口外	219	1605940	眼科剪刀-1/Z7526	1	8.0	8.0	warning	special_only 未命中特色规则
口外	220	1605940	阻生齿车针-1/Z7520	1	8.0	8.0	warning	special_only 未命中特色规则
口外	221	1605940	口外缝合包	1	33.0	33.0	warning	special_only 未命中特色规则
口外	222	1605940	阻生齿拔牙包	1	38.5	38.5	warning	special_only 未命中特色规则
口外	223	1605940	镊子缸-2件/w6050	1	16.5	16.5	warning	special_only 未命中特色规则
口外	224	1605940	无菌缸-3（大中小）/w6050	1	16.5	16.5	warning	special_only 未命中特色规则
口外	225	1606029	种植手机-1/Z7526	1	8.0	8.0	warning	special_only 未命中特色规则
口外	226	1606029	镊子缸-2件/w6050	1	16.5	16.5	warning	special_only 未命中特色规则
口外	227	1606029	无菌缸-3（大中小）/w6050	1	16.5	16.5	warning	special_only 未命中特色规则
口外	228	1606029	种植盒工具34盒1/W6050	1	192.5	192.5	warning	special_only 未命中特色规则
口外	229	1606165	拔牙钳-1/z1029	4	8.0	8.0	warning	special_only 未命中特色规则
口外	230	1606165	拔牙挺-1/Z7526	5	8.0	8.0	warning	special_only 未命中特色规则
口外	231	1606165	金属注射器-1/z1026	3	8.0	8.0	warning	special_only 未命中特色规则
口外	232	1606165	镊子-1/Z7534	1	8.0	8.0	warning	special_only 未命中特色规则
口外	233	1606165	眼科剪刀-1/Z7526	4	8.0	8.0	warning	special_only 未命中特色规则
口外	234	1606165	止血钳 -1/Z1026	3	8.0	8.0	warning	special_only 未命中特色规则
口外	235	1606453	拔牙钳-1/z1029	3	8.0	8.0	warning	special_only 未命中特色规则
口外	236	1606453	拔牙挺-1/Z7526	3	8.0	8.0	warning	special_only 未命中特色规则
口外	237	1606453	金属注射器-1/z1026	3	8.0	8.0	warning	special_only 未命中特色规则
口外	238	1606453	镊子-1/Z7534	1	8.0	8.0	warning	special_only 未命中特色规则
口外	239	1606453	眼科剪刀-1/Z7526	3	8.0	8.0	warning	special_only 未命中特色规则
口外	240	1606453	止血钳 -1/Z1026	2	8.0	8.0	warning	special_only 未命中特色规则
口外	241	1606453	镊子缸-2件/w6050	1	16.5	16.5	warning	special_only 未命中特色规则
口外	242	1606453	无菌缸-3（大中小）/w6050	1	16.5	16.5	warning	special_only 未命中特色规则
口外	243	1606570	拔牙钳-1/z1029	4	8.0	8.0	warning	special_only 未命中特色规则
口外	244	1606570	拔牙挺-1/Z7526	2	8.0	8.0	warning	special_only 未命中特色规则
口外	245	1606570	金属注射器-1/z1026	2	8.0	8.0	warning	special_only 未命中特色规则
口外	246	1606570	镊子-1/Z7534	2	8.0	8.0	warning	special_only 未命中特色规则
口外	247	1606570	喷头-1/z7520	1	8.0	8.0	warning	special_only 未命中特色规则
口外	248	1606570	眼科剪刀-1/Z7526	1	8.0	8.0	warning	special_only 未命中特色规则
口外	249	1606570	止血钳 -1/Z1026	1	8.0	8.0	warning	special_only 未命中特色规则
口外	250	1606570	阻生齿拔牙包	1	38.5	38.5	warning	special_only 未命中特色规则
口外	251	1606808	拔牙钳-1/z1029	1	8.0	8.0	warning	special_only 未命中特色规则
口外	252	1606808	镊子缸-2件/w6050	1	16.5	16.5	warning	special_only 未命中特色规则
口外	253	1606808	无菌缸-3（大中小）/w6050	1	16.5	16.5	warning	special_only 未命中特色规则
口外	254	1606881	拔牙钳-1/z1029	2	8.0	8.0	warning	special_only 未命中特色规则
口外	255	1606881	拔牙挺-1/Z7526	3	8.0	8.0	warning	special_only 未命中特色规则
口外	256	1606881	持针器-1/Z1026	1	8.0	8.0	warning	special_only 未命中特色规则
口外	257	1606881	高速手机-1/Z7526	1	8.0	8.0	warning	special_only 未命中特色规则
口外	258	1606881	金属注射器-1/z1026	3	8.0	8.0	warning	special_only 未命中特色规则
口外	259	1606881	镊子-1/Z7534	1	8.0	8.0	warning	special_only 未命中特色规则
口外	260	1606881	吸唾管-1/z7526	1	8.0	8.0	warning	special_only 未命中特色规则
口外	261	1606881	眼科剪刀-1/Z7526	5	8.0	8.0	warning	special_only 未命中特色规则
口外	262	1606881	止血钳 -1/Z1026	4	8.0	8.0	warning	special_only 未命中特色规则
口外	263	1606881	阻生齿车针-1/Z7520	1	8.0	8.0	warning	special_only 未命中特色规则
口外	264	1607193	45 度拔牙手机 -1/z7526	1	8.0	8.0	warning	special_only 未命中特色规则
口外	265	1607193	拔牙钳-1/z1029	4	8.0	8.0	warning	special_only 未命中特色规则
口外	266	1607193	拔牙挺-1/Z7526	4	8.0	8.0	warning	special_only 未命中特色规则
口外	267	1607193	刮勺-1/（保护）z7526	1	8.0	8.0	warning	special_only 未命中特色规则
口外	268	1607193	金属注射器-1/z1026	5	8.0	8.0	warning	special_only 未命中特色规则
口外	269	1607193	镊子-1/Z7534	3	8.0	8.0	warning	special_only 未命中特色规则
口外	270	1607193	眼科剪刀-1/Z7526	2	8.0	8.0	warning	special_only 未命中特色规则
口外	271	1607193	止血钳 -1/Z1026	3	8.0	8.0	warning	special_only 未命中特色规则
口外	272	1607193	阻生齿车针-1/Z7520	1	8.0	8.0	warning	special_only 未命中特色规则
口外	273	1607193	阻生齿拔牙包	1	38.5	38.5	warning	special_only 未命中特色规则
口外	274	1607193	镊子缸-2件/w6050	1	16.5	16.5	warning	special_only 未命中特色规则
口外	275	1607193	无菌缸-3（大中小）/w6050	1	16.5	16.5	warning	special_only 未命中特色规则
口外	276	1607291	45 度拔牙手机 -1/z7526	1	8.0	8.0	warning	special_only 未命中特色规则
口外	277	1607291	拔牙钳-1/z1029	3	8.0	8.0	warning	special_only 未命中特色规则
口外	278	1607291	拔牙挺-1/Z7526	4	8.0	8.0	warning	special_only 未命中特色规则
口外	279	1607291	挡舌板-1/Z1026	1	8.0	8.0	warning	special_only 未命中特色规则
口外	280	1607291	金属注射器-1/z1026	1	8.0	8.0	warning	special_only 未命中特色规则
口外	281	1607291	镊子-1/Z7534	1	8.0	8.0	warning	special_only 未命中特色规则
口外	282	1607291	眼科剪刀-1/Z7526	1	8.0	8.0	warning	special_only 未命中特色规则
口外	283	1607291	止血钳 -1/Z1026	1	8.0	8.0	warning	special_only 未命中特色规则
口外	284	1607291	阻生齿车针-1/Z7520	1	8.0	8.0	warning	special_only 未命中特色规则
口外	285	1607291	阻生齿拔牙包	1	38.5	38.5	warning	special_only 未命中特色规则
口外	286	1607531	拔牙钳-1/z1029	1	8.0	8.0	warning	special_only 未命中特色规则
口外	287	1607531	镊子-1/Z7534	1	8.0	8.0	warning	special_only 未命中特色规则
口外	288	1607531	镊子缸-2件/w6050	1	16.5	16.5	warning	special_only 未命中特色规则
口外	289	1607531	无菌缸-3（大中小）/w6050	1	16.5	16.5	warning	special_only 未命中特色规则
口外	290	1607657	拔牙挺-1/Z7526	1	8.0	8.0	warning	special_only 未命中特色规则
口外	291	1607657	镊子-1/Z7534	2	8.0	8.0	warning	special_only 未命中特色规则
口外	292	1607657	眼科剪刀-1/Z7526	2	8.0	8.0	warning	special_only 未命中特色规则
口外	293	1607657	止血钳 -1/Z1026	1	8.0	8.0	warning	special_only 未命中特色规则
口外	294	1607969	拔牙钳-1/z1029	2	8.0	8.0	warning	special_only 未命中特色规则
口外	295	1607969	拔牙挺-1/Z7526	2	8.0	8.0	warning	special_only 未命中特色规则
口外	296	1607969	金属注射器-1/z1026	1	8.0	8.0	warning	special_only 未命中特色规则
口外	297	1607969	镊子-1/Z7534	1	8.0	8.0	warning	special_only 未命中特色规则
口外	298	1607969	喷头-1/z7520	1	8.0	8.0	warning	special_only 未命中特色规则
口外	299	1607969	眼科剪刀-1/Z7526	1	8.0	8.0	warning	special_only 未命中特色规则
口外	300	1607969	止血钳 -1/Z1026	1	8.0	8.0	warning	special_only 未命中特色规则
口外	301	1608083	45 度拔牙手机 -1/z7526	2	8.0	8.0	warning	special_only 未命中特色规则
口外	302	1608083	拔牙钳-1/z1029	1	8.0	8.0	warning	special_only 未命中特色规则
口外	303	1608083	拔牙挺-1/Z7526	2	8.0	8.0	warning	special_only 未命中特色规则
口外	304	1608083	剥离器-1/z7526	1	8.0	8.0	warning	special_only 未命中特色规则
口外	305	1608083	刀柄-1/z7526	1	8.0	8.0	warning	special_only 未命中特色规则
口外	306	1608083	金属注射器-1/z1026	1	8.0	8.0	warning	special_only 未命中特色规则
口外	307	1608083	镊子-1/Z7534	1	8.0	8.0	warning	special_only 未命中特色规则
口外	308	1608083	眼科剪刀-1/Z7526	2	8.0	8.0	warning	special_only 未命中特色规则
口外	309	1608083	止血钳 -1/Z1026	1	8.0	8.0	warning	special_only 未命中特色规则
口外	310	1608083	阻生齿车针-1/Z7520	3	8.0	8.0	warning	special_only 未命中特色规则
口外	311	1608083	阻生齿拔牙包	1	38.5	38.5	warning	special_only 未命中特色规则
口外	312	1608083	冉大夫器械5件（盒1）/W5050	1	33.0	33.0	warning	special_only 未命中特色规则
口外	313	1608152	拔牙挺-1/Z7526	1	8.0	8.0	warning	special_only 未命中特色规则
口外	314	1608152	眼科剪刀-1/Z7526	1	8.0	8.0	warning	special_only 未命中特色规则
口外	315	1608152	口外缝合包	1	33.0	33.0	warning	special_only 未命中特色规则
口外	316	1608447	45 度拔牙手机 -1/z7526	2	8.0	8.0	warning	special_only 未命中特色规则
口外	317	1608447	拔牙挺-1/Z7526	4	8.0	8.0	warning	special_only 未命中特色规则
口外	318	1608447	金属注射器-1/z1026	1	8.0	8.0	warning	special_only 未命中特色规则
口外	319	1608447	小咬骨钳-1/Z1530	1	11.0	11.0	warning	special_only 未命中特色规则
口外	320	1608447	眼科剪刀-1/Z7526	1	8.0	8.0	warning	special_only 未命中特色规则
口外	321	1608447	止血钳 -1/Z1026	1	8.0	8.0	warning	special_only 未命中特色规则
口外	322	1608447	阻生齿车针-1/Z7520	3	8.0	8.0	warning	special_only 未命中特色规则
口外	323	1608447	阻生齿拔牙包	2	38.5	38.5	warning	special_only 未命中特色规则
口外	324	1608447	镊子缸-2件/w6050	2	16.5	16.5	warning	special_only 未命中特色规则
口外	325	1608447	无菌缸-3（大中小）/w6050	1	16.5	16.5	warning	special_only 未命中特色规则
口外	326	1608580	拔牙钳-1/z1029	3	8.0	8.0	warning	special_only 未命中特色规则
口外	327	1608580	拔牙挺-1/Z7526	5	8.0	8.0	warning	special_only 未命中特色规则
口外	328	1608580	反光板-1/z1526	1	11.0	11.0	warning	special_only 未命中特色规则
口外	329	1608863	45 度拔牙手机 -1/z7526	1	8.0	8.0	warning	special_only 未命中特色规则
口外	330	1608863	拔牙钳-1/z1029	1	8.0	8.0	warning	special_only 未命中特色规则
口外	331	1608863	拔牙挺-1/Z7526	3	8.0	8.0	warning	special_only 未命中特色规则
口外	332	1608863	剥离器-1/z7526	1	8.0	8.0	warning	special_only 未命中特色规则
口外	333	1608863	残根钳-1/z1029	1	8.0	8.0	warning	special_only 未命中特色规则
口外	334	1608863	持针器-1/Z1026	1	8.0	8.0	warning	special_only 未命中特色规则
口外	335	1608863	夹持器-1/Z1526	1	11.0	11.0	warning	special_only 未命中特色规则
口外	336	1608863	口角拉钩-1/z7520	3	8.0	8.0	warning	special_only 未命中特色规则
口外	337	1608863	拉钩-1/Z1026	1	8.0	8.0	warning	special_only 未命中特色规则
口外	338	1608863	吸唾管-1/z7526	1	8.0	8.0	warning	special_only 未命中特色规则
口外	339	1608863	眼科剪刀-1/Z7526	2	8.0	8.0	warning	special_only 未命中特色规则
口外	340	1608863	止血钳 -1/Z1026	1	8.0	8.0	warning	special_only 未命中特色规则
口外	341	1608863	阻生齿车针-1/Z7520	2	8.0	8.0	warning	special_only 未命中特色规则
口外	342	1608863	开口器-1/z1526	2	25.0	25.0	warning	special_only 未命中特色规则
口外	343	1608863	阻生齿拔牙包	1	38.5	38.5	warning	special_only 未命中特色规则
口外	344	1608863	镊子缸-2件/w6050	2	16.5	16.5	warning	special_only 未命中特色规则
口外	345	1608863	无菌缸-3（大中小）/w6050	1	16.5	16.5	warning	special_only 未命中特色规则
口外	346	1608944	45 度拔牙手机 -1/z7526	1	8.0	8.0	warning	special_only 未命中特色规则
口外	347	1608944	拔牙钳-1/z1029	1	8.0	8.0	warning	special_only 未命中特色规则
口外	348	1608944	拔牙挺-1/Z7526	3	8.0	8.0	warning	special_only 未命中特色规则
口外	349	1608944	金属注射器-1/z1026	1	8.0	8.0	warning	special_only 未命中特色规则
口外	350	1608944	镊子-1/Z7534	3	8.0	8.0	warning	special_only 未命中特色规则
口外	351	1608944	眼科剪刀-1/Z7526	2	8.0	8.0	warning	special_only 未命中特色规则
口外	352	1608944	止血钳 -1/Z1026	1	8.0	8.0	warning	special_only 未命中特色规则
口外	353	1608944	阻生齿车针-1/Z7520	1	8.0	8.0	warning	special_only 未命中特色规则
口外	354	1608944	阻生齿拔牙包	1	38.5	38.5	warning	special_only 未命中特色规则
口外	355	1609190	拔牙钳-1/z1029	3	8.0	8.0	warning	special_only 未命中特色规则
口外	356	1609190	拔牙挺-1/Z7526	2	8.0	8.0	warning	special_only 未命中特色规则
口外	357	1609190	金属注射器-1/z1026	4	8.0	8.0	warning	special_only 未命中特色规则
口外	358	1609190	镊子-1/Z7534	1	8.0	8.0	warning	special_only 未命中特色规则
口外	359	1609190	眼科剪刀-1/Z7526	2	8.0	8.0	warning	special_only 未命中特色规则
口外	360	1609190	止血钳 -1/Z1026	3	8.0	8.0	warning	special_only 未命中特色规则
口外	361	1609190	口外缝合包	2	33.0	33.0	warning	special_only 未命中特色规则
口外	362	1609190	镊子缸-2件/w6050	1	16.5	16.5	warning	special_only 未命中特色规则
口外	363	1609190	无菌缸-3（大中小）/w6050	1	16.5	16.5	warning	special_only 未命中特色规则
口外	364	1609307	拔牙钳-1/z1029	2	8.0	8.0	warning	special_only 未命中特色规则
口外	365	1609307	拔牙挺-1/Z7526	3	8.0	8.0	warning	special_only 未命中特色规则
口外	366	1609307	喷头-1/z7520	1	8.0	8.0	warning	special_only 未命中特色规则
口外	367	1609307	止血钳 -1/Z1026	1	8.0	8.0	warning	special_only 未命中特色规则
口外	368	1609637	拔牙钳-1/z1029	2	8.0	8.0	warning	special_only 未命中特色规则
口外	369	1609637	拔牙挺-1/Z7526	1	8.0	8.0	warning	special_only 未命中特色规则
口外	370	1609637	持针器-1/Z1026	1	8.0	8.0	warning	special_only 未命中特色规则
口外	371	1609637	骨钉-1/Z7520	3	8.0	8.0	warning	special_only 未命中特色规则
口外	372	1609637	骨粉碗-1/z1020	1	8.0	8.0	warning	special_only 未命中特色规则
口外	373	1609637	刮勺-1/（保护）z7526	1	8.0	8.0	warning	special_only 未命中特色规则
口外	374	1609637	吸唾管-1/z7526	1	8.0	8.0	warning	special_only 未命中特色规则
口外	375	1609637	显微有钩镊-1/Z7520	1	8.0	8.0	warning	special_only 未命中特色规则
口外	376	1609637	牙科骨磨-7件/Z1026	1	38.5	38.5	warning	special_only 未命中特色规则
口外	377	1609637	眼科剪刀-1/Z7526	1	8.0	8.0	warning	special_only 未命中特色规则
口外	378	1609637	帐篷钉-1/Z7520	2	8.0	8.0	warning	special_only 未命中特色规则
口外	379	1609637	镊子缸-2件/w6050	1	16.5	16.5	warning	special_only 未命中特色规则
口外	380	1609637	无菌缸-3（大中小）/w6050	1	16.5	16.5	warning	special_only 未命中特色规则
口外	381	1609743	45 度拔牙手机 -1/z7526	2	8.0	8.0	warning	special_only 未命中特色规则
口外	382	1609743	拔牙钳-1/z1029	4	8.0	8.0	warning	special_only 未命中特色规则
口外	383	1609743	拔牙挺-1/Z7526	6	8.0	8.0	warning	special_only 未命中特色规则
口外	384	1609743	剥离器-1/z7526	1	8.0	8.0	warning	special_only 未命中特色规则
口外	385	1609743	唇颊拉钩-1/z7520	1	8.0	8.0	warning	special_only 未命中特色规则
口外	386	1609743	刀柄-1/z7526	1	8.0	8.0	warning	special_only 未命中特色规则
口外	387	1609743	骨锤-1/z1029	1	8.0	8.0	warning	special_only 未命中特色规则
口外	388	1609743	刮勺-1/（保护）z7526	2	8.0	8.0	warning	special_only 未命中特色规则
口外	389	1609743	金属注射器-1/z1026	2	8.0	8.0	warning	special_only 未命中特色规则
口外	390	1609743	镊子-1/Z7534	2	8.0	8.0	warning	special_only 未命中特色规则
口外	391	1609743	喷头-1/z7520	2	8.0	8.0	warning	special_only 未命中特色规则
口外	392	1609743	吸唾管-2/z7526	1	13.5	13.5	warning	special_only 未命中特色规则
口外	393	1609743	眼科剪刀-1/Z7526	3	8.0	8.0	warning	special_only 未命中特色规则
口外	394	1609743	止血钳 -1/Z1026	3	8.0	8.0	warning	special_only 未命中特色规则
口外	395	1609743	阻生齿车针-1/Z7520	5	8.0	8.0	warning	special_only 未命中特色规则
口外	396	1610047	45 度拔牙手机 -1/z7526	1	8.0	8.0	warning	special_only 未命中特色规则
口外	397	1610047	拔牙钳-1/z1029	5	8.0	8.0	warning	special_only 未命中特色规则
口外	398	1610047	拔牙挺-1/Z7526	3	8.0	8.0	warning	special_only 未命中特色规则
口外	399	1610047	镊子-1/Z7534	1	8.0	8.0	warning	special_only 未命中特色规则
口外	400	1610047	阻生齿车针-1/Z7520	1	8.0	8.0	warning	special_only 未命中特色规则
口外	401	1610047	阻生齿拔牙包	1	38.5	38.5	warning	special_only 未命中特色规则
口外	402	1610047	镊子缸-2件/w6050	1	16.5	16.5	warning	special_only 未命中特色规则
口外	403	1610047	无菌缸-3（大中小）/w6050	1	16.5	16.5	warning	special_only 未命中特色规则
口外	404	1610138	45 度拔牙手机 -1/z7526	1	8.0	8.0	warning	special_only 未命中特色规则
口外	405	1610138	拔牙挺-1/Z7526	2	8.0	8.0	warning	special_only 未命中特色规则
口外	406	1610138	挡舌板-1/Z1026	1	8.0	8.0	warning	special_only 未命中特色规则
口外	407	1610138	镊子-1/Z7534	1	8.0	8.0	warning	special_only 未命中特色规则
口外	408	1610138	眼科剪刀-1/Z7526	1	8.0	8.0	warning	special_only 未命中特色规则
口外	409	1610138	止血钳 -1/Z1026	1	8.0	8.0	warning	special_only 未命中特色规则
口外	410	1610138	阻生齿车针-1/Z7520	1	8.0	8.0	warning	special_only 未命中特色规则
口外	411	1610138	阻生齿拔牙包	2	38.5	38.5	warning	special_only 未命中特色规则
口外	412	1610318	拔牙钳-1/z1029	2	8.0	8.0	warning	special_only 未命中特色规则
口外	413	1610318	金属注射器-1/z1026	2	8.0	8.0	warning	special_only 未命中特色规则
口外	414	1610318	眼科剪刀-1/Z7526	3	8.0	8.0	warning	special_only 未命中特色规则
口外	415	1610318	止血钳 -1/Z1026	1	8.0	8.0	warning	special_only 未命中特色规则
外三	9	1601628	切开包-8件	1	44.0	44.0	warning	special_only 未命中特色规则
妇产科	9	1606421	超声刀备用钥匙-1/Z1026	2	22.0	22.0	warning	special_only 未命中特色规则
妇产科	10	1606421	张长青超声刀线-2件/Z2535	1	66.0	44.0	warning	校正价44.0
妇科门诊	9	1601637	人流包-9件/W6050	2	49.5	49.5	warning	special_only 未命中特色规则
妇科门诊	10	1601986	人流包-9件/W6050	1	49.5	49.5	warning	special_only 未命中特色规则
妇科门诊	11	1602339	阴道套筒-1/Z1029	1	8.0	8.0	warning	special_only 未命中特色规则
妇科门诊	12	1602339	活检包-4件/W6050	2	22.0	22.0	warning	special_only 未命中特色规则
妇科门诊	13	1602339	取环包-6件/W6050	1	33.0	33.0	warning	special_only 未命中特色规则
妇科门诊	14	1602339	人流包-9件/W6050	1	49.5	49.5	warning	special_only 未命中特色规则
妇科门诊	15	1602701	扩棒包-6件（3-5.5）/Z1026	1	33.0	33.0	warning	special_only 未命中特色规则
妇科门诊	16	1602701	活检包-4件/W6050	1	22.0	22.0	warning	special_only 未命中特色规则
妇科门诊	17	1602701	人流包-9件/W6050	1	49.5	49.5	warning	special_only 未命中特色规则
妇科门诊	18	1603407	宫腔检查镜-3件（二）	1	66.0	66.0	warning	special_only 未命中特色规则
妇科门诊	19	1603476	取环包-6件/W6050	2	33.0	33.0	warning	special_only 未命中特色规则
妇科门诊	20	1603571	取环钩-1/Z7537	1	8.0	8.0	warning	special_only 未命中特色规则
妇科门诊	21	1604381	宫腔镜膨宫仪-5件	1	27.5	27.5	warning	special_only 未命中特色规则
妇科门诊	22	1604381	取环包-6件/W6050	2	33.0	33.0	warning	special_only 未命中特色规则
妇科门诊	23	1604381	人流包-9件/W6050	1	49.5	49.5	warning	special_only 未命中特色规则
妇科门诊	24	1604741	镊子-1/Z7534	1	8.0	8.0	warning	special_only 未命中特色规则
妇科门诊	25	1604741	窥器-1/W4550	1	16.5	16.5	warning	special_only 未命中特色规则
妇科门诊	26	1604741	取环包-6件/W6050	1	33.0	33.0	warning	special_only 未命中特色规则
妇科门诊	27	1604878	取环钩-1/Z7537	1	8.0	8.0	warning	special_only 未命中特色规则
妇科门诊	28	1604878	宫腔检查镜-3件（一）	1	66.0	66.0	warning	special_only 未命中特色规则
妇科门诊	29	1605113	扩棒包-6件（3-5.5）/Z1026	1	33.0	33.0	warning	special_only 未命中特色规则
妇科门诊	30	1605113	宫腔镜膨宫仪-5件	1	27.5	27.5	warning	special_only 未命中特色规则
妇科门诊	31	1605113	宫腔检查镜-3件（二）	1	66.0	66.0	warning	special_only 未命中特色规则
妇科门诊	32	1605113	取环包-6件/W6050	1	33.0	33.0	warning	special_only 未命中特色规则
妇科门诊	33	1605113	人流包-9件/W6050	1	49.5	49.5	warning	special_only 未命中特色规则
妇科门诊	34	1605216	宫腔检查镜-3件（一）	1	66.0	66.0	warning	special_only 未命中特色规则
妇科门诊	35	1605484	宫腔镜膨宫仪-5件	1	27.5	27.5	warning	special_only 未命中特色规则
妇科门诊	36	1605484	人流包-9件/W6050	1	49.5	49.5	warning	special_only 未命中特色规则
妇科门诊	37	1605838	人流包-9件/W6050	1	49.5	49.5	warning	special_only 未命中特色规则
妇科门诊	38	1605925	妇门电切镜-6件（一）	1	110.0	110.0	warning	special_only 未命中特色规则
妇科门诊	39	1606030	宫腔镜膨宫仪-5件	1	27.5	27.5	warning	special_only 未命中特色规则
妇科门诊	40	1606449	电切镜-6件（带帽）（二）	1	110.0	110.0	warning	special_only 未命中特色规则
妇科门诊	41	1606449	宫腔检查镜-3件（二）	1	66.0	66.0	warning	special_only 未命中特色规则
妇科门诊	42	1606555	人流包-9件/W6050	2	49.5	49.5	warning	special_only 未命中特色规则
妇科门诊	43	1606803	扩棒包-6件（3-5.5）/Z1026	1	33.0	33.0	warning	special_only 未命中特色规则
妇科门诊	44	1606803	宫腔镜膨宫仪-5件	1	27.5	27.5	warning	special_only 未命中特色规则
妇科门诊	45	1606803	取环包-6件/W6050	1	33.0	33.0	warning	special_only 未命中特色规则
妇科门诊	46	1606803	人流包-9件/W6050	1	49.5	49.5	warning	special_only 未命中特色规则
妇科门诊	47	1607500	宫腔镜钳-3件（剪勺齿）/双/z1560	1	16.5	16.5	warning	special_only 未命中特色规则
妇科门诊	48	1607500	宫腔镜膨宫仪-5件	1	27.5	27.5	warning	special_only 未命中特色规则
妇科门诊	49	1607500	宫腔检查镜-3件（一）	1	66.0	66.0	warning	special_only 未命中特色规则
妇科门诊	50	1607500	取环包-6件/W6050	3	33.0	33.0	warning	special_only 未命中特色规则
妇科门诊	51	1608081	镊子-1/Z7534	1	8.0	8.0	warning	special_only 未命中特色规则
妇科门诊	52	1608081	窥器-1/W4550	1	16.5	16.5	warning	special_only 未命中特色规则
妇科门诊	53	1608113	宫腔检查镜-3件（二）	1	66.0	66.0	warning	special_only 未命中特色规则
妇科门诊	54	1608498	宫腔镜钳-3件（剪勺齿）/双/z1560	1	16.5	16.5	warning	special_only 未命中特色规则
妇科门诊	55	1608498	宫腔镜膨宫仪-5件	1	27.5	27.5	warning	special_only 未命中特色规则
妇科门诊	56	1608498	活检包-4件/W6050	1	22.0	22.0	warning	special_only 未命中特色规则
妇科门诊	57	1608865	活检包-4件/W6050	1	22.0	22.0	warning	special_only 未命中特色规则
妇科门诊	58	1609219	取环包-6件/W6050	1	33.0	33.0	warning	special_only 未命中特色规则
妇科门诊	59	1609634	取环包-6件/W6050	2	33.0	33.0	warning	special_only 未命中特色规则
妇科门诊	60	1610136	人流包-9件/W6050	1	49.5	49.5	warning	special_only 未命中特色规则
妇科门诊	61	1610143	宫腔检查镜-3件（一）	1	66.0	66.0	warning	special_only 未命中特色规则
妇科门诊	62	1610317	宫腔镜钳-3件（剪勺齿）/双/z1560	1	16.5	16.5	warning	special_only 未命中特色规则
妇科门诊	63	1610317	宫腔检查镜-3件（二）	1	66.0	66.0	warning	special_only 未命中特色规则
妇科门诊	64	1610317	人流包-9件/W6050	1	49.5	49.5	warning	special_only 未命中特色规则
急诊科	9	1601630	剪刀-4/W4550	1	22.0	22.0	warning	special_only 未命中特色规则
急诊科	10	1601868	剪刀-4/W4550	1	22.0	22.0	warning	special_only 未命中特色规则
急诊科	11	1601990	剪刀-4/W4550	2	22.0	22.0	warning	special_only 未命中特色规则
急诊科	12	1602337	剪刀-4/W4550	1	22.0	22.0	warning	special_only 未命中特色规则
急诊科	13	1602697	剪刀-4/W4550	2	22.0	22.0	warning	special_only 未命中特色规则
急诊科	14	1603478	剪刀-4/W4550	1	22.0	22.0	warning	special_only 未命中特色规则
急诊科	15	1603764	剪刀-4/W4550	1	22.0	22.0	warning	special_only 未命中特色规则
急诊科	16	1604384	剪刀-4/W4550	2	22.0	22.0	warning	special_only 未命中特色规则
急诊科	17	1605114	剪刀-4/W4550	1	22.0	22.0	warning	special_only 未命中特色规则
急诊科	18	1605485	剪刀-4/W4550	1	22.0	22.0	warning	special_only 未命中特色规则
急诊科	19	1605837	剪刀-4/W4550	1	22.0	22.0	warning	special_only 未命中特色规则
急诊科	20	1605935	剪刀-4/W4550	1	22.0	22.0	warning	special_only 未命中特色规则
急诊科	21	1606079	气管切开	1	176.0	176.0	warning	special_only 未命中特色规则
急诊科	22	1606079	剪刀-4/W4550	1	22.0	22.0	warning	special_only 未命中特色规则
急诊科	23	1606783	剪刀-4/W4550	1	22.0	22.0	warning	special_only 未命中特色规则
急诊科	24	1607527	剪刀-4/W4550	1	22.0	22.0	warning	special_only 未命中特色规则
急诊科	25	1607871	剪刀-4/W4550	1	22.0	22.0	warning	special_only 未命中特色规则
急诊科	26	1608023	剪刀-4/W4550	1	22.0	22.0	warning	special_only 未命中特色规则
急诊科	27	1608478	剪刀-4/W4550	1	22.0	22.0	warning	special_only 未命中特色规则
急诊科	28	1608756	呼吸气囊-1/Z2025	1	28.0	28.0	warning	special_only 未命中特色规则
急诊科	29	1609216	剪刀-4/W4550	2	22.0	22.0	warning	special_only 未命中特色规则
急诊科	30	1609614	剪刀-4/W4550	1	22.0	22.0	warning	special_only 未命中特色规则
急诊科	31	1610134	剪刀-4/W4550	2	22.0	22.0	warning	special_only 未命中特色规则
慢创	9	1601635	换药包-4件/W4050	1	22.0	22.0	warning	special_only 未命中特色规则
慢创	10	1601876	持针器-1/Z1026	1	8.0	8.0	warning	special_only 未命中特色规则
慢创	11	1601876	换药包-4件/W4050	1	22.0	22.0	warning	special_only 未命中特色规则
慢创	12	1602336	换药包-4件/W4050	1	22.0	22.0	warning	special_only 未命中特色规则
慢创	13	1602698	换药包-4件/W4050	1	22.0	22.0	warning	special_only 未命中特色规则
慢创	14	1603075	环钻-1/Z7520	10	8.0	8.0	warning	special_only 未命中特色规则
慢创	15	1603075	换药包-4件/W4050	1	22.0	22.0	warning	special_only 未命中特色规则
慢创	16	1603481	换药包-4件/W4050	1	22.0	22.0	warning	special_only 未命中特色规则
慢创	17	1603763	换药包-4件/W4050	1	22.0	22.0	warning	special_only 未命中特色规则
慢创	18	1603954	换药包-4件/W4050	1	22.0	22.0	warning	special_only 未命中特色规则
慢创	19	1604386	换药包-4件/W4050	1	22.0	22.0	warning	special_only 未命中特色规则
慢创	20	1604745	换药包-4件/W4050	1	22.0	22.0	warning	special_only 未命中特色规则
慢创	21	1605109	换药包-4件/W4050	1	22.0	22.0	warning	special_only 未命中特色规则
慢创	22	1605488	换药包-4件/W4050	1	22.0	22.0	warning	special_only 未命中特色规则
慢创	23	1605936	换药包-4件/W4050	1	22.0	22.0	warning	special_only 未命中特色规则
慢创	24	1606454	环钻-1/Z7520	2	8.0	8.0	warning	special_only 未命中特色规则
慢创	25	1606454	换药包-4件/W4050	1	22.0	22.0	warning	special_only 未命中特色规则
慢创	26	1607196	换药包-4件/W4050	1	22.0	22.0	warning	special_only 未命中特色规则
慢创	27	1607524	换药包-4件/W4050	1	22.0	22.0	warning	special_only 未命中特色规则
慢创	28	1608022	换药包-4件/W4050	1	22.0	22.0	warning	special_only 未命中特色规则
慢创	29	1608860	换药包-4件/W4050	1	22.0	22.0	warning	special_only 未命中特色规则
慢创	30	1609633	换药包-4件/W4050	1	22.0	22.0	warning	special_only 未命中特色规则
慢创	31	1609950	换药包-4件/W4050	1	22.0	22.0	warning	special_only 未命中特色规则
烧伤一科	9	1601605	剪刀-4/W4550	4	22.0	22.0	warning	special_only 未命中特色规则
烧伤一科	10	1601988	剪刀-4/W4550	5	22.0	22.0	warning	special_only 未命中特色规则
烧伤一科	11	1602335	剪刀-4/W4550	2	22.0	22.0	warning	special_only 未命中特色规则
烧伤一科	12	1602704	剪刀-4/W4550	5	22.0	22.0	warning	special_only 未命中特色规则
烧伤一科	13	1603073	剪刀-4/W4550	2	22.0	22.0	warning	special_only 未命中特色规则
烧伤一科	14	1603484	剪刀-4/W4550	3	22.0	22.0	warning	special_only 未命中特色规则
烧伤一科	15	1603765	剪刀-4/W4550	5	22.0	22.0	warning	special_only 未命中特色规则
烧伤一科	16	1603771	切开包-8件	1	44.0	44.0	warning	special_only 未命中特色规则
烧伤一科	17	1603952	剪刀-4/W4550	6	22.0	22.0	warning	special_only 未命中特色规则
烧伤一科	18	1604389	剪刀-4/W4550	7	22.0	22.0	warning	special_only 未命中特色规则
烧伤一科	19	1604748	剪刀-4/W4550	1	22.0	22.0	warning	special_only 未命中特色规则
烧伤一科	20	1605108	剪刀-4/W4550	5	22.0	22.0	warning	special_only 未命中特色规则
烧伤一科	21	1605491	剪刀-4/W4550	3	22.0	22.0	warning	special_only 未命中特色规则
烧伤一科	22	1605938	剪刀-4/W4550	9	22.0	22.0	warning	special_only 未命中特色规则
烧伤一科	23	1606081	剪刀-4/W4550	3	22.0	22.0	warning	special_only 未命中特色规则
烧伤一科	24	1606457	剪刀-4/W4550	4	22.0	22.0	warning	special_only 未命中特色规则
烧伤一科	25	1606807	剪刀-4/W4550	5	22.0	22.0	warning	special_only 未命中特色规则
烧伤一科	26	1607190	剪刀-4/W4550	4	22.0	22.0	warning	special_only 未命中特色规则
烧伤一科	27	1607526	剪刀-4/W4550	4	22.0	22.0	warning	special_only 未命中特色规则
烧伤一科	28	1607967	剪刀-3件/W4050	1	16.5	16.5	warning	special_only 未命中特色规则
烧伤一科	29	1607973	剪刀-4/W4550	4	22.0	22.0	warning	special_only 未命中特色规则
烧伤一科	30	1608078	剪刀-4/W4550	6	22.0	22.0	warning	special_only 未命中特色规则
烧伤一科	31	1608444	剪刀-4/W4550	3	22.0	22.0	warning	special_only 未命中特色规则
烧伤一科	32	1608858	剪刀-4/W4550	2	22.0	22.0	warning	special_only 未命中特色规则
烧伤一科	33	1609217	剪刀-4/W4550	4	22.0	22.0	warning	special_only 未命中特色规则
烧伤一科	34	1609238	切开包-8件	1	44.0	44.0	warning	special_only 未命中特色规则
烧伤一科	35	1609632	气管切开	1	137.5	137.5	warning	special_only 未命中特色规则
烧伤一科	36	1609632	剪刀-4/W4550	3	22.0	22.0	warning	special_only 未命中特色规则
烧伤一科	37	1609948	剪刀-4/W4550	4	22.0	22.0	warning	special_only 未命中特色规则
烧伤一科	38	1610045	剪刀-4/W4550	5	22.0	22.0	warning	special_only 未命中特色规则
烧伤一科	39	1610161	剪刀-4/W4550	3	22.0	22.0	warning	special_only 未命中特色规则
烧伤三科	9	1601601	肖啸 烧三器械(二)-9件	1	55.0	55.0	warning	special_only 未命中特色规则
烧伤三科	10	1602073	肖啸显微器械（一）-8件	1	49.5	49.5	warning	special_only 未命中特色规则
烧伤三科	11	1603512	肖啸 烧三器械(二)-9件	1	55.0	55.0	warning	special_only 未命中特色规则
烧伤三科	12	1603512	肖啸显微器械（一）-8件	1	49.5	49.5	warning	special_only 未命中特色规则
烧伤三科	13	1605822	肖啸 烧三器械(二)-9件	1	55.0	55.0	warning	special_only 未命中特色规则
烧伤三科	14	1605828	肖啸显微器械（一）-8件	1	49.5	49.5	warning	special_only 未命中特色规则
烧伤三科	15	1606879	肖啸显微器械（一）-8件	1	49.5	49.5	warning	special_only 未命中特色规则
烧伤三科	16	1607656	肖啸 烧三器械(二)-9件	1	55.0	55.0	warning	special_only 未命中特色规则
烧伤三科	17	1608148	肖啸显微器械（三）-8件	1	49.5	49.5	warning	special_only 未命中特色规则
烧伤三科	18	1608946	肖啸 烧三器械(二)-9件	1	55.0	55.0	warning	special_only 未命中特色规则
烧伤三科	19	1609184	肖啸显微器械（三）-8件	1	49.5	49.5	warning	special_only 未命中特色规则
烧伤二科	9	1601631	剪刀-4/W4550	3	22.0	22.0	warning	special_only 未命中特色规则
烧伤二科	10	1601867	剪刀-4/W4550	1	22.0	22.0	warning	special_only 未命中特色规则
烧伤二科	11	1601869	切开包-8件	1	44.0	44.0	warning	special_only 未命中特色规则
烧伤二科	12	1601989	剪刀-3件/W4050	3	16.5	16.5	warning	special_only 未命中特色规则
烧伤二科	13	1601989	剪刀-4/W4550	1	22.0	22.0	warning	special_only 未命中特色规则
烧伤二科	14	1602334	剪刀-3件/W4050	1	16.5	16.5	warning	special_only 未命中特色规则
烧伤二科	15	1602334	剪刀-4/W4550	2	22.0	22.0	warning	special_only 未命中特色规则
烧伤二科	16	1602705	剪刀-3件/W4050	2	16.5	16.5	warning	special_only 未命中特色规则
烧伤二科	17	1603074	剪刀-3件/W4050	5	16.5	16.5	warning	special_only 未命中特色规则
烧伤二科	18	1603483	剪刀-4/W4550	1	22.0	22.0	warning	special_only 未命中特色规则
烧伤二科	19	1603762	剪刀-3件/W4050	1	16.5	16.5	warning	special_only 未命中特色规则
烧伤二科	20	1603762	剪刀-4/W4550	3	22.0	22.0	warning	special_only 未命中特色规则
烧伤二科	21	1603861	剪刀-3件/W4050	3	16.5	16.5	warning	special_only 未命中特色规则
烧伤二科	22	1603953	剪刀-4/W4550	1	22.0	22.0	warning	special_only 未命中特色规则
烧伤二科	23	1604274	支气管软镜-5件/W12050	1	300.0	300.0	warning	special_only 未命中特色规则
烧伤二科	24	1604388	剪刀-3件/W4050	1	16.5	16.5	warning	special_only 未命中特色规则
烧伤二科	25	1604388	剪刀-4/W4550	4	22.0	22.0	warning	special_only 未命中特色规则
烧伤二科	26	1604747	剪刀-3件/W4050	2	16.5	16.5	warning	special_only 未命中特色规则
烧伤二科	27	1605110	剪刀-4/W4550	4	22.0	22.0	warning	special_only 未命中特色规则
烧伤二科	28	1605490	剪刀-4/W4550	1	22.0	22.0	warning	special_only 未命中特色规则
烧伤二科	29	1605836	剪刀-3件/W4050	2	16.5	16.5	warning	special_only 未命中特色规则
烧伤二科	30	1605836	剪刀-4/W4550	2	22.0	22.0	warning	special_only 未命中特色规则
烧伤二科	31	1605937	剪刀-3件/W4050	2	16.5	16.5	warning	special_only 未命中特色规则
烧伤二科	32	1605937	剪刀-4/W4550	1	22.0	22.0	warning	special_only 未命中特色规则
烧伤二科	33	1606456	剪刀-3件/W4050	3	16.5	16.5	warning	special_only 未命中特色规则
烧伤二科	34	1606456	剪刀-4/W4550	3	22.0	22.0	warning	special_only 未命中特色规则
烧伤二科	35	1606852	气管切开（烧伤二）	1	126.5	126.5	warning	special_only 未命中特色规则
烧伤二科	36	1607191	剪刀-4/W4550	5	22.0	22.0	warning	special_only 未命中特色规则
烧伤二科	37	1607655	剪刀-3件/W4050	7	16.5	16.5	warning	special_only 未命中特色规则
烧伤二科	38	1607966	剪刀-4/W4550	4	22.0	22.0	warning	special_only 未命中特色规则
烧伤二科	39	1607972	剪刀-3件/W4050	1	16.5	16.5	warning	special_only 未命中特色规则
烧伤二科	40	1608079	剪刀-4/W4550	1	22.0	22.0	warning	special_only 未命中特色规则
烧伤二科	41	1608445	剪刀-3件/W4050	3	16.5	16.5	warning	special_only 未命中特色规则
烧伤二科	42	1608445	剪刀-4/W4550	1	22.0	22.0	warning	special_only 未命中特色规则
烧伤二科	43	1608859	剪刀-3件/W4050	1	16.5	16.5	warning	special_only 未命中特色规则
烧伤二科	44	1609187	剪刀-3件/W4050	3	16.5	16.5	warning	special_only 未命中特色规则
烧伤二科	45	1609612	剪刀-4/W4550	1	22.0	22.0	warning	special_only 未命中特色规则
烧伤二科	46	1609949	剪刀-3件/W4050	2	16.5	16.5	warning	special_only 未命中特色规则
烧伤二科	47	1609949	剪刀-4/W4550	1	22.0	22.0	warning	special_only 未命中特色规则
烧伤二科	48	1610046	剪刀-4/W4550	1	22.0	22.0	warning	special_only 未命中特色规则
烧伤二科	49	1610160	剪刀-4/W4550	1	22.0	22.0	warning	special_only 未命中特色规则
眼科门诊	9	1601984	睫毛镊子-1件/Z7526	1	8.0	8.0	warning	special_only 未命中特色规则
眼科门诊	10	1602333	睫毛镊子-1件/Z7526	1	8.0	8.0	warning	special_only 未命中特色规则
眼科门诊	11	1602696	睫毛镊子-1件/Z7526	1	8.0	8.0	warning	special_only 未命中特色规则
眼科门诊	12	1602696	泪小点扩张器-1/Z7520	1	8.0	8.0	warning	special_only 未命中特色规则
眼科门诊	13	1602696	显微无钩镊子-1/Z7526	1	8.0	8.0	warning	special_only 未命中特色规则
眼科门诊	14	1603070	睫毛镊子-1件/Z7526	1	8.0	8.0	warning	special_only 未命中特色规则
眼科门诊	15	1603070	眼科散粒肿包	1	38.5	38.5	warning	special_only 未命中特色规则
眼科门诊	16	1603485	眼科散粒肿包	1	38.5	38.5	warning	special_only 未命中特色规则
眼科门诊	17	1603951	睫毛镊子-1件/Z7526	1	8.0	8.0	warning	special_only 未命中特色规则
眼科门诊	18	1604390	睫毛镊子-1件/Z7526	1	8.0	8.0	warning	special_only 未命中特色规则
眼科门诊	19	1604390	眼科缝合包	1	22.0	22.0	warning	special_only 未命中特色规则
眼科门诊	20	1604390	眼科散粒肿包	1	38.5	38.5	warning	special_only 未命中特色规则
眼科门诊	21	1604749	睫毛镊子-1件/Z7526	1	8.0	8.0	warning	special_only 未命中特色规则
眼科门诊	22	1605107	眼科拉钩-1/Z1029	1	8.0	8.0	warning	special_only 未命中特色规则
眼科门诊	23	1605492	显微无钩镊子-1/Z7526	1	8.0	8.0	warning	special_only 未命中特色规则
眼科门诊	24	1605492	眼科散粒肿包	1	38.5	38.5	warning	special_only 未命中特色规则
眼科门诊	25	1606082	睫毛镊子-1件/Z7526	1	8.0	8.0	warning	special_only 未命中特色规则
眼科门诊	26	1606082	泪小点扩张器-1/Z7520	1	8.0	8.0	warning	special_only 未命中特色规则
眼科门诊	27	1606082	显微有钩镊-1/Z7520	1	8.0	8.0	warning	special_only 未命中特色规则
眼科门诊	28	1606458	睫毛镊子-1件/Z7526	1	8.0	8.0	warning	special_only 未命中特色规则
眼科门诊	29	1606458	眼科无钩弯镊子-1/Z7526	1	8.0	8.0	warning	special_only 未命中特色规则
眼科门诊	30	1606458	眼科有钩直镊子-1/Z7526	1	8.0	8.0	warning	special_only 未命中特色规则
眼科门诊	31	1606458	圆头按摩镊子-1/Z7526	1	8.0	8.0	warning	special_only 未命中特色规则
眼科门诊	32	1606806	睫毛镊子-1件/Z7526	1	8.0	8.0	warning	special_only 未命中特色规则
眼科门诊	33	1606806	显微有钩镊-1/Z7520	1	8.0	8.0	warning	special_only 未命中特色规则
眼科门诊	34	1607189	睫毛镊子-1件/Z7526	1	8.0	8.0	warning	special_only 未命中特色规则
眼科门诊	35	1607523	受水器-1/Z1029	1	8.0	8.0	warning	special_only 未命中特色规则
眼科门诊	36	1607523	眼科小剪刀-1/Z7526	1	8.0	8.0	warning	special_only 未命中特色规则
眼科门诊	37	1607968	睫毛镊子-1件/Z7526	1	8.0	8.0	warning	special_only 未命中特色规则
眼科门诊	38	1607968	受水器-1/Z1029	1	8.0	8.0	warning	special_only 未命中特色规则
眼科门诊	39	1607968	眼科显微器械包	1	33.0	33.0	warning	special_only 未命中特色规则
眼科门诊	40	1608479	受水器-1/Z1029	1	8.0	8.0	warning	special_only 未命中特色规则
眼科门诊	41	1608857	睫毛镊子-1件/Z7526	1	8.0	8.0	warning	special_only 未命中特色规则
眼科门诊	42	1609611	睫毛镊子-1件/Z7526	2	8.0	8.0	warning	special_only 未命中特色规则
眼科门诊	43	1609611	眼科缝合包	1	22.0	22.0	warning	special_only 未命中特色规则
眼科门诊	44	1610133	受水器-1/Z1029	1	8.0	8.0	warning	special_only 未命中特色规则
眼科门诊	45	1610133	无钩镊-1/Z7526	1	8.0	8.0	warning	special_only 未命中特色规则
眼科门诊	46	1610133	眼科缝合包	1	22.0	22.0	warning	special_only 未命中特色规则
眼科门诊 （送一手）	9	1607876	白内障-3件/Z2530	1	66.0	66.0	warning	special_only 未命中特色规则
神经外科	9	1602797	林成海（动脉瘤包）-35件	1	198.0	198.0	warning	special_only 未命中特色规则
美容科	9	1601636	刀柄1剪子1钩镊1持针器1/Z1526	3	22.0	22.0	warning	special_only 未命中特色规则
美容科	10	1601985	1.0钻头-1/z7520	1	8.0	8.0	warning	special_only 未命中特色规则
美容科	11	1601985	钩镊1小剪刀1/Z7520	1	13.5	13.5	warning	special_only 未命中特色规则
美容科	12	1601985	刀柄1剪子1钩镊1持针器1/Z1526	1	22.0	22.0	warning	special_only 未命中特色规则
美容科	13	1603067	1.0钻头-1/z7520	4	8.0	8.0	warning	special_only 未命中特色规则
美容科	14	1603067	钻头1.5-1件/z7520	1	8.0	8.0	warning	special_only 未命中特色规则
美容科	15	1603067	钻头2.0-1/Z7520	1	8.0	8.0	warning	special_only 未命中特色规则
美容科	16	1603067	刀柄1剪子1钩镊1持针器1/Z1526	1	22.0	22.0	warning	special_only 未命中特色规则
美容科	17	1603482	钻头1.5-1件/z7520	2	8.0	8.0	warning	special_only 未命中特色规则
美容科	18	1603980	1.0钻头-1/z7520	4	8.0	8.0	warning	special_only 未命中特色规则
美容科	19	1603980	剪刀-1/Z1029	1	8.0	8.0	warning	special_only 未命中特色规则
美容科	20	1603980	钻头1.5-1件/z7520	2	8.0	8.0	warning	special_only 未命中特色规则
美容科	21	1603980	钻头2.0-1/Z7520	3	8.0	8.0	warning	special_only 未命中特色规则
美容科	22	1603980	刀柄1剪子1钩镊1持针器1/Z1526	2	22.0	22.0	warning	special_only 未命中特色规则
美容科	23	1604387	剪刀-1/Z1029	2	8.0	8.0	warning	special_only 未命中特色规则
美容科	24	1604387	拉钩-1/Z1026	4	8.0	8.0	warning	special_only 未命中特色规则
美容科	25	1604387	吸脂针-1/Z7526	2	8.0	8.0	warning	special_only 未命中特色规则
美容科	26	1604387	钻头1.5-1件/z7520	2	8.0	8.0	warning	special_only 未命中特色规则
美容科	27	1604387	刀柄1剪子1钩镊1持针器1/Z1526	1	22.0	22.0	warning	special_only 未命中特色规则
美容科	28	1604746	1.0钻头-1/z7520	1	8.0	8.0	warning	special_only 未命中特色规则
美容科	29	1604746	钻头1.5-1件/z7520	1	8.0	8.0	warning	special_only 未命中特色规则
美容科	30	1604746	刀柄1剪子1钩镊1持针器1/Z1526	1	22.0	22.0	warning	special_only 未命中特色规则
美容科	31	1605489	瘢痕小剪刀（无金边）-1/Z7520	1	8.0	8.0	warning	special_only 未命中特色规则
美容科	32	1605489	钩镊-1/Z7526	1	8.0	8.0	warning	special_only 未命中特色规则
美容科	33	1605489	排针-5/Z7520	2	27.5	27.5	warning	special_only 未命中特色规则
美容科	34	1605489	钻头1.5-1件/z7520	2	8.0	8.0	warning	special_only 未命中特色规则
美容科	35	1605489	钻头2.0-1/Z7520	2	8.0	8.0	warning	special_only 未命中特色规则
美容科	36	1605489	刀柄1剪子1钩镊1持针器1/Z1526	1	22.0	22.0	warning	special_only 未命中特色规则
美容科	37	1606080	拉钩-1/Z1026	2	8.0	8.0	warning	special_only 未命中特色规则
美容科	38	1606080	钻头1.5-1件/z7520	2	8.0	8.0	warning	special_only 未命中特色规则
美容科	39	1606080	钻头2.0-1/Z7520	1	8.0	8.0	warning	special_only 未命中特色规则
美容科	40	1606455	1.0钻头-1/z7520	1	8.0	8.0	warning	special_only 未命中特色规则
美容科	41	1606455	格尺-1/Z7520	1	8.0	8.0	warning	special_only 未命中特色规则
美容科	42	1606455	角规-1/Z1020	2	8.0	8.0	warning	special_only 未命中特色规则
美容科	43	1606455	巾钳子-1/Z1026	1	8.0	8.0	warning	special_only 未命中特色规则
美容科	44	1606455	拉钩-1/Z1026	2	8.0	8.0	warning	special_only 未命中特色规则
美容科	45	1606455	止血钳 -1/Z1026	1	8.0	8.0	warning	special_only 未命中特色规则
美容科	46	1606805	瘢痕小剪刀（无金边）-1/Z7520	1	8.0	8.0	warning	special_only 未命中特色规则
美容科	47	1606805	过滤网-1/Z7520	1	8.0	8.0	warning	special_only 未命中特色规则
美容科	48	1606805	镊子-1/Z7534	1	8.0	8.0	warning	special_only 未命中特色规则
美容科	49	1606805	吸脂针-1/Z7526	3	8.0	8.0	warning	special_only 未命中特色规则
美容科	50	1606805	钻头1.5-1件/z7520	1	8.0	8.0	warning	special_only 未命中特色规则
美容科	51	1606805	刀柄1剪子1钩镊1持针器1/Z1526	1	22.0	22.0	warning	special_only 未命中特色规则
美容科	52	1607192	刀柄1剪子1钩镊1持针器1/Z1526	1	22.0	22.0	warning	special_only 未命中特色规则
美容科	53	1607518	拉钩-1/Z1026	1	8.0	8.0	warning	special_only 未命中特色规则
美容科	54	1607518	钻头1.5-1件/z7520	1	8.0	8.0	warning	special_only 未命中特色规则
美容科	55	1607518	钻头2.0-1/Z7520	1	8.0	8.0	warning	special_only 未命中特色规则
美容科	56	1608080	0.4钻头-1/Z7520	2	8.0	8.0	warning	special_only 未命中特色规则
美容科	57	1608080	0.6钻头-1/Z7520	1	8.0	8.0	warning	special_only 未命中特色规则
美容科	58	1608080	0.8钻头-1/7520	1	8.0	8.0	warning	special_only 未命中特色规则
美容科	59	1608080	1.0钻头-1/z7520	1	8.0	8.0	warning	special_only 未命中特色规则
美容科	60	1608080	眼盾1/z7520	1	8.0	8.0	warning	special_only 未命中特色规则
美容科	61	1608080	钻头（3.0）/1件/Z7520	1	8.0	8.0	warning	special_only 未命中特色规则
美容科	62	1608080	钻头1.5-1件/z7520	2	8.0	8.0	warning	special_only 未命中特色规则
美容科	63	1608446	瘢痕小剪刀（无金边）-1/Z7520	1	8.0	8.0	warning	special_only 未命中特色规则
美容科	64	1608446	排针-5/Z7520	1	27.5	27.5	warning	special_only 未命中特色规则
美容科	65	1608446	钻头2.0-1/Z7520	1	8.0	8.0	warning	special_only 未命中特色规则
美容科	66	1608862	刀柄-1/z7526	1	8.0	8.0	warning	special_only 未命中特色规则
美容科	67	1608862	镊子-1/Z7534	1	8.0	8.0	warning	special_only 未命中特色规则
美容科	68	1608862	小组织剪-1/Z1026	1	8.0	8.0	warning	special_only 未命中特色规则
美容科	69	1608862	止血钳 -1/Z1026	1	8.0	8.0	warning	special_only 未命中特色规则
美容科	70	1608862	钻头1.5-1件/z7520	2	8.0	8.0	warning	special_only 未命中特色规则
美容科	71	1608862	钻头2.0-1/Z7520	2	8.0	8.0	warning	special_only 未命中特色规则
美容科	72	1608862	刀柄1剪子1钩镊1持针器1/Z1526	2	22.0	22.0	warning	special_only 未命中特色规则
美容科	73	1608870	眼盾1/z7520	1	8.0	8.0	warning	special_only 未命中特色规则
美容科	74	1609218	1.0钻头-1/z7520	1	8.0	8.0	warning	special_only 未命中特色规则
美容科	75	1609218	排针-5/Z7520	2	27.5	27.5	warning	special_only 未命中特色规则
美容科	76	1609218	吸脂针-1/Z7526	3	8.0	8.0	warning	special_only 未命中特色规则
美容科	77	1609218	钻头1.5-1件/z7520	3	8.0	8.0	warning	special_only 未命中特色规则
美容科	78	1609218	钻头2.0-1/Z7520	1	8.0	8.0	warning	special_only 未命中特色规则
美容科	79	1609218	刀柄1剪子1钩镊1持针器1/Z1526	1	22.0	22.0	warning	special_only 未命中特色规则
美容科	80	1609613	钻头1.5-1件/z7520	1	8.0	8.0	warning	special_only 未命中特色规则
美容科	81	1609741	吸脂针-4/Z1026	1	22.0	22.0	warning	special_only 未命中特色规则
美容科	82	1609741	注水针-1/Z7530	1	8.0	8.0	warning	special_only 未命中特色规则
耳鼻喉手术室	9	1603956	扁桃器械	1	99.0	99.0	warning	special_only 未命中特色规则
耳鼻喉手术室	10	1603956	鼻窦镜0度-1/Z7545	1	22.0	22.0	warning	special_only 未命中特色规则
耳鼻喉手术室	11	1603956	鼻手术器械包	1	38.5	38.5	warning	special_only 未命中特色规则
耳鼻喉手术室	12	1603956	镊子缸-3件/W6050	1	16.5	16.5	warning	special_only 未命中特色规则
耳鼻喉手术室	13	1603956	碗3麻杯1/W7050	1	22.0	22.0	warning	special_only 未命中特色规则
耳鼻喉手术室	14	1603956	中隔器械-4件/Z1530	2	22.0	22.0	warning	special_only 未命中特色规则
耳鼻喉手术室	15	1603959	敷料包	1	15.0	15.0	warning	敷料包(无纺布包)——未识别规格
耳鼻喉手术室	16	1603982	小器械-4件/W5050	1	22.0	22.0	warning	special_only 未命中特色规则
耳鼻喉手术室	17	1606077	扁桃器械	1	99.0	99.0	warning	special_only 未命中特色规则
耳鼻喉手术室	18	1606077	鼻窦镜-6号/双Z1040	1	35.0	35.0	warning	special_only 未命中特色规则
耳鼻喉手术室	19	1606077	鼻手术器械包	2	38.5	38.5	warning	special_only 未命中特色规则
耳鼻喉手术室	20	1606077	鼻窦镜-5号/W6050	1	35.0	35.0	warning	special_only 未命中特色规则
耳鼻喉手术室	21	1606077	镊子缸-3件/W6050	2	16.5	16.5	warning	special_only 未命中特色规则
耳鼻喉手术室	22	1606077	碗3麻杯1/W7050	2	22.0	22.0	warning	special_only 未命中特色规则
耳鼻喉手术室	23	1606077	中隔器械-4件/Z1530	1	22.0	22.0	warning	special_only 未命中特色规则
耳鼻喉门诊	9	1601633	喉异物钳-1/Z1535	1	11.0	11.0	warning	special_only 未命中特色规则
耳鼻喉门诊	10	1601633	剪刀-1/Z1029	1	8.0	8.0	warning	special_only 未命中特色规则
耳鼻喉门诊	11	1601633	耳门切开包-8件	1	44.0	44.0	warning	special_only 未命中特色规则
耳鼻喉门诊	12	1601987	耳吸引器头-5/Z7534	1	27.5	27.5	warning	special_only 未命中特色规则
耳鼻喉门诊	13	1601987	喉异物钳-1/Z1535	1	11.0	11.0	warning	special_only 未命中特色规则
耳鼻喉门诊	14	1601987	枪状镊-5/Z1029	2	27.5	27.5	warning	special_only 未命中特色规则
耳鼻喉门诊	15	1601987	耳门切开包-8件	1	44.0	44.0	warning	special_only 未命中特色规则
耳鼻喉门诊	16	1602702	耵聍钩1耵聍勺1/Z7526	1	13.5	13.5	warning	special_only 未命中特色规则
耳鼻喉门诊	17	1602702	耳吸引器头-4/Z1020	1	22.0	22.0	warning	special_only 未命中特色规则
耳鼻喉门诊	18	1602702	喉异物钳-1/Z1535	1	11.0	11.0	warning	special_only 未命中特色规则
耳鼻喉门诊	19	1602702	枪状镊-4/z1029	2	22.0	22.0	warning	special_only 未命中特色规则
耳鼻喉门诊	20	1602702	耳门切开包-8件	1	44.0	44.0	warning	special_only 未命中特色规则
耳鼻喉门诊	21	1603071	微波头-1/Z2545	1	30.0	30.0	warning	special_only 未命中特色规则
耳鼻喉门诊	22	1603475	喉异物钳-1/Z1535	1	11.0	11.0	warning	special_only 未命中特色规则
耳鼻喉门诊	23	1603475	剪刀-1/Z1029	1	8.0	8.0	warning	special_only 未命中特色规则
耳鼻喉门诊	24	1603475	枪状镊-5/Z1029	1	27.5	27.5	warning	special_only 未命中特色规则
耳鼻喉门诊	25	1603475	止血钳 -1/Z1026	1	8.0	8.0	warning	special_only 未命中特色规则
耳鼻喉门诊	26	1603475	耳门切开包-8件	1	44.0	44.0	warning	special_only 未命中特色规则
耳鼻喉门诊	27	1603957	鼻吸引器头-1/Z7534	1	8.0	8.0	warning	special_only 未命中特色规则
耳鼻喉门诊	28	1603957	拆线剪-1/Z1026	1	8.0	8.0	warning	special_only 未命中特色规则
耳鼻喉门诊	29	1603957	耵聍钩1耵聍勺1/Z7526	1	13.5	13.5	warning	special_only 未命中特色规则
耳鼻喉门诊	30	1603957	耳吸引器头-4/Z1020	1	22.0	22.0	warning	special_only 未命中特色规则
耳鼻喉门诊	31	1603957	喉异物钳-1/Z1535	1	11.0	11.0	warning	special_only 未命中特色规则
耳鼻喉门诊	32	1603957	枪状镊-5/Z1029	3	27.5	27.5	warning	special_only 未命中特色规则
耳鼻喉门诊	33	1603957	微波头-1/Z2545	1	30.0	30.0	warning	special_only 未命中特色规则
耳鼻喉门诊	34	1604380	喉异物钳-1/Z1535	1	11.0	11.0	warning	special_only 未命中特色规则
耳鼻喉门诊	35	1604380	枪状镊-4/z1029	1	22.0	22.0	warning	special_only 未命中特色规则
耳鼻喉门诊	36	1604380	眼科剪刀-1/Z7526	1	8.0	8.0	warning	special_only 未命中特色规则
耳鼻喉门诊	37	1605112	鼻吸引器头-1/Z7534	1	8.0	8.0	warning	special_only 未命中特色规则
耳鼻喉门诊	38	1605112	耵聍钩-2/Z7526	1	13.5	13.5	warning	special_only 未命中特色规则
耳鼻喉门诊	39	1605112	耳吸引器头-5/Z7534	1	27.5	27.5	warning	special_only 未命中特色规则
耳鼻喉门诊	40	1605112	枪状镊-6/Z7530	2	33.0	33.0	warning	special_only 未命中特色规则
耳鼻喉门诊	41	1605112	止血钳 -1/Z1026	1	8.0	8.0	warning	special_only 未命中特色规则
耳鼻喉门诊	42	1606076	鼻吸引器头-1/Z7534	1	8.0	8.0	warning	special_only 未命中特色规则
耳鼻喉门诊	43	1606076	耳吸引器-3/Z7530	1	16.5	16.5	warning	special_only 未命中特色规则
耳鼻喉门诊	44	1606076	喉异物钳-1/Z1535	1	11.0	11.0	warning	special_only 未命中特色规则
耳鼻喉门诊	45	1606076	枪状镊-6/Z7530	1	33.0	33.0	warning	special_only 未命中特色规则
耳鼻喉门诊	46	1606076	枪状镊-7/Z1530	1	38.5	38.5	warning	special_only 未命中特色规则
耳鼻喉门诊	47	1606076	微波头-1/Z2545	1	30.0	30.0	warning	special_only 未命中特色规则
耳鼻喉门诊	48	1606076	耳门切开包-8件	1	44.0	44.0	warning	special_only 未命中特色规则
耳鼻喉门诊	49	1606804	耵聍钩1耵聍勺1/Z7526	1	13.5	13.5	warning	special_only 未命中特色规则
耳鼻喉门诊	50	1606804	耳吸引器-3/Z7530	1	16.5	16.5	warning	special_only 未命中特色规则
耳鼻喉门诊	51	1606804	枪状镊-5/Z1029	1	27.5	27.5	warning	special_only 未命中特色规则
耳鼻喉门诊	52	1607528	鼻腔异物钩-1/Z7526	1	8.0	8.0	warning	special_only 未命中特色规则
耳鼻喉门诊	53	1607528	耵聍钩1耵聍勺1/Z7526	1	13.5	13.5	warning	special_only 未命中特色规则
耳鼻喉门诊	54	1607528	耳吸引器头-5/Z7534	1	27.5	27.5	warning	special_only 未命中特色规则
耳鼻喉门诊	55	1607528	枪状镊-4/z1029	1	22.0	22.0	warning	special_only 未命中特色规则
耳鼻喉门诊	56	1607528	枪状镊-5/Z1029	1	27.5	27.5	warning	special_only 未命中特色规则
耳鼻喉门诊	57	1608082	耵聍钩1耵聍勺1/Z7526	1	13.5	13.5	warning	special_only 未命中特色规则
耳鼻喉门诊	58	1608082	耳吸引器-7件/z1020	1	38.5	38.5	warning	special_only 未命中特色规则
耳鼻喉门诊	59	1608082	喉异物钳-1/Z1535	2	11.0	11.0	warning	special_only 未命中特色规则
耳鼻喉门诊	60	1608082	枪状镊-6/Z7530	3	33.0	33.0	warning	special_only 未命中特色规则
耳鼻喉门诊	61	1608082	眼科剪刀-1/Z7526	1	8.0	8.0	warning	special_only 未命中特色规则
耳鼻喉门诊	62	1608082	耳门切开包-8件	2	44.0	44.0	warning	special_only 未命中特色规则
耳鼻喉门诊	63	1608866	耳吸引器-3/Z7530	1	16.5	16.5	warning	special_only 未命中特色规则
耳鼻喉门诊	64	1608866	枪状镊-5/Z1029	1	27.5	27.5	warning	special_only 未命中特色规则
耳鼻喉门诊	65	1608866	耳门切开包-8件	1	44.0	44.0	warning	special_only 未命中特色规则
耳鼻喉门诊	66	1609635	耳门切开包-8件	1	44.0	44.0	warning	special_only 未命中特色规则
耳鼻喉门诊	67	1610137	耳吸引器-3/Z7530	1	16.5	16.5	warning	special_only 未命中特色规则
耳鼻喉门诊	68	1610137	喉异物钳-1/Z1535	2	11.0	11.0	warning	special_only 未命中特色规则
耳鼻喉门诊	69	1610137	枪状镊-5/Z1029	2	27.5	27.5	warning	special_only 未命中特色规则
耳鼻喉门诊	70	1610137	耳门切开包-8件	1	44.0	44.0	warning	special_only 未命中特色规则
肾内科	9	1607525	蚊式钳-1/z1026	2	8.0	8.0	warning	special_only 未命中特色规则
腔镜室	9	1601716	肠活检钳-1/z2550	1	30.0	30.0	warning	special_only 未命中特色规则
腔镜室	10	1601716	网篮-1/Z3040	1	35.0	35.0	warning	special_only 未命中特色规则
腔镜室	11	1601716	胃活检钳-1/3035	1	35.0	35.0	warning	special_only 未命中特色规则
腔镜室	12	1601716	五爪钳-1/Z2550	1	30.0	30.0	warning	special_only 未命中特色规则
腔镜室	13	1601864	异物钳-1/Z2545	1	30.0	30.0	warning	special_only 未命中特色规则
门诊换药室	9	1601629	门换换药包	1	38.5	38.5	warning	special_only 未命中特色规则
骨一（一病区）	9	1610135	切开包-8件	1	44.0	44.0	warning	special_only 未命中特色规则
骨一(二病区)	9	1604383	切开包-10件	1	55.0	55.0	warning	special_only 未命中特色规则
骨一(二病区)	10	1610044	切开包-10件	1	55.0	55.0	warning	special_only 未命中特色规则
骨五	9	1606451	切开包-8件	1	44.0	44.0	warning	special_only 未命中特色规则
骨五	10	1607964	切开包-8件	1	44.0	44.0	warning	special_only 未命中特色规则
骨八	9	1603862	切开包-8件	1	44.0	44.0	warning	special_only 未命中特色规则
骨八	10	1606163	切开包-8件	1	44.0	44.0	warning	special_only 未命中特色规则
骨八	11	1608024	切开包-8件	1	44.0	44.0	warning	special_only 未命中特色规则
骨八	12	1608449	切开包-8件	1	44.0	44.0	warning	special_only 未命中特色规则
骨六	9	1607965	切开包-8件	1	44.0	44.0	warning	special_only 未命中特色规则
骨四	9	1605160	颅骨牵引器-1(布)	1	16.5	16.5	warning	special_only 未命中特色规则
骨四（二）	9	1606450	气管切开包	1	137.5	137.5	warning	special_only 未命中特色规则
骨科（送一手）	9	1601711	骨四（二）宋晓辉常备器械-6件/W705060	1	33.0	33.0	warning	special_only 未命中特色规则
骨科（送一手）	10	1601730	骨四(一)兰青脊柱常规器械（黑）	1	77.0	77.0	warning	special_only 未命中特色规则
骨科（送一手）	11	1601730	骨四二邹天彪UBE-28件(筐1）	1	159.5	159.5	warning	special_only 未命中特色规则
骨科（送一手）	12	1601862	骨四（一）宋晓辉常备镜头-3件盒1	1	66.0	66.0	warning	special_only 未命中特色规则
骨科（送一手）	13	1601862	骨四二邹天彪镜头-2件（盒1）W9050	1	44.0	44.0	warning	special_only 未命中特色规则
骨科（送一手）	14	1601871	骨四（一）兰青UBE-32件，筐1	1	181.5	181.5	warning	special_only 未命中特色规则
骨科（送一手）	15	1601871	骨四（一）宋晓辉磨头-1/双/Z7520	1	10.5	10.5	warning	special_only 未命中特色规则
骨科（送一手）	16	1602289	骨四二邹天彪UBE-28件(筐1）	1	159.5	159.5	warning	special_only 未命中特色规则
骨科（送一手）	17	1602291	骨四二邹天彪镜头-2件（盒1）W9050	1	44.0	44.0	warning	special_only 未命中特色规则
骨科（送一手）	18	1602293	骨四（一）兰青UBE-32件，筐1	1	181.5	181.5	warning	special_only 未命中特色规则
骨科（送一手）	19	1602296	骨四（一）兰青常备镜头-2件盒1	1	44.0	44.0	warning	special_only 未命中特色规则
骨科（送一手）	20	1602796	骨四（一）兰青UBE-32件，筐1	1	181.5	181.5	warning	special_only 未命中特色规则
骨科（送一手）	21	1602796	骨四（一）宋晓辉磨头-1/双/Z7520	1	10.5	10.5	warning	special_only 未命中特色规则
骨科（送一手）	22	1602796	骨四（一）宋晓辉常备镜头-3件盒1	1	66.0	66.0	warning	special_only 未命中特色规则
骨科（送一手）	23	1603403	骨四（一）兰青常备镜头-2件盒1	1	44.0	44.0	warning	special_only 未命中特色规则
骨科（送一手）	24	1603405	骨四（一）兰青UBE-32件，筐1	1	181.5	181.5	warning	special_only 未命中特色规则
骨科（送一手）	25	1603465	骨四（一）宋晓辉常备镜头-3件盒1	1	66.0	66.0	warning	special_only 未命中特色规则
骨科（送一手）	26	1603471	骨四（一）宋晓辉UBE-35件（筐1）	1	198.0	198.0	warning	special_only 未命中特色规则
骨科（送一手）	27	1603471	骨四（一）宋晓辉磨头-1/双/Z7520	1	10.5	10.5	warning	special_only 未命中特色规则
骨科（送一手）	28	1603513	骨四（一）兰青UBE-32件，筐1	1	181.5	181.5	warning	special_only 未命中特色规则
骨科（送一手）	29	1603515	骨四（一）兰青常备镜头-2件盒1	1	44.0	44.0	warning	special_only 未命中特色规则
骨科（送一手）	30	1603766	骨四（一）宋晓辉UBE-35件（筐1）	1	198.0	198.0	warning	special_only 未命中特色规则
骨科（送一手）	31	1603766	骨四二邹天彪UBE-28件(筐1）	1	159.5	159.5	warning	special_only 未命中特色规则
骨科（送一手）	32	1603775	骨四（一）宋晓辉磨头-1/双/Z7520	1	10.5	10.5	warning	special_only 未命中特色规则
骨科（送一手）	33	1603777	骨四（一）宋晓辉常备镜头-3件盒1	1	66.0	66.0	warning	special_only 未命中特色规则
骨科（送一手）	34	1603777	骨四二邹天彪镜头-2件（盒1）W9050	1	44.0	44.0	warning	special_only 未命中特色规则
骨科（送一手）	35	1604010	骨六皮肤牵张-4件/W505060	1	22.0	22.0	warning	special_only 未命中特色规则
骨科（送一手）	36	1604015	骨四（一）兰青常备镜头-2件盒1	1	44.0	44.0	warning	special_only 未命中特色规则
骨科（送一手）	37	1604034	骨四（一）兰青UBE-32件，筐1	1	181.5	181.5	warning	special_only 未命中特色规则
骨科（送一手）	38	1604319	骨一（一）聂广辰显微器械	1	121.0	121.0	warning	special_only 未命中特色规则
骨科（送一手）	39	1604408	骨四（一）宋晓辉常备镜头-3件盒1	1	66.0	66.0	warning	special_only 未命中特色规则
骨科（送一手）	40	1604463	骨四（一）兰青UBE-32件，筐1	1	181.5	181.5	warning	special_only 未命中特色规则
骨科（送一手）	41	1604463	骨四（一）宋晓辉磨头-1/双/Z7520	2	10.5	10.5	warning	special_only 未命中特色规则
骨科（送一手）	42	1604754	骨四（一）兰青UBE-32件，筐1	1	181.5	181.5	warning	special_only 未命中特色规则
骨科（送一手）	43	1604754	骨四（一）宋晓辉磨头-1/双/Z7520	1	10.5	10.5	warning	special_only 未命中特色规则
骨科（送一手）	44	1604754	骨四（一）宋晓辉常备镜头-3件盒1	1	66.0	66.0	warning	special_only 未命中特色规则
骨科（送一手）	45	1605139	骨四（一）宋晓辉常备镜头-3件盒1	1	66.0	66.0	warning	special_only 未命中特色规则
骨科（送一手）	46	1605157	骨四（一）兰青UBE-32件，筐1	1	181.5	181.5	warning	special_only 未命中特色规则
骨科（送一手）	47	1605157	骨四（一）宋晓辉磨头-1/双/Z7520	1	10.5	10.5	warning	special_only 未命中特色规则
骨科（送一手）	48	1605818	骨四（一）宋晓辉磨头-1/双/Z7520	1	10.5	10.5	warning	special_only 未命中特色规则
骨科（送一手）	49	1605818	骨四（一）宋晓辉常备镜头-3件盒1	1	66.0	66.0	warning	special_only 未命中特色规则
骨科（送一手）	50	1605823	骨四（一）兰青UBE-32件，筐1	1	181.5	181.5	warning	special_only 未命中特色规则
骨科（送一手）	51	1606472	骨四（一）宋晓辉常备镜头-3件盒1	1	66.0	66.0	warning	special_only 未命中特色规则
骨科（送一手）	52	1606507	骨四（一）宋晓辉磨头-1/双/Z7520	1	10.5	10.5	warning	special_only 未命中特色规则
骨科（送一手）	53	1606552	骨四（一）兰青UBE-32件，筐1	1	181.5	181.5	warning	special_only 未命中特色规则
骨科（送一手）	54	1606552	骨一（一）聂广辰显微器械	1	121.0	121.0	warning	special_only 未命中特色规则
骨科（送一手）	55	1607242	骨四1 宋晓辉韧带咬钳 2件/W605060	1	11.0	16.5	warning	校正价16.5
骨科（送一手）	56	1607596	骨九张伟断钉取-51件（盒1）/W12050	1	286.0	286.0	warning	special_only 未命中特色规则
骨科（送一手）	57	1607653	骨四（一）宋晓辉磨头-1/双/Z7520	1	10.5	10.5	warning	special_only 未命中特色规则
骨科（送一手）	58	1607661	骨四（一）宋晓辉常备镜头-3件盒1	1	66.0	66.0	warning	special_only 未命中特色规则
骨科（送一手）	59	1607875	骨四（一）兰青UBE-32件，筐1	1	181.5	181.5	warning	special_only 未命中特色规则
骨科（送一手）	60	1608442	骨六房玉利半月板后跟定位器械8件	1	49.5	49.5	warning	special_only 未命中特色规则
骨科（送一手）	61	1608883	骨四（一）兰青常备镜头-2件盒1	1	44.0	44.0	warning	special_only 未命中特色规则
骨科（送一手）	62	1608892	骨四（一）兰青UBE-32件，筐1	1	181.5	181.5	warning	special_only 未命中特色规则
骨科（送一手）	63	1608892	骨四（一）宋晓辉磨头-1/双/Z7520	1	10.5	10.5	warning	special_only 未命中特色规则
骨科（送一手）	64	1608897	骨四（一）宋晓辉常备镜头-3件盒1	1	66.0	66.0	warning	special_only 未命中特色规则
骨科（送一手）	65	1608939	骨四（一）宋晓辉UBE-35件（筐1）	1	198.0	198.0	warning	special_only 未命中特色规则
骨科（送一手）	66	1608939	骨四（一）宋晓辉磨头-1/双/Z7520	1	10.5	10.5	warning	special_only 未命中特色规则
骨科（送一手）	67	1609733	骨四（一）兰青常备镜头-2件盒1	1	44.0	44.0	warning	special_only 未命中特色规则
骨科（送一手）	68	1609738	骨四（一）兰青UBE-32件，筐1	1	181.5	181.5	warning	special_only 未命中特色规则
骨科（送一手）	69	1609984	骨一（一）聂广辰显微器械	1	121.0	121.0	warning	special_only 未命中特色规则
骨科（送一手）	70	1610201	骨四（一）宋晓辉磨头-1/双/Z7520	1	10.5	10.5	warning	special_only 未命中特色规则
骨科（送一手）	71	1610211	骨四（一）宋晓辉UBE-35件（筐1）	1	198.0	198.0	warning	special_only 未命中特色规则
骨科（送一手）	72	1610213	骨四（一）宋晓辉常备镜头-3件盒1	1	66.0	66.0	warning	special_only 未命中特色规则
骨科（送一手）	73	1610320	骨四二邹天彪UBE-28件(筐1）	1	159.5	159.5	warning	special_only 未命中特色规则
骨科（送二手）	9	1601600	骨一（一）姜龙甲沟钳-1/Z1526	1	11.0	11.0	warning	special_only 未命中特色规则
骨科（送二手）	10	1601600	骨一（二）李宇实显微器械-6件	1	38.5	38.5	warning	special_only 未命中特色规则
骨科（送二手）	11	1601600	骨一（一）鲁一村显微器械-6件	1	38.5	38.5	warning	special_only 未命中特色规则
骨科（送二手）	12	1602074	骨一（二）李宇实显微器械-6件	1	38.5	38.5	warning	special_only 未命中特色规则
骨科（送二手）	13	1602342	骨一（一）徐强显微器械6件	2	38.5	38.5	warning	special_only 未命中特色规则
骨科（送二手）	14	1602342	骨一（一）徐强显微器械-6件	1	38.5	38.5	warning	special_only 未命中特色规则
骨科（送二手）	15	1602342	骨一（一）姜龙甲沟钳-1/Z1526	2	11.0	11.0	warning	special_only 未命中特色规则
骨科（送二手）	16	1602342	骨一（一）姜龙剪刀-1/z1026	2	8.0	8.0	warning	special_only 未命中特色规则
骨科（送二手）	17	1602342	骨一（一）鲁一村显微器械-6件	1	38.5	38.5	warning	special_only 未命中特色规则
骨科（送二手）	18	1602483	骨一（二）陈一凡显微器械-5 件	1	33.0	33.0	warning	special_only 未命中特色规则
骨科（送二手）	19	1602799	骨一（一）姜龙剪刀-1/z1026	2	8.0	8.0	warning	special_only 未命中特色规则
骨科（送二手）	20	1602799	骨一（一）姜龙血管分离钳-1/z1026	1	8.0	8.0	warning	special_only 未命中特色规则
骨科（送二手）	21	1603014	骨一（一）金海显微器械-8件	1	49.5	49.5	warning	special_only 未命中特色规则
骨科（送二手）	22	1603014	骨一（一）薛岩显微器械-10件	1	60.5	60.5	warning	special_only 未命中特色规则
骨科（送二手）	23	1603014	骨一（一）王仲博手科显微器械-8件	1	49.5	49.5	warning	special_only 未命中特色规则
骨科（送二手）	24	1603178	骨一（一）姜龙甲沟钳-1/Z1526	1	11.0	11.0	warning	special_only 未命中特色规则
骨科（送二手）	25	1603410	骨一（一）徐强显微器械6件	1	38.5	38.5	warning	special_only 未命中特色规则
骨科（送二手）	26	1603410	骨一（一）姜龙甲沟钳-1/Z1526	1	11.0	11.0	warning	special_only 未命中特色规则
骨科（送二手）	27	1603410	骨一（一）姜龙剪刀-1/z1026	1	8.0	8.0	warning	special_only 未命中特色规则
骨科（送二手）	28	1603410	骨一（一）姜龙止血钳-1/z1020	1	8.0	8.0	warning	special_only 未命中特色规则
骨科（送二手）	29	1603510	骨一（一）姜龙甲沟钳-1/Z1526	1	11.0	11.0	warning	special_only 未命中特色规则
骨科（送二手）	30	1603569	姜龙弯骨刀-1/Z7526	1	8.0	8.0	warning	special_only 未命中特色规则
骨科（送二手）	31	1603774	骨一（一）向首阳显微器械-5	1	33.0	33.0	warning	special_only 未命中特色规则
骨科（送二手）	32	1603911	骨一（一）徐强显微器械6件	1	38.5	38.5	warning	special_only 未命中特色规则
骨科（送二手）	33	1603911	骨一（一）徐强显微器械-6件	1	38.5	38.5	warning	special_only 未命中特色规则
骨科（送二手）	34	1603911	骨一（一）姜龙甲沟钳-1/Z1526	3	11.0	11.0	warning	special_only 未命中特色规则
骨科（送二手）	35	1603911	骨一（一）姜龙剪刀-1/z1026	1	8.0	8.0	warning	special_only 未命中特色规则
骨科（送二手）	36	1603949	骨一（一）徐强显微器械6件	1	38.5	38.5	warning	special_only 未命中特色规则
骨科（送二手）	37	1603949	骨一（一）姜龙显微器械	1	44.0	44.0	warning	special_only 未命中特色规则
骨科（送二手）	38	1603949	骨一（一）鲁一村显微器械-6件	1	38.5	38.5	warning	special_only 未命中特色规则
骨科（送二手）	39	1604470	骨一（一）徐强显微器械6件	1	38.5	38.5	warning	special_only 未命中特色规则
骨科（送二手）	40	1604470	骨一（一）姜龙剪刀-1/z1026	1	8.0	8.0	warning	special_only 未命中特色规则
骨科（送二手）	41	1604711	骨一（一）金海显微器械-8件	1	49.5	49.5	warning	special_only 未命中特色规则
骨科（送二手）	42	1604711	骨一（一）薛岩显微器械-10件	1	60.5	60.5	warning	special_only 未命中特色规则
骨科（送二手）	43	1604711	骨一（一）姜龙甲沟钳-1/Z1526	1	11.0	11.0	warning	special_only 未命中特色规则
骨科（送二手）	44	1604711	骨一（一）姜龙止血钳-1/z1020	1	8.0	8.0	warning	special_only 未命中特色规则
骨科（送二手）	45	1604711	骨一（一）姜龙显微器械	1	44.0	44.0	warning	special_only 未命中特色规则
骨科（送二手）	46	1604711	骨一（一）鲁一村显微器械-6件	1	38.5	38.5	warning	special_only 未命中特色规则
骨科（送二手）	47	1604711	骨一（一）王仲博手科显微器械-8件	1	49.5	49.5	warning	special_only 未命中特色规则
骨科（送二手）	48	1604711	骨一（一）薛岩显微器械-12件	1	71.5	71.5	warning	special_only 未命中特色规则
骨科（送二手）	49	1604843	骨一（二）陈一凡显微器械-5 件	1	33.0	33.0	warning	special_only 未命中特色规则
骨科（送二手）	50	1604876	骨一（一）徐强显微器械6件	2	38.5	38.5	warning	special_only 未命中特色规则
骨科（送二手）	51	1604876	骨一（一）姜龙剪刀-1/z1026	1	8.0	8.0	warning	special_only 未命中特色规则
骨科（送二手）	52	1604876	骨一（二）龚伟勋显微器械-5件	1	33.0	33.0	warning	special_only 未命中特色规则
骨科（送二手）	53	1605258	骨一（一）徐强显微器械6件	1	38.5	38.5	warning	special_only 未命中特色规则
骨科（送二手）	54	1605258	骨一（一）薛岩显微器械-10件	1	60.5	60.5	warning	special_only 未命中特色规则
骨科（送二手）	55	1605258	骨一（一）姜龙甲沟钳-1/Z1526	1	11.0	11.0	warning	special_only 未命中特色规则
骨科（送二手）	56	1605469	骨一（一）向首阳显微器械-5	1	33.0	33.0	warning	special_only 未命中特色规则
骨科（送二手）	57	1605600	骨一（一）姜龙甲沟钳-1/Z1526	1	11.0	11.0	warning	special_only 未命中特色规则
骨科（送二手）	58	1605820	骨一（二）李宇实显微器械-6件	1	38.5	38.5	warning	special_only 未命中特色规则
骨科（送二手）	59	1605926	骨一（一）徐强显微器械6件	1	38.5	38.5	warning	special_only 未命中特色规则
骨科（送二手）	60	1605926	骨一（一）徐强显微器械-6件	1	38.5	38.5	warning	special_only 未命中特色规则
骨科（送二手）	61	1605926	骨一（二）张浩 显微器械-9件	1	55.0	55.0	warning	special_only 未命中特色规则
骨科（送二手）	62	1605926	骨一（一）鲁一村显微器械-6件	1	38.5	38.5	warning	special_only 未命中特色规则
骨科（送二手）	63	1606017	骨一（二）陈一凡显微器械-5 件	1	33.0	33.0	warning	special_only 未命中特色规则
骨科（送二手）	64	1606108	骨一（一）徐强显微器械-6件	1	38.5	38.5	warning	special_only 未命中特色规则
骨科（送二手）	65	1606108	骨一（一）姜龙剪刀-1/z1026	1	8.0	8.0	warning	special_only 未命中特色规则
骨科（送二手）	66	1606167	骨一（一）薛岩显微器械-10件	1	60.5	60.5	warning	special_only 未命中特色规则
骨科（送二手）	67	1606167	骨一（一）姜龙甲沟钳-1/Z1526	1	11.0	11.0	warning	special_only 未命中特色规则
骨科（送二手）	68	1606419	骨一（一）金海显微器械-8件	1	49.5	49.5	warning	special_only 未命中特色规则
骨科（送二手）	69	1606419	骨一（一）王仲博手科显微器械-8件	1	49.5	49.5	warning	special_only 未命中特色规则
骨科（送二手）	70	1606419	骨一（一）薛岩显微器械-12件	1	71.5	71.5	warning	special_only 未命中特色规则
骨科（送二手）	71	1606568	骨一（一）姜龙剪刀-1/z1026	1	8.0	8.0	warning	special_only 未命中特色规则
骨科（送二手）	72	1606568	骨一（一）姜龙止血钳-1/z1020	2	8.0	8.0	warning	special_only 未命中特色规则
骨科（送二手）	73	1606568	骨一（一）鲁一村显微器械-6件	1	38.5	38.5	warning	special_only 未命中特色规则
骨科（送二手）	74	1606784	骨一（二）陈一凡显微器械-5 件	1	33.0	33.0	warning	special_only 未命中特色规则
骨科（送二手）	75	1606784	骨一（二）李宇实显微器械-6件	1	38.5	38.5	warning	special_only 未命中特色规则
骨科（送二手）	76	1606877	骨一（一）徐强显微器械6件	1	38.5	38.5	warning	special_only 未命中特色规则
骨科（送二手）	77	1606877	骨一（一）徐强显微器械-6件	1	38.5	38.5	warning	special_only 未命中特色规则
骨科（送二手）	78	1606877	骨一（一）姜龙剪刀-1/z1026	1	8.0	8.0	warning	special_only 未命中特色规则
骨科（送二手）	79	1606917	骨一（一）徐强显微器械6件	1	38.5	38.5	warning	special_only 未命中特色规则
骨科（送二手）	80	1606917	骨一（一）骨一（一）姜龙肌腱剥离质-1件/Z7530	1	8.0	8.0	warning	special_only 未命中特色规则
骨科（送二手）	81	1606917	骨一（一）姜龙剪刀-1/z1026	1	8.0	8.0	warning	special_only 未命中特色规则
骨科（送二手）	82	1606917	骨一（二）李宇实显微器械-6件	1	38.5	38.5	warning	special_only 未命中特色规则
骨科（送二手）	83	1607130	骨一（一）薛岩显微器械-12件	1	71.5	71.5	warning	special_only 未命中特色规则
骨科（送二手）	84	1607285	骨一（一）姜龙撑开器-1/z1526	1	11.0	11.0	warning	special_only 未命中特色规则
骨科（送二手）	85	1607285	骨一（一）姜龙甲沟钳-1/Z1526	1	11.0	11.0	warning	special_only 未命中特色规则
骨科（送二手）	86	1607285	骨一（一）姜龙剪刀-1/z1026	1	8.0	8.0	warning	special_only 未命中特色规则
骨科（送二手）	87	1607285	骨一（一）姜龙止血钳-1/z1020	1	8.0	8.0	warning	special_only 未命中特色规则
骨科（送二手）	88	1607285	骨一（一）姜龙显微器械	1	44.0	44.0	warning	special_only 未命中特色规则
骨科（送二手）	89	1607516	骨一（一）姜龙撑开器-1/z1526	1	11.0	11.0	warning	special_only 未命中特色规则
骨科（送二手）	90	1607516	骨一（二）龚伟勋显微器械-5件	1	33.0	33.0	warning	special_only 未命中特色规则
骨科（送二手）	91	1607516	骨一（二）李宇实显微器械-6件	1	38.5	38.5	warning	special_only 未命中特色规则
骨科（送二手）	92	1607516	骨一（二）王禹显微器械-5件	1	33.0	33.0	warning	special_only 未命中特色规则
骨科（送二手）	93	1607516	骨一（二）张浩 显微器械-9件	1	55.0	55.0	warning	special_only 未命中特色规则
骨科（送二手）	94	1607516	骨一（一）薛岩显微器械-12件	1	71.5	71.5	warning	special_only 未命中特色规则
骨科（送二手）	95	1607651	骨一（一）徐强显微器械6件	1	38.5	38.5	warning	special_only 未命中特色规则
骨科（送二手）	96	1607651	骨一（一）王仲博手科显微器械-8件	1	49.5	49.5	warning	special_only 未命中特色规则
骨科（送二手）	97	1607870	骨一（一）徐强显微器械6件	1	38.5	38.5	warning	special_only 未命中特色规则
骨科（送二手）	98	1607870	骨一（一）徐强显微器械-6件	1	38.5	38.5	warning	special_only 未命中特色规则
骨科（送二手）	99	1607870	骨一（一）姜龙甲沟钳-1/Z1526	2	11.0	11.0	warning	special_only 未命中特色规则
骨科（送二手）	100	1607870	骨一（一）姜龙显微器械	1	44.0	44.0	warning	special_only 未命中特色规则
骨科（送二手）	101	1607870	骨一（一）鲁一村显微器械-6件	1	38.5	38.5	warning	special_only 未命中特色规则
骨科（送二手）	102	1607870	骨一（一）向首阳显微器械-5	1	33.0	33.0	warning	special_only 未命中特色规则
骨科（送二手）	103	1607877	骨一（一）薛岩显微器械-12件	1	71.5	71.5	warning	special_only 未命中特色规则
骨科（送二手）	104	1607962	骨一（一）金海显微器械-8件	1	49.5	49.5	warning	special_only 未命中特色规则
骨科（送二手）	105	1607962	骨一（一）王仲博手科显微器械-8件	1	49.5	49.5	warning	special_only 未命中特色规则
骨科（送二手）	106	1608145	骨一（二）陈一凡显微器械-5 件	1	33.0	33.0	warning	special_only 未命中特色规则
骨科（送二手）	107	1608431	骨一（二）李宇实显微器械-6件	1	38.5	38.5	warning	special_only 未命中特色规则
骨科（送二手）	108	1608431	骨一（二）张浩 显微器械-9件	1	55.0	55.0	warning	special_only 未命中特色规则
骨科（送二手）	109	1608853	骨一（一）徐强显微器械6件	1	38.5	38.5	warning	special_only 未命中特色规则
骨科（送二手）	110	1608853	骨一（一）姜龙甲沟钳-1/Z1526	1	11.0	11.0	warning	special_only 未命中特色规则
骨科（送二手）	111	1608853	骨一（一）姜龙剪刀-1/z1026	1	8.0	8.0	warning	special_only 未命中特色规则
骨科（送二手）	112	1608853	骨一（一）姜龙凿子-1件/z7530	1	8.0	8.0	warning	special_only 未命中特色规则
骨科（送二手）	113	1608853	骨一（一）姜龙止血钳-1/z1020	2	8.0	8.0	warning	special_only 未命中特色规则
骨科（送二手）	114	1608853	骨一（一）鲁一村显微器械-6件	1	38.5	38.5	warning	special_only 未命中特色规则
骨科（送二手）	115	1609185	骨一（二）张浩 显微器械-9件	1	55.0	55.0	warning	special_only 未命中特色规则
骨科（送二手）	116	1609295	骨一（1）薛岩显微器械-10件	1	60.5	60.5	warning	special_only 未命中特色规则
骨科（送二手）	117	1609305	骨一（一）薛岩显微器械-12件	1	71.5	71.5	warning	special_only 未命中特色规则
骨科（送二手）	118	1609591	骨一（一）徐强显微器械6件	2	38.5	38.5	warning	special_only 未命中特色规则
骨科（送二手）	119	1609591	骨一(一)姜龙淋巴水肿包	1	44.0	44.0	warning	special_only 未命中特色规则
骨科（送二手）	120	1609591	骨一（一）姜龙显微器械	1	44.0	44.0	warning	special_only 未命中特色规则
骨科（送二手）	121	1609591	骨一（一）鲁一村显微器械-6件	1	38.5	38.5	warning	special_only 未命中特色规则
骨科（送二手）	122	1609591	骨一（一）王仲博手科显微器械-8件	1	49.5	49.5	warning	special_only 未命中特色规则
骨科（送二手）	123	1609982	骨一（1）薛岩显微器械-10件	1	60.5	60.5	warning	special_only 未命中特色规则
骨科（送二手）	124	1610038	骨一（1）薛岩显微器械-10件	1	60.5	60.5	warning	special_only 未命中特色规则
骨科（送二手）	125	1610038	骨一（一）王仲博手科显微器械-8件	1	49.5	49.5	warning	special_only 未命中特色规则
骨科（送二手）	126	1610242	骨一（一）姜龙甲沟钳-1/Z1526	1	11.0	11.0	warning	special_only 未命中特色规则
骨科（送二手）	127	1610242	骨一（一）姜龙剪刀-1/z1026	1	8.0	8.0	warning	special_only 未命中特色规则
骨科（送二手）	128	1610242	骨一（一）姜龙止血钳-1/z1020	2	8.0	8.0	warning	special_only 未命中特色规则
