月份,Sheet,问题类型,包名,发货单号,字段,原始值,处理后值,原始行号,处理后行号,说明
1月,一手调偏瘫,多余行,偏瘫陈冲显微器械-15件（盒1）,1570102,整行,,1.0/88.0/88.0,,9,
1月,一手调偏瘫,多余行,偏瘫陈冲显微器械-15件（盒1）,1570908,整行,,1.0/88.0/88.0,,10,
1月,一手调偏瘫,多余行,偏瘫陈冲显微器械-15件（盒1）,1571216,整行,,1.0/88.0/88.0,,11,
1月,一手调偏瘫,多余行,偏瘫陈冲显微器械-15件（盒1）,1574013,整行,,1.0/88.0/88.0,,12,
1月,一手调偏瘫,多余行,偏瘫陈冲显微器械-15件（盒1）,1574683,整行,,1.0/88.0/88.0,,13,
1月,一手调偏瘫,多余行,偏瘫陈冲显微器械-15件（盒1）,1575082,整行,,1.0/88.0/88.0,,14,
1月,一手调偏瘫,多余行,偏瘫陈冲显微器械-15件（盒1）,1575928,整行,,1.0/88.0/88.0,,15,
1月,一手调骨一（一）,多余行,聂广辰专用解剖剪-1/Z1029,1569440,整行,,2.0/8.0/16.0,,9,
1月,一手调骨一（一）,多余行,骨一薛岩撑开器-1/Z1526,1569442,整行,,2.0/11.0/22.0,,10,
1月,一手调骨一（一）,多余行,聂广辰专用解剖剪-1/Z1029,1569519,整行,,1.0/8.0/8.0,,11,
1月,一手调骨一（一）,多余行,聂广辰专用解剖剪-1/Z1029,1569683,整行,,1.0/8.0/8.0,,12,
1月,一手调骨一（一）,多余行,聂广辰专用解剖剪-1/Z1029,1570109,整行,,2.0/8.0/16.0,,13,
1月,一手调骨一（一）,多余行,聂广辰专用解剖剪-1/Z1029,1570328,整行,,1.0/8.0/8.0,,14,
1月,一手调骨一（一）,多余行,骨一薛岩撑开器-1/Z1526,1570485,整行,,2.0/11.0/22.0,,15,
1月,一手调骨一（一）,多余行,薛岩手科凿子-5/Z6050,1570862,整行,,1.0/27.5/27.5,,16,
1月,一手调骨一（一）,多余行,聂广辰专用解剖剪-1/Z1029,1570908,整行,,1.0/8.0/8.0,,17,
1月,一手调骨一（一）,多余行,聂广辰专用解剖剪-1/Z1029,1571055,整行,,1.0/8.0/8.0,,18,
1月,一手调骨一（一）,多余行,聂广辰专用解剖剪-1/Z1029,1571209,整行,,1.0/8.0/8.0,,19,
1月,一手调骨一（一）,多余行,聂广辰专用解剖剪-1/Z1029,1571216,整行,,1.0/8.0/8.0,,20,
1月,一手调骨一（一）,多余行,聂广辰专用剪刀-1/Z1029,1571080,整行,,1.0/8.0/8.0,,21,
1月,一手调骨一（一）,多余行,骨一薛岩撑开器-1/Z1526,1571407,整行,,1.0/11.0/11.0,,22,
1月,一手调骨一（一）,多余行,聂广辰专用剪刀-1/Z1029,1571407,整行,,1.0/8.0/8.0,,23,
1月,一手调骨一（一）,多余行,聂广辰专用解剖剪-1/Z1029,1571670,整行,,1.0/8.0/8.0,,24,
1月,一手调骨一（一）,多余行,聂广辰专用剪刀-1/Z1029,1572656,整行,,1.0/8.0/8.0,,25,
1月,一手调骨一（一）,多余行,聂广辰专用解剖剪-1/Z1029,1573047,整行,,1.0/8.0/8.0,,26,
1月,一手调骨一（一）,多余行,聂广辰专用解剖剪-1/Z1029,1573134,整行,,2.0/8.0/16.0,,27,
1月,一手调骨一（一）,多余行,聂广辰专用解剖剪-1/Z1029,1573945,整行,,1.0/8.0/8.0,,28,
1月,一手调骨一（一）,多余行,聂广辰专用解剖剪-1/Z1029,1574013,整行,,1.0/8.0/8.0,,29,
1月,一手调骨一（一）,多余行,聂广辰专用剪刀-1/Z1029,1573862,整行,,1.0/8.0/8.0,,30,
1月,一手调骨一（一）,多余行,骨一薛岩撑开器-1/Z1526,1574230,整行,,2.0/11.0/22.0,,31,
1月,一手调骨一（一）,多余行,薛岩手科凿子-5/Z6050,1574230,整行,,1.0/27.5/27.5,,32,
1月,一手调骨一（一）,多余行,骨一薛岩撑开器-1/Z1526,1574348,整行,,1.0/11.0/11.0,,33,
1月,一手调骨一（一）,多余行,聂广辰专用剪刀-1/Z1029,1574365,整行,,1.0/8.0/8.0,,34,
1月,一手调骨一（一）,多余行,聂广辰专用剪刀-1/Z1029,1575320,整行,,1.0/8.0/8.0,,35,
1月,一手调骨一（一）,多余行,聂广辰专用剪刀-1/Z1029,1575520,整行,,1.0/8.0/8.0,,36,
1月,一手调骨一（一）,多余行,聂广辰专用剪刀-1/Z1029,1575913,整行,,1.0/8.0/8.0,,37,
1月,一手调骨一（一）,多余行,聂广辰专用剪刀-1/Z1029,1576218,整行,,1.0/8.0/8.0,,38,
1月,一手调骨一（一）,多余行,骨一薛岩撑开器-1/Z1526,1576591,整行,,1.0/11.0/11.0,,39,
1月,一手调骨一（一）,多余行,聂广辰专用剪刀-1/Z1029,1576591,整行,,1.0/8.0/8.0,,40,
1月,一手调骨一（一）,多余行,聂广辰专用剪刀-1/Z1029,1577170,整行,,1.0/8.0/8.0,,41,
1月,一手调骨九器械,多余行,鞠超杰剪线器-1/W605060,1569519,整行,,1.0/16.5/16.5,,9,
1月,一手调骨九器械,多余行,鞠超杰微骨折-4件/W605060,1569519,整行,,1.0/22.0/22.0,,10,
1月,一手调骨九器械,多余行,鞠超杰剪线器-1/W605060,1570465,整行,,1.0/16.5/16.5,,11,
1月,一手调骨九器械,多余行,鞠定向器-2件/W505060,1570465,整行,,1.0/16.5/16.5,,12,
1月,一手调骨九器械,多余行,鞠超杰剪线器-1/W605060,1571081,整行,,1.0/16.5/16.5,,13,
1月,一手调骨九器械,多余行,鞠超杰水管4503-2件/W505060,1571141,整行,,1.0/16.5/16.5,,14,
1月,一手调骨九器械,多余行,鞠超杰水管4503-2件/W505060,1571584,整行,,1.0/16.5/16.5,,15,
1月,一手调骨九器械,多余行,鞠超杰水管4503-2件/W505060,1572814,整行,,1.0/16.5/16.5,,16,
1月,一手调骨九器械,多余行,鞠超杰剪刀-1/Z1026,1573945,整行,,1.0/8.0/8.0,,17,
1月,一手调骨九器械,多余行,鞠超杰肩钩-3/W605060,1573945,整行,,1.0/16.5/16.5,,18,
1月,一手调骨九器械,多余行,鞠超杰肩钩-3/W605060,1574950,整行,,1.0/16.5/16.5,,19,
1月,一手调骨九器械,多余行,鞠超杰剪线器-1/W605060,1575272,整行,,1.0/16.5/16.5,,20,
1月,一手调骨九器械,多余行,鞠超杰剪线器-1/W605060,1576596,整行,,1.0/16.5/16.5,,21,
1月,一手调骨六,多余行,李娜肩关节镜组件-20件（盒1）/W15050,1569158,整行,,1.0/115.5/115.5,,9,
1月,一手调骨六,多余行,骨六李娜试用水管-2件/W505060,1569782,整行,,1.0/16.5/16.5,,10,
1月,一手调骨六,多余行,房玉利肩器械-21件(盒1),1570059,整行,,1.0/121.0/121.0,,11,
1月,一手调骨六,多余行,房水管-2件/w4050,1570122,整行,,1.0/16.5/16.5,,12,
1月,一手调骨六,多余行,李娜半月板工具 -2件/W605060,1570488,整行,,1.0/16.5/16.5,,13,
1月,一手调骨六,多余行,房玉利肩器械-21件(盒1),1570531,整行,,1.0/121.0/121.0,,14,
1月,一手调骨六,多余行,李娜剪线器-1/W605060,1570531,整行,,1.0/16.5/16.5,,15,
1月,一手调骨六,多余行,李娜威高4.5 -2件/W705060,1570531,整行,,1.0/16.5/16.5,,16,
1月,一手调骨六,多余行,骨六王长明持针器-1/W505060,1570836,整行,,2.0/16.5/33.0,,17,
1月,一手调骨六,多余行,李娜肩关节镜组件-20件（盒1）/W15050,1570866,整行,,1.0/115.5/115.5,,18,
1月,一手调骨六,多余行,李娜威高4.5 -2件/W705060,1570866,整行,,1.0/16.5/16.5,,19,
1月,一手调骨六,多余行,李娜威高4.75-2/W6050,1570866,整行,,1.0/16.5/16.5,,20,
1月,一手调骨六,多余行,李娜肩关节镜组件-20件（盒1）/W15050,1571141,整行,,1.0/115.5/115.5,,21,
1月,一手调骨六,多余行,李娜肩关节镜组件-20件（盒1）/W15050,1571584,整行,,1.0/115.5/115.5,,22,
1月,一手调骨六,多余行,骨六李娜试用水管-2件/W505060,1572814,整行,,1.0/16.5/16.5,,23,
1月,一手调骨六,多余行,房水管-2件/w4050,1574927,整行,,1.0/16.5/16.5,,24,
1月,一手调骨六,多余行,房水管-2件/w4050,1575469,整行,,1.0/16.5/16.5,,25,
1月,一手调骨六,多余行,房玉立取腱钳-1件/W5060,1576537,整行,,1.0/16.5/16.5,,26,
1月,一手调骨四,多余行,骨四宋晓辉椎间孔器械,1572814,整行,,1.0/176.0/176.0,,9,
1月,一手调骨四,多余行,骨四宋晓辉椎间孔器械,1573340,整行,,1.0/181.5/181.5,,10,
1月,全科借包,多余行,切开包-8件,1569188,整行,,1.0/44.0/44.0,,9,
1月,口内借包,多余行,棉球/Z1530,1572693,整行,,10.0/2.5/25.0,,9,
1月,口外借包,多余行,棉球/Z1530,1572693,整行,,10.0/2.5/25.0,,9,
1月,外二低温,多余行,五官电钻-1,1574367,整行,,1.0/30.0/30.0,,9,
1月,外二低温,多余行,五官电钻-1,1574701,整行,,1.0/30.0/30.0,,10,
1月,外二低温,多余行,五官电钻-1,1575006,整行,,1.0/30.0/30.0,,11,
1月,外二借包,多余行,切开包-8件,1571409,整行,,2.0/44.0/88.0,,9,
1月,妇产科低温,多余行,气腹管1单极线1/Z3045,1570488,整行,,1.0/44.0/44.0,,9,
1月,妇产科低温,多余行,外妇通用光源线-1/Z2545,1570488,整行,,1.0/30.0/30.0,,10,
1月,妇产科低温,多余行,镜头-腹腔镜30°-1/W9050,1570488,整行,,1.0/35.0/35.0,,11,
1月,妇产科低温,多余行,妇腔镜器械-18（铁帽3胶帽8）,1570531,整行,,1.0/300.0/300.0,,12,
1月,妇产科低温,多余行,妇产科张长青常备超声刀线-3件Z2030,1571537,整行,,1.0/66.0/66.0,,13,
1月,妇产科低温,多余行,气腹管1单极线1/Z3045,1571537,整行,,1.0/44.0/44.0,,14,
1月,妇产科低温,多余行,外妇通用光源线-1/Z2545,1571537,整行,,1.0/30.0/30.0,,15,
1月,妇产科低温,多余行,镜头-腹腔镜30°-1/W9050,1571537,整行,,1.0/35.0/35.0,,16,
1月,妇产科低温,多余行,妇腔镜器械-18（铁帽3胶帽8）,1571667,整行,,1.0/300.0/300.0,,17,
1月,妇产科低温,多余行,妇产科张长青常备超声刀线-3件Z2030,1572060,整行,,1.0/66.0/66.0,,18,
1月,妇产科低温,多余行,气腹管1单极线1/Z3045,1572060,整行,,1.0/44.0/44.0,,19,
1月,妇产科低温,多余行,外妇通用光源线-1/Z2545,1572060,整行,,1.0/30.0/30.0,,20,
1月,妇产科低温,多余行,妇腔镜器械-17（铁帽3胶帽8）,1572060,整行,,1.0/300.0/300.0,,21,
1月,妇产科低温,多余行,镜头-腹腔镜30°-1/W9050,1572060,整行,,1.0/35.0/35.0,,22,
1月,妇产科低温,多余行,气腹管1单极线1/Z3045,1572346,整行,,1.0/44.0/44.0,,23,
1月,妇产科低温,多余行,外妇通用光源线-1/Z2545,1572346,整行,,1.0/30.0/30.0,,24,
1月,妇产科低温,多余行,镜头-腹腔镜30°-1/W9050,1572346,整行,,1.0/35.0/35.0,,25,
1月,妇产科低温,多余行,无损伤钳-1/Z2550,1572408,整行,,1.0/30.0/30.0,,26,
1月,妇产科低温,多余行,妇腔镜器械-17（铁帽3胶帽8）,1572408,整行,,1.0/300.0/300.0,,27,
1月,急诊借包,多余行,切开包-8件,1569444,整行,,4.0/44.0/176.0,,9,
1月,急诊借包,多余行,切开包-8件,1569524,整行,,1.0/44.0/44.0,,10,
1月,急诊借包,多余行,切开包-8件,1570466,整行,,4.0/44.0/176.0,,11,
1月,急诊借包,多余行,切开包-8件,1570763,整行,,3.0/44.0/132.0,,12,
1月,急诊借包,多余行,气管套管9号-3件/Z1020,1571082,整行,,1.0/16.5/16.5,,13,
1月,急诊借包,多余行,切开包-8件,1571124,整行,,4.0/44.0/176.0,,14,
1月,急诊借包,多余行,切开包-8件,1571597,整行,,11.0/44.0/484.0,,15,
1月,急诊借包,多余行,切开包-8件,1571967,整行,,6.0/44.0/264.0,,16,
1月,急诊借包,多余行,切开包-8件,1572064,整行,,1.0/44.0/44.0,,17,
1月,急诊借包,多余行,切开包-8件,1572364,整行,,3.0/44.0/132.0,,18,
1月,急诊借包,多余行,切开包-8件,1572693,整行,,2.0/44.0/88.0,,19,
1月,急诊借包,多余行,切开包-8件,1572740,整行,,1.0/44.0/44.0,,20,
1月,急诊借包,多余行,切开包-8件,1573091,整行,,1.0/44.0/44.0,,21,
1月,急诊借包,多余行,切开包-8件,1573336,整行,,4.0/44.0/176.0,,22,
1月,急诊借包,多余行,切开包-8件,1573420,整行,,3.0/44.0/132.0,,23,
1月,急诊借包,多余行,切开包-8件,1573916,整行,,4.0/44.0/176.0,,24,
1月,急诊借包,多余行,切开包-8件,1574268,整行,,6.0/44.0/264.0,,25,
1月,急诊借包,多余行,切开包-8件,1574596,整行,,4.0/44.0/176.0,,26,
1月,急诊借包,多余行,切开包-8件,1575000,整行,,1.0/44.0/44.0,,27,
1月,急诊借包,多余行,切开包-8件,1575259,整行,,5.0/44.0/220.0,,28,
1月,急诊借包,多余行,切开包-8件,1575436,整行,,7.0/44.0/308.0,,29,
1月,急诊借包,多余行,切开包-8件,1575533,整行,,1.0/44.0/44.0,,30,
1月,急诊借包,多余行,切开包-8件,1575920,整行,,2.0/44.0/88.0,,31,
1月,急诊借包,多余行,切开包-8件,1576171,整行,,2.0/44.0/88.0,,32,
1月,急诊借包,多余行,切开包-8件,1576204,整行,,1.0/44.0/44.0,,33,
1月,急诊借包,多余行,切开包-8件,1577172,整行,,2.0/44.0/88.0,,34,
1月,烧伤三科（送二手）,多余行,肖啸垫板蓝-1/z1520,1574372,整行,,1.0/11.0/11.0,,9,
1月,烧伤科（送二手）,缺失行,肖啸垫板蓝-1/z1520,1574372,整行,1.0/11.0/11.0,,9,,
1月,眼门借包,多余行,孔巾,1574953,整行,,10.0/2.5/25.0,,9,
1月,耳门借包,多余行,棉球/Z1530,1572693,整行,,10.0/2.5/25.0,,9,
1月,耳鼻喉手术室,字段不一致-单价,鼻窦内镜4号-1件/Z7545,1572066,单价,35.0,22.0,28,28,原始按器械数×基础单价(35)计费；处理后按标准价(22)计费
1月,耳鼻喉手术室,字段不一致-总价,鼻窦内镜4号-1件/Z7545,1572066,总价,35.0,22.0,28,28,原始按器械数×基础单价(35)计费；处理后按标准价(22)计费
1月,耳鼻喉手术室,汇总不一致-总价,耳鼻喉手术室,,总价,1178.0,1165.0,8,8,
1月,肾内借包,多余行,切开包-8件,1569648,整行,,3.0/44.0/132.0,,9,
1月,胸外低温,多余行,胸外光源线-1件/Z2530,1571216,整行,,1.0/30.0/30.0,,9,
1月,胸外低温,多余行,（胸外）胸腔镜镜头-1/W9050,1571216,整行,,1.0/35.0/35.0,,10,
1月,胸外借包,多余行,切开包-8件,1571499,整行,,5.0/44.0/220.0,,9,
1月,骨一一借包,多余行,切开包-8件,1570019,整行,,2.0/44.0/88.0,,9,
1月,骨一（一）低温,多余行,史赛克无线摆锯-4/Z2030,1569211,整行,,1.0/88.0/88.0,,9,
1月,骨一（一）低温,多余行,骨一薛岩医生器械-4件/双Z2025,1569772,整行,,1.0/88.0/88.0,,10,
1月,骨一（一）低温,多余行,五官电钻-1,1575052,整行,,2.0/30.0/60.0,,11,
1月,骨三低温,多余行,史赛克无线摆锯-4/Z2030,1571164,整行,,1.0/88.0/88.0,,9,
1月,骨三低温,多余行,新史赛克手控加件-1,1573340,整行,,1.0/22.0/22.0,,10,
1月,骨九低温,多余行,旧2刨刀-1/Z3040,1569111,整行,,1.0/35.0/35.0,,9,
1月,骨九低温,多余行,鞠超杰缝合钩导丝-1,1569111,整行,,2.0/22.0/44.0,,10,
1月,骨九低温,多余行,施乐辉刨刀-1/z2530,1569111,整行,,1.0/30.0/30.0,,11,
1月,骨九低温,多余行,新1镜头-3件(无转换帽)/W9050,1569111,整行,,1.0/66.0/66.0,,12,
1月,骨九低温,多余行,新2镜头-3件(带转换帽)/W705060,1569111,整行,,1.0/66.0/66.0,,13,
1月,骨九低温,多余行,新3光源-1（带盒两件）/W12050,1569111,整行,,1.0/35.0/35.0,,14,
1月,骨九低温,多余行,新4光源-1（带盒两件）/W12050,1569111,整行,,1.0/35.0/35.0,,15,
1月,骨九低温,多余行,房试用镜头-1/双/Z1550,1569519,整行,,1.0/35.0/35.0,,16,
1月,骨九低温,多余行,鞠超杰-肩钩-5件/Z1030,1569519,整行,,1.0/88.0/88.0,,17,
1月,骨九低温,多余行,刨刀-房玉立/Z2545,1569519,整行,,1.0/30.0/30.0,,18,
1月,骨九低温,多余行,刨刀线-膝关节-旧1/Z2545,1569519,整行,,1.0/44.0/44.0,,19,
1月,骨九低温,多余行,施乐辉刨刀-1/z2530,1569519,整行,,1.0/30.0/30.0,,20,
1月,骨九低温,多余行,475机器人-7件（带盒8件）,1569519,整行,,1.0/132.0/132.0,,21,
1月,骨九低温,多余行,新5光源-1件（盒1）/W905060,1569519,整行,,1.0/35.0/35.0,,22,
1月,骨九低温,多余行,德美4K镜头（1号）-3件/W705060,1569519,整行,,1.0/66.0/66.0,,23,
1月,骨九低温,多余行,新1光源-1（带盒两件）/W12050,1569519,整行,,1.0/35.0/35.0,,24,
1月,骨九低温,多余行,新1镜头-3件(无转换帽)/W9050,1569519,整行,,1.0/66.0/66.0,,25,
1月,骨九低温,多余行,新2镜头-3件(带转换帽)/W705060,1569519,整行,,1.0/66.0/66.0,,26,
1月,骨九低温,多余行,新3光源-1（带盒两件）/W12050,1569519,整行,,1.0/35.0/35.0,,27,
1月,骨九低温,多余行,光源线-膝镜通用-1/Z2540,1569580,整行,,1.0/30.0/30.0,,28,
1月,骨九低温,多余行,旧2刨刀-1/Z3040,1569580,整行,,1.0/35.0/35.0,,29,
1月,骨九低温,多余行,施乐辉刨刀-1/z2530,1569685,整行,,1.0/30.0/30.0,,30,
1月,骨九低温,多余行,新5光源-1件（盒1）/W905060,1569685,整行,,1.0/35.0/35.0,,31,
1月,骨九低温,多余行,新1镜头-3件(无转换帽)/W9050,1569685,整行,,1.0/66.0/66.0,,32,
1月,骨九低温,多余行,刨刀-房玉立/Z2545,1569745,整行,,1.0/30.0/30.0,,33,
1月,骨九低温,多余行,新2镜头-3件(带转换帽)/W705060,1569745,整行,,1.0/66.0/66.0,,34,
1月,骨九低温,多余行,新4光源-1（带盒两件）/W12050,1569745,整行,,1.0/35.0/35.0,,35,
1月,骨九低温,多余行,旧2刨刀-1/Z3040,1569956,整行,,1.0/35.0/35.0,,36,
1月,骨九低温,多余行,鞠超杰-肩钩-5件/Z1030,1569956,整行,,1.0/88.0/88.0,,37,
1月,骨九低温,多余行,新1镜头-3件(无转换帽)/W9050,1569956,整行,,1.0/66.0/66.0,,38,
1月,骨九低温,多余行,新3光源-1（带盒两件）/W12050,1569956,整行,,1.0/35.0/35.0,,39,
1月,骨九低温,多余行,德美4K光源（3号）-1/W905060,1570009,整行,,1.0/35.0/35.0,,40,
1月,骨九低温,多余行,德美4K镜头（1号）-3件/W705060,1570009,整行,,1.0/66.0/66.0,,41,
1月,骨九低温,多余行,德美4K光源（1号）-1/W905060,1570092,整行,,1.0/35.0/35.0,,42,
1月,骨九低温,多余行,德美4K镜头（3号）-3/W705060,1570092,整行,,1.0/66.0/66.0,,43,
1月,骨九低温,多余行,德美4K光源（3号）-1/W905060,1570383,整行,,1.0/35.0/35.0,,44,
1月,骨九低温,多余行,德美4K镜头4号-4件/W905060,1570383,整行,,1.0/88.0/88.0,,45,
1月,骨九低温,多余行,德美4K光源（2号）-1/W905060,1570427,整行,,1.0/35.0/35.0,,46,
1月,骨九低温,多余行,475机器人-7件（带盒8件）,1570488,整行,,1.0/132.0/132.0,,47,
1月,骨九低温,多余行,德美4K光源（1号）-1/W905060,1570531,整行,,1.0/35.0/35.0,,48,
1月,骨九低温,多余行,德美4K镜头（2号）-4/W705060,1570531,整行,,1.0/88.0/88.0,,49,
1月,骨九低温,多余行,光源线-膝关节-旧1/Z2545,1570536,整行,,1.0/30.0/30.0,,50,
1月,骨九低温,多余行,施乐辉刨刀-1/z2530,1570536,整行,,1.0/30.0/30.0,,51,
1月,骨九低温,多余行,于洪文镜头-1/W6050,1570536,整行,,1.0/35.0/35.0,,52,
1月,骨九低温,多余行,德美德光源-1/W605060,1570920,整行,,1.0/35.0/35.0,,53,
1月,骨九低温,多余行,德美德镜头-1/双Z1550,1570920,整行,,1.0/35.0/35.0,,54,
1月,骨九低温,多余行,德美德刨刀-1/Z2550,1570920,整行,,1.0/30.0/30.0,,55,
1月,骨九低温,多余行,德美德水管-2/Z1026,1570920,整行,,1.0/44.0/44.0,,56,
1月,骨九低温,多余行,德美4K光源（3号）-1/W905060,1570920,整行,,1.0/35.0/35.0,,57,
1月,骨九低温,多余行,德美4K镜头（2号）-4/W705060,1570920,整行,,1.0/88.0/88.0,,58,
1月,骨九低温,多余行,德美4K光源（1号）-1/W905060,1571053,整行,,1.0/35.0/35.0,,59,
1月,骨九低温,多余行,德美4K镜头（3号）-3/W705060,1571053,整行,,1.0/66.0/66.0,,60,
1月,骨九低温,多余行,德美德光源-1/W605060,1571116,整行,,1.0/35.0/35.0,,61,
1月,骨九低温,多余行,德美德镜头-1/双Z1550,1571116,整行,,1.0/35.0/35.0,,62,
1月,骨九低温,多余行,德美德刨刀-1/Z2550,1571116,整行,,1.0/30.0/30.0,,63,
1月,骨九低温,多余行,德美德水管-2/Z1026,1571116,整行,,1.0/44.0/44.0,,64,
1月,骨九低温,多余行,光源线-膝关节-旧1/Z2545,1571116,整行,,1.0/30.0/30.0,,65,
1月,骨九低温,多余行,刨刀线-膝关节-旧1/Z2545,1571116,整行,,1.0/44.0/44.0,,66,
1月,骨九低温,多余行,膝关节镜-鞠超杰/W9050,1571116,整行,,1.0/35.0/35.0,,67,
1月,骨九低温,多余行,373机器人-7件（带盒8件）,1571419,整行,,1.0/132.0/132.0,,68,
1月,骨九低温,多余行,德美德镜头-1/双Z1550,1571493,整行,,1.0/35.0/35.0,,69,
1月,骨九低温,多余行,德美德水管-2/Z1026,1571493,整行,,1.0/44.0/44.0,,70,
1月,骨九低温,多余行,光源线-膝镜通用-1/Z2540,1571493,整行,,1.0/30.0/30.0,,71,
1月,骨九低温,多余行,旧2刨刀-1/Z3040,1571493,整行,,1.0/35.0/35.0,,72,
1月,骨九低温,多余行,德美德光源-1/W605060,1571537,整行,,1.0/35.0/35.0,,73,
1月,骨九低温,多余行,德美德刨刀-1/Z2550,1571537,整行,,1.0/30.0/30.0,,74,
1月,骨九低温,多余行,光源线-膝关节-旧1/Z2545,1571537,整行,,1.0/30.0/30.0,,75,
1月,骨九低温,多余行,鞠超杰-肩钩-5件/Z1030,1571537,整行,,1.0/88.0/88.0,,76,
1月,骨九低温,多余行,刨刀线-膝关节-旧1/Z2545,1571537,整行,,1.0/44.0/44.0,,77,
1月,骨九低温,多余行,德美4K镜头（2号）-4/W705060,1571537,整行,,1.0/88.0/88.0,,78,
1月,骨九低温,多余行,鞠超杰镜头-1件/W9050,1571537,整行,,1.0/35.0/35.0,,79,
1月,骨九低温,多余行,218机器人-7件（带盒8件）,1571903,整行,,1.0/132.0/132.0,,80,
1月,骨九低温,多余行,德美4K光源（1号）-1/W905060,1571980,整行,,1.0/35.0/35.0,,81,
1月,骨九低温,多余行,德美4K镜头（2号）-4/W705060,1571980,整行,,1.0/88.0/88.0,,82,
1月,骨九低温,多余行,德美德光源-1/W905060,1571999,整行,,1.0/35.0/35.0,,83,
1月,骨九低温,多余行,德美德刨刀-1/Z2550,1571999,整行,,1.0/30.0/30.0,,84,
1月,骨九低温,多余行,德美德1号镜头3件（盒1）/W705060,1571999,整行,,1.0/66.0/66.0,,85,
1月,骨九低温,多余行,213机器人-8件（带盒9件）,1572408,整行,,1.0/154.0/154.0,,86,
1月,骨九低温,多余行,218机器人-7件（带盒8件）,1572408,整行,,1.0/132.0/132.0,,87,
1月,骨九低温,多余行,德美4K光源（3号）-1/W905060,1572588,整行,,1.0/35.0/35.0,,88,
1月,骨九低温,多余行,德美4K镜头4号-4件/W905060,1572588,整行,,1.0/88.0/88.0,,89,
1月,骨九低温,多余行,刨刀线-膝关节-旧1/Z2545,1572692,整行,,1.0/44.0/44.0,,90,
1月,骨九低温,多余行,德美德光源2号-1（带盒）,1572692,整行,,1.0/35.0/35.0,,91,
1月,骨九低温,多余行,德美德2号镜头3件/W705060,1572692,整行,,1.0/66.0/66.0,,92,
1月,骨九低温,多余行,德美德4号镜头3件/W705060,1572711,整行,,1.0/66.0/66.0,,93,
1月,骨九低温,多余行,德美德光源4号-1/W705060,1572743,整行,,1.0/35.0/35.0,,94,
1月,骨九低温,多余行,德美德刨刀-1/Z2550,1572743,整行,,1.0/30.0/30.0,,95,
1月,骨九低温,多余行,旧2刨刀-1/Z3040,1572743,整行,,1.0/35.0/35.0,,96,
1月,骨九低温,多余行,德美4K光源（2号）-1/W905060,1572743,整行,,1.0/35.0/35.0,,97,
1月,骨九低温,多余行,德美4K镜头（3号）-3/W705060,1572743,整行,,1.0/66.0/66.0,,98,
1月,骨九低温,多余行,德美德3号镜头3件/W705060,1572743,整行,,1.0/66.0/66.0,,99,
1月,骨九低温,多余行,德美德光源3号-1/W905060,1572743,整行,,1.0/35.0/35.0,,100,
1月,骨九低温,多余行,施乐辉刨刀-1/z2530,1572814,整行,,1.0/30.0/30.0,,101,
1月,骨九低温,多余行,鞠超杰镜头-3件/W9050,1572814,整行,,1.0/66.0/66.0,,102,
1月,骨九低温,多余行,新1光源-1（带盒两件）/W12050,1572814,整行,,1.0/35.0/35.0,,103,
1月,骨九低温,多余行,德美德光源1号-1/W905060,1573340,整行,,1.0/35.0/35.0,,104,
1月,骨九低温,多余行,德美德刨刀-1/Z2550,1573340,整行,,1.0/30.0/30.0,,105,
1月,骨九低温,多余行,德美德光源2号-1（带盒）,1573340,整行,,1.0/35.0/35.0,,106,
1月,骨九低温,多余行,德美德2号镜头3件/W705060,1573340,整行,,1.0/66.0/66.0,,107,
1月,骨九低温,多余行,DMD光源1号-1/W905060,1573550,整行,,1.0/35.0/35.0,,108,
1月,骨九低温,多余行,DMD刨刀-1/Z2550,1573550,整行,,1.0/30.0/30.0,,109,
1月,骨九低温,多余行,DMD1号镜头3件（盒1）/W705060,1573550,整行,,1.0/66.0/66.0,,110,
1月,骨九低温,多余行,德美4K光源（1号）-1/W905060,1573645,整行,,1.0/35.0/35.0,,111,
1月,骨九低温,多余行,德美4K镜头（3号）-3/W705060,1573645,整行,,1.0/66.0/66.0,,112,
1月,骨九低温,多余行,DMD刨刀-1/Z2550,1573904,整行,,1.0/30.0/30.0,,113,
1月,骨九低温,多余行,DMD2号镜头3件/W705060,1573904,整行,,1.0/66.0/66.0,,114,
1月,骨九低温,多余行,德美德光源4号-1/W905060,1573904,整行,,1.0/35.0/35.0,,115,
1月,骨九低温,多余行,德美4K光源（2号）-1/W905060,1574280,整行,,1.0/35.0/35.0,,116,
1月,骨九低温,多余行,德美新3镜头-1件/W605060,1574280,整行,,1.0/35.0/35.0,,117,
1月,骨九低温,多余行,德美4K光源（4号）-1/Z2550,1574367,整行,,1.0/30.0/30.0,,118,
1月,骨九低温,多余行,德美新1刨刀-1/Z2550,1574367,整行,,1.0/30.0/30.0,,119,
1月,骨九低温,多余行,德美新1镜头-1件（盒1）,1574367,整行,,1.0/35.0/35.0,,120,
1月,骨九低温,多余行,德美4K光源（1号）-1/W905060,1574367,整行,,1.0/35.0/35.0,,121,
1月,骨九低温,多余行,德美4K镜头（2号）-4/W705060,1574367,整行,,1.0/88.0/88.0,,122,
1月,骨九低温,多余行,德美新2镜头-1件/W605060,1574367,整行,,1.0/35.0/35.0,,123,
1月,骨九低温,多余行,德美4K光源（3号）-1/W905060,1574376,整行,,1.0/35.0/35.0,,124,
1月,骨九低温,多余行,刨刀线-膝关节-旧1/Z2545,1574701,整行,,1.0/44.0/44.0,,125,
1月,骨九低温,多余行,德美新1镜头-1件（盒1）,1574701,整行,,1.0/35.0/35.0,,126,
1月,骨九低温,多余行,DMD2号镜头3件/W705060,1574701,整行,,1.0/66.0/66.0,,127,
1月,骨九低温,多余行,DMD光源4号-1/W905060,1574701,整行,,1.0/35.0/35.0,,128,
1月,骨九低温,多余行,德美4K光源（3号）-1/W905060,1574701,整行,,1.0/35.0/35.0,,129,
1月,骨九低温,多余行,鞠超杰-肩钩-5件/Z1030,1574927,整行,,1.0/88.0/88.0,,130,
1月,骨九低温,多余行,218机器人-7件（带盒8件）,1574927,整行,,1.0/132.0/132.0,,131,
1月,骨九低温,多余行,DMD光源1号-1/W905060,1574956,整行,,1.0/35.0/35.0,,132,
1月,骨九低温,多余行,刨刀线-膝关节-旧1/Z2545,1574956,整行,,1.0/44.0/44.0,,133,
1月,骨九低温,多余行,DMD3号镜头3件/W705060,1574956,整行,,1.0/66.0/66.0,,134,
1月,骨九低温,多余行,373机器人-7件（带盒8件）,1575052,整行,,1.0/132.0/132.0,,135,
1月,骨九低温,多余行,DMD1号镜头3件（盒1）/W705060,1575052,整行,,1.0/66.0/66.0,,136,
1月,骨九低温,多余行,DMD刨刀-1/Z2550,1575086,整行,,1.0/30.0/30.0,,137,
1月,骨九低温,多余行,DMD4号镜头3件/W705060,1575086,整行,,1.0/66.0/66.0,,138,
1月,骨九低温,多余行,DMD光源4号-1/W905060,1575086,整行,,1.0/35.0/35.0,,139,
1月,骨九低温,多余行,刨刀-房玉立/Z2545,1575272,整行,,1.0/30.0/30.0,,140,
1月,骨九低温,多余行,DMD5号镜头-3件,1575272,整行,,1.0/66.0/66.0,,141,
1月,骨九低温,多余行,DMD光源2号-1（带盒）,1575272,整行,,1.0/35.0/35.0,,142,
1月,骨九低温,多余行,373机器人-7件（带盒8件）,1575537,整行,,1.0/132.0/132.0,,143,
1月,骨九低温,多余行,施乐辉刨刀-1/z2530,1575919,整行,,1.0/30.0/30.0,,144,
1月,骨九低温,多余行,DMD3号镜头3件/W705060,1575919,整行,,1.0/66.0/66.0,,145,
1月,骨九低温,多余行,新3光源-1（带盒两件）/W12050,1575919,整行,,1.0/35.0/35.0,,146,
1月,骨九低温,多余行,德美4K光源（3号）-1/W905060,1575936,整行,,1.0/35.0/35.0,,147,
1月,骨九低温,多余行,德美新3镜头-1件/W605060,1575936,整行,,1.0/35.0/35.0,,148,
1月,骨九低温,多余行,DMD刨刀-1/Z2550,1576090,整行,,1.0/30.0/30.0,,149,
1月,骨九低温,多余行,DMD2号镜头3件/W705060,1576090,整行,,1.0/66.0/66.0,,150,
1月,骨九低温,多余行,DMD光源4号-1/W905060,1576090,整行,,1.0/35.0/35.0,,151,
1月,骨九低温,多余行,德美4K光源（1号）-1/W905060,1576166,整行,,1.0/35.0/35.0,,152,
1月,骨九低温,多余行,德美4K镜头4号-4件/W905060,1576166,整行,,1.0/88.0/88.0,,153,
1月,骨九低温,多余行,德美新1镜头-1件（盒1）,1576208,整行,,1.0/35.0/35.0,,154,
1月,骨九低温,多余行,德美4K光源（3号）-1/W905060,1576208,整行,,1.0/35.0/35.0,,155,
1月,骨九低温,多余行,德美新2镜头-1件/W605060,1576208,整行,,1.0/35.0/35.0,,156,
1月,骨九低温,多余行,德美4K光源（2号）-1/W905060,1576221,整行,,1.0/35.0/35.0,,157,
1月,骨九低温,多余行,德美4K光源（1号）-1/W905060,1576540,整行,,1.0/35.0/35.0,,158,
1月,骨九低温,多余行,德美4K光源（3号）-1/W905060,1576540,整行,,1.0/35.0/35.0,,159,
1月,骨九低温,多余行,德美新2镜头-1件/W605060,1576540,整行,,1.0/35.0/35.0,,160,
1月,骨九低温,多余行,德美新3镜头-1件/W605060,1576540,整行,,1.0/35.0/35.0,,161,
1月,骨九低温,多余行,旧2刨刀-1/Z3040,1576816,整行,,1.0/35.0/35.0,,162,
1月,骨九低温,多余行,DMD5号镜头-3件,1576816,整行,,1.0/66.0/66.0,,163,
1月,骨九低温,多余行,DMD光源2号-1（带盒）,1576816,整行,,1.0/35.0/35.0,,164,
1月,骨九低温,多余行,DMD刨刀-1/Z2550,1576860,整行,,1.0/30.0/30.0,,165,
1月,骨九低温,多余行,鞠超杰-肩钩-5件/Z1030,1576860,整行,,1.0/88.0/88.0,,166,
1月,骨九低温,多余行,DMD4号镜头3件/W705060,1576860,整行,,1.0/66.0/66.0,,167,
1月,骨九低温,多余行,DMD光源3号-1/W905060,1576860,整行,,1.0/35.0/35.0,,168,
1月,骨九低温,多余行,373机器人-7件（带盒8件）,1577099,整行,,1.0/132.0/132.0,,169,
1月,骨九借包,多余行,切开包-8件,1570863,整行,,2.0/44.0/88.0,,9,
1月,骨九借包,多余行,孔巾,1574953,整行,,1.0/2.5/2.5,,10,
1月,骨二低温,多余行,475机器人-7件（带盒8件）,1570334,整行,,1.0/132.0/132.0,,9,
1月,骨二低温,多余行,218机器人-7件（带盒8件）,1574013,整行,,1.0/132.0/132.0,,10,
1月,骨二低温,多余行,218机器人-7件（带盒8件）,1574525,整行,,1.0/132.0/132.0,,11,
1月,骨二低温,多余行,475机器人-7件（带盒8件）,1575429,整行,,1.0/132.0/132.0,,12,
1月,骨二低温,多余行,0261机器人-8件（带盒9件）,1576596,整行,,1.0/154.0/154.0,,13,
1月,骨五低温,多余行,218机器人-7件（带盒8件）,1569611,整行,,1.0/132.0/132.0,,9,
1月,骨五低温,多余行,新史赛克手控加件-1,1571980,整行,,1.0/22.0/22.0,,10,
1月,骨五低温,多余行,新史赛克手控加件-1,1574367,整行,,1.0/22.0/22.0,,11,
1月,骨五借包,多余行,切开包-8件,1569188,整行,,1.0/44.0/44.0,,9,
1月,骨八低温,多余行,475机器人-7件（带盒8件）,1569432,整行,,1.0/132.0/132.0,,9,
1月,骨八低温,多余行,373机器人-7件（带盒8件）,1569956,整行,,1.0/132.0/132.0,,10,
1月,骨八低温,多余行,218机器人-7件（带盒8件）,1570092,整行,,1.0/132.0/132.0,,11,
1月,骨八低温,多余行,373机器人-7件（带盒8件）,1570111,整行,,1.0/132.0/132.0,,12,
1月,骨八低温,多余行,218机器人-7件（带盒8件）,1570427,整行,,1.0/132.0/132.0,,13,
1月,骨八低温,多余行,475机器人-7件（带盒8件）,1570905,整行,,1.0/132.0/132.0,,14,
1月,骨八低温,多余行,218机器人-7件（带盒8件）,1571116,整行,,1.0/132.0/132.0,,15,
1月,骨八低温,多余行,475机器人-7件（带盒8件）,1572078,整行,,1.0/132.0/132.0,,16,
1月,骨八低温,多余行,373机器人-7件（带盒8件）,1572743,整行,,1.0/132.0/132.0,,17,
1月,骨八低温,多余行,475机器人-7件（带盒8件）,1572814,整行,,1.0/132.0/132.0,,18,
1月,骨八低温,多余行,373机器人-7件（带盒8件）,1575814,整行,,1.0/132.0/132.0,,19,
1月,骨八低温,多余行,475机器人-7件（带盒8件）,1576596,整行,,1.0/132.0/132.0,,20,
1月,骨六低温,多余行,施乐辉刨刀-1/z2530,1569432,整行,,1.0/30.0/30.0,,9,
1月,骨六低温,多余行,373机器人-7件（带盒8件）,1569432,整行,,1.0/132.0/132.0,,10,
1月,骨六低温,多余行,德美4K光源（3号）-1/W905060,1569432,整行,,1.0/35.0/35.0,,11,
1月,骨六低温,多余行,德美4K镜头（3号）-3/W705060,1569432,整行,,1.0/66.0/66.0,,12,
1月,骨六低温,多余行,新2镜头-3件(带转换帽)/W705060,1569432,整行,,1.0/66.0/66.0,,13,
1月,骨六低温,多余行,新4光源-1（带盒两件）/W12050,1569432,整行,,1.0/35.0/35.0,,14,
1月,骨六低温,多余行,475机器人-7件（带盒8件）,1569782,整行,,1.0/132.0/132.0,,15,
1月,骨六低温,多余行,施乐辉刨刀-1/z2530,1570059,整行,,1.0/30.0/30.0,,16,
1月,骨六低温,多余行,新1光源-1（带盒两件）/W12050,1570059,整行,,1.0/35.0/35.0,,17,
1月,骨六低温,多余行,新1镜头-3件(无转换帽)/W9050,1570059,整行,,1.0/66.0/66.0,,18,
1月,骨六低温,多余行,新2镜头-3件(带转换帽)/W705060,1570059,整行,,1.0/66.0/66.0,,19,
1月,骨六低温,多余行,旧2刨刀-1/Z3040,1570111,整行,,1.0/35.0/35.0,,20,
1月,骨六低温,多余行,房玉利新通用镜头-1/Z2060,1570111,整行,,1.0/28.0/28.0,,21,
1月,骨六低温,多余行,新4光源-1（带盒两件）/W12050,1570111,整行,,1.0/35.0/35.0,,22,
1月,骨六低温,多余行,房试用镜头-1/双/Z1550,1570248,整行,,1.0/35.0/35.0,,23,
1月,骨六低温,多余行,刨刀线-膝关节-旧1/Z2545,1570248,整行,,1.0/44.0/44.0,,24,
1月,骨六低温,多余行,施乐辉刨刀-1/z2530,1570248,整行,,1.0/30.0/30.0,,25,
1月,骨六低温,多余行,218机器人-7件（带盒8件）,1570248,整行,,1.0/132.0/132.0,,26,
1月,骨六低温,多余行,新5光源-1件（盒1）/W905060,1570248,整行,,1.0/35.0/35.0,,27,
1月,骨六低温,多余行,德美4K光源（1号）-1/W905060,1570248,整行,,1.0/35.0/35.0,,28,
1月,骨六低温,多余行,德美4K镜头（2号）-4/W705060,1570248,整行,,1.0/88.0/88.0,,29,
1月,骨六低温,多余行,新1光源-1（带盒两件）/W12050,1570248,整行,,1.0/35.0/35.0,,30,
1月,骨六低温,多余行,新1镜头-3件(无转换帽)/W9050,1570248,整行,,1.0/66.0/66.0,,31,
1月,骨六低温,多余行,373机器人-7件（带盒8件）,1570334,整行,,1.0/132.0/132.0,,32,
1月,骨六低温,多余行,刨刀线-膝关节-旧1/Z2545,1570383,整行,,1.0/44.0/44.0,,33,
1月,骨六低温,多余行,新1镜头-3件(无转换帽)/W9050,1570383,整行,,1.0/66.0/66.0,,34,
1月,骨六低温,多余行,新3光源-1（带盒两件）/W12050,1570383,整行,,1.0/35.0/35.0,,35,
1月,骨六低温,多余行,施乐辉刨刀-1/z2530,1570427,整行,,1.0/30.0/30.0,,36,
1月,骨六低温,多余行,新5光源-1件（盒1）/W905060,1570427,整行,,1.0/35.0/35.0,,37,
1月,骨六低温,多余行,新2镜头-3件(带转换帽)/W705060,1570427,整行,,1.0/66.0/66.0,,38,
1月,骨六低温,多余行,房玉利缝合枪-1/Z2530,1570506,整行,,1.0/30.0/30.0,,39,
1月,骨六低温,多余行,新1 刨刀-1件/Z2545,1570506,整行,,1.0/30.0/30.0,,40,
1月,骨六低温,多余行,新1镜头-3件(无转换帽)/W9050,1570506,整行,,1.0/66.0/66.0,,41,
1月,骨六低温,多余行,新4光源-1（带盒两件）/W12050,1570506,整行,,1.0/35.0/35.0,,42,
1月,骨六低温,多余行,史赛克无线摆锯-4/Z2030,1570531,整行,,1.0/88.0/88.0,,43,
1月,骨六低温,多余行,新4刨刀-1件/Z2550,1570536,整行,,1.0/30.0/30.0,,44,
1月,骨六低温,多余行,新5光源-1件（盒1）/W905060,1570536,整行,,1.0/35.0/35.0,,45,
1月,骨六低温,多余行,德美4K光源（3号）-1/W905060,1570536,整行,,1.0/35.0/35.0,,46,
1月,骨六低温,多余行,德美4K镜头（3号）-3/W705060,1570536,整行,,1.0/66.0/66.0,,47,
1月,骨六低温,多余行,新2镜头-3件(带转换帽)/W705060,1570536,整行,,1.0/66.0/66.0,,48,
1月,骨六低温,多余行,刨刀-房玉立/Z2545,1570687,整行,,1.0/30.0/30.0,,49,
1月,骨六低温,多余行,新1光源-1（带盒两件）/W12050,1570687,整行,,1.0/35.0/35.0,,50,
1月,骨六低温,多余行,新1镜头-3件(无转换帽)/W9050,1570687,整行,,1.0/66.0/66.0,,51,
1月,骨六低温,多余行,旧2刨刀-1/Z3040,1570783,整行,,1.0/35.0/35.0,,52,
1月,骨六低温,多余行,房玉利新通用镜头-1/Z2060,1570783,整行,,1.0/28.0/28.0,,53,
1月,骨六低温,多余行,新3光源-1（带盒两件）/W12050,1570783,整行,,1.0/35.0/35.0,,54,
1月,骨六低温,多余行,刨刀-房玉立/Z2545,1570812,整行,,1.0/30.0/30.0,,55,
1月,骨六低温,多余行,新1光源-1（带盒两件）/W12050,1570812,整行,,1.0/35.0/35.0,,56,
1月,骨六低温,多余行,新1镜头-3件(无转换帽)/W9050,1570812,整行,,1.0/66.0/66.0,,57,
1月,骨六低温,多余行,施乐辉刨刀-1/z2530,1570920,整行,,1.0/30.0/30.0,,58,
1月,骨六低温,多余行,新2镜头-3件(带转换帽)/W705060,1570920,整行,,1.0/66.0/66.0,,59,
1月,骨六低温,多余行,新4光源-1（带盒两件）/W12050,1570920,整行,,1.0/35.0/35.0,,60,
1月,骨六低温,多余行,房试用镜头-1/双/Z1550,1571116,整行,,1.0/35.0/35.0,,61,
1月,骨六低温,多余行,新4光源-1（带盒两件）/W12050,1571116,整行,,1.0/35.0/35.0,,62,
1月,骨六低温,多余行,旧2刨刀-1/Z3040,1571164,整行,,1.0/35.0/35.0,,63,
1月,骨六低温,多余行,新5光源-1件（盒1）/W905060,1571164,整行,,1.0/35.0/35.0,,64,
1月,骨六低温,多余行,新1镜头-3件(无转换帽)/W9050,1571164,整行,,1.0/66.0/66.0,,65,
1月,骨六低温,多余行,施乐辉刨刀-1/z2530,1571216,整行,,1.0/30.0/30.0,,66,
1月,骨六低温,多余行,新2镜头-3件(带转换帽)/W705060,1571216,整行,,1.0/66.0/66.0,,67,
1月,骨六低温,多余行,新3光源-1（带盒两件）/W12050,1571216,整行,,1.0/35.0/35.0,,68,
1月,骨六低温,多余行,刨刀-房玉立/Z2545,1571419,整行,,1.0/30.0/30.0,,69,
1月,骨六低温,多余行,新史赛克手控加件-1,1571419,整行,,1.0/22.0/22.0,,70,
1月,骨六低温,多余行,施乐辉刨刀-1/z2530,1571626,整行,,1.0/30.0/30.0,,71,
1月,骨六低温,多余行,新1镜头-3件(无转换帽)/W9050,1571626,整行,,1.0/66.0/66.0,,72,
1月,骨六低温,多余行,新3光源-1（带盒两件）/W12050,1571626,整行,,1.0/35.0/35.0,,73,
1月,骨六低温,多余行,旧2刨刀-1/Z3040,1571667,整行,,1.0/35.0/35.0,,74,
1月,骨六低温,多余行,德美4K光源（2号）-1/W905060,1571667,整行,,1.0/35.0/35.0,,75,
1月,骨六低温,多余行,德美4K镜头4号-4件/W905060,1571667,整行,,1.0/88.0/88.0,,76,
1月,骨六低温,多余行,新1光源-1（带盒两件）/W12050,1571667,整行,,1.0/35.0/35.0,,77,
1月,骨六低温,多余行,新2镜头-3件(带转换帽)/W705060,1571667,整行,,1.0/66.0/66.0,,78,
1月,骨六低温,多余行,475机器人-7件（带盒8件）,1571670,整行,,1.0/132.0/132.0,,79,
1月,骨六低温,多余行,旧2刨刀-1/Z3040,1571980,整行,,1.0/35.0/35.0,,80,
1月,骨六低温,多余行,新2镜头-3件(带转换帽)/W705060,1571980,整行,,1.0/66.0/66.0,,81,
1月,骨六低温,多余行,新4光源-1（带盒两件）/W12050,1571980,整行,,1.0/35.0/35.0,,82,
1月,骨六低温,多余行,房试用镜头-1/双/Z1550,1572256,整行,,1.0/35.0/35.0,,83,
1月,骨六低温,多余行,房试用水管-2件/Z1026,1572256,整行,,1.0/44.0/44.0,,84,
1月,骨六低温,多余行,施乐辉刨刀-1/z2530,1572256,整行,,1.0/30.0/30.0,,85,
1月,骨六低温,多余行,德美4K光源（2号）-1/W905060,1572256,整行,,1.0/35.0/35.0,,86,
1月,骨六低温,多余行,德美4K镜头（2号）-4/W705060,1572256,整行,,1.0/88.0/88.0,,87,
1月,骨六低温,多余行,新1光源-1（带盒两件）/W12050,1572256,整行,,1.0/35.0/35.0,,88,
1月,骨六低温,多余行,新2镜头-3件(带转换帽)/W705060,1572256,整行,,1.0/66.0/66.0,,89,
1月,骨六低温,多余行,新3光源-1（带盒两件）/W12050,1572256,整行,,1.0/35.0/35.0,,90,
1月,骨六低温,多余行,刨刀-房玉立/Z2545,1572270,整行,,1.0/30.0/30.0,,91,
1月,骨六低温,多余行,德美德光源1号-1/W905060,1572408,整行,,1.0/35.0/35.0,,92,
1月,骨六低温,多余行,旧2刨刀-1/Z3040,1572408,整行,,1.0/35.0/35.0,,93,
1月,骨六低温,多余行,德美德2号镜头3件/W705060,1572408,整行,,1.0/66.0/66.0,,94,
1月,骨六低温,多余行,新2镜头-3件(带转换帽)/W705060,1572711,整行,,1.0/66.0/66.0,,95,
1月,骨六低温,多余行,刨刀-房玉立/Z2545,1572743,整行,,1.0/30.0/30.0,,96,
1月,骨六低温,多余行,新5光源-1件（盒1）/W905060,1572743,整行,,1.0/35.0/35.0,,97,
1月,骨六低温,多余行,刨刀线-膝关节-旧1/Z2545,1573167,整行,,1.0/44.0/44.0,,98,
1月,骨六低温,多余行,新2镜头-3件(带转换帽)/W705060,1573167,整行,,1.0/66.0/66.0,,99,
1月,骨六低温,多余行,新3光源-1（带盒两件）/W12050,1573167,整行,,1.0/35.0/35.0,,100,
1月,骨六低温,多余行,刨刀-房玉立/Z2545,1573645,整行,,1.0/30.0/30.0,,101,
1月,骨六低温,多余行,218机器人-7件（带盒8件）,1573645,整行,,1.0/132.0/132.0,,102,
1月,骨六低温,多余行,新2镜头-3件(带转换帽)/W705060,1573645,整行,,1.0/66.0/66.0,,103,
1月,骨六低温,多余行,新3光源-1（带盒两件）/W12050,1573645,整行,,1.0/35.0/35.0,,104,
1月,骨六低温,多余行,房试用镜头-1/双/Z1550,1573904,整行,,1.0/35.0/35.0,,105,
1月,骨六低温,多余行,刨刀线-膝关节-旧1/Z2545,1573904,整行,,1.0/44.0/44.0,,106,
1月,骨六低温,多余行,新5光源-1件（盒1）/W905060,1573904,整行,,1.0/35.0/35.0,,107,
1月,骨六低温,多余行,刨刀-房玉立/Z2545,1574013,整行,,1.0/30.0/30.0,,108,
1月,骨六低温,多余行,新1光源-1（带盒两件）/W12050,1574013,整行,,1.0/35.0/35.0,,109,
1月,骨六低温,多余行,新2镜头-3件(带转换帽)/W705060,1574013,整行,,1.0/66.0/66.0,,110,
1月,骨六低温,多余行,房试用镜头-1/双/Z1550,1574209,整行,,1.0/35.0/35.0,,111,
1月,骨六低温,多余行,施乐辉刨刀-1/z2530,1574209,整行,,1.0/30.0/30.0,,112,
1月,骨六低温,多余行,373机器人-7件（带盒8件）,1574209,整行,,1.0/132.0/132.0,,113,
1月,骨六低温,多余行,475机器人-7件（带盒8件）,1574209,整行,,1.0/132.0/132.0,,114,
1月,骨六低温,多余行,新4光源-1（带盒两件）/W12050,1574209,整行,,1.0/35.0/35.0,,115,
1月,骨六低温,多余行,施乐辉刨刀-1/z2530,1574367,整行,,1.0/30.0/30.0,,116,
1月,骨六低温,多余行,新1光源-1（带盒两件）/W12050,1574367,整行,,1.0/35.0/35.0,,117,
1月,骨六低温,多余行,房试用镜头-1/双/Z1550,1574517,整行,,1.0/35.0/35.0,,118,
1月,骨六低温,多余行,旧2刨刀-1/Z3040,1574525,整行,,1.0/35.0/35.0,,119,
1月,骨六低温,多余行,刨刀-房玉立/Z2545,1574525,整行,,1.0/30.0/30.0,,120,
1月,骨六低温,多余行,腕肘-7件/Z1530,1574525,整行,,1.0/132.0/132.0,,121,
1月,骨六低温,多余行,德美德光源2号-1（带盒）,1574525,整行,,1.0/35.0/35.0,,122,
1月,骨六低温,多余行,新5光源-1件（盒1）/W905060,1574525,整行,,1.0/35.0/35.0,,123,
1月,骨六低温,多余行,德美德3号镜头3件/W705060,1574525,整行,,1.0/66.0/66.0,,124,
1月,骨六低温,多余行,肘踝通用镜头-1/W6050,1574525,整行,,1.0/35.0/35.0,,125,
1月,骨六低温,多余行,施乐辉刨刀-1/z2530,1574625,整行,,1.0/30.0/30.0,,126,
1月,骨六低温,多余行,德美德4号镜头3件/W705060,1574625,整行,,1.0/66.0/66.0,,127,
1月,骨六低温,多余行,新4光源-1（带盒两件）/W12050,1574625,整行,,1.0/35.0/35.0,,128,
1月,骨六低温,多余行,DMD6号水管-2件/W505060,1574701,整行,,1.0/35.0/35.0,,129,
1月,骨六低温,多余行,旧2刨刀-1/Z3040,1574701,整行,,1.0/35.0/35.0,,130,
1月,骨六低温,多余行,DMD6号镜头-1件,1574701,整行,,1.0/35.0/35.0,,131,
1月,骨六低温,多余行,新3光源-1（带盒两件）/W12050,1574701,整行,,1.0/35.0/35.0,,132,
1月,骨六低温,多余行,刨刀-房玉立/Z2545,1574927,整行,,1.0/30.0/30.0,,133,
1月,骨六低温,多余行,房国产镜头-1/Z2060,1574927,整行,,1.0/28.0/28.0,,134,
1月,骨六低温,多余行,新1光源-1（带盒两件）/W12050,1574927,整行,,1.0/35.0/35.0,,135,
1月,骨六低温,多余行,施乐辉刨刀-1/z2530,1575052,整行,,1.0/30.0/30.0,,136,
1月,骨六低温,多余行,DMD2号镜头3件/W705060,1575052,整行,,1.0/66.0/66.0,,137,
1月,骨六低温,多余行,新4光源-1（带盒两件）/W12050,1575052,整行,,1.0/35.0/35.0,,138,
1月,骨六低温,多余行,DMD6号水管-2件/W505060,1575086,整行,,1.0/35.0/35.0,,139,
1月,骨六低温,多余行,旧2刨刀-1/Z3040,1575086,整行,,1.0/35.0/35.0,,140,
1月,骨六低温,多余行,刨刀线-膝关节-旧1/Z2545,1575086,整行,,1.0/44.0/44.0,,141,
1月,骨六低温,多余行,DMD6号镜头-1件,1575086,整行,,1.0/35.0/35.0,,142,
1月,骨六低温,多余行,DMD光源3号-1/W905060,1575086,整行,,1.0/35.0/35.0,,143,
1月,骨六低温,多余行,新3光源-1（带盒两件）/W12050,1575272,整行,,1.0/35.0/35.0,,144,
1月,骨六低温,多余行,刨刀-房玉立/Z2545,1575429,整行,,1.0/30.0/30.0,,145,
1月,骨六低温,多余行,AR房玉立新镜头1盒1,1575429,整行,,1.0/35.0/35.0,,146,
1月,骨六低温,多余行,房通用镜头1号-1件/W605060,1575429,整行,,1.0/35.0/35.0,,147,
1月,骨六低温,多余行,新4光源-1（带盒两件）/W12050,1575429,整行,,1.0/35.0/35.0,,148,
1月,骨六低温,多余行,施乐辉刨刀-1/z2530,1575484,整行,,1.0/30.0/30.0,,149,
1月,骨六低温,多余行,DMD5号镜头-3件,1575484,整行,,1.0/66.0/66.0,,150,
1月,骨六低温,多余行,新3光源-1（带盒两件）/W12050,1575484,整行,,1.0/35.0/35.0,,151,
1月,骨六低温,多余行,刨刀线-膝关节-旧1/Z2545,1575752,整行,,1.0/44.0/44.0,,152,
1月,骨六低温,多余行,475机器人-7件（带盒8件）,1575752,整行,,1.0/132.0/132.0,,153,
1月,骨六低温,多余行,新1光源-1（带盒两件）/W12050,1575752,整行,,1.0/35.0/35.0,,154,
1月,骨六低温,多余行,刨刀-房玉立/Z2545,1575936,整行,,1.0/30.0/30.0,,155,
1月,骨六低温,多余行,DMD4号镜头3件/W705060,1575936,整行,,1.0/66.0/66.0,,156,
1月,骨六低温,多余行,新1光源-1（带盒两件）/W12050,1575936,整行,,1.0/35.0/35.0,,157,
1月,骨六低温,多余行,DMD6号水管-2件/W505060,1576596,整行,,1.0/35.0/35.0,,158,
1月,骨六低温,多余行,旧2刨刀-1/Z3040,1576596,整行,,1.0/35.0/35.0,,159,
1月,骨六低温,多余行,DMD6号镜头-1件,1576596,整行,,1.0/35.0/35.0,,160,
1月,骨六低温,多余行,刨刀-房玉立/Z2545,1576765,整行,,1.0/30.0/30.0,,161,
1月,骨六低温,多余行,DMD2号镜头3件/W705060,1576765,整行,,1.0/66.0/66.0,,162,
1月,骨六低温,多余行,新1光源-1（带盒两件）/W12050,1576765,整行,,1.0/35.0/35.0,,163,
1月,骨六低温,多余行,新4光源-1（带盒两件）/W12050,1576765,整行,,1.0/35.0/35.0,,164,
1月,骨六低温,多余行,刨刀线-膝关节-旧1/Z2545,1576816,整行,,1.0/44.0/44.0,,165,
1月,骨六低温,多余行,DMD3号镜头3件/W705060,1576816,整行,,1.0/66.0/66.0,,166,
1月,骨六低温,多余行,新3光源-1（带盒两件）/W12050,1576816,整行,,1.0/35.0/35.0,,167,
1月,骨六低温,多余行,DMD光源1号-1/W905060,1577099,整行,,1.0/35.0/35.0,,168,
1月,骨六低温,多余行,DMD刨刀-1/Z2550,1577099,整行,,1.0/30.0/30.0,,169,
1月,骨六低温,多余行,刨刀-房玉立/Z2545,1577099,整行,,1.0/30.0/30.0,,170,
1月,骨六低温,多余行,施乐辉刨刀-1/z2530,1577099,整行,,1.0/30.0/30.0,,171,
1月,骨六低温,多余行,218机器人-7件（带盒8件）,1577099,整行,,1.0/132.0/132.0,,172,
1月,骨六低温,多余行,DMD1号镜头3件（盒1）/W705060,1577099,整行,,1.0/66.0/66.0,,173,
1月,骨六低温,多余行,DMD2号镜头3件/W705060,1577099,整行,,1.0/66.0/66.0,,174,
1月,骨六低温,多余行,DMD4号镜头3件/W705060,1577099,整行,,1.0/66.0/66.0,,175,
1月,骨六低温,多余行,DMD光源3号-1/W905060,1577099,整行,,1.0/35.0/35.0,,176,
1月,骨六低温,多余行,新4光源-1（带盒两件）/W12050,1577099,整行,,1.0/35.0/35.0,,177,
1月,骨六低温,多余行,施乐辉刨刀-1/z2530,1576498,整行,,1.0/30.0/30.0,,178,
1月,骨六低温,多余行,DMD1号镜头3件（盒1）/W705060,1576498,整行,,1.0/66.0/66.0,,179,
1月,骨十一低温,多余行,218机器人-7件（带盒8件）,1569440,整行,,1.0/132.0/132.0,,9,
1月,骨十一低温,多余行,218机器人-7件（带盒8件）,1569956,整行,,1.0/132.0/132.0,,10,
1月,骨十一低温,多余行,475机器人-7件（带盒8件）,1570059,整行,,1.0/132.0/132.0,,11,
1月,骨十一低温,多余行,475机器人-7件（带盒8件）,1570179,整行,,1.0/132.0/132.0,,12,
1月,骨十一低温,多余行,218机器人-7件（带盒8件）,1575537,整行,,1.0/132.0/132.0,,13,
1月,骨十一低温,多余行,动力转换器-1/Z1526,1575919,整行,,1.0/25.0/25.0,,14,
1月,骨十一低温,多余行,218机器人-7件（带盒8件）,1576166,整行,,1.0/132.0/132.0,,15,
1月,骨十低温,多余行,373机器人-7件（带盒8件）,1571670,整行,,1.0/132.0/132.0,,9,
1月,骨十低温,多余行,373机器人-7件（带盒8件）,1572408,整行,,1.0/132.0/132.0,,10,
1月,骨四低温,多余行,骨四（一）宋晓辉刀头1手柄1线1/z2540,1569211,整行,,1.0/66.0/66.0,,9,
1月,骨四低温,多余行,348机器人-8件（带盒9件）,1569211,整行,,1.0/154.0/154.0,,10,
1月,骨四低温,多余行,椎间孔镜头2号-1/W905060,1569211,整行,,1.0/35.0/35.0,,11,
1月,骨四低温,多余行,0261机器人-8件（带盒9件）,1569440,整行,,1.0/154.0/154.0,,12,
1月,骨四低温,多余行,213机器人-8件（带盒9件）,1569440,整行,,1.0/154.0/154.0,,13,
1月,骨四低温,多余行,348机器人-8件（带盒9件）,1569580,整行,,1.0/154.0/154.0,,14,
1月,骨四低温,多余行,0261机器人-8件（带盒9件）,1569685,整行,,1.0/154.0/154.0,,15,
1月,骨四低温,多余行,213机器人-8件（带盒9件）,1569956,整行,,1.0/154.0/154.0,,16,
1月,骨四低温,多余行,348机器人-8件（带盒9件）,1570009,整行,,1.0/154.0/154.0,,17,
1月,骨四低温,多余行,骨四（一）宋晓辉刀头1手柄1线1/z2540,1570092,整行,,1.0/66.0/66.0,,18,
1月,骨四低温,多余行,骨四（一）宋晓辉光源线-1/Z2540,1570092,整行,,1.0/30.0/30.0,,19,
1月,骨四低温,多余行,椎间孔镜头2号-1/W905060,1570092,整行,,1.0/35.0/35.0,,20,
1月,骨四低温,多余行,0261机器人-8件（带盒9件）,1570150,整行,,1.0/154.0/154.0,,21,
1月,骨四低温,多余行,骨四（一）兰青常备光源线-1件/Z2530,1570248,整行,,1.0/30.0/30.0,,22,
1月,骨四低温,多余行,骨四（一）兰青磨头-1件/Z1026,1570248,整行,,1.0/22.0/22.0,,23,
1月,骨四低温,多余行,348机器人-8件（带盒9件）,1570346,整行,,1.0/154.0/154.0,,24,
1月,骨四低温,多余行,213机器人-8件（带盒9件）,1570488,整行,,1.0/154.0/154.0,,25,
1月,骨四低温,多余行,骨四（一）宋晓辉刀头1手柄1线1/z2540,1570760,整行,,1.0/66.0/66.0,,26,
1月,骨四低温,多余行,348机器人-8件（带盒9件）,1570760,整行,,1.0/154.0/154.0,,27,
1月,骨四低温,多余行,椎间孔镜头2号-1/W905060,1570760,整行,,1.0/35.0/35.0,,28,
1月,骨四低温,多余行,213机器人-8件（带盒9件）,1570920,整行,,1.0/154.0/154.0,,29,
1月,骨四低温,多余行,0261机器人-8件（带盒9件）,1571053,整行,,1.0/154.0/154.0,,30,
1月,骨四低温,多余行,骨四（一）宋晓辉刀头1手柄1线1/z2540,1571116,整行,,1.0/66.0/66.0,,31,
1月,骨四低温,多余行,椎间孔镜头2号-1/W905060,1571116,整行,,1.0/35.0/35.0,,32,
1月,骨四低温,多余行,213机器人-8件（带盒9件）,1571164,整行,,1.0/154.0/154.0,,33,
1月,骨四低温,多余行,348机器人-8件（带盒9件）,1571164,整行,,1.0/154.0/154.0,,34,
1月,骨四低温,多余行,骨四（一）兰青常备光源线-1件/Z2530,1571216,整行,,1.0/30.0/30.0,,35,
1月,骨四低温,多余行,0261机器人-8件（带盒9件）,1571419,整行,,1.0/154.0/154.0,,36,
1月,骨四低温,多余行,213机器人-8件（带盒9件）,1571419,整行,,1.0/154.0/154.0,,37,
1月,骨四低温,多余行,348机器人-8件（带盒9件）,1571419,整行,,1.0/154.0/154.0,,38,
1月,骨四低温,多余行,348机器人-8件（带盒9件）,1571537,整行,,1.0/154.0/154.0,,39,
1月,骨四低温,多余行,骨四（一）宋晓辉刀头1手柄1线1/z2540,1571626,整行,,1.0/66.0/66.0,,40,
1月,骨四低温,多余行,骨四（一）宋晓辉光源线-1/Z2540,1571626,整行,,1.0/30.0/30.0,,41,
1月,骨四低温,多余行,0261机器人-8件（带盒9件）,1571626,整行,,1.0/154.0/154.0,,42,
1月,骨四低温,多余行,椎间孔镜头2号-1/W905060,1571626,整行,,1.0/35.0/35.0,,43,
1月,骨四低温,多余行,373机器人-7件（带盒8件）,1572078,整行,,1.0/132.0/132.0,,44,
1月,骨四低温,多余行,骨四（一）兰青常备光源线-1件/Z2530,1572255,整行,,1.0/30.0/30.0,,45,
1月,骨四低温,多余行,213机器人-8件（带盒9件）,1572256,整行,,1.0/154.0/154.0,,46,
1月,骨四低温,多余行,骨四（一）兰青磨头-1件/Z1026,1572270,整行,,1.0/22.0/22.0,,47,
1月,骨四低温,多余行,0261机器人-8件（带盒9件）,1572346,整行,,1.0/154.0/154.0,,48,
1月,骨四低温,多余行,骨四（一）兰青常备光源线-1件/Z2530,1572408,整行,,1.0/30.0/30.0,,49,
1月,骨四低温,多余行,骨四（一）宋晓辉刀头1手柄1线1/z2540,1572408,整行,,1.0/66.0/66.0,,50,
1月,骨四低温,多余行,椎间孔镜头2号-1/W905060,1572408,整行,,1.0/35.0/35.0,,51,
1月,骨四低温,多余行,348机器人-8件（带盒9件）,1572588,整行,,1.0/154.0/154.0,,52,
1月,骨四低温,多余行,0261机器人-8件（带盒9件）,1572692,整行,,1.0/154.0/154.0,,53,
1月,骨四低温,多余行,骨四（一）宋晓辉刀头1手柄1线1/z2540,1572711,整行,,1.0/66.0/66.0,,54,
1月,骨四低温,多余行,椎间孔镜头2号-1/W905060,1572711,整行,,1.0/35.0/35.0,,55,
1月,骨四低温,多余行,骨四（一）兰青常备光源线-1件/Z2530,1572814,整行,,1.0/30.0/30.0,,56,
1月,骨四低温,多余行,骨四（一）宋晓辉刀头1手柄1线1/z2540,1572814,整行,,1.0/66.0/66.0,,57,
1月,骨四低温,多余行,348机器人-8件（带盒9件）,1572814,整行,,1.0/154.0/154.0,,58,
1月,骨四低温,多余行,椎间孔镜头-1/W905060,1572814,整行,,1.0/35.0/35.0,,59,
1月,骨四低温,多余行,骨四（一）兰青磨头-1件/Z1026,1573047,整行,,1.0/22.0/22.0,,60,
1月,骨四低温,多余行,德美4K光源（1号）-1/W905060,1573047,整行,,1.0/35.0/35.0,,61,
1月,骨四低温,多余行,骨四（一）宋晓辉刀头1手柄1线1/z2540,1573090,整行,,1.0/66.0/66.0,,62,
1月,骨四低温,多余行,348机器人-8件（带盒9件）,1573090,整行,,1.0/154.0/154.0,,63,
1月,骨四低温,多余行,椎间孔镜头2号-1/W905060,1573090,整行,,1.0/35.0/35.0,,64,
1月,骨四低温,多余行,骨四（一）兰青常备光源线-1件/Z2530,1573340,整行,,1.0/30.0/30.0,,65,
1月,骨四低温,多余行,0261机器人-8件（带盒9件）,1573550,整行,,1.0/154.0/154.0,,66,
1月,骨四低温,多余行,213机器人-8件（带盒9件）,1573593,整行,,1.0/154.0/154.0,,67,
1月,骨四低温,多余行,骨四（一）兰青常备光源线-1件/Z2530,1573948,整行,,1.0/30.0/30.0,,68,
1月,骨四低温,多余行,骨四（一）宋晓辉光源线-1/Z2540,1573948,整行,,1.0/30.0/30.0,,69,
1月,骨四低温,多余行,348机器人-8件（带盒9件）,1574013,整行,,1.0/154.0/154.0,,70,
1月,骨四低温,多余行,骨四（一）兰青常备光源线-1件/Z2530,1574280,整行,,1.0/30.0/30.0,,71,
1月,骨四低温,多余行,骨四（一）兰青磨头-1件/Z1026,1574280,整行,,1.0/22.0/22.0,,72,
1月,骨四低温,多余行,骨四（一）宋晓辉刀头1手柄1线1/z2540,1574376,整行,,1.0/66.0/66.0,,73,
1月,骨四低温,多余行,骨四（一）宋晓辉光源线-1/Z2540,1574376,整行,,1.0/30.0/30.0,,74,
1月,骨四低温,多余行,0261机器人-8件（带盒9件）,1574376,整行,,1.0/154.0/154.0,,75,
1月,骨四低温,多余行,椎间孔镜头2号-1/W905060,1574376,整行,,1.0/35.0/35.0,,76,
1月,骨四低温,多余行,348机器人-8件（带盒9件）,1574550,整行,,1.0/154.0/154.0,,77,
1月,骨四低温,多余行,骨四（一）兰青常备光源线-1件/Z2530,1574927,整行,,1.0/30.0/30.0,,78,
1月,骨四低温,多余行,骨四（一）兰青磨头-1件/Z1026,1574927,整行,,1.0/22.0/22.0,,79,
1月,骨四低温,多余行,骨四（一）宋晓辉刀头1手柄1线1/z2540,1574927,整行,,1.0/66.0/66.0,,80,
1月,骨四低温,多余行,骨四（一）宋晓辉光源线-1/Z2540,1574927,整行,,1.0/30.0/30.0,,81,
1月,骨四低温,多余行,椎间孔镜头2号-1/W905060,1574927,整行,,1.0/35.0/35.0,,82,
1月,骨四低温,多余行,348机器人-8件（带盒9件）,1575006,整行,,1.0/154.0/154.0,,83,
1月,骨四低温,多余行,德美4K光源（3号）-1/W905060,1575052,整行,,1.0/35.0/35.0,,84,
1月,骨四低温,多余行,213机器人-8件（带盒9件）,1575086,整行,,1.0/154.0/154.0,,85,
1月,骨四低温,多余行,骨四（一）兰青常备光源线-1件/Z2530,1575272,整行,,1.0/30.0/30.0,,86,
1月,骨四低温,多余行,骨四（一）宋晓辉刀头1手柄1线1/z2540,1575272,整行,,1.0/66.0/66.0,,87,
1月,骨四低温,多余行,骨四（一）宋晓辉光源线-1/Z2540,1575272,整行,,1.0/30.0/30.0,,88,
1月,骨四低温,多余行,348机器人-8件（带盒9件）,1575272,整行,,1.0/154.0/154.0,,89,
1月,骨四低温,多余行,椎间孔镜头2号-1/W905060,1575272,整行,,1.0/35.0/35.0,,90,
1月,骨四低温,多余行,0261机器人-8件（带盒9件）,1575429,整行,,1.0/154.0/154.0,,91,
1月,骨四低温,多余行,骨四（一）宋晓辉光源线-1/Z2540,1575848,整行,,1.0/30.0/30.0,,92,
1月,骨四低温,多余行,348机器人-8件（带盒9件）,1575919,整行,,1.0/154.0/154.0,,93,
1月,骨四低温,多余行,213机器人-8件（带盒9件）,1575936,整行,,1.0/154.0/154.0,,94,
1月,骨四低温,多余行,213机器人-8件（带盒9件）,1576090,整行,,1.0/154.0/154.0,,95,
1月,骨四低温,多余行,0261机器人-8件（带盒9件）,1576166,整行,,1.0/154.0/154.0,,96,
1月,骨四低温,多余行,348机器人-8件（带盒9件）,1576208,整行,,1.0/154.0/154.0,,97,
1月,骨四低温,多余行,348机器人-8件（带盒9件）,1576498,整行,,1.0/154.0/154.0,,98,
1月,骨四低温,多余行,新3光源-1（带盒两件）/W12050,1576498,整行,,1.0/35.0/35.0,,99,
1月,骨四低温,多余行,椎间孔镜头2号-1/W905060,1576498,整行,,1.0/35.0/35.0,,100,
1月,骨四低温,多余行,348机器人-8件（带盒9件）,1576860,整行,,1.0/154.0/154.0,,101,
1月,骨四（二）低温,多余行,0261机器人-8件（带盒9件）,1569111,整行,,1.0/154.0/154.0,,9,
1月,骨四（二）低温,多余行,213机器人-8件（带盒9件）,1569685,整行,,1.0/154.0/154.0,,10,
1月,骨四（二）低温,多余行,348机器人-8件（带盒9件）,1569745,整行,,1.0/154.0/154.0,,11,
1月,骨四（二）低温,多余行,213机器人-8件（带盒9件）,1569782,整行,,1.0/154.0/154.0,,12,
1月,骨四（二）低温,多余行,0261机器人-8件（带盒9件）,1570009,整行,,1.0/154.0/154.0,,13,
1月,骨四（二）低温,多余行,213机器人-8件（带盒9件）,1570092,整行,,1.0/154.0/154.0,,14,
1月,骨四（二）低温,多余行,348机器人-8件（带盒9件）,1570111,整行,,1.0/154.0/154.0,,15,
1月,骨四（二）低温,多余行,骨四2邹天彪磨头3件/Z7520,1570248,整行,,1.0/66.0/66.0,,16,
1月,骨四（二）低温,多余行,骨四二邹天彪光源线1件/Z2550,1570248,整行,,1.0/30.0/30.0,,17,
1月,骨四（二）低温,多余行,骨四二邹天彪镜头2件盒1,1570248,整行,,1.0/44.0/44.0,,18,
1月,骨四（二）低温,多余行,德美德光源-1/Z2550,1570427,整行,,1.0/35.0/35.0,,19,
1月,骨四（二）低温,多余行,0261机器人-8件（带盒9件）,1570427,整行,,1.0/154.0/154.0,,20,
1月,骨四（二）低温,多余行,348机器人-8件（带盒9件）,1570506,整行,,1.0/154.0/154.0,,21,
1月,骨四（二）低温,多余行,0261机器人-8件（带盒9件）,1570905,整行,,1.0/154.0/154.0,,22,
1月,骨四（二）低温,多余行,213机器人-8件（带盒9件）,1571626,整行,,1.0/154.0/154.0,,23,
1月,骨四（二）低温,多余行,348机器人-8件（带盒9件）,1571670,整行,,1.0/154.0/154.0,,24,
1月,骨四（二）低温,多余行,213机器人-8件（带盒9件）,1571999,整行,,1.0/154.0/154.0,,25,
1月,骨四（二）低温,多余行,348机器人-8件（带盒9件）,1571999,整行,,1.0/154.0/154.0,,26,
1月,骨四（二）低温,多余行,0261机器人-8件（带盒9件）,1572078,整行,,1.0/154.0/154.0,,27,
1月,骨四（二）低温,多余行,213机器人-8件（带盒9件）,1572588,整行,,1.0/154.0/154.0,,28,
1月,骨四（二）低温,多余行,213机器人-8件（带盒9件）,1572711,整行,,1.0/154.0/154.0,,29,
1月,骨四（二）低温,多余行,348机器人-8件（带盒9件）,1572711,整行,,1.0/154.0/154.0,,30,
1月,骨四（二）低温,多余行,213机器人-8件（带盒9件）,1573167,整行,,1.0/154.0/154.0,,31,
1月,骨四（二）低温,多余行,0261机器人-8件（带盒9件）,1573340,整行,,1.0/154.0/154.0,,32,
1月,骨四（二）低温,多余行,348机器人-8件（带盒9件）,1573550,整行,,1.0/154.0/154.0,,33,
1月,骨四（二）低温,多余行,骨4（2）邹天彪光源-1件/Z2540,1573593,整行,,1.0/30.0/30.0,,34,
1月,骨四（二）低温,多余行,骨4（2）邹天彪磨头-4件/Z7520,1573593,整行,,1.0/88.0/88.0,,35,
1月,骨四（二）低温,多余行,骨4（2）邹天彪镜头2件,1573593,整行,,1.0/44.0/44.0,,36,
1月,骨四（二）低温,多余行,0261机器人-8件（带盒9件）,1573948,整行,,1.0/154.0/154.0,,37,
1月,骨四（二）低温,多余行,213机器人-8件（带盒9件）,1574013,整行,,1.0/154.0/154.0,,38,
1月,骨四（二）低温,多余行,348机器人-8件（带盒9件）,1574280,整行,,1.0/154.0/154.0,,39,
1月,骨四（二）低温,多余行,213机器人-8件（带盒9件）,1574367,整行,,1.0/154.0/154.0,,40,
1月,骨四（二）低温,多余行,0261机器人-8件（带盒9件）,1574625,整行,,1.0/154.0/154.0,,41,
1月,骨四（二）低温,多余行,213机器人-8件（带盒9件）,1574625,整行,,1.0/154.0/154.0,,42,
1月,骨四（二）低温,多余行,348机器人-8件（带盒9件）,1574701,整行,,1.0/154.0/154.0,,43,
1月,骨四（二）低温,多余行,0261机器人-8件（带盒9件）,1575086,整行,,1.0/154.0/154.0,,44,
1月,骨四（二）低温,多余行,213机器人-8件（带盒9件）,1575537,整行,,1.0/154.0/154.0,,45,
1月,骨四（二）低温,多余行,348机器人-8件（带盒9件）,1575537,整行,,1.0/154.0/154.0,,46,
1月,骨四（二）低温,多余行,DMD光源1号-1/W905060,1575752,整行,,1.0/35.0/35.0,,47,
1月,骨四（二）低温,多余行,DMD2号镜头3件/W705060,1575752,整行,,1.0/66.0/66.0,,48,
1月,骨四（二）低温,多余行,213机器人-8件（带盒9件）,1575814,整行,,1.0/154.0/154.0,,49,
1月,骨四（二）低温,多余行,348机器人-8件（带盒9件）,1575814,整行,,1.0/154.0/154.0,,50,
1月,骨四（二）低温,多余行,0261机器人-8件（带盒9件）,1575848,整行,,1.0/154.0/154.0,,51,
1月,骨四（二）低温,多余行,213机器人-8件（带盒9件）,1576208,整行,,1.0/154.0/154.0,,52,
1月,骨四（二）低温,多余行,0261机器人-8件（带盒9件）,1576413,整行,,1.0/154.0/154.0,,53,
1月,骨四（二）低温,多余行,213机器人-8件（带盒9件）,1576540,整行,,1.0/154.0/154.0,,54,
1月,骨四（二）低温,多余行,0261机器人-8件（带盒9件）,1577099,整行,,1.0/154.0/154.0,,55,
1月,骨科骨一一,多余行,骨一（一）王仲博手科显微器械-8件,1569112,整行,,1.0/49.5/49.5,,9,
1月,骨科骨一一,多余行,骨一（一）金海显微器械-8件,1569267,整行,,1.0/49.5/49.5,,10,
1月,骨科骨一一,多余行,骨一（一）薛岩显微器械-12件,1569437,整行,,1.0/71.5/71.5,,11,
1月,骨科骨一一,多余行,骨一（一）郝旭光显微器械-7件,1569441,整行,,1.0/44.0/44.0,,12,
1月,骨科骨一一,多余行,骨一（一）姜龙显微器械,1569650,整行,,1.0/44.0/44.0,,13,
1月,骨科骨一一,多余行,骨一（一）鲁一村显微器械-6件,1569650,整行,,1.0/38.5/38.5,,14,
1月,骨科骨一一,多余行,骨一（一）鲁一村显微器械-7件,1569650,整行,,1.0/44.0/44.0,,15,
1月,骨科骨一一,多余行,骨一（一）王仲博手科显微器械-8件,1570347,整行,,1.0/49.5/49.5,,16,
1月,骨科骨一一,多余行,骨一（一）薛岩显微器械-12件,1570347,整行,,1.0/71.5/71.5,,17,
1月,骨科骨一一,多余行,骨一（一）金海显微器械-8件,1570483,整行,,1.0/49.5/49.5,,18,
1月,骨科骨一一,多余行,骨一（一）姜龙甲沟钳-1/Z1526,1570486,整行,,1.0/11.0/11.0,,19,
1月,骨科骨一一,多余行,骨一（一）聂广辰显微器械,1570329,整行,,1.0/99.0/99.0,,20,
1月,骨科骨一一,多余行,骨一（一）徐强显微器械6件,1570699,整行,,1.0/38.5/38.5,,21,
1月,骨科骨一一,多余行,骨一（一）姜龙剪刀-1/z1026,1570699,整行,,1.0/8.0/8.0,,22,
1月,骨科骨一一,多余行,骨一（一）姜龙血管分离钳-1/z1026,1570699,整行,,2.0/8.0/16.0,,23,
1月,骨科骨一一,多余行,骨一（一）徐强显微器械6件,1571083,整行,,1.0/38.5/38.5,,24,
1月,骨科骨一一,多余行,骨一（一）薛岩显微器械-9件,1571083,整行,,1.0/55.0/55.0,,25,
1月,骨科骨一一,多余行,骨一（一）姜龙剪刀-1/z1026,1571083,整行,,1.0/8.0/8.0,,26,
1月,骨科骨一一,多余行,骨一（一）姜龙血管分离钳-1/z1026,1571083,整行,,2.0/8.0/16.0,,27,
1月,骨科骨一一,多余行,骨一（一）薛岩显微器械-12件,1571410,整行,,1.0/71.5/71.5,,28,
1月,骨科骨一一,多余行,骨一（一）徐强显微器械6件,1571490,整行,,1.0/38.5/38.5,,29,
1月,骨科骨一一,多余行,骨一（一）姜龙剪刀-1/z1026,1571490,整行,,1.0/8.0/8.0,,30,
1月,骨科骨一一,多余行,骨一（一）姜龙血管夹-1/Z7520,1571490,整行,,2.0/8.0/16.0,,31,
1月,骨科骨一一,多余行,骨一（一）鲁一村显微器械-7件,1571490,整行,,1.0/44.0/44.0,,32,
1月,骨科骨一一,多余行,骨一（一）金海显微器械-8件,1571671,整行,,1.0/49.5/49.5,,33,
1月,骨科骨一一,多余行,骨一（一）骨一（一）姜龙肌腱剥离质-1件/Z7530,1571671,整行,,1.0/8.0/8.0,,34,
1月,骨科骨一一,多余行,骨一（一）姜龙手科剥离质-1件/Z7530,1571671,整行,,1.0/8.0/8.0,,35,
1月,骨科骨一一,多余行,骨一（一）姜龙凿子-1件/z7530,1571671,整行,,1.0/8.0/8.0,,36,
1月,骨科骨一一,多余行,骨一（一）姜龙止血钳-1/z1020,1571671,整行,,1.0/8.0/8.0,,37,
1月,骨科骨一一,多余行,骨一（一）聂广辰显微器械,1571669,整行,,1.0/99.0/99.0,,38,
1月,骨科骨一一,多余行,骨一（一）姜龙剪刀-1/z1026,1572074,整行,,1.0/8.0/8.0,,39,
1月,骨科骨一一,多余行,骨一（一）郝旭光显微器械-7件,1572609,整行,,1.0/44.0/44.0,,40,
1月,骨科骨一一,多余行,骨一（一）姜龙甲沟钳-1/Z1526,1572817,整行,,1.0/11.0/11.0,,41,
1月,骨科骨一一,多余行,骨一（一）姜龙剪刀-1/z1026,1572817,整行,,2.0/8.0/16.0,,42,
1月,骨科骨一一,多余行,骨一（一）徐强显微器械6件,1573050,整行,,1.0/38.5/38.5,,43,
1月,骨科骨一一,多余行,骨一（一）姜龙甲沟钳-1/Z1526,1573050,整行,,1.0/11.0/11.0,,44,
1月,骨科骨一一,多余行,骨一（一）聂广辰显微器械,1573046,整行,,1.0/99.0/99.0,,45,
1月,骨科骨一一,多余行,骨一（一）徐强显微器械-6件,1573338,整行,,1.0/38.5/38.5,,46,
1月,骨科骨一一,多余行,骨一（一）姜龙甲沟钳-1/Z1526,1573338,整行,,1.0/11.0/11.0,,47,
1月,骨科骨一一,多余行,骨一（一）金海显微器械-8件,1573505,整行,,1.0/49.5/49.5,,48,
1月,骨科骨一一,多余行,骨一（一）姜龙甲沟钳-1/Z1526,1573861,整行,,1.0/11.0/11.0,,49,
1月,骨科骨一一,多余行,骨一（一）姜龙剪刀-1/z1026,1573861,整行,,1.0/8.0/8.0,,50,
1月,骨科骨一一,多余行,骨一（一）鲁一村显微器械-7件,1573861,整行,,1.0/44.0/44.0,,51,
1月,骨科骨一一,多余行,骨一（一）聂广辰显微器械,1574012,整行,,1.0/121.0/121.0,,52,
1月,骨科骨一一,多余行,骨一（一）薛岩显微器械-12件,1574229,整行,,1.0/71.5/71.5,,53,
1月,骨科骨一一,多余行,骨一（一）薛岩针头-1件/Z7520,1574347,整行,,1.0/8.0/8.0,,54,
1月,骨科骨一一,多余行,骨一（一）姜龙剪刀-1/z1026,1574364,整行,,1.0/8.0/8.0,,55,
1月,骨科骨一一,多余行,骨一（一）姜龙止血钳-1/z1020,1574364,整行,,2.0/8.0/16.0,,56,
1月,骨科骨一一,多余行,骨一（一）鲁一村显微器械-7件,1574370,整行,,1.0/44.0/44.0,,57,
1月,骨科骨一一,多余行,骨一（一）姜龙剪刀-1/z1026,1574681,整行,,1.0/8.0/8.0,,58,
1月,骨科骨一一,多余行,骨一（一）徐强显微器械6件,1574951,整行,,1.0/38.5/38.5,,59,
1月,骨科骨一一,多余行,骨一（一）徐强显微器械-6件,1574951,整行,,1.0/38.5/38.5,,60,
1月,骨科骨一一,多余行,骨一（一）姜龙甲沟钳-1/Z1526,1574951,整行,,2.0/11.0/22.0,,61,
1月,骨科骨一一,多余行,骨一（一）姜龙剪刀-1/z1026,1574951,整行,,1.0/8.0/8.0,,62,
1月,骨科骨一一,多余行,骨一（一）鲁一村显微器械-6件,1574951,整行,,1.0/38.5/38.5,,63,
1月,骨科骨一一,多余行,骨一（一）鲁一村显微器械-7件,1574951,整行,,1.0/44.0/44.0,,64,
1月,骨科骨一一,多余行,骨一（一）金海显微器械-8件,1575324,整行,,1.0/49.5/49.5,,65,
1月,骨科骨一一,多余行,骨一（一）薛岩显微器械-9件,1575324,整行,,1.0/55.0/55.0,,66,
1月,骨科骨一一,多余行,骨一（一）王仲博手科显微器械-8件,1575324,整行,,1.0/49.5/49.5,,67,
1月,骨科骨一一,多余行,骨一（一）徐强显微器械6件,1575792,整行,,1.0/38.5/38.5,,68,
1月,骨科骨一一,多余行,骨一（一）姜龙甲沟钳-1/Z1526,1575792,整行,,1.0/11.0/11.0,,69,
1月,骨科骨一一,多余行,骨一（一）姜龙止血钳-1/z1020,1575792,整行,,2.0/8.0/16.0,,70,
1月,骨科骨一一,多余行,骨一（一）鲁一村显微器械-6件,1575792,整行,,1.0/38.5/38.5,,71,
1月,骨科骨一一,多余行,骨一（一）徐强显微器械-6件,1576102,整行,,1.0/38.5/38.5,,72,
1月,骨科骨一一,多余行,骨一（一）薛岩显微器械-9件,1576102,整行,,1.0/55.0/55.0,,73,
1月,骨科骨一一,多余行,骨一（一）姜龙剪刀-1/z1026,1576102,整行,,1.0/8.0/8.0,,74,
1月,骨科骨一一,多余行,骨一（一）徐强显微器械-6件,1576415,整行,,1.0/38.5/38.5,,75,
1月,骨科骨一一,多余行,骨一（一）薛岩显微器械-9件,1576594,整行,,1.0/55.0/55.0,,76,
1月,骨科骨一一,多余行,骨一（一）聂广辰解剖剪刀-1/Z1026,1576536,整行,,1.0/8.0/8.0,,77,
1月,骨科骨一一,多余行,骨一（一）聂广辰解剖剪刀-1/Z1026,1576900,整行,,2.0/8.0/16.0,,78,
1月,骨科骨一一,多余行,骨一（一）姜龙剪刀-1/z1026,1576786,整行,,1.0/8.0/8.0,,79,
1月,骨科骨一一,多余行,骨一（一）姜龙血管夹-1/Z7520,1577174,整行,,2.0/8.0/16.0,,80,
1月,骨科骨一一,多余行,骨一（一）姜龙显微器械,1577174,整行,,1.0/44.0/44.0,,81,
1月,骨科骨一二,多余行,骨一（二）王禹显微器械-5件,1569112,整行,,1.0/33.0/33.0,,9,
1月,骨科骨一二,多余行,骨一（二）王禹显微器械-5件,1569520,整行,,1.0/33.0/33.0,,10,
1月,骨科骨一二,多余行,骨一（二）张浩 显微器械-9件,1569520,整行,,1.0/55.0/55.0,,11,
1月,骨科骨一二,多余行,骨一（二）李宇实显微器械-6件,1570497,整行,,1.0/38.5/38.5,,12,
1月,骨科骨一二,多余行,骨一（二）陈一凡万能取41件（盒1）,1570861,整行,,1.0/231.0/231.0,,13,
1月,骨科骨一二,多余行,骨一（二）张浩 显微器械-9件,1571410,整行,,1.0/55.0/55.0,,14,
1月,骨科骨一二,多余行,骨一（二）龚伟勋显微器械-5件,1571586,整行,,1.0/33.0/33.0,,15,
1月,骨科骨一二,多余行,骨一（二）陈一凡显微器械-5 件,1572273,整行,,1.0/33.0/33.0,,16,
1月,骨科骨一二,多余行,骨一（二）李宇实显微器械-6件,1572273,整行,,1.0/38.5/38.5,,17,
1月,骨科骨一二,多余行,骨一（二）李宇实显微器械-6件,1573861,整行,,1.0/38.5/38.5,,18,
1月,骨科骨一二,多余行,骨一（二）陈一凡显微器械-5 件,1574364,整行,,1.0/33.0/33.0,,19,
1月,骨科骨一二,多余行,骨一（二）王禹显微器械-5件,1574543,整行,,1.0/33.0/33.0,,20,
1月,骨科骨一二,多余行,骨一（二）张浩 显微器械-9件,1574543,整行,,1.0/55.0/55.0,,21,
1月,骨科骨一二,多余行,骨一（二）陈一凡显微器械-5 件,1575324,整行,,1.0/33.0/33.0,,22,
1月,骨科骨一二,多余行,骨一（二）陈一凡显微器械-5 件,1575430,整行,,2.0/33.0/66.0,,23,
1月,骨科骨一二,多余行,骨一（二）李宇实显微器械-6件,1575430,整行,,1.0/38.5/38.5,,24,
1月,骨科骨一二,多余行,骨一（二）张浩 显微器械-9件,1576102,整行,,1.0/55.0/55.0,,25,
1月,骨科骨一二,多余行,骨一（二）陈一凡万能取41件（盒1）,1576200,整行,,1.0/231.0/231.0,,26,
1月,骨科骨一二,多余行,骨一（二）陈一凡显微器械-5 件,1576217,整行,,1.0/33.0/33.0,,27,
1月,骨科骨一二,多余行,骨一（二）陈一凡显微器械-5 件,1576415,整行,,1.0/33.0/33.0,,28,
1月,骨科骨一二,多余行,骨一（二）李宇实显微器械-6件,1577174,整行,,1.0/38.5/38.5,,29,
1月,骨科骨九,多余行,骨九鞠超杰定向器-2件/W605060,1570110,整行,,1.0/16.5/16.5,,9,
1月,骨科骨九,多余行,骨九鞠超杰剪线器-1/W605060,1570110,整行,,1.0/16.5/16.5,,10,
1月,骨科骨九,多余行,骨九张伟断钉取-52件（盒1）/W12050,1570120,整行,,1.0/291.5/291.5,,11,
1月,骨科骨九,多余行,骨9鞠半月板剪线器-1/w605060,1571498,整行,,1.0/16.5/16.5,,12,
1月,骨科骨九,多余行,骨9鞠导向器-1/w505060,1571498,整行,,1.0/16.5/16.5,,13,
1月,骨科骨九,多余行,骨9鞠半月板剪线器-1/w605060,1571583,整行,,1.0/16.5/16.5,,14,
1月,骨科骨九,多余行,骨9鞠导向器-1/w505060,1571583,整行,,1.0/16.5/16.5,,15,
1月,骨科骨九,多余行,骨九张伟断钉取-52件（盒1）/W12050,1574371,整行,,1.0/291.5/291.5,,16,
1月,骨科骨九,多余行,骨九鞠超杰穿刺针（带芯）-2/Z7520,1575087,整行,,1.0/13.5/13.5,,17,
1月,骨科骨九,多余行,骨9鞠超杰微骨折-5件/w6050,1576900,整行,,1.0/27.5/27.5,,18,
1月,骨科骨九,多余行,骨九张伟断钉取-52件（盒1）/W12050,1576909,整行,,1.0/291.5/291.5,,19,
1月,骨科骨六,多余行,骨6房玉立试用水管-2件/w6050,1569521,整行,,1.0/16.5/16.5,,9,
1月,骨科骨六,多余行,骨六房玉利肩钩进口器械8件,1570101,整行,,1.0/49.5/49.5,,10,
1月,骨科骨六,多余行,骨6房玉立试用水管-2件/w6050,1570329,整行,,1.0/16.5/16.5,,11,
1月,骨科骨六,多余行,骨六房玉立微骨折器械-5件/W605060,1570864,整行,,1.0/27.5/27.5,,12,
1月,骨科骨六,多余行,骨6房玉立试用水管-2件/w6050,1571142,整行,,1.0/16.5/16.5,,13,
1月,骨科骨六,多余行,骨六房玉利半月板缝合器械-10/Z1020,1572742,整行,,1.0/55.0/55.0,,14,
1月,骨科骨六,多余行,骨6房玉立试用水管-2件/w6050,1572815,整行,,1.0/16.5/16.5,,15,
1月,骨科骨六,多余行,骨6房玉立试用水管-2件/w6050,1573863,整行,,1.0/16.5/16.5,,16,
1月,骨科骨六,多余行,骨6房玉立试用水管-2件/w6050,1574227,整行,,1.0/16.5/16.5,,17,
1月,骨科骨六,多余行,骨6房玉立试用水管-2件/w6050,1574371,整行,,1.0/16.5/16.5,,18,
1月,骨科骨六,多余行,骨六房玉立微骨折器械-5件/W605060,1574949,整行,,1.0/27.5/27.5,,19,
1月,骨科骨四,多余行,骨四（一）兰青常备镜头-2件盒1,1570246,整行,,1.0/44.0/44.0,,9,
1月,骨科骨四,多余行,骨四（一）兰青UBE-31件,1570329,整行,,1.0/176.0/176.0,,10,
1月,骨科骨四,多余行,骨四（一）宋小辉内镜常备36件筐1,1570495,整行,,1.0/203.5/203.5,,11,
1月,骨科骨四,多余行,骨四（一）宋晓辉磨头-1/Z7520,1570495,整行,,1.0/8.0/8.0,,12,
1月,骨科骨四,多余行,骨四（一）宋晓辉常备镜头-3件盒1,1570505,整行,,1.0/66.0/66.0,,13,
1月,骨科骨四,多余行,骨四（一）宋小辉内镜常备36件筐1,1571212,整行,,1.0/203.5/203.5,,14,
1月,骨科骨四,多余行,骨四（一）宋晓辉磨头-1/Z7520,1571212,整行,,1.0/8.0/8.0,,15,
1月,骨科骨四,多余行,骨四（一）宋晓辉常备镜头-3件盒1,1571212,整行,,1.0/66.0/66.0,,16,
1月,骨科骨四,多余行,骨四（一）兰青UBE-31件,1572077,整行,,1.0/176.0/176.0,,17,
1月,骨科骨四,多余行,骨四（一）宋晓辉磨头-1/Z7520,1572077,整行,,1.0/8.0/8.0,,18,
1月,骨科骨四,多余行,骨四（一）兰青常备镜头-2件盒1,1572077,整行,,1.0/44.0/44.0,,19,
1月,骨科骨四,多余行,骨四（一）宋晓辉常备镜头-3件盒1,1572271,整行,,1.0/66.0/66.0,,20,
1月,骨科骨四,多余行,骨四（一）宋小辉内镜常备36件筐1,1572277,整行,,1.0/203.5/203.5,,21,
1月,骨科骨四,多余行,骨四（一）兰青UBE-31件,1572407,整行,,1.0/176.0/176.0,,22,
1月,骨科骨四,多余行,骨四（一）宋晓辉磨头-1/Z7520,1572407,整行,,1.0/8.0/8.0,,23,
1月,骨科骨四,多余行,骨四（一）兰青常备镜头-2件盒1,1572407,整行,,1.0/44.0/44.0,,24,
1月,骨科骨四,多余行,骨四（一）宋小辉内镜常备36件筐1,1572815,整行,,1.0/203.5/203.5,,25,
1月,骨科骨四,多余行,骨四（一）宋晓辉磨头-1/Z7520,1572815,整行,,1.0/8.0/8.0,,26,
1月,骨科骨四,多余行,骨四（一）宋晓辉常备镜头-3件盒1,1572815,整行,,1.0/66.0/66.0,,27,
1月,骨科骨四,多余行,骨四（一）兰青UBE-31件,1573046,整行,,1.0/176.0/176.0,,28,
1月,骨科骨四,多余行,骨四（一）兰青常备镜头-2件盒1,1573046,整行,,1.0/44.0/44.0,,29,
1月,骨科骨四,多余行,骨四（一）宋小辉内镜常备36件筐1,1573337,整行,,1.0/203.5/203.5,,30,
1月,骨科骨四,多余行,骨四（一）宋晓辉磨头-1/Z7520,1573337,整行,,1.0/8.0/8.0,,31,
1月,骨科骨四,多余行,骨四（一）宋晓辉常备镜头-3件盒1,1573337,整行,,1.0/66.0/66.0,,32,
1月,骨科骨四,多余行,骨四（一）宋晓辉常备镜头-3件盒1,1573947,整行,,1.0/66.0/66.0,,33,
1月,骨科骨四,多余行,骨四（一）宋小辉内镜常备36件筐1,1573981,整行,,1.0/203.5/203.5,,34,
1月,骨科骨四,多余行,骨四（一）宋晓辉磨头-1/Z7520,1573981,整行,,1.0/8.0/8.0,,35,
1月,骨科骨四,多余行,骨四（一）宋晓辉常备镜头-3件盒1,1574279,整行,,1.0/66.0/66.0,,36,
1月,骨科骨四,多余行,骨四（一）兰青UBE-31件，筐1,1574300,整行,,1.0/176.0/176.0,,37,
1月,骨科骨四,多余行,骨四（一）兰青常备器械-1/W605060,1574300,整行,,1.0/16.5/16.5,,38,
1月,骨科骨四,多余行,骨四（一）宋小辉内镜常备36件筐1,1574366,整行,,1.0/203.5/203.5,,39,
1月,骨科骨四,多余行,骨四（一）兰青常备镜头-2件盒1,1574366,整行,,1.0/44.0/44.0,,40,
1月,骨科骨四,多余行,骨四（一）宋晓辉磨头-1/Z7520,1574371,整行,,1.0/8.0/8.0,,41,
1月,骨科骨四,多余行,骨四（一）宋晓辉常备镜头-3件盒1,1574624,整行,,1.0/66.0/66.0,,42,
1月,骨科骨四,多余行,骨四（一）宋小辉内镜常备36件筐1,1574642,整行,,1.0/203.5/203.5,,43,
1月,骨科骨四,多余行,骨四（一）宋晓辉磨头-1/Z7520,1574642,整行,,1.0/8.0/8.0,,44,
1月,骨科骨四,多余行,骨四（一）兰青UBE-31件，筐1,1574926,整行,,1.0/176.0/176.0,,45,
1月,骨科骨四,多余行,骨四（一）兰青常备镜头-2件盒1,1574926,整行,,1.0/44.0/44.0,,46,
1月,骨科骨四,多余行,骨四（一）宋晓辉常备镜头-3件盒1,1575051,整行,,1.0/66.0/66.0,,47,
1月,骨科骨四,多余行,骨四（一）宋小辉内镜常备36件筐1,1575079,整行,,1.0/203.5/203.5,,48,
1月,骨科骨四,多余行,骨四（一）宋晓辉磨头-1/Z7520,1575079,整行,,1.0/8.0/8.0,,49,
1月,骨科骨四,多余行,骨四（一）兰青UBE-31件，筐1,1575273,整行,,1.0/176.0/176.0,,50,
1月,骨科骨四,多余行,骨四（一）兰青常备镜头-2件盒1,1575273,整行,,1.0/44.0/44.0,,51,
1月,骨科骨四,多余行,骨四一宋晓辉备用磨头-1/Z7520,1575468,整行,,1.0/8.0/8.0,,52,
1月,骨科骨四,多余行,骨四（一）宋晓辉常备镜头-3件盒1,1575847,整行,,1.0/66.0/66.0,,53,
1月,骨科骨四,多余行,骨四（一）宋晓辉磨头-1/Z7520,1575900,整行,,1.0/8.0/8.0,,54,
1月,骨科骨四,多余行,骨四（一）宋小辉内镜常备36件筐1,1575918,整行,,1.0/203.5/203.5,,55,
1月,骨科骨四,多余行,骨四（一）宋晓辉常备镜头-3件盒1,1576207,整行,,1.0/66.0/66.0,,56,
1月,骨科骨四,多余行,骨四（一）宋小辉内镜常备36件筐1,1576219,整行,,1.0/203.5/203.5,,57,
1月,骨科骨四,多余行,骨四（一）宋晓辉磨头-1/Z7520,1576219,整行,,1.0/8.0/8.0,,58,
1月,骨科骨四二,多余行,骨四二邹天彪器械23件(筐1）,1570329,整行,,1.0/132.0/132.0,,9,
1月,骨科骨四二,多余行,骨四（二）邹天彪内镜23件筐1,1573639,整行,,1.0/132.0/132.0,,10,
1月,骨科（送一手）,字段不一致-单价,骨六房玉利半月板缝合器械-10/Z1020,1572742,单价,57.5,55.0,40,40,原始按器械数×基础单价(57.5)计费；处理后按标准价(55)计费
1月,骨科（送一手）,字段不一致-总价,骨六房玉利半月板缝合器械-10/Z1020,1572742,总价,57.5,55.0,40,40,原始按器械数×基础单价(57.5)计费；处理后按标准价(55)计费
1月,骨科（送一手）,字段不一致-单价,骨四（一）兰青常备器械-1/W605060,1574300,单价,5.5,16.5,60,60,原始按器械数×基础单价(5.5)计费；处理后按标准价(16.5)计费
1月,骨科（送一手）,字段不一致-总价,骨四（一）兰青常备器械-1/W605060,1574300,总价,5.5,16.5,60,60,原始按器械数×基础单价(5.5)计费；处理后按标准价(16.5)计费
1月,骨科（送一手）,汇总不一致-总价,骨科（送一手）,,总价,6612.0,6620.5,8,8,
1月,（一）手术室,缺失行,旧2刨刀-1/Z3040,1569111,整行,1.0/35.0/35.0,,17,,
1月,（一）手术室,缺失行,鞠超杰缝合钩导丝-1,1569111,整行,2.0/22.0/44.0,,18,,
1月,（一）手术室,缺失行,施乐辉刨刀-1/z2530,1569111,整行,1.0/30.0/30.0,,19,,
1月,（一）手术室,缺失行,0261机器人-8件（带盒9件）,1569111,整行,1.0/154.0/154.0,,20,,
1月,（一）手术室,缺失行,新1镜头-3件(无转换帽)/W9050,1569111,整行,1.0/66.0/66.0,,21,,
1月,（一）手术室,缺失行,新2镜头-3件(带转换帽)/W705060,1569111,整行,1.0/66.0/66.0,,22,,
1月,（一）手术室,缺失行,新3光源-1（带盒两件）/W12050,1569111,整行,1.0/35.0/35.0,,23,,
1月,（一）手术室,缺失行,新4光源-1（带盒两件）/W12050,1569111,整行,1.0/35.0/35.0,,24,,
1月,（一）手术室,缺失行,李娜肩关节镜组件-20件（盒1）/W15050,1569158,整行,1.0/115.5/115.5,,46,,
1月,（一）手术室,缺失行,骨四（一）宋晓辉刀头1手柄1线1/z2540,1569211,整行,1.0/66.0/66.0,,60,,
1月,（一）手术室,缺失行,史赛克无线摆锯-4/Z2030,1569211,整行,1.0/88.0/88.0,,61,,
1月,（一）手术室,缺失行,348机器人-8件（带盒9件）,1569211,整行,1.0/154.0/154.0,,62,,
1月,（一）手术室,缺失行,椎间孔镜头2号-1/W905060,1569211,整行,1.0/35.0/35.0,,63,,
1月,（一）手术室,缺失行,施乐辉刨刀-1/z2530,1569432,整行,1.0/30.0/30.0,,93,,
1月,（一）手术室,缺失行,373机器人-7件（带盒8件）,1569432,整行,1.0/132.0/132.0,,94,,
1月,（一）手术室,缺失行,475机器人-7件（带盒8件）,1569432,整行,1.0/132.0/132.0,,95,,
1月,（一）手术室,缺失行,德美4K光源（3号）-1/W905060,1569432,整行,1.0/35.0/35.0,,98,,
1月,（一）手术室,缺失行,德美4K镜头（3号）-3/W705060,1569432,整行,1.0/66.0/66.0,,99,,
1月,（一）手术室,缺失行,新2镜头-3件(带转换帽)/W705060,1569432,整行,1.0/66.0/66.0,,100,,
1月,（一）手术室,缺失行,新4光源-1（带盒两件）/W12050,1569432,整行,1.0/35.0/35.0,,101,,
1月,（一）手术室,缺失行,聂广辰专用解剖剪-1/Z1029,1569440,整行,2.0/8.0/16.0,,112,,
1月,（一）手术室,缺失行,0261机器人-8件（带盒9件）,1569440,整行,1.0/154.0/154.0,,113,,
1月,（一）手术室,缺失行,213机器人-8件（带盒9件）,1569440,整行,1.0/154.0/154.0,,114,,
1月,（一）手术室,缺失行,218机器人-7件（带盒8件）,1569440,整行,1.0/132.0/132.0,,115,,
1月,（一）手术室,缺失行,聂广辰专用解剖剪-1/Z1029,1569519,整行,1.0/8.0/8.0,,151,,
1月,（一）手术室,缺失行,房试用镜头-1/双/Z1550,1569519,整行,1.0/40.5/40.5,,153,,
1月,（一）手术室,缺失行,鞠超杰-肩钩-5件/Z1030,1569519,整行,1.0/88.0/88.0,,154,,
1月,（一）手术室,缺失行,刨刀-房玉立/Z2545,1569519,整行,1.0/30.0/30.0,,155,,
1月,（一）手术室,缺失行,刨刀线-膝关节-旧1/Z2545,1569519,整行,1.0/44.0/44.0,,156,,
1月,（一）手术室,缺失行,施乐辉刨刀-1/z2530,1569519,整行,1.0/30.0/30.0,,157,,
1月,（一）手术室,缺失行,475机器人-7件（带盒8件）,1569519,整行,1.0/132.0/132.0,,158,,
1月,（一）手术室,缺失行,新5光源-1件（盒1）/W905060,1569519,整行,1.0/35.0/35.0,,159,,
1月,（一）手术室,缺失行,德美4K镜头（1号）-3件/W705060,1569519,整行,1.0/66.0/66.0,,164,,
1月,（一）手术室,缺失行,新1光源-1（带盒两件）/W12050,1569519,整行,1.0/35.0/35.0,,165,,
1月,（一）手术室,缺失行,新1镜头-3件(无转换帽)/W9050,1569519,整行,1.0/66.0/66.0,,166,,
1月,（一）手术室,缺失行,新2镜头-3件(带转换帽)/W705060,1569519,整行,1.0/66.0/66.0,,167,,
1月,（一）手术室,缺失行,新3光源-1（带盒两件）/W12050,1569519,整行,1.0/35.0/35.0,,168,,
1月,（一）手术室,缺失行,鞠超杰剪线器-1/W605060,1569519,整行,1.0/16.5/16.5,,176,,
1月,（一）手术室,缺失行,鞠超杰微骨折-4件/W605060,1569519,整行,1.0/22.0/22.0,,177,,
1月,（一）手术室,缺失行,光源线-膝镜通用-1/Z2540,1569580,整行,1.0/30.0/30.0,,181,,
1月,（一）手术室,缺失行,旧2刨刀-1/Z3040,1569580,整行,1.0/35.0/35.0,,182,,
1月,（一）手术室,缺失行,348机器人-8件（带盒9件）,1569580,整行,1.0/154.0/154.0,,183,,
1月,（一）手术室,缺失行,218机器人-7件（带盒8件）,1569611,整行,1.0/132.0/132.0,,185,,
1月,（一）手术室,缺失行,聂广辰专用解剖剪-1/Z1029,1569683,整行,1.0/8.0/8.0,,191,,
1月,（一）手术室,缺失行,施乐辉刨刀-1/z2530,1569685,整行,1.0/30.0/30.0,,198,,
1月,（一）手术室,缺失行,0261机器人-8件（带盒9件）,1569685,整行,1.0/154.0/154.0,,199,,
1月,（一）手术室,缺失行,213机器人-8件（带盒9件）,1569685,整行,1.0/154.0/154.0,,200,,
1月,（一）手术室,缺失行,新5光源-1件（盒1）/W905060,1569685,整行,1.0/35.0/35.0,,201,,
1月,（一）手术室,缺失行,新1镜头-3件(无转换帽)/W9050,1569685,整行,1.0/66.0/66.0,,202,,
1月,（一）手术室,缺失行,刨刀-房玉立/Z2545,1569745,整行,1.0/30.0/30.0,,207,,
1月,（一）手术室,缺失行,348机器人-8件（带盒9件）,1569745,整行,1.0/154.0/154.0,,208,,
1月,（一）手术室,缺失行,新2镜头-3件(带转换帽)/W705060,1569745,整行,1.0/66.0/66.0,,209,,
1月,（一）手术室,缺失行,新4光源-1（带盒两件）/W12050,1569745,整行,1.0/35.0/35.0,,210,,
1月,（一）手术室,缺失行,213机器人-8件（带盒9件）,1569782,整行,1.0/154.0/154.0,,220,,
1月,（一）手术室,缺失行,475机器人-7件（带盒8件）,1569782,整行,1.0/132.0/132.0,,221,,
1月,（一）手术室,缺失行,骨六李娜试用水管-2件/W505060,1569782,整行,1.0/11.0/11.0,,227,,
1月,（一）手术室,缺失行,旧2刨刀-1/Z3040,1569956,整行,1.0/35.0/35.0,,242,,
1月,（一）手术室,缺失行,鞠超杰-肩钩-5件/Z1030,1569956,整行,1.0/88.0/88.0,,243,,
1月,（一）手术室,缺失行,213机器人-8件（带盒9件）,1569956,整行,1.0/154.0/154.0,,244,,
1月,（一）手术室,缺失行,218机器人-7件（带盒8件）,1569956,整行,1.0/132.0/132.0,,245,,
1月,（一）手术室,缺失行,373机器人-7件（带盒8件）,1569956,整行,1.0/132.0/132.0,,246,,
1月,（一）手术室,缺失行,新1镜头-3件(无转换帽)/W9050,1569956,整行,1.0/66.0/66.0,,249,,
1月,（一）手术室,缺失行,新3光源-1（带盒两件）/W12050,1569956,整行,1.0/35.0/35.0,,250,,
1月,（一）手术室,缺失行,0261机器人-8件（带盒9件）,1570009,整行,1.0/154.0/154.0,,267,,
1月,（一）手术室,缺失行,348机器人-8件（带盒9件）,1570009,整行,1.0/154.0/154.0,,268,,
1月,（一）手术室,缺失行,德美4K光源（3号）-1/W905060,1570009,整行,1.0/35.0/35.0,,269,,
1月,（一）手术室,缺失行,德美4K镜头（1号）-3件/W705060,1570009,整行,1.0/66.0/66.0,,270,,
1月,（一）手术室,缺失行,房玉利肩器械-21件(盒1),1570059,整行,1.0/121.0/121.0,,278,,
1月,（一）手术室,缺失行,施乐辉刨刀-1/z2530,1570059,整行,1.0/30.0/30.0,,280,,
1月,（一）手术室,缺失行,475机器人-7件（带盒8件）,1570059,整行,1.0/132.0/132.0,,281,,
1月,（一）手术室,缺失行,新1光源-1（带盒两件）/W12050,1570059,整行,1.0/35.0/35.0,,282,,
1月,（一）手术室,缺失行,新1镜头-3件(无转换帽)/W9050,1570059,整行,1.0/66.0/66.0,,283,,
1月,（一）手术室,缺失行,新2镜头-3件(带转换帽)/W705060,1570059,整行,1.0/66.0/66.0,,284,,
1月,（一）手术室,缺失行,骨四（一）宋晓辉刀头1手柄1线1/z2540,1570092,整行,1.0/66.0/66.0,,296,,
1月,（一）手术室,缺失行,骨四（一）宋晓辉光源线-1/Z2540,1570092,整行,1.0/30.0/30.0,,297,,
1月,（一）手术室,缺失行,213机器人-8件（带盒9件）,1570092,整行,1.0/154.0/154.0,,298,,
1月,（一）手术室,缺失行,218机器人-7件（带盒8件）,1570092,整行,1.0/132.0/132.0,,299,,
1月,（一）手术室,缺失行,德美4K光源（1号）-1/W905060,1570092,整行,1.0/35.0/35.0,,300,,
1月,（一）手术室,缺失行,德美4K镜头（3号）-3/W705060,1570092,整行,1.0/66.0/66.0,,301,,
1月,（一）手术室,缺失行,椎间孔镜头2号-1/W905060,1570092,整行,1.0/35.0/35.0,,302,,
1月,（一）手术室,缺失行,偏瘫陈冲显微器械-15件（盒1）,1570102,整行,1.0/88.0/88.0,,313,,
1月,（一）手术室,缺失行,聂广辰专用解剖剪-1/Z1029,1570109,整行,2.0/8.0/16.0,,321,,
1月,（一）手术室,缺失行,旧2刨刀-1/Z3040,1570111,整行,1.0/35.0/35.0,,329,,
1月,（一）手术室,缺失行,348机器人-8件（带盒9件）,1570111,整行,1.0/154.0/154.0,,330,,
1月,（一）手术室,缺失行,373机器人-7件（带盒8件）,1570111,整行,1.0/132.0/132.0,,331,,
1月,（一）手术室,缺失行,房玉利新通用镜头-1/Z2060,1570111,整行,1.0/28.0/28.0,,333,,
1月,（一）手术室,缺失行,新4光源-1（带盒两件）/W12050,1570111,整行,1.0/35.0/35.0,,334,,
1月,（一）手术室,缺失行,房水管-2件/w4050,1570122,整行,1.0/16.5/16.5,,344,,
1月,（一）手术室,缺失行,0261机器人-8件（带盒9件）,1570150,整行,1.0/154.0/154.0,,349,,
1月,（一）手术室,缺失行,475机器人-7件（带盒8件）,1570179,整行,1.0/132.0/132.0,,351,,
1月,（一）手术室,字段不一致-单价,德美德光源-1/Z2550,1570248,单价,30.0,35.0,352,262,原始按器械数×基础单价(30)计费；处理后按标准价(35)计费
1月,（一）手术室,字段不一致-总价,德美德光源-1/Z2550,1570248,总价,30.0,35.0,352,262,原始按器械数×基础单价(30)计费；处理后按标准价(35)计费
1月,（一）手术室,缺失行,房试用镜头-1/双/Z1550,1570248,整行,1.0/40.5/40.5,,356,,
1月,（一）手术室,缺失行,骨四（一）兰青常备光源线-1件/Z2530,1570248,整行,1.0/30.0/30.0,,357,,
1月,（一）手术室,缺失行,骨四（一）兰青磨头-1件/Z1026,1570248,整行,1.0/22.0/22.0,,358,,
1月,（一）手术室,缺失行,骨四2邹天彪磨头3件/Z7520,1570248,整行,1.0/66.0/66.0,,359,,
1月,（一）手术室,缺失行,骨四二邹天彪光源线1件/Z2550,1570248,整行,1.0/30.0/30.0,,360,,
1月,（一）手术室,缺失行,刨刀线-膝关节-旧1/Z2545,1570248,整行,1.0/44.0/44.0,,361,,
1月,（一）手术室,缺失行,施乐辉刨刀-1/z2530,1570248,整行,1.0/30.0/30.0,,362,,
1月,（一）手术室,缺失行,218机器人-7件（带盒8件）,1570248,整行,1.0/132.0/132.0,,363,,
1月,（一）手术室,缺失行,骨四二邹天彪镜头2件盒1,1570248,整行,1.0/44.0/44.0,,364,,
1月,（一）手术室,缺失行,新5光源-1件（盒1）/W905060,1570248,整行,1.0/35.0/35.0,,365,,
1月,（一）手术室,缺失行,德美4K光源（1号）-1/W905060,1570248,整行,1.0/35.0/35.0,,366,,
1月,（一）手术室,缺失行,德美4K镜头（2号）-4/W705060,1570248,整行,1.0/88.0/88.0,,367,,
1月,（一）手术室,缺失行,新1光源-1（带盒两件）/W12050,1570248,整行,1.0/35.0/35.0,,368,,
1月,（一）手术室,缺失行,新1镜头-3件(无转换帽)/W9050,1570248,整行,1.0/66.0/66.0,,369,,
1月,（一）手术室,缺失行,聂广辰专用解剖剪-1/Z1029,1570328,整行,1.0/8.0/8.0,,379,,
1月,（一）手术室,缺失行,373机器人-7件（带盒8件）,1570334,整行,1.0/132.0/132.0,,398,,
1月,（一）手术室,缺失行,475机器人-7件（带盒8件）,1570334,整行,1.0/132.0/132.0,,399,,
1月,（一）手术室,缺失行,348机器人-8件（带盒9件）,1570346,整行,1.0/154.0/154.0,,400,,
1月,（一）手术室,缺失行,刨刀线-膝关节-旧1/Z2545,1570383,整行,1.0/44.0/44.0,,409,,
1月,（一）手术室,缺失行,德美4K光源（3号）-1/W905060,1570383,整行,1.0/35.0/35.0,,411,,
1月,（一）手术室,缺失行,德美4K镜头4号-4件/W905060,1570383,整行,1.0/88.0/88.0,,412,,
1月,（一）手术室,缺失行,新1镜头-3件(无转换帽)/W9050,1570383,整行,1.0/66.0/66.0,,413,,
1月,（一）手术室,缺失行,新3光源-1（带盒两件）/W12050,1570383,整行,1.0/35.0/35.0,,414,,
1月,（一）手术室,缺失行,德美德光源-1/Z2550,1570427,整行,1.0/30.0/30.0,,437,,
1月,（一）手术室,缺失行,施乐辉刨刀-1/z2530,1570427,整行,1.0/30.0/30.0,,438,,
1月,（一）手术室,缺失行,0261机器人-8件（带盒9件）,1570427,整行,1.0/154.0/154.0,,439,,
1月,（一）手术室,缺失行,218机器人-7件（带盒8件）,1570427,整行,1.0/132.0/132.0,,440,,
1月,（一）手术室,缺失行,新5光源-1件（盒1）/W905060,1570427,整行,1.0/35.0/35.0,,441,,
1月,（一）手术室,缺失行,德美4K光源（2号）-1/W905060,1570427,整行,1.0/35.0/35.0,,443,,
1月,（一）手术室,缺失行,新2镜头-3件(带转换帽)/W705060,1570427,整行,1.0/66.0/66.0,,444,,
1月,（一）手术室,缺失行,鞠超杰剪线器-1/W605060,1570465,整行,1.0/16.5/16.5,,446,,
1月,（一）手术室,缺失行,鞠定向器-2件/W505060,1570465,整行,1.0/16.5/16.5,,447,,
1月,（一）手术室,缺失行,气腹管1单极线1/Z3045,1570488,整行,1.0/44.0/44.0,,459,,
1月,（一）手术室,缺失行,外妇通用光源线-1/Z2545,1570488,整行,1.0/30.0/30.0,,460,,
1月,（一）手术室,缺失行,213机器人-8件（带盒9件）,1570488,整行,1.0/154.0/154.0,,461,,
1月,（一）手术室,缺失行,475机器人-7件（带盒8件）,1570488,整行,1.0/132.0/132.0,,462,,
1月,（一）手术室,缺失行,镜头-腹腔镜30°-1/W9050,1570488,整行,1.0/35.0/35.0,,464,,
1月,（一）手术室,缺失行,李娜半月板工具 -2件/W605060,1570488,整行,1.0/16.5/16.5,,465,,
1月,（一）手术室,缺失行,房玉利缝合枪-1/Z2530,1570506,整行,1.0/30.0/30.0,,491,,
1月,（一）手术室,缺失行,新1 刨刀-1件/Z2545,1570506,整行,1.0/30.0/30.0,,492,,
1月,（一）手术室,缺失行,348机器人-8件（带盒9件）,1570506,整行,1.0/154.0/154.0,,493,,
1月,（一）手术室,缺失行,新1镜头-3件(无转换帽)/W9050,1570506,整行,1.0/66.0/66.0,,494,,
1月,（一）手术室,缺失行,新4光源-1（带盒两件）/W12050,1570506,整行,1.0/35.0/35.0,,495,,
1月,（一）手术室,缺失行,房玉利肩器械-21件(盒1),1570531,整行,1.0/121.0/121.0,,496,,
1月,（一）手术室,缺失行,史赛克无线摆锯-4/Z2030,1570531,整行,1.0/88.0/88.0,,503,,
1月,（一）手术室,缺失行,妇腔镜器械-18（铁帽3胶帽8）,1570531,整行,1.0/300.0/300.0,,504,,
1月,（一）手术室,缺失行,德美4K光源（1号）-1/W905060,1570531,整行,1.0/35.0/35.0,,506,,
1月,（一）手术室,缺失行,德美4K镜头（2号）-4/W705060,1570531,整行,1.0/88.0/88.0,,507,,
1月,（一）手术室,缺失行,李娜剪线器-1/W605060,1570531,整行,1.0/16.5/16.5,,510,,
1月,（一）手术室,缺失行,李娜威高4.5 -2件/W705060,1570531,整行,1.0/16.5/16.5,,511,,
1月,（一）手术室,缺失行,光源线-膝关节-旧1/Z2545,1570536,整行,1.0/30.0/30.0,,513,,
1月,（一）手术室,缺失行,施乐辉刨刀-1/z2530,1570536,整行,1.0/30.0/30.0,,514,,
1月,（一）手术室,缺失行,新4刨刀-1件/Z2550,1570536,整行,1.0/30.0/30.0,,515,,
1月,（一）手术室,缺失行,新5光源-1件（盒1）/W905060,1570536,整行,1.0/35.0/35.0,,516,,
1月,（一）手术室,缺失行,德美4K光源（3号）-1/W905060,1570536,整行,1.0/35.0/35.0,,517,,
1月,（一）手术室,缺失行,德美4K镜头（3号）-3/W705060,1570536,整行,1.0/66.0/66.0,,518,,
1月,（一）手术室,缺失行,新2镜头-3件(带转换帽)/W705060,1570536,整行,1.0/66.0/66.0,,519,,
1月,（一）手术室,缺失行,于洪文镜头-1/W6050,1570536,整行,1.0/35.0/35.0,,520,,
1月,（一）手术室,缺失行,刨刀-房玉立/Z2545,1570687,整行,1.0/30.0/30.0,,522,,
1月,（一）手术室,缺失行,新1光源-1（带盒两件）/W12050,1570687,整行,1.0/35.0/35.0,,524,,
1月,（一）手术室,缺失行,新1镜头-3件(无转换帽)/W9050,1570687,整行,1.0/66.0/66.0,,525,,
1月,（一）手术室,缺失行,骨四（一）宋晓辉刀头1手柄1线1/z2540,1570760,整行,1.0/66.0/66.0,,554,,
1月,（一）手术室,缺失行,348机器人-8件（带盒9件）,1570760,整行,1.0/154.0/154.0,,555,,
1月,（一）手术室,缺失行,椎间孔镜头2号-1/W905060,1570760,整行,1.0/35.0/35.0,,556,,
1月,（一）手术室,缺失行,旧2刨刀-1/Z3040,1570783,整行,1.0/35.0/35.0,,561,,
1月,（一）手术室,缺失行,房玉利新通用镜头-1/Z2060,1570783,整行,1.0/28.0/28.0,,562,,
1月,（一）手术室,缺失行,新3光源-1（带盒两件）/W12050,1570783,整行,1.0/35.0/35.0,,563,,
1月,（一）手术室,缺失行,刨刀-房玉立/Z2545,1570812,整行,1.0/30.0/30.0,,570,,
1月,（一）手术室,缺失行,新1光源-1（带盒两件）/W12050,1570812,整行,1.0/35.0/35.0,,576,,
1月,（一）手术室,缺失行,新1镜头-3件(无转换帽)/W9050,1570812,整行,1.0/66.0/66.0,,577,,
1月,（一）手术室,缺失行,骨六王长明持针器-1/W505060,1570836,整行,2.0/16.5/33.0,,578,,
1月,（一）手术室,缺失行,李娜肩关节镜组件-20件（盒1）/W15050,1570866,整行,1.0/115.5/115.5,,589,,
1月,（一）手术室,缺失行,李娜威高4.5 -2件/W705060,1570866,整行,1.0/16.5/16.5,,594,,
1月,（一）手术室,缺失行,李娜威高4.75-2/W6050,1570866,整行,1.0/16.5/16.5,,595,,
1月,（一）手术室,缺失行,0261机器人-8件（带盒9件）,1570905,整行,1.0/154.0/154.0,,599,,
1月,（一）手术室,缺失行,475机器人-7件（带盒8件）,1570905,整行,1.0/132.0/132.0,,600,,
1月,（一）手术室,缺失行,聂广辰专用解剖剪-1/Z1029,1570908,整行,1.0/8.0/8.0,,613,,
1月,（一）手术室,缺失行,偏瘫陈冲显微器械-15件（盒1）,1570908,整行,1.0/88.0/88.0,,618,,
1月,（一）手术室,缺失行,德美德光源-1/W605060,1570920,整行,1.0/5.5/5.5,,640,,
1月,（一）手术室,缺失行,德美德镜头-1/双Z1550,1570920,整行,1.0/35.0/35.0,,641,,
1月,（一）手术室,缺失行,德美德刨刀-1/Z2550,1570920,整行,1.0/30.0/30.0,,642,,
1月,（一）手术室,缺失行,德美德水管-2/Z1026,1570920,整行,1.0/44.0/44.0,,643,,
1月,（一）手术室,缺失行,施乐辉刨刀-1/z2530,1570920,整行,1.0/30.0/30.0,,644,,
1月,（一）手术室,缺失行,213机器人-8件（带盒9件）,1570920,整行,1.0/154.0/154.0,,645,,
1月,（一）手术室,缺失行,德美4K光源（3号）-1/W905060,1570920,整行,1.0/35.0/35.0,,646,,
1月,（一）手术室,缺失行,德美4K镜头（2号）-4/W705060,1570920,整行,1.0/88.0/88.0,,647,,
1月,（一）手术室,缺失行,新2镜头-3件(带转换帽)/W705060,1570920,整行,1.0/66.0/66.0,,648,,
1月,（一）手术室,缺失行,新4光源-1（带盒两件）/W12050,1570920,整行,1.0/35.0/35.0,,649,,
1月,（一）手术室,缺失行,0261机器人-8件（带盒9件）,1571053,整行,1.0/154.0/154.0,,651,,
1月,（一）手术室,缺失行,德美4K光源（1号）-1/W905060,1571053,整行,1.0/35.0/35.0,,654,,
1月,（一）手术室,缺失行,德美4K镜头（3号）-3/W705060,1571053,整行,1.0/66.0/66.0,,655,,
1月,（一）手术室,缺失行,聂广辰专用解剖剪-1/Z1029,1571055,整行,1.0/8.0/8.0,,663,,
1月,（一）手术室,缺失行,鞠超杰剪线器-1/W605060,1571081,整行,1.0/16.5/16.5,,677,,
1月,（一）手术室,缺失行,德美德光源-1/W605060,1571116,整行,1.0/5.5/5.5,,685,,
1月,（一）手术室,缺失行,德美德镜头-1/双Z1550,1571116,整行,1.0/35.0/35.0,,686,,
1月,（一）手术室,缺失行,德美德刨刀-1/Z2550,1571116,整行,1.0/30.0/30.0,,687,,
1月,（一）手术室,缺失行,德美德水管-2/Z1026,1571116,整行,1.0/44.0/44.0,,688,,
1月,（一）手术室,缺失行,房试用镜头-1/双/Z1550,1571116,整行,1.0/40.5/40.5,,689,,
1月,（一）手术室,缺失行,骨四（一）宋晓辉刀头1手柄1线1/z2540,1571116,整行,1.0/66.0/66.0,,690,,
1月,（一）手术室,缺失行,光源线-膝关节-旧1/Z2545,1571116,整行,1.0/30.0/30.0,,691,,
1月,（一）手术室,缺失行,刨刀线-膝关节-旧1/Z2545,1571116,整行,1.0/44.0/44.0,,692,,
1月,（一）手术室,缺失行,218机器人-7件（带盒8件）,1571116,整行,1.0/132.0/132.0,,693,,
1月,（一）手术室,缺失行,膝关节镜-鞠超杰/W9050,1571116,整行,1.0/35.0/35.0,,694,,
1月,（一）手术室,缺失行,新4光源-1（带盒两件）/W12050,1571116,整行,1.0/35.0/35.0,,695,,
1月,（一）手术室,缺失行,椎间孔镜头2号-1/W905060,1571116,整行,1.0/35.0/35.0,,696,,
1月,（一）手术室,缺失行,李娜肩关节镜组件-20件（盒1）/W15050,1571141,整行,1.0/115.5/115.5,,705,,
1月,（一）手术室,缺失行,鞠超杰水管4503-2件/W505060,1571141,整行,1.0/16.5/16.5,,707,,
1月,（一）手术室,缺失行,旧2刨刀-1/Z3040,1571164,整行,1.0/35.0/35.0,,709,,
1月,（一）手术室,缺失行,史赛克无线摆锯-4/Z2030,1571164,整行,1.0/88.0/88.0,,710,,
1月,（一）手术室,缺失行,213机器人-8件（带盒9件）,1571164,整行,1.0/154.0/154.0,,711,,
1月,（一）手术室,缺失行,348机器人-8件（带盒9件）,1571164,整行,1.0/154.0/154.0,,712,,
1月,（一）手术室,缺失行,新5光源-1件（盒1）/W905060,1571164,整行,1.0/35.0/35.0,,713,,
1月,（一）手术室,缺失行,新1镜头-3件(无转换帽)/W9050,1571164,整行,1.0/66.0/66.0,,714,,
1月,（一）手术室,缺失行,聂广辰专用解剖剪-1/Z1029,1571209,整行,1.0/8.0/8.0,,724,,
1月,（一）手术室,缺失行,聂广辰专用解剖剪-1/Z1029,1571216,整行,1.0/8.0/8.0,,737,,
1月,（一）手术室,缺失行,骨四（一）兰青常备光源线-1件/Z2530,1571216,整行,1.0/30.0/30.0,,738,,
1月,（一）手术室,缺失行,施乐辉刨刀-1/z2530,1571216,整行,1.0/30.0/30.0,,739,,
1月,（一）手术室,缺失行,胸外光源线-1件/Z2530,1571216,整行,1.0/30.0/30.0,,740,,
1月,（一）手术室,缺失行,偏瘫陈冲显微器械-15件（盒1）,1571216,整行,1.0/88.0/88.0,,741,,
1月,（一）手术室,缺失行,（胸外）胸腔镜镜头-1/W9050,1571216,整行,1.0/35.0/35.0,,742,,
1月,（一）手术室,缺失行,新2镜头-3件(带转换帽)/W705060,1571216,整行,1.0/66.0/66.0,,743,,
1月,（一）手术室,缺失行,新3光源-1（带盒两件）/W12050,1571216,整行,1.0/35.0/35.0,,744,,
1月,（一）手术室,缺失行,刨刀-房玉立/Z2545,1571419,整行,1.0/30.0/30.0,,772,,
1月,（一）手术室,缺失行,新史赛克手控加件-1,1571419,整行,1.0/22.0/22.0,,773,,
1月,（一）手术室,缺失行,0261机器人-8件（带盒9件）,1571419,整行,1.0/154.0/154.0,,774,,
1月,（一）手术室,缺失行,213机器人-8件（带盒9件）,1571419,整行,1.0/154.0/154.0,,775,,
1月,（一）手术室,缺失行,348机器人-8件（带盒9件）,1571419,整行,1.0/154.0/154.0,,776,,
1月,（一）手术室,缺失行,373机器人-7件（带盒8件）,1571419,整行,1.0/132.0/132.0,,777,,
1月,（一）手术室,缺失行,德美德镜头-1/双Z1550,1571493,整行,1.0/35.0/35.0,,780,,
1月,（一）手术室,缺失行,德美德水管-2/Z1026,1571493,整行,1.0/44.0/44.0,,781,,
1月,（一）手术室,缺失行,光源线-膝镜通用-1/Z2540,1571493,整行,1.0/30.0/30.0,,782,,
1月,（一）手术室,缺失行,旧2刨刀-1/Z3040,1571493,整行,1.0/35.0/35.0,,783,,
1月,（一）手术室,缺失行,德美德光源-1/W605060,1571537,整行,1.0/5.5/5.5,,790,,
1月,（一）手术室,缺失行,德美德刨刀-1/Z2550,1571537,整行,1.0/30.0/30.0,,791,,
1月,（一）手术室,缺失行,妇产科张长青常备超声刀线-3件Z2030,1571537,整行,1.0/66.0/66.0,,792,,
1月,（一）手术室,缺失行,光源线-膝关节-旧1/Z2545,1571537,整行,1.0/30.0/30.0,,793,,
1月,（一）手术室,缺失行,鞠超杰-肩钩-5件/Z1030,1571537,整行,1.0/88.0/88.0,,794,,
1月,（一）手术室,缺失行,刨刀线-膝关节-旧1/Z2545,1571537,整行,1.0/44.0/44.0,,795,,
1月,（一）手术室,缺失行,气腹管1单极线1/Z3045,1571537,整行,1.0/44.0/44.0,,796,,
1月,（一）手术室,缺失行,外妇通用光源线-1/Z2545,1571537,整行,1.0/30.0/30.0,,797,,
1月,（一）手术室,缺失行,348机器人-8件（带盒9件）,1571537,整行,1.0/154.0/154.0,,798,,
1月,（一）手术室,缺失行,德美4K镜头（2号）-4/W705060,1571537,整行,1.0/88.0/88.0,,800,,
1月,（一）手术室,缺失行,镜头-腹腔镜30°-1/W9050,1571537,整行,1.0/35.0/35.0,,801,,
1月,（一）手术室,缺失行,鞠超杰镜头-1件/W9050,1571537,整行,1.0/35.0/35.0,,802,,
1月,（一）手术室,缺失行,李娜肩关节镜组件-20件（盒1）/W15050,1571584,整行,1.0/115.5/115.5,,808,,
1月,（一）手术室,缺失行,鞠超杰水管4503-2件/W505060,1571584,整行,1.0/16.5/16.5,,810,,
1月,（一）手术室,缺失行,骨四（一）宋晓辉刀头1手柄1线1/z2540,1571626,整行,1.0/66.0/66.0,,820,,
1月,（一）手术室,缺失行,骨四（一）宋晓辉光源线-1/Z2540,1571626,整行,1.0/30.0/30.0,,821,,
1月,（一）手术室,缺失行,施乐辉刨刀-1/z2530,1571626,整行,1.0/30.0/30.0,,822,,
1月,（一）手术室,缺失行,0261机器人-8件（带盒9件）,1571626,整行,1.0/154.0/154.0,,824,,
1月,（一）手术室,缺失行,213机器人-8件（带盒9件）,1571626,整行,1.0/154.0/154.0,,825,,
1月,（一）手术室,缺失行,新1镜头-3件(无转换帽)/W9050,1571626,整行,1.0/66.0/66.0,,827,,
1月,（一）手术室,缺失行,新3光源-1（带盒两件）/W12050,1571626,整行,1.0/35.0/35.0,,828,,
1月,（一）手术室,缺失行,椎间孔镜头2号-1/W905060,1571626,整行,1.0/35.0/35.0,,829,,
1月,（一）手术室,缺失行,旧2刨刀-1/Z3040,1571667,整行,1.0/35.0/35.0,,856,,
1月,（一）手术室,缺失行,妇腔镜器械-18（铁帽3胶帽8）,1571667,整行,1.0/300.0/300.0,,857,,
1月,（一）手术室,缺失行,德美4K光源（2号）-1/W905060,1571667,整行,1.0/35.0/35.0,,858,,
1月,（一）手术室,缺失行,德美4K镜头4号-4件/W905060,1571667,整行,1.0/88.0/88.0,,859,,
1月,（一）手术室,缺失行,新1光源-1（带盒两件）/W12050,1571667,整行,1.0/35.0/35.0,,860,,
1月,（一）手术室,缺失行,新2镜头-3件(带转换帽)/W705060,1571667,整行,1.0/66.0/66.0,,861,,
1月,（一）手术室,缺失行,聂广辰专用解剖剪-1/Z1029,1571670,整行,1.0/8.0/8.0,,868,,
1月,（一）手术室,缺失行,348机器人-8件（带盒9件）,1571670,整行,1.0/154.0/154.0,,869,,
1月,（一）手术室,缺失行,373机器人-7件（带盒8件）,1571670,整行,1.0/132.0/132.0,,870,,
1月,（一）手术室,缺失行,475机器人-7件（带盒8件）,1571670,整行,1.0/132.0/132.0,,871,,
1月,（一）手术室,字段不一致-单价,德美德光源2号-1/W905060,1571903,单价,5.5,35.0,891,637,原始按器械数×基础单价(5.5)计费；处理后按标准价(35)计费
1月,（一）手术室,字段不一致-总价,德美德光源2号-1/W905060,1571903,总价,5.5,35.0,891,637,原始按器械数×基础单价(5.5)计费；处理后按标准价(35)计费
1月,（一）手术室,字段不一致-单价,德美德镜头2号-1/双Z1550,1571903,单价,47.5,35.0,892,638,原始按器械数×基础单价(47.5)计费；处理后按标准价(35)计费
1月,（一）手术室,字段不一致-总价,德美德镜头2号-1/双Z1550,1571903,总价,47.5,35.0,892,638,原始按器械数×基础单价(47.5)计费；处理后按标准价(35)计费
1月,（一）手术室,缺失行,218机器人-7件（带盒8件）,1571903,整行,1.0/132.0/132.0,,894,,
1月,（一）手术室,缺失行,旧2刨刀-1/Z3040,1571980,整行,1.0/35.0/35.0,,904,,
1月,（一）手术室,缺失行,新史赛克手控加件-1,1571980,整行,1.0/22.0/22.0,,905,,
1月,（一）手术室,缺失行,德美4K光源（1号）-1/W905060,1571980,整行,1.0/35.0/35.0,,906,,
1月,（一）手术室,缺失行,德美4K镜头（2号）-4/W705060,1571980,整行,1.0/88.0/88.0,,907,,
1月,（一）手术室,缺失行,新2镜头-3件(带转换帽)/W705060,1571980,整行,1.0/66.0/66.0,,908,,
1月,（一）手术室,缺失行,新4光源-1（带盒两件）/W12050,1571980,整行,1.0/35.0/35.0,,909,,
1月,（一）手术室,缺失行,德美德光源-1/W905060,1571999,整行,1.0/5.5/5.5,,916,,
1月,（一）手术室,缺失行,德美德刨刀-1/Z2550,1571999,整行,1.0/30.0/30.0,,917,,
1月,（一）手术室,缺失行,213机器人-8件（带盒9件）,1571999,整行,1.0/154.0/154.0,,918,,
1月,（一）手术室,缺失行,348机器人-8件（带盒9件）,1571999,整行,1.0/154.0/154.0,,919,,
1月,（一）手术室,缺失行,德美德1号镜头3件（盒1）/W705060,1571999,整行,1.0/66.0/66.0,,920,,
1月,（一）手术室,缺失行,妇产科张长青常备超声刀线-3件Z2030,1572060,整行,1.0/66.0/66.0,,928,,
1月,（一）手术室,缺失行,气腹管1单极线1/Z3045,1572060,整行,1.0/44.0/44.0,,929,,
1月,（一）手术室,缺失行,外妇通用光源线-1/Z2545,1572060,整行,1.0/30.0/30.0,,930,,
1月,（一）手术室,缺失行,妇腔镜器械-17（铁帽3胶帽8）,1572060,整行,1.0/300.0/300.0,,931,,
1月,（一）手术室,缺失行,镜头-腹腔镜30°-1/W9050,1572060,整行,1.0/35.0/35.0,,936,,
1月,（一）手术室,字段不一致-单价,UBE踇外翻线-1/双/Z2530,1572078,单价,26.5,35.0,962,691,原始按器械数×基础单价(26.5)计费；处理后按标准价(35)计费
1月,（一）手术室,字段不一致-总价,UBE踇外翻线-1/双/Z2530,1572078,总价,26.5,35.0,962,691,原始按器械数×基础单价(26.5)计费；处理后按标准价(35)计费
1月,（一）手术室,缺失行,0261机器人-8件（带盒9件）,1572078,整行,1.0/154.0/154.0,,963,,
1月,（一）手术室,缺失行,373机器人-7件（带盒8件）,1572078,整行,1.0/132.0/132.0,,964,,
1月,（一）手术室,缺失行,475机器人-7件（带盒8件）,1572078,整行,1.0/132.0/132.0,,965,,
1月,（一）手术室,缺失行,骨四（一）兰青常备光源线-1件/Z2530,1572255,整行,1.0/30.0/30.0,,983,,
1月,（一）手术室,缺失行,房试用镜头-1/双/Z1550,1572256,整行,1.0/40.5/40.5,,991,,
1月,（一）手术室,缺失行,房试用水管-2件/Z1026,1572256,整行,1.0/44.0/44.0,,992,,
1月,（一）手术室,缺失行,施乐辉刨刀-1/z2530,1572256,整行,1.0/30.0/30.0,,993,,
1月,（一）手术室,缺失行,213机器人-8件（带盒9件）,1572256,整行,1.0/154.0/154.0,,994,,
1月,（一）手术室,缺失行,德美4K光源（2号）-1/W905060,1572256,整行,1.0/35.0/35.0,,995,,
1月,（一）手术室,缺失行,德美4K镜头（2号）-4/W705060,1572256,整行,1.0/88.0/88.0,,996,,
1月,（一）手术室,缺失行,新1光源-1（带盒两件）/W12050,1572256,整行,1.0/35.0/35.0,,997,,
1月,（一）手术室,缺失行,新2镜头-3件(带转换帽)/W705060,1572256,整行,1.0/66.0/66.0,,998,,
1月,（一）手术室,缺失行,新3光源-1（带盒两件）/W12050,1572256,整行,1.0/35.0/35.0,,999,,
1月,（一）手术室,缺失行,骨四（一）兰青磨头-1件/Z1026,1572270,整行,1.0/22.0/22.0,,1000,,
1月,（一）手术室,缺失行,刨刀-房玉立/Z2545,1572270,整行,1.0/30.0/30.0,,1001,,
1月,（一）手术室,字段不一致-单价,德美德光源3号-1/W705060,1572346,单价,22.0,35.0,1025,739,原始按器械数×基础单价(22)计费；处理后按标准价(35)计费
1月,（一）手术室,字段不一致-总价,德美德光源3号-1/W705060,1572346,总价,22.0,35.0,1025,739,原始按器械数×基础单价(22)计费；处理后按标准价(35)计费
1月,（一）手术室,字段不一致-单价,德美德光源4号-1/W705060,1572346,单价,22.0,35.0,1026,740,原始按器械数×基础单价(22)计费；处理后按标准价(35)计费
1月,（一）手术室,字段不一致-总价,德美德光源4号-1/W705060,1572346,总价,22.0,35.0,1026,740,原始按器械数×基础单价(22)计费；处理后按标准价(35)计费
1月,（一）手术室,缺失行,气腹管1单极线1/Z3045,1572346,整行,1.0/44.0/44.0,,1027,,
1月,（一）手术室,缺失行,外妇通用光源线-1/Z2545,1572346,整行,1.0/30.0/30.0,,1028,,
1月,（一）手术室,缺失行,0261机器人-8件（带盒9件）,1572346,整行,1.0/154.0/154.0,,1029,,
1月,（一）手术室,缺失行,镜头-腹腔镜30°-1/W9050,1572346,整行,1.0/35.0/35.0,,1032,,
1月,（一）手术室,缺失行,德美德光源1号-1/W905060,1572408,整行,1.0/22.0/22.0,,1061,,
1月,（一）手术室,缺失行,骨四（一）兰青常备光源线-1件/Z2530,1572408,整行,1.0/30.0/30.0,,1062,,
1月,（一）手术室,缺失行,骨四（一）宋晓辉刀头1手柄1线1/z2540,1572408,整行,1.0/66.0/66.0,,1063,,
1月,（一）手术室,缺失行,旧2刨刀-1/Z3040,1572408,整行,1.0/35.0/35.0,,1064,,
1月,（一）手术室,缺失行,无损伤钳-1/Z2550,1572408,整行,1.0/30.0/30.0,,1065,,
1月,（一）手术室,缺失行,213机器人-8件（带盒9件）,1572408,整行,1.0/154.0/154.0,,1066,,
1月,（一）手术室,缺失行,218机器人-7件（带盒8件）,1572408,整行,1.0/132.0/132.0,,1067,,
1月,（一）手术室,缺失行,373机器人-7件（带盒8件）,1572408,整行,1.0/132.0/132.0,,1068,,
1月,（一）手术室,缺失行,妇腔镜器械-17（铁帽3胶帽8）,1572408,整行,1.0/300.0/300.0,,1069,,
1月,（一）手术室,缺失行,德美德2号镜头3件/W705060,1572408,整行,1.0/66.0/66.0,,1071,,
1月,（一）手术室,缺失行,椎间孔镜头2号-1/W905060,1572408,整行,1.0/35.0/35.0,,1072,,
1月,（一）手术室,缺失行,213机器人-8件（带盒9件）,1572588,整行,1.0/154.0/154.0,,1084,,
1月,（一）手术室,缺失行,348机器人-8件（带盒9件）,1572588,整行,1.0/154.0/154.0,,1085,,
1月,（一）手术室,缺失行,德美4K光源（3号）-1/W905060,1572588,整行,1.0/35.0/35.0,,1090,,
1月,（一）手术室,缺失行,德美4K镜头4号-4件/W905060,1572588,整行,1.0/88.0/88.0,,1091,,
1月,（一）手术室,缺失行,刨刀线-膝关节-旧1/Z2545,1572692,整行,1.0/44.0/44.0,,1119,,
1月,（一）手术室,缺失行,0261机器人-8件（带盒9件）,1572692,整行,1.0/154.0/154.0,,1120,,
1月,（一）手术室,缺失行,德美德光源2号-1（带盒）,1572692,整行,1.0/35.0/35.0,,1121,,
1月,（一）手术室,缺失行,德美德2号镜头3件/W705060,1572692,整行,1.0/66.0/66.0,,1122,,
1月,（一）手术室,缺失行,骨四（一）宋晓辉刀头1手柄1线1/z2540,1572711,整行,1.0/66.0/66.0,,1133,,
1月,（一）手术室,缺失行,213机器人-8件（带盒9件）,1572711,整行,1.0/154.0/154.0,,1134,,
1月,（一）手术室,缺失行,348机器人-8件（带盒9件）,1572711,整行,1.0/154.0/154.0,,1135,,
1月,（一）手术室,缺失行,德美德4号镜头3件/W705060,1572711,整行,1.0/66.0/66.0,,1136,,
1月,（一）手术室,缺失行,新2镜头-3件(带转换帽)/W705060,1572711,整行,1.0/66.0/66.0,,1137,,
1月,（一）手术室,缺失行,椎间孔镜头2号-1/W905060,1572711,整行,1.0/35.0/35.0,,1138,,
1月,（一）手术室,字段不一致-单价,骨动力-带盒10件,1572737,单价,49.5,55.0,1146,831,原始按器械数×基础单价(49.5)计费；处理后按标准价(55)计费
1月,（一）手术室,字段不一致-总价,骨动力-带盒10件,1572737,总价,49.5,55.0,1146,831,原始按器械数×基础单价(49.5)计费；处理后按标准价(55)计费
1月,（一）手术室,字段不一致-单价,骨动力-带盒10件,1572743,单价,49.5,55.0,1164,849,原始按器械数×基础单价(49.5)计费；处理后按标准价(55)计费
1月,（一）手术室,字段不一致-总价,骨动力-带盒10件,1572743,总价,49.5,55.0,1164,849,原始按器械数×基础单价(49.5)计费；处理后按标准价(55)计费
1月,（一）手术室,字段不一致-单价,德美2号刨刀-1/双/Z2550,1572743,单价,26.5,35.0,1166,851,原始按器械数×基础单价(26.5)计费；处理后按标准价(35)计费
1月,（一）手术室,字段不一致-总价,德美2号刨刀-1/双/Z2550,1572743,总价,26.5,35.0,1166,851,原始按器械数×基础单价(26.5)计费；处理后按标准价(35)计费
1月,（一）手术室,缺失行,德美德光源4号-1/W705060,1572743,整行,1.0/22.0/22.0,,1167,,
1月,（一）手术室,缺失行,德美德刨刀-1/Z2550,1572743,整行,1.0/30.0/30.0,,1168,,
1月,（一）手术室,缺失行,旧2刨刀-1/Z3040,1572743,整行,1.0/35.0/35.0,,1169,,
1月,（一）手术室,缺失行,刨刀-房玉立/Z2545,1572743,整行,1.0/30.0/30.0,,1170,,
1月,（一）手术室,缺失行,373机器人-7件（带盒8件）,1572743,整行,1.0/132.0/132.0,,1171,,
1月,（一）手术室,缺失行,新5光源-1件（盒1）/W905060,1572743,整行,1.0/35.0/35.0,,1172,,
1月,（一）手术室,缺失行,德美4K光源（2号）-1/W905060,1572743,整行,1.0/35.0/35.0,,1178,,
1月,（一）手术室,缺失行,德美4K镜头（3号）-3/W705060,1572743,整行,1.0/66.0/66.0,,1179,,
1月,（一）手术室,缺失行,德美德3号镜头3件/W705060,1572743,整行,1.0/66.0/66.0,,1180,,
1月,（一）手术室,缺失行,德美德光源3号-1/W905060,1572743,整行,1.0/28.0/28.0,,1181,,
1月,（一）手术室,缺失行,骨四宋晓辉椎间孔器械,1572814,整行,1.0/176.0/176.0,,1189,,
1月,（一）手术室,缺失行,骨四（一）兰青常备光源线-1件/Z2530,1572814,整行,1.0/30.0/30.0,,1194,,
1月,（一）手术室,缺失行,骨四（一）宋晓辉刀头1手柄1线1/z2540,1572814,整行,1.0/66.0/66.0,,1195,,
1月,（一）手术室,缺失行,施乐辉刨刀-1/z2530,1572814,整行,1.0/30.0/30.0,,1196,,
1月,（一）手术室,缺失行,348机器人-8件（带盒9件）,1572814,整行,1.0/154.0/154.0,,1197,,
1月,（一）手术室,缺失行,475机器人-7件（带盒8件）,1572814,整行,1.0/132.0/132.0,,1198,,
1月,（一）手术室,缺失行,鞠超杰镜头-3件/W9050,1572814,整行,1.0/66.0/66.0,,1199,,
1月,（一）手术室,缺失行,新1光源-1（带盒两件）/W12050,1572814,整行,1.0/35.0/35.0,,1200,,
1月,（一）手术室,缺失行,椎间孔镜头-1/W905060,1572814,整行,1.0/35.0/35.0,,1201,,
1月,（一）手术室,缺失行,骨六李娜试用水管-2件/W505060,1572814,整行,1.0/11.0/11.0,,1202,,
1月,（一）手术室,缺失行,鞠超杰水管4503-2件/W505060,1572814,整行,1.0/16.5/16.5,,1203,,
1月,（一）手术室,字段不一致-单价,UBE踇外翻线-1/双/Z2530,1572997,单价,26.5,35.0,1208,872,原始按器械数×基础单价(26.5)计费；处理后按标准价(35)计费
1月,（一）手术室,字段不一致-总价,UBE踇外翻线-1/双/Z2530,1572997,总价,26.5,35.0,1208,872,原始按器械数×基础单价(26.5)计费；处理后按标准价(35)计费
1月,（一）手术室,缺失行,聂广辰专用解剖剪-1/Z1029,1573047,整行,1.0/8.0/8.0,,1219,,
1月,（一）手术室,缺失行,骨四（一）兰青磨头-1件/Z1026,1573047,整行,1.0/22.0/22.0,,1220,,
1月,（一）手术室,缺失行,德美4K光源（1号）-1/W905060,1573047,整行,1.0/35.0/35.0,,1221,,
1月,（一）手术室,缺失行,骨四（一）宋晓辉刀头1手柄1线1/z2540,1573090,整行,1.0/66.0/66.0,,1228,,
1月,（一）手术室,缺失行,348机器人-8件（带盒9件）,1573090,整行,1.0/154.0/154.0,,1229,,
1月,（一）手术室,缺失行,椎间孔镜头2号-1/W905060,1573090,整行,1.0/35.0/35.0,,1230,,
1月,（一）手术室,字段不一致-单价,骨动力-带盒10件,1573100,单价,49.5,55.0,1235,893,原始按器械数×基础单价(49.5)计费；处理后按标准价(55)计费
1月,（一）手术室,字段不一致-总价,骨动力-带盒10件,1573100,总价,49.5,55.0,1235,893,原始按器械数×基础单价(49.5)计费；处理后按标准价(55)计费
1月,（一）手术室,缺失行,聂广辰专用解剖剪-1/Z1029,1573134,整行,2.0/8.0/16.0,,1244,,
1月,（一）手术室,缺失行,刨刀线-膝关节-旧1/Z2545,1573167,整行,1.0/44.0/44.0,,1261,,
1月,（一）手术室,缺失行,213机器人-8件（带盒9件）,1573167,整行,1.0/154.0/154.0,,1262,,
1月,（一）手术室,缺失行,新2镜头-3件(带转换帽)/W705060,1573167,整行,1.0/66.0/66.0,,1264,,
1月,（一）手术室,缺失行,新3光源-1（带盒两件）/W12050,1573167,整行,1.0/35.0/35.0,,1265,,
1月,（一）手术室,缺失行,骨四宋晓辉椎间孔器械,1573340,整行,1.0/181.5/181.5,,1279,,
1月,（一）手术室,缺失行,德美德光源1号-1/W905060,1573340,整行,1.0/22.0/22.0,,1285,,
1月,（一）手术室,缺失行,德美德刨刀-1/Z2550,1573340,整行,1.0/30.0/30.0,,1286,,
1月,（一）手术室,缺失行,骨四（一）兰青常备光源线-1件/Z2530,1573340,整行,1.0/30.0/30.0,,1287,,
1月,（一）手术室,缺失行,新史赛克手控加件-1,1573340,整行,1.0/22.0/22.0,,1288,,
1月,（一）手术室,缺失行,0261机器人-8件（带盒9件）,1573340,整行,1.0/154.0/154.0,,1289,,
1月,（一）手术室,缺失行,德美德光源2号-1（带盒）,1573340,整行,1.0/35.0/35.0,,1290,,
1月,（一）手术室,缺失行,德美德2号镜头3件/W705060,1573340,整行,1.0/66.0/66.0,,1296,,
1月,（一）手术室,缺失行,DMD光源1号-1/W905060,1573550,整行,1.0/22.0/22.0,,1311,,
1月,（一）手术室,缺失行,DMD刨刀-1/Z2550,1573550,整行,1.0/30.0/30.0,,1312,,
1月,（一）手术室,缺失行,0261机器人-8件（带盒9件）,1573550,整行,1.0/154.0/154.0,,1313,,
1月,（一）手术室,缺失行,348机器人-8件（带盒9件）,1573550,整行,1.0/154.0/154.0,,1314,,
1月,（一）手术室,缺失行,DMD1号镜头3件（盒1）/W705060,1573550,整行,1.0/66.0/66.0,,1315,,
1月,（一）手术室,缺失行,骨4（2）邹天彪光源-1件/Z2540,1573593,整行,1.0/30.0/30.0,,1320,,
1月,（一）手术室,缺失行,骨4（2）邹天彪磨头-4件/Z7520,1573593,整行,1.0/88.0/88.0,,1321,,
1月,（一）手术室,缺失行,213机器人-8件（带盒9件）,1573593,整行,1.0/154.0/154.0,,1322,,
1月,（一）手术室,缺失行,骨4（2）邹天彪镜头2件,1573593,整行,1.0/49.5/49.5,,1323,,
1月,（一）手术室,缺失行,刨刀-房玉立/Z2545,1573645,整行,1.0/30.0/30.0,,1342,,
1月,（一）手术室,缺失行,218机器人-7件（带盒8件）,1573645,整行,1.0/132.0/132.0,,1343,,
1月,（一）手术室,缺失行,德美4K光源（1号）-1/W905060,1573645,整行,1.0/35.0/35.0,,1345,,
1月,（一）手术室,缺失行,德美4K镜头（3号）-3/W705060,1573645,整行,1.0/66.0/66.0,,1346,,
1月,（一）手术室,缺失行,新2镜头-3件(带转换帽)/W705060,1573645,整行,1.0/66.0/66.0,,1347,,
1月,（一）手术室,缺失行,新3光源-1（带盒两件）/W12050,1573645,整行,1.0/35.0/35.0,,1348,,
1月,（一）手术室,字段不一致-单价,德美4K1号刨刀-1/W6050,1573645,单价,35.0,16.5,1351,981,原始按器械数×基础单价(35)计费；处理后按标准价(16.5)计费
1月,（一）手术室,字段不一致-总价,德美4K1号刨刀-1/W6050,1573645,总价,35.0,16.5,1351,981,原始按器械数×基础单价(35)计费；处理后按标准价(16.5)计费
1月,（一）手术室,缺失行,DMD刨刀-1/Z2550,1573904,整行,1.0/30.0/30.0,,1372,,
1月,（一）手术室,缺失行,房试用镜头-1/双/Z1550,1573904,整行,1.0/35.0/35.0,,1373,,
1月,（一）手术室,缺失行,刨刀线-膝关节-旧1/Z2545,1573904,整行,1.0/44.0/44.0,,1374,,
1月,（一）手术室,缺失行,新5光源-1件（盒1）/W905060,1573904,整行,1.0/35.0/35.0,,1375,,
1月,（一）手术室,缺失行,DMD2号镜头3件/W705060,1573904,整行,1.0/66.0/66.0,,1376,,
1月,（一）手术室,缺失行,德美德光源4号-1/W905060,1573904,整行,1.0/16.5/16.5,,1377,,
1月,（一）手术室,字段不一致-单价,骨动力-带盒10件,1573945,单价,49.5,55.0,1382,1006,原始按器械数×基础单价(49.5)计费；处理后按标准价(55)计费
1月,（一）手术室,字段不一致-总价,骨动力-带盒10件,1573945,总价,49.5,55.0,1382,1006,原始按器械数×基础单价(49.5)计费；处理后按标准价(55)计费
1月,（一）手术室,缺失行,鞠超杰剪刀-1/Z1026,1573945,整行,1.0/8.0/8.0,,1383,,
1月,（一）手术室,缺失行,聂广辰专用解剖剪-1/Z1029,1573945,整行,1.0/8.0/8.0,,1384,,
1月,（一）手术室,缺失行,鞠超杰肩钩-3/W605060,1573945,整行,1.0/16.5/16.5,,1385,,
1月,（一）手术室,缺失行,骨四（一）兰青常备光源线-1件/Z2530,1573948,整行,1.0/30.0/30.0,,1388,,
1月,（一）手术室,缺失行,骨四（一）宋晓辉光源线-1/Z2540,1573948,整行,1.0/30.0/30.0,,1389,,
1月,（一）手术室,缺失行,0261机器人-8件（带盒9件）,1573948,整行,1.0/154.0/154.0,,1390,,
1月,（一）手术室,字段不一致-单价,骨动力-带盒10件,1574013,单价,49.5,55.0,1415,1033,原始按器械数×基础单价(49.5)计费；处理后按标准价(55)计费
1月,（一）手术室,字段不一致-总价,骨动力-带盒10件,1574013,总价,49.5,55.0,1415,1033,原始按器械数×基础单价(49.5)计费；处理后按标准价(55)计费
1月,（一）手术室,缺失行,聂广辰专用解剖剪-1/Z1029,1574013,整行,1.0/8.0/8.0,,1416,,
1月,（一）手术室,缺失行,刨刀-房玉立/Z2545,1574013,整行,1.0/30.0/30.0,,1417,,
1月,（一）手术室,缺失行,213机器人-8件（带盒9件）,1574013,整行,1.0/154.0/154.0,,1418,,
1月,（一）手术室,缺失行,218机器人-7件（带盒8件）,1574013,整行,1.0/132.0/132.0,,1419,,
1月,（一）手术室,缺失行,348机器人-8件（带盒9件）,1574013,整行,1.0/154.0/154.0,,1420,,
1月,（一）手术室,缺失行,偏瘫陈冲显微器械-15件（盒1）,1574013,整行,1.0/88.0/88.0,,1421,,
1月,（一）手术室,缺失行,新1光源-1（带盒两件）/W12050,1574013,整行,1.0/35.0/35.0,,1422,,
1月,（一）手术室,缺失行,新2镜头-3件(带转换帽)/W705060,1574013,整行,1.0/66.0/66.0,,1423,,
1月,（一）手术室,缺失行,房试用镜头-1/双/Z1550,1574209,整行,1.0/35.0/35.0,,1438,,
1月,（一）手术室,缺失行,施乐辉刨刀-1/z2530,1574209,整行,1.0/30.0/30.0,,1439,,
1月,（一）手术室,缺失行,373机器人-7件（带盒8件）,1574209,整行,1.0/132.0/132.0,,1440,,
1月,（一）手术室,缺失行,475机器人-7件（带盒8件）,1574209,整行,1.0/132.0/132.0,,1441,,
1月,（一）手术室,缺失行,新4光源-1（带盒两件）/W12050,1574209,整行,1.0/35.0/35.0,,1446,,
1月,（一）手术室,缺失行,骨四（一）兰青常备光源线-1件/Z2530,1574280,整行,1.0/30.0/30.0,,1469,,
1月,（一）手术室,缺失行,骨四（一）兰青磨头-1件/Z1026,1574280,整行,1.0/22.0/22.0,,1470,,
1月,（一）手术室,缺失行,348机器人-8件（带盒9件）,1574280,整行,1.0/154.0/154.0,,1471,,
1月,（一）手术室,缺失行,德美4K光源（2号）-1/W905060,1574280,整行,1.0/35.0/35.0,,1472,,
1月,（一）手术室,缺失行,德美新3镜头-1件/W605060,1574280,整行,1.0/35.0/35.0,,1473,,
1月,（一）手术室,字段不一致-单价,德美2号刨刀-1/双/Z2550,1574302,单价,26.5,35.0,1479,1079,原始按器械数×基础单价(26.5)计费；处理后按标准价(35)计费
1月,（一）手术室,字段不一致-总价,德美2号刨刀-1/双/Z2550,1574302,总价,26.5,35.0,1479,1079,原始按器械数×基础单价(26.5)计费；处理后按标准价(35)计费
1月,（一）手术室,缺失行,德美4K光源（4号）-1/Z2550,1574367,整行,1.0/30.0/30.0,,1513,,
1月,（一）手术室,缺失行,德美新1刨刀-1/Z2550,1574367,整行,1.0/30.0/30.0,,1514,,
1月,（一）手术室,缺失行,施乐辉刨刀-1/z2530,1574367,整行,1.0/30.0/30.0,,1515,,
1月,（一）手术室,缺失行,五官电钻-1,1574367,整行,1.0/30.0/30.0,,1516,,
1月,（一）手术室,缺失行,新史赛克手控加件-1,1574367,整行,1.0/22.0/22.0,,1517,,
1月,（一）手术室,缺失行,213机器人-8件（带盒9件）,1574367,整行,1.0/154.0/154.0,,1518,,
1月,（一）手术室,缺失行,德美新1镜头-1件（盒1）,1574367,整行,1.0/35.0/35.0,,1519,,
1月,（一）手术室,缺失行,德美4K光源（1号）-1/W905060,1574367,整行,1.0/35.0/35.0,,1520,,
1月,（一）手术室,缺失行,德美4K镜头（2号）-4/W705060,1574367,整行,1.0/88.0/88.0,,1521,,
1月,（一）手术室,缺失行,德美新2镜头-1件/W605060,1574367,整行,1.0/11.0/11.0,,1522,,
1月,（一）手术室,缺失行,新1光源-1（带盒两件）/W12050,1574367,整行,1.0/35.0/35.0,,1523,,
1月,（一）手术室,字段不一致-单价,德美4K1号刨刀-1/W6050,1574369,单价,35.0,16.5,1541,1130,原始按器械数×基础单价(35)计费；处理后按标准价(16.5)计费
1月,（一）手术室,字段不一致-总价,德美4K1号刨刀-1/W6050,1574369,总价,35.0,16.5,1541,1130,原始按器械数×基础单价(35)计费；处理后按标准价(16.5)计费
1月,（一）手术室,缺失行,骨四（一）宋晓辉刀头1手柄1线1/z2540,1574376,整行,1.0/66.0/66.0,,1544,,
1月,（一）手术室,缺失行,骨四（一）宋晓辉光源线-1/Z2540,1574376,整行,1.0/30.0/30.0,,1545,,
1月,（一）手术室,缺失行,0261机器人-8件（带盒9件）,1574376,整行,1.0/154.0/154.0,,1546,,
1月,（一）手术室,缺失行,德美4K光源（3号）-1/W905060,1574376,整行,1.0/35.0/35.0,,1547,,
1月,（一）手术室,缺失行,椎间孔镜头2号-1/W905060,1574376,整行,1.0/35.0/35.0,,1548,,
1月,（一）手术室,缺失行,房试用镜头-1/双/Z1550,1574517,整行,1.0/35.0/35.0,,1549,,
1月,（一）手术室,字段不一致-单价,DMD6号水管-2件/W505060,1574525,单价,11.0,35.0,1564,1147,原始按器械数×基础单价(11)计费；处理后按标准价(35)计费
1月,（一）手术室,字段不一致-总价,DMD6号水管-2件/W505060,1574525,总价,11.0,35.0,1564,1147,原始按器械数×基础单价(11)计费；处理后按标准价(35)计费
1月,（一）手术室,缺失行,旧2刨刀-1/Z3040,1574525,整行,1.0/35.0/35.0,,1565,,
1月,（一）手术室,缺失行,刨刀-房玉立/Z2545,1574525,整行,1.0/30.0/30.0,,1566,,
1月,（一）手术室,缺失行,腕肘-7件/Z1530,1574525,整行,1.0/132.0/132.0,,1567,,
1月,（一）手术室,缺失行,218机器人-7件（带盒8件）,1574525,整行,1.0/132.0/132.0,,1568,,
1月,（一）手术室,缺失行,德美德光源2号-1（带盒）,1574525,整行,1.0/35.0/35.0,,1571,,
1月,（一）手术室,缺失行,新5光源-1件（盒1）/W905060,1574525,整行,1.0/35.0/35.0,,1572,,
1月,（一）手术室,缺失行,德美德3号镜头3件/W705060,1574525,整行,1.0/66.0/66.0,,1573,,
1月,（一）手术室,缺失行,肘踝通用镜头-1/W6050,1574525,整行,1.0/35.0/35.0,,1574,,
1月,（一）手术室,缺失行,348机器人-8件（带盒9件）,1574550,整行,1.0/154.0/154.0,,1585,,
1月,（一）手术室,缺失行,施乐辉刨刀-1/z2530,1574625,整行,1.0/30.0/30.0,,1600,,
1月,（一）手术室,缺失行,0261机器人-8件（带盒9件）,1574625,整行,1.0/154.0/154.0,,1601,,
1月,（一）手术室,缺失行,213机器人-8件（带盒9件）,1574625,整行,1.0/154.0/154.0,,1602,,
1月,（一）手术室,缺失行,德美德4号镜头3件/W705060,1574625,整行,1.0/66.0/66.0,,1603,,
1月,（一）手术室,缺失行,新4光源-1（带盒两件）/W12050,1574625,整行,1.0/35.0/35.0,,1604,,
1月,（一）手术室,缺失行,偏瘫陈冲显微器械-15件（盒1）,1574683,整行,1.0/88.0/88.0,,1615,,
1月,（一）手术室,缺失行,DMD6号水管-2件/W505060,1574701,整行,1.0/11.0/11.0,,1632,,
1月,（一）手术室,缺失行,旧2刨刀-1/Z3040,1574701,整行,1.0/35.0/35.0,,1633,,
1月,（一）手术室,缺失行,刨刀线-膝关节-旧1/Z2545,1574701,整行,1.0/44.0/44.0,,1634,,
1月,（一）手术室,缺失行,五官电钻-1,1574701,整行,1.0/30.0/30.0,,1635,,
1月,（一）手术室,缺失行,348机器人-8件（带盒9件）,1574701,整行,1.0/154.0/154.0,,1636,,
1月,（一）手术室,缺失行,DMD6号镜头-1件,1574701,整行,1.0/35.0/35.0,,1637,,
1月,（一）手术室,缺失行,德美新1镜头-1件（盒1）,1574701,整行,1.0/35.0/35.0,,1638,,
1月,（一）手术室,缺失行,DMD2号镜头3件/W705060,1574701,整行,1.0/66.0/66.0,,1641,,
1月,（一）手术室,缺失行,DMD光源4号-1/W905060,1574701,整行,1.0/16.5/16.5,,1642,,
1月,（一）手术室,缺失行,德美4K光源（3号）-1/W905060,1574701,整行,1.0/35.0/35.0,,1643,,
1月,（一）手术室,缺失行,新3光源-1（带盒两件）/W12050,1574701,整行,1.0/35.0/35.0,,1644,,
1月,（一）手术室,字段不一致-单价,AR水管-2件/双/Z1530,1574927,单价,24.0,22.0,1657,1214,原始按器械数×基础单价(24)计费；处理后按标准价(22)计费
1月,（一）手术室,字段不一致-总价,AR水管-2件/双/Z1530,1574927,总价,24.0,22.0,1657,1214,原始按器械数×基础单价(24)计费；处理后按标准价(22)计费
1月,（一）手术室,缺失行,骨四（一）兰青常备光源线-1件/Z2530,1574927,整行,1.0/30.0/30.0,,1658,,
1月,（一）手术室,缺失行,骨四（一）兰青磨头-1件/Z1026,1574927,整行,1.0/22.0/22.0,,1659,,
1月,（一）手术室,缺失行,骨四（一）宋晓辉刀头1手柄1线1/z2540,1574927,整行,1.0/66.0/66.0,,1660,,
1月,（一）手术室,缺失行,骨四（一）宋晓辉光源线-1/Z2540,1574927,整行,1.0/30.0/30.0,,1661,,
1月,（一）手术室,缺失行,鞠超杰-肩钩-5件/Z1030,1574927,整行,1.0/88.0/88.0,,1662,,
1月,（一）手术室,缺失行,刨刀-房玉立/Z2545,1574927,整行,1.0/30.0/30.0,,1663,,
1月,（一）手术室,缺失行,218机器人-7件（带盒8件）,1574927,整行,1.0/132.0/132.0,,1664,,
1月,（一）手术室,缺失行,房国产镜头-1/Z2060,1574927,整行,1.0/28.0/28.0,,1670,,
1月,（一）手术室,缺失行,新1光源-1（带盒两件）/W12050,1574927,整行,1.0/35.0/35.0,,1671,,
1月,（一）手术室,缺失行,椎间孔镜头2号-1/W905060,1574927,整行,1.0/35.0/35.0,,1672,,
1月,（一）手术室,缺失行,房水管-2件/w4050,1574927,整行,1.0/16.5/16.5,,1674,,
1月,（一）手术室,缺失行,鞠超杰肩钩-3/W605060,1574950,整行,1.0/16.5/16.5,,1687,,
1月,（一）手术室,缺失行,DMD光源1号-1/W905060,1574956,整行,1.0/22.0/22.0,,1692,,
1月,（一）手术室,缺失行,刨刀线-膝关节-旧1/Z2545,1574956,整行,1.0/44.0/44.0,,1693,,
1月,（一）手术室,缺失行,DMD3号镜头3件/W705060,1574956,整行,1.0/66.0/66.0,,1694,,
1月,（一）手术室,缺失行,五官电钻-1,1575006,整行,1.0/30.0/30.0,,1702,,
1月,（一）手术室,缺失行,348机器人-8件（带盒9件）,1575006,整行,1.0/154.0/154.0,,1703,,
1月,（一）手术室,字段不一致-单价,骨动力-带盒10件,1575024,单价,49.5,55.0,1708,1248,原始按器械数×基础单价(49.5)计费；处理后按标准价(55)计费
1月,（一）手术室,字段不一致-总价,骨动力-带盒10件,1575024,总价,49.5,55.0,1708,1248,原始按器械数×基础单价(49.5)计费；处理后按标准价(55)计费
1月,（一）手术室,缺失行,施乐辉刨刀-1/z2530,1575052,整行,1.0/30.0/30.0,,1718,,
1月,（一）手术室,缺失行,五官电钻-1,1575052,整行,2.0/30.0/60.0,,1719,,
1月,（一）手术室,缺失行,373机器人-7件（带盒8件）,1575052,整行,1.0/132.0/132.0,,1720,,
1月,（一）手术室,缺失行,DMD1号镜头3件（盒1）/W705060,1575052,整行,1.0/66.0/66.0,,1721,,
1月,（一）手术室,缺失行,DMD2号镜头3件/W705060,1575052,整行,1.0/66.0/66.0,,1722,,
1月,（一）手术室,缺失行,德美4K光源（3号）-1/W905060,1575052,整行,1.0/35.0/35.0,,1723,,
1月,（一）手术室,缺失行,新4光源-1（带盒两件）/W12050,1575052,整行,1.0/35.0/35.0,,1724,,
1月,（一）手术室,缺失行,偏瘫陈冲显微器械-15件（盒1）,1575082,整行,1.0/88.0/88.0,,1737,,
1月,（一）手术室,缺失行,DMD6号水管-2件/W505060,1575086,整行,1.0/11.0/11.0,,1748,,
1月,（一）手术室,缺失行,DMD刨刀-1/Z2550,1575086,整行,1.0/30.0/30.0,,1749,,
1月,（一）手术室,缺失行,旧2刨刀-1/Z3040,1575086,整行,1.0/35.0/35.0,,1750,,
1月,（一）手术室,缺失行,刨刀线-膝关节-旧1/Z2545,1575086,整行,1.0/44.0/44.0,,1751,,
1月,（一）手术室,缺失行,0261机器人-8件（带盒9件）,1575086,整行,1.0/154.0/154.0,,1752,,
1月,（一）手术室,缺失行,213机器人-8件（带盒9件）,1575086,整行,1.0/154.0/154.0,,1753,,
1月,（一）手术室,缺失行,DMD6号镜头-1件,1575086,整行,1.0/35.0/35.0,,1754,,
1月,（一）手术室,缺失行,DMD4号镜头3件/W705060,1575086,整行,1.0/66.0/66.0,,1756,,
1月,（一）手术室,缺失行,DMD光源3号-1/W905060,1575086,整行,1.0/28.0/28.0,,1757,,
1月,（一）手术室,缺失行,DMD光源4号-1/W905060,1575086,整行,1.0/16.5/16.5,,1758,,
1月,（一）手术室,字段不一致-单价,骨动力-带盒10件,1575272,单价,49.5,55.0,1772,1294,原始按器械数×基础单价(49.5)计费；处理后按标准价(55)计费
1月,（一）手术室,字段不一致-总价,骨动力-带盒10件,1575272,总价,49.5,55.0,1772,1294,原始按器械数×基础单价(49.5)计费；处理后按标准价(55)计费
1月,（一）手术室,缺失行,骨四（一）兰青常备光源线-1件/Z2530,1575272,整行,1.0/30.0/30.0,,1774,,
1月,（一）手术室,缺失行,骨四（一）宋晓辉刀头1手柄1线1/z2540,1575272,整行,1.0/66.0/66.0,,1775,,
1月,（一）手术室,缺失行,骨四（一）宋晓辉光源线-1/Z2540,1575272,整行,1.0/30.0/30.0,,1776,,
1月,（一）手术室,缺失行,刨刀-房玉立/Z2545,1575272,整行,1.0/30.0/30.0,,1777,,
1月,（一）手术室,缺失行,348机器人-8件（带盒9件）,1575272,整行,1.0/154.0/154.0,,1778,,
1月,（一）手术室,缺失行,DMD5号镜头-3件,1575272,整行,1.0/66.0/66.0,,1779,,
1月,（一）手术室,缺失行,DMD光源2号-1（带盒）,1575272,整行,1.0/35.0/35.0,,1780,,
1月,（一）手术室,缺失行,新3光源-1（带盒两件）/W12050,1575272,整行,1.0/35.0/35.0,,1785,,
1月,（一）手术室,缺失行,椎间孔镜头2号-1/W905060,1575272,整行,1.0/35.0/35.0,,1786,,
1月,（一）手术室,缺失行,鞠超杰剪线器-1/W605060,1575272,整行,1.0/16.5/16.5,,1790,,
1月,（一）手术室,缺失行,刨刀-房玉立/Z2545,1575429,整行,1.0/30.0/30.0,,1809,,
1月,（一）手术室,缺失行,0261机器人-8件（带盒9件）,1575429,整行,1.0/154.0/154.0,,1810,,
1月,（一）手术室,缺失行,475机器人-7件（带盒8件）,1575429,整行,1.0/132.0/132.0,,1811,,
1月,（一）手术室,缺失行,AR房玉立新镜头1盒1,1575429,整行,1.0/35.0/35.0,,1812,,
1月,（一）手术室,缺失行,房通用镜头1号-1件/W605060,1575429,整行,1.0/22.0/22.0,,1813,,
1月,（一）手术室,缺失行,新4光源-1（带盒两件）/W12050,1575429,整行,1.0/35.0/35.0,,1814,,
1月,（一）手术室,字段不一致-单价,AR水管-2件/双/Z1530,1575469,单价,24.0,22.0,1818,1324,原始按器械数×基础单价(24)计费；处理后按标准价(22)计费
1月,（一）手术室,字段不一致-总价,AR水管-2件/双/Z1530,1575469,总价,24.0,22.0,1818,1324,原始按器械数×基础单价(24)计费；处理后按标准价(22)计费
1月,（一）手术室,缺失行,房水管-2件/w4050,1575469,整行,1.0/16.5/16.5,,1821,,
1月,（一）手术室,缺失行,施乐辉刨刀-1/z2530,1575484,整行,1.0/30.0/30.0,,1827,,
1月,（一）手术室,缺失行,DMD5号镜头-3件,1575484,整行,1.0/66.0/66.0,,1828,,
1月,（一）手术室,缺失行,新3光源-1（带盒两件）/W12050,1575484,整行,1.0/35.0/35.0,,1829,,
1月,（一）手术室,缺失行,213机器人-8件（带盒9件）,1575537,整行,1.0/154.0/154.0,,1851,,
1月,（一）手术室,缺失行,218机器人-7件（带盒8件）,1575537,整行,1.0/132.0/132.0,,1852,,
1月,（一）手术室,缺失行,348机器人-8件（带盒9件）,1575537,整行,1.0/154.0/154.0,,1853,,
1月,（一）手术室,缺失行,373机器人-7件（带盒8件）,1575537,整行,1.0/132.0/132.0,,1854,,
1月,（一）手术室,缺失行,DMD光源1号-1/W905060,1575752,整行,1.0/22.0/22.0,,1867,,
1月,（一）手术室,缺失行,刨刀线-膝关节-旧1/Z2545,1575752,整行,1.0/44.0/44.0,,1868,,
1月,（一）手术室,缺失行,475机器人-7件（带盒8件）,1575752,整行,1.0/132.0/132.0,,1869,,
1月,（一）手术室,缺失行,DMD2号镜头3件/W705060,1575752,整行,1.0/66.0/66.0,,1870,,
1月,（一）手术室,缺失行,新1光源-1（带盒两件）/W12050,1575752,整行,1.0/35.0/35.0,,1871,,
1月,（一）手术室,缺失行,213机器人-8件（带盒9件）,1575814,整行,1.0/154.0/154.0,,1904,,
1月,（一）手术室,缺失行,348机器人-8件（带盒9件）,1575814,整行,1.0/154.0/154.0,,1905,,
1月,（一）手术室,缺失行,373机器人-7件（带盒8件）,1575814,整行,1.0/132.0/132.0,,1906,,
1月,（一）手术室,字段不一致-单价,骨动力-带盒10件,1575848,单价,49.5,55.0,1918,1408,原始按器械数×基础单价(49.5)计费；处理后按标准价(55)计费
1月,（一）手术室,字段不一致-总价,骨动力-带盒10件,1575848,总价,49.5,55.0,1918,1408,原始按器械数×基础单价(49.5)计费；处理后按标准价(55)计费
1月,（一）手术室,缺失行,骨四（一）宋晓辉光源线-1/Z2540,1575848,整行,1.0/30.0/30.0,,1920,,
1月,（一）手术室,缺失行,0261机器人-8件（带盒9件）,1575848,整行,1.0/154.0/154.0,,1921,,
1月,（一）手术室,字段不一致-单价,骨动力-带盒10件,1575911,单价,49.5,55.0,1934,1422,原始按器械数×基础单价(49.5)计费；处理后按标准价(55)计费
1月,（一）手术室,字段不一致-总价,骨动力-带盒10件,1575911,总价,49.5,55.0,1934,1422,原始按器械数×基础单价(49.5)计费；处理后按标准价(55)计费
1月,（一）手术室,缺失行,动力转换器-1/Z1526,1575919,整行,1.0/25.0/25.0,,1939,,
1月,（一）手术室,缺失行,施乐辉刨刀-1/z2530,1575919,整行,1.0/30.0/30.0,,1940,,
1月,（一）手术室,缺失行,348机器人-8件（带盒9件）,1575919,整行,1.0/154.0/154.0,,1941,,
1月,（一）手术室,缺失行,DMD3号镜头3件/W705060,1575919,整行,1.0/66.0/66.0,,1942,,
1月,（一）手术室,缺失行,新3光源-1（带盒两件）/W12050,1575919,整行,1.0/35.0/35.0,,1943,,
1月,（一）手术室,缺失行,偏瘫陈冲显微器械-15件（盒1）,1575928,整行,1.0/88.0/88.0,,1962,,
1月,（一）手术室,缺失行,刨刀-房玉立/Z2545,1575936,整行,1.0/30.0/30.0,,1971,,
1月,（一）手术室,缺失行,213机器人-8件（带盒9件）,1575936,整行,1.0/154.0/154.0,,1972,,
1月,（一）手术室,缺失行,DMD4号镜头3件/W705060,1575936,整行,1.0/66.0/66.0,,1973,,
1月,（一）手术室,缺失行,德美4K光源（3号）-1/W905060,1575936,整行,1.0/35.0/35.0,,1974,,
1月,（一）手术室,缺失行,德美新3镜头-1件/W605060,1575936,整行,1.0/35.0/35.0,,1975,,
1月,（一）手术室,缺失行,新1光源-1（带盒两件）/W12050,1575936,整行,1.0/35.0/35.0,,1976,,
1月,（一）手术室,缺失行,DMD刨刀-1/Z2550,1576090,整行,1.0/30.0/30.0,,1996,,
1月,（一）手术室,缺失行,213机器人-8件（带盒9件）,1576090,整行,1.0/154.0/154.0,,1997,,
1月,（一）手术室,缺失行,DMD2号镜头3件/W705060,1576090,整行,1.0/66.0/66.0,,1998,,
1月,（一）手术室,缺失行,DMD光源4号-1/W905060,1576090,整行,1.0/16.5/16.5,,1999,,
1月,（一）手术室,字段不一致-单价,德美2号刨刀-1/双/Z2550,1576166,单价,26.5,35.0,2011,1483,原始按器械数×基础单价(26.5)计费；处理后按标准价(35)计费
1月,（一）手术室,字段不一致-总价,德美2号刨刀-1/双/Z2550,1576166,总价,26.5,35.0,2011,1483,原始按器械数×基础单价(26.5)计费；处理后按标准价(35)计费
1月,（一）手术室,缺失行,0261机器人-8件（带盒9件）,1576166,整行,1.0/154.0/154.0,,2012,,
1月,（一）手术室,缺失行,218机器人-7件（带盒8件）,1576166,整行,1.0/132.0/132.0,,2013,,
1月,（一）手术室,缺失行,德美4K光源（1号）-1/W905060,1576166,整行,1.0/35.0/35.0,,2014,,
1月,（一）手术室,缺失行,德美4K镜头4号-4件/W905060,1576166,整行,1.0/88.0/88.0,,2015,,
1月,（一）手术室,缺失行,213机器人-8件（带盒9件）,1576208,整行,1.0/154.0/154.0,,2047,,
1月,（一）手术室,缺失行,348机器人-8件（带盒9件）,1576208,整行,1.0/154.0/154.0,,2048,,
1月,（一）手术室,缺失行,德美新1镜头-1件（盒1）,1576208,整行,1.0/35.0/35.0,,2049,,
1月,（一）手术室,缺失行,德美4K光源（3号）-1/W905060,1576208,整行,1.0/35.0/35.0,,2050,,
1月,（一）手术室,缺失行,德美新2镜头-1件/W605060,1576208,整行,1.0/11.0/11.0,,2051,,
1月,（一）手术室,字段不一致-单价,德美4K1号刨刀-1/W6050,1576220,单价,35.0,16.5,2061,1524,原始按器械数×基础单价(35)计费；处理后按标准价(16.5)计费
1月,（一）手术室,字段不一致-总价,德美4K1号刨刀-1/W6050,1576220,总价,35.0,16.5,2061,1524,原始按器械数×基础单价(35)计费；处理后按标准价(16.5)计费
1月,（一）手术室,缺失行,德美4K光源（2号）-1/W905060,1576221,整行,1.0/35.0/35.0,,2068,,
1月,（一）手术室,缺失行,0261机器人-8件（带盒9件）,1576413,整行,1.0/154.0/154.0,,2072,,
1月,（一）手术室,字段不一致-单价,骨动力-带盒10件,1576466,单价,49.5,55.0,2089,1550,原始按器械数×基础单价(49.5)计费；处理后按标准价(55)计费
1月,（一）手术室,字段不一致-总价,骨动力-带盒10件,1576466,总价,49.5,55.0,2089,1550,原始按器械数×基础单价(49.5)计费；处理后按标准价(55)计费
1月,（一）手术室,缺失行,施乐辉刨刀-1/z2530,1576498,整行,1.0/30.0/30.0,,2090,,
1月,（一）手术室,缺失行,348机器人-8件（带盒9件）,1576498,整行,1.0/154.0/154.0,,2091,,
1月,（一）手术室,缺失行,DMD1号镜头3件（盒1）/W705060,1576498,整行,1.0/66.0/66.0,,2092,,
1月,（一）手术室,缺失行,新3光源-1（带盒两件）/W12050,1576498,整行,1.0/35.0/35.0,,2093,,
1月,（一）手术室,缺失行,椎间孔镜头2号-1/W905060,1576498,整行,1.0/35.0/35.0,,2094,,
1月,（一）手术室,缺失行,房玉立取腱钳-1件/W5060,1576537,整行,1.0/16.5/16.5,,2104,,
1月,（一）手术室,缺失行,213机器人-8件（带盒9件）,1576540,整行,1.0/154.0/154.0,,2108,,
1月,（一）手术室,缺失行,德美4K光源（1号）-1/W905060,1576540,整行,1.0/35.0/35.0,,2109,,
1月,（一）手术室,缺失行,德美4K光源（3号）-1/W905060,1576540,整行,1.0/35.0/35.0,,2110,,
1月,（一）手术室,缺失行,德美新2镜头-1件/W605060,1576540,整行,1.0/11.0/11.0,,2111,,
1月,（一）手术室,缺失行,德美新3镜头-1件/W605060,1576540,整行,1.0/35.0/35.0,,2112,,
1月,（一）手术室,字段不一致-单价,骨动力-带盒10件,1576592,单价,49.5,55.0,2117,1567,原始按器械数×基础单价(49.5)计费；处理后按标准价(55)计费
1月,（一）手术室,字段不一致-总价,骨动力-带盒10件,1576592,总价,99.0,110.0,2117,1567,原始按器械数×基础单价(49.5)计费；处理后按标准价(55)计费
1月,（一）手术室,字段不一致-单价,德美4K1号刨刀-1/W6050,1576592,单价,35.0,16.5,2126,1576,原始按器械数×基础单价(35)计费；处理后按标准价(16.5)计费
1月,（一）手术室,字段不一致-总价,德美4K1号刨刀-1/W6050,1576592,总价,35.0,16.5,2126,1576,原始按器械数×基础单价(35)计费；处理后按标准价(16.5)计费
1月,（一）手术室,缺失行,DMD6号水管-2件/W505060,1576596,整行,1.0/11.0/11.0,,2134,,
1月,（一）手术室,缺失行,旧2刨刀-1/Z3040,1576596,整行,1.0/35.0/35.0,,2135,,
1月,（一）手术室,缺失行,0261机器人-8件（带盒9件）,1576596,整行,1.0/154.0/154.0,,2136,,
1月,（一）手术室,缺失行,475机器人-7件（带盒8件）,1576596,整行,1.0/132.0/132.0,,2137,,
1月,（一）手术室,缺失行,DMD6号镜头-1件,1576596,整行,1.0/35.0/35.0,,2138,,
1月,（一）手术室,缺失行,鞠超杰剪线器-1/W605060,1576596,整行,1.0/16.5/16.5,,2145,,
1月,（一）手术室,缺失行,刨刀-房玉立/Z2545,1576765,整行,1.0/30.0/30.0,,2152,,
1月,（一）手术室,缺失行,DMD2号镜头3件/W705060,1576765,整行,1.0/66.0/66.0,,2153,,
1月,（一）手术室,缺失行,新1光源-1（带盒两件）/W12050,1576765,整行,1.0/35.0/35.0,,2154,,
1月,（一）手术室,缺失行,新4光源-1（带盒两件）/W12050,1576765,整行,1.0/35.0/35.0,,2155,,
1月,（一）手术室,缺失行,旧2刨刀-1/Z3040,1576816,整行,1.0/35.0/35.0,,2167,,
1月,（一）手术室,缺失行,刨刀线-膝关节-旧1/Z2545,1576816,整行,1.0/44.0/44.0,,2168,,
1月,（一）手术室,缺失行,DMD5号镜头-3件,1576816,整行,1.0/66.0/66.0,,2169,,
1月,（一）手术室,缺失行,DMD光源2号-1（带盒）,1576816,整行,1.0/35.0/35.0,,2170,,
1月,（一）手术室,缺失行,DMD3号镜头3件/W705060,1576816,整行,1.0/66.0/66.0,,2171,,
1月,（一）手术室,缺失行,新3光源-1（带盒两件）/W12050,1576816,整行,1.0/35.0/35.0,,2172,,
1月,（一）手术室,字段不一致-单价,骨动力-带盒10件,1576860,单价,49.5,55.0,2177,1611,原始按器械数×基础单价(49.5)计费；处理后按标准价(55)计费
1月,（一）手术室,字段不一致-总价,骨动力-带盒10件,1576860,总价,99.0,110.0,2177,1611,原始按器械数×基础单价(49.5)计费；处理后按标准价(55)计费
1月,（一）手术室,缺失行,DMD刨刀-1/Z2550,1576860,整行,1.0/30.0/30.0,,2178,,
1月,（一）手术室,缺失行,鞠超杰-肩钩-5件/Z1030,1576860,整行,1.0/88.0/88.0,,2179,,
1月,（一）手术室,缺失行,348机器人-8件（带盒9件）,1576860,整行,1.0/154.0/154.0,,2180,,
1月,（一）手术室,缺失行,DMD4号镜头3件/W705060,1576860,整行,1.0/66.0/66.0,,2181,,
1月,（一）手术室,缺失行,DMD光源3号-1/W905060,1576860,整行,1.0/28.0/28.0,,2182,,
1月,（一）手术室,缺失行,DMD光源1号-1/W905060,1577099,整行,1.0/22.0/22.0,,2229,,
1月,（一）手术室,缺失行,DMD刨刀-1/Z2550,1577099,整行,1.0/30.0/30.0,,2230,,
1月,（一）手术室,缺失行,刨刀-房玉立/Z2545,1577099,整行,1.0/30.0/30.0,,2231,,
1月,（一）手术室,缺失行,施乐辉刨刀-1/z2530,1577099,整行,1.0/30.0/30.0,,2232,,
1月,（一）手术室,缺失行,0261机器人-8件（带盒9件）,1577099,整行,1.0/154.0/154.0,,2233,,
1月,（一）手术室,缺失行,218机器人-7件（带盒8件）,1577099,整行,1.0/132.0/132.0,,2234,,
1月,（一）手术室,缺失行,373机器人-7件（带盒8件）,1577099,整行,1.0/132.0/132.0,,2235,,
1月,（一）手术室,缺失行,DMD1号镜头3件（盒1）/W705060,1577099,整行,1.0/66.0/66.0,,2236,,
1月,（一）手术室,缺失行,DMD2号镜头3件/W705060,1577099,整行,1.0/66.0/66.0,,2239,,
1月,（一）手术室,缺失行,DMD4号镜头3件/W705060,1577099,整行,1.0/66.0/66.0,,2240,,
1月,（一）手术室,缺失行,DMD光源3号-1/W905060,1577099,整行,1.0/28.0/28.0,,2241,,
1月,（一）手术室,缺失行,新4光源-1（带盒两件）/W12050,1577099,整行,1.0/35.0/35.0,,2242,,
1月,（一）手术室,汇总不一致-总价,（一）手术室,,总价,284478.0,240878.5,8,8,
1月,（二）手术室,字段不一致-单价,尺-1/Z7530,1569268,单价,8.0,16.5,29,28,原始按器械数×基础单价(8)计费；处理后按标准价(16.5)计费
1月,（二）手术室,字段不一致-总价,尺-1/Z7530,1569268,总价,8.0,16.5,29,28,原始按器械数×基础单价(8)计费；处理后按标准价(16.5)计费
1月,（二）手术室,缺失行,骨一薛岩撑开器-1/Z1526,1569442,整行,2.0/11.0/22.0,,50,,
1月,（二）手术室,缺失行,骨一薛岩医生器械-4件/双Z2025,1569772,整行,1.0/88.0/88.0,,79,,
1月,（二）手术室,字段不一致-单价,尺-1/Z7530,1570103,单价,8.0,16.5,99,96,原始按器械数×基础单价(8)计费；处理后按标准价(16.5)计费
1月,（二）手术室,字段不一致-总价,尺-1/Z7530,1570103,总价,8.0,16.5,99,96,原始按器械数×基础单价(8)计费；处理后按标准价(16.5)计费
1月,（二）手术室,字段不一致-单价,扎皮机板-2件/z2025,1570103,单价,11.0,16.5,105,102,原始按器械数×基础单价(11)计费；处理后按标准价(16.5)计费
1月,（二）手术室,字段不一致-总价,扎皮机板-2件/z2025,1570103,总价,33.0,49.5,105,102,原始按器械数×基础单价(11)计费；处理后按标准价(16.5)计费
1月,（二）手术室,字段不一致-单价,尺-1/Z7530,1570123,单价,8.0,16.5,112,109,原始按器械数×基础单价(8)计费；处理后按标准价(16.5)计费
1月,（二）手术室,字段不一致-总价,尺-1/Z7530,1570123,总价,8.0,16.5,112,109,原始按器械数×基础单价(8)计费；处理后按标准价(16.5)计费
1月,（二）手术室,字段不一致-单价,尺-1/Z7530,1570485,单价,8.0,16.5,141,138,原始按器械数×基础单价(8)计费；处理后按标准价(16.5)计费
1月,（二）手术室,字段不一致-总价,尺-1/Z7530,1570485,总价,8.0,16.5,141,138,原始按器械数×基础单价(8)计费；处理后按标准价(16.5)计费
1月,（二）手术室,缺失行,骨一薛岩撑开器-1/Z1526,1570485,整行,2.0/11.0/22.0,,142,,
1月,（二）手术室,缺失行,薛岩手科凿子-5/Z6050,1570862,整行,1.0/27.5/27.5,,189,,
1月,（二）手术室,字段不一致-单价,尺-1/Z7530,1570909,单价,8.0,16.5,199,194,原始按器械数×基础单价(8)计费；处理后按标准价(16.5)计费
1月,（二）手术室,字段不一致-总价,尺-1/Z7530,1570909,总价,8.0,16.5,199,194,原始按器械数×基础单价(8)计费；处理后按标准价(16.5)计费
1月,（二）手术室,缺失行,聂广辰专用剪刀-1/Z1029,1571080,整行,1.0/8.0/8.0,,205,,
1月,（二）手术室,字段不一致-单价,尺-1/W605060,1571080,单价,8.0,16.5,213,207,原始按器械数×基础单价(8)计费；处理后按标准价(16.5)计费
1月,（二）手术室,字段不一致-总价,尺-1/W605060,1571080,总价,8.0,16.5,213,207,原始按器械数×基础单价(8)计费；处理后按标准价(16.5)计费
1月,（二）手术室,缺失行,骨一薛岩撑开器-1/Z1526,1571407,整行,1.0/11.0/11.0,,233,,
1月,（二）手术室,缺失行,聂广辰专用剪刀-1/Z1029,1571407,整行,1.0/8.0/8.0,,234,,
1月,（二）手术室,字段不一致-单价,尺-1/W605060,1571407,单价,8.0,16.5,240,232,原始按器械数×基础单价(8)计费；处理后按标准价(16.5)计费
1月,（二）手术室,字段不一致-总价,尺-1/W605060,1571407,总价,8.0,16.5,240,232,原始按器械数×基础单价(8)计费；处理后按标准价(16.5)计费
1月,（二）手术室,字段不一致-单价,尺-1/W605060,1571587,单价,8.0,16.5,269,261,原始按器械数×基础单价(8)计费；处理后按标准价(16.5)计费
1月,（二）手术室,字段不一致-总价,尺-1/W605060,1571587,总价,8.0,16.5,269,261,原始按器械数×基础单价(8)计费；处理后按标准价(16.5)计费
1月,（二）手术室,字段不一致-单价,尺-1/W605060,1571672,单价,8.0,16.5,286,278,原始按器械数×基础单价(8)计费；处理后按标准价(16.5)计费
1月,（二）手术室,字段不一致-总价,尺-1/W605060,1571672,总价,8.0,16.5,286,278,原始按器械数×基础单价(8)计费；处理后按标准价(16.5)计费
1月,（二）手术室,字段不一致-单价,尺-1/W605060,1572075,单价,8.0,16.5,322,314,原始按器械数×基础单价(8)计费；处理后按标准价(16.5)计费
1月,（二）手术室,字段不一致-总价,尺-1/W605060,1572075,总价,8.0,16.5,322,314,原始按器械数×基础单价(8)计费；处理后按标准价(16.5)计费
1月,（二）手术室,缺失行,聂广辰专用剪刀-1/Z1029,1572656,整行,1.0/8.0/8.0,,380,,
1月,（二）手术室,字段不一致-单价,尺-1/W605060,1572656,单价,8.0,16.5,385,376,原始按器械数×基础单价(8)计费；处理后按标准价(16.5)计费
1月,（二）手术室,字段不一致-总价,尺-1/W605060,1572656,总价,8.0,16.5,385,376,原始按器械数×基础单价(8)计费；处理后按标准价(16.5)计费
1月,（二）手术室,字段不一致-单价,尺-1/W605060,1572741,单价,8.0,16.5,402,393,原始按器械数×基础单价(8)计费；处理后按标准价(16.5)计费
1月,（二）手术室,字段不一致-总价,尺-1/W605060,1572741,总价,16.0,33.0,402,393,原始按器械数×基础单价(8)计费；处理后按标准价(16.5)计费
1月,（二）手术室,字段不一致-单价,尺-1/W605060,1573162,单价,8.0,16.5,453,444,原始按器械数×基础单价(8)计费；处理后按标准价(16.5)计费
1月,（二）手术室,字段不一致-总价,尺-1/W605060,1573162,总价,8.0,16.5,453,444,原始按器械数×基础单价(8)计费；处理后按标准价(16.5)计费
1月,（二）手术室,缺失行,聂广辰专用剪刀-1/Z1029,1573862,整行,1.0/8.0/8.0,,522,,
1月,（二）手术室,缺失行,骨一薛岩撑开器-1/Z1526,1574230,整行,2.0/11.0/22.0,,562,,
1月,（二）手术室,缺失行,薛岩手科凿子-5/Z6050,1574230,整行,1.0/27.5/27.5,,574,,
1月,（二）手术室,缺失行,骨一薛岩撑开器-1/Z1526,1574348,整行,1.0/11.0/11.0,,577,,
1月,（二）手术室,字段不一致-单价,尺-1/W605060,1574348,单价,8.0,16.5,582,569,原始按器械数×基础单价(8)计费；处理后按标准价(16.5)计费
1月,（二）手术室,字段不一致-总价,尺-1/W605060,1574348,总价,8.0,16.5,582,569,原始按器械数×基础单价(8)计费；处理后按标准价(16.5)计费
1月,（二）手术室,缺失行,聂广辰专用剪刀-1/Z1029,1574365,整行,1.0/8.0/8.0,,587,,
1月,（二）手术室,字段不一致-单价,尺-1/W605060,1574544,单价,8.0,16.5,622,608,原始按器械数×基础单价(8)计费；处理后按标准价(16.5)计费
1月,（二）手术室,字段不一致-总价,尺-1/W605060,1574544,总价,8.0,16.5,622,608,原始按器械数×基础单价(8)计费；处理后按标准价(16.5)计费
1月,（二）手术室,字段不一致-单价,扎皮机板-2件/z2025,1574682,单价,11.0,16.5,637,623,原始按器械数×基础单价(11)计费；处理后按标准价(16.5)计费
1月,（二）手术室,字段不一致-总价,扎皮机板-2件/z2025,1574682,总价,11.0,16.5,637,623,原始按器械数×基础单价(11)计费；处理后按标准价(16.5)计费
1月,（二）手术室,字段不一致-单价,尺-1/W605060,1574682,单价,8.0,16.5,641,627,原始按器械数×基础单价(8)计费；处理后按标准价(16.5)计费
1月,（二）手术室,字段不一致-总价,尺-1/W605060,1574682,总价,8.0,16.5,641,627,原始按器械数×基础单价(8)计费；处理后按标准价(16.5)计费
1月,（二）手术室,字段不一致-单价,扎皮机板-2件/z2025,1574702,单价,11.0,16.5,655,641,原始按器械数×基础单价(11)计费；处理后按标准价(16.5)计费
1月,（二）手术室,字段不一致-总价,扎皮机板-2件/z2025,1574702,总价,11.0,16.5,655,641,原始按器械数×基础单价(11)计费；处理后按标准价(16.5)计费
1月,（二）手术室,字段不一致-单价,尺-1/W605060,1575081,单价,8.0,16.5,685,671,原始按器械数×基础单价(8)计费；处理后按标准价(16.5)计费
1月,（二）手术室,字段不一致-总价,尺-1/W605060,1575081,总价,8.0,16.5,685,671,原始按器械数×基础单价(8)计费；处理后按标准价(16.5)计费
1月,（二）手术室,字段不一致-单价,尺-1/W605060,1575263,单价,8.0,16.5,704,690,原始按器械数×基础单价(8)计费；处理后按标准价(16.5)计费
1月,（二）手术室,字段不一致-总价,尺-1/W605060,1575263,总价,16.0,33.0,704,690,原始按器械数×基础单价(8)计费；处理后按标准价(16.5)计费
1月,（二）手术室,缺失行,聂广辰专用剪刀-1/Z1029,1575320,整行,1.0/8.0/8.0,,713,,
1月,（二）手术室,字段不一致-单价,尺-1/W605060,1575432,单价,8.0,16.5,736,721,原始按器械数×基础单价(8)计费；处理后按标准价(16.5)计费
1月,（二）手术室,字段不一致-总价,尺-1/W605060,1575432,总价,16.0,33.0,736,721,原始按器械数×基础单价(8)计费；处理后按标准价(16.5)计费
1月,（二）手术室,缺失行,聂广辰专用剪刀-1/Z1029,1575520,整行,1.0/8.0/8.0,,744,,
1月,（二）手术室,缺失行,聂广辰专用剪刀-1/Z1029,1575913,整行,1.0/8.0/8.0,,779,,
1月,（二）手术室,字段不一致-单价,尺-1/W605060,1576201,单价,8.0,16.5,825,808,原始按器械数×基础单价(8)计费；处理后按标准价(16.5)计费
1月,（二）手术室,字段不一致-总价,尺-1/W605060,1576201,总价,8.0,16.5,825,808,原始按器械数×基础单价(8)计费；处理后按标准价(16.5)计费
1月,（二）手术室,缺失行,聂广辰专用剪刀-1/Z1029,1576218,整行,1.0/8.0/8.0,,833,,
1月,（二）手术室,字段不一致-单价,尺-1/W605060,1576218,单价,8.0,16.5,838,820,原始按器械数×基础单价(8)计费；处理后按标准价(16.5)计费
1月,（二）手术室,字段不一致-总价,尺-1/W605060,1576218,总价,8.0,16.5,838,820,原始按器械数×基础单价(8)计费；处理后按标准价(16.5)计费
1月,（二）手术室,缺失行,骨一薛岩撑开器-1/Z1526,1576591,整行,1.0/11.0/11.0,,862,,
1月,（二）手术室,缺失行,聂广辰专用剪刀-1/Z1029,1576591,整行,1.0/8.0/8.0,,865,,
1月,（二）手术室,缺失行,聂广辰专用剪刀-1/Z1029,1577170,整行,1.0/8.0/8.0,,916,,
1月,（二）手术室,汇总不一致-总价,（二）手术室,,总价,67694.0,64934.5,11,10,
2月,ICU借包,多余行,孔巾1 纱布5/Z2025,1543653,整行,,1.0/2.5/2.5,,9,
2月,二手调骨一（一）器械,多余行,聂广辰专用解剖剪-1/Z1029,1577418,整行,,1.0/8.0/8.0,,9,
2月,二手调骨一（一）器械,多余行,聂广辰专用解剖剪-1/Z1029,1577699,整行,,1.0/8.0/8.0,,10,
2月,二手调骨一（一）器械,多余行,聂广辰专用解剖剪-1/Z1029,1578047,整行,,1.0/8.0/8.0,,11,
2月,二手调骨一（一）器械,多余行,聂广辰专用剪刀-1/Z1029,1579623,整行,,1.0/8.0/8.0,,12,
2月,二手调骨一（一）器械,多余行,聂广辰专用剪刀-1/Z1029,1580234,整行,,1.0/8.0/8.0,,13,
2月,二手调骨一（一）器械,多余行,聂广辰专用剪刀-1/Z1029,1581101,整行,,1.0/8.0/8.0,,14,
2月,二手调骨一（一）器械,多余行,聂广辰专用剪刀-1/Z1029,1581673,整行,,1.0/8.0/8.0,,15,
2月,二手调骨一（一）器械,多余行,聂广辰专用剪刀-1/Z1029,1581783,整行,,1.0/8.0/8.0,,16,
2月,二手调骨一（一）器械,多余行,聂广辰专用剪刀-1/Z1029,1581799,整行,,1.0/8.0/8.0,,17,
2月,二手调骨一（一）器械,多余行,聂广辰专用剪刀-1/Z1029,1581979,整行,,1.0/8.0/8.0,,18,
2月,二手调骨一（一）器械,多余行,薛岩单子大号/W9050,1582438,整行,,2.0/25.0/50.0,,19,
2月,二手调骨一（一）器械,多余行,薛岩单子中号/W9050,1582438,整行,,2.0/25.0/50.0,,20,
2月,二手调骨一（一）器械,多余行,骨一薛岩撑开器-1/Z1526,1582635,整行,,1.0/11.0/11.0,,21,
2月,二手调骨一（一）器械,多余行,聂广辰专用解剖剪-1/Z1029,1582767,整行,,2.0/8.0/16.0,,22,
2月,二手调骨一（一）器械,多余行,聂广辰专用解剖剪-1/Z1029,1583080,整行,,1.0/8.0/8.0,,23,
2月,创伤外科低温,多余行,475机器人-7件（带盒8件）,1579579,整行,,1.0/132.0/132.0,,9,
2月,口内借包,多余行,棉球/Z1530,1578255,整行,,10.0/2.5/25.0,,9,
2月,口外借包,多余行,棉球/Z1530,1578255,整行,,10.0/2.5/25.0,,9,
2月,外二借包,多余行,切开包-8件,1579440,整行,,2.0/44.0/88.0,,9,
2月,急诊借包,多余行,切开包-8件,1577333,整行,,6.0/44.0/264.0,,9,
2月,急诊借包,多余行,切开包-8件,1577681,整行,,5.0/44.0/220.0,,10,
2月,急诊借包,多余行,切开包-8件,1578049,整行,,7.0/44.0/308.0,,11,
2月,急诊借包,多余行,切开包-8件,1578892,整行,,3.0/44.0/132.0,,12,
2月,急诊借包,多余行,切开包-8件,1579070,整行,,5.0/44.0/220.0,,13,
2月,急诊借包,多余行,切开包-8件,1579111,整行,,1.0/44.0/44.0,,14,
2月,急诊借包,多余行,切开包-8件,1579129,整行,,3.0/44.0/132.0,,15,
2月,急诊借包,多余行,切开包-8件,1579165,整行,,2.0/44.0/88.0,,16,
2月,急诊借包,多余行,切开包-8件,1579517,整行,,4.0/44.0/176.0,,17,
2月,急诊借包,多余行,切开包-8件,1579625,整行,,4.0/44.0/176.0,,18,
2月,急诊借包,多余行,切开包-8件,1579944,整行,,2.0/44.0/88.0,,19,
2月,急诊借包,多余行,切开包-8件,1580284,整行,,2.0/44.0/88.0,,20,
2月,急诊借包,多余行,切开包-8件,1581000,整行,,7.0/44.0/308.0,,21,
2月,急诊借包,多余行,切开包-8件,1581259,整行,,3.0/44.0/132.0,,22,
2月,急诊借包,多余行,切开包-8件,1581311,整行,,9.0/44.0/396.0,,23,
2月,急诊借包,多余行,切开包-8件,1581977,整行,,2.0/44.0/88.0,,24,
2月,急诊借包,多余行,切开包-8件,1582326,整行,,3.0/44.0/132.0,,25,
2月,急诊借包,多余行,切开包-8件,1582647,整行,,3.0/44.0/132.0,,26,
2月,急诊借包,多余行,切开包-8件,1582813,整行,,2.0/44.0/88.0,,27,
2月,急诊借包,多余行,切开包-8件,1583021,整行,,5.0/44.0/220.0,,28,
2月,急诊借包,多余行,切开包-8件,1583091,整行,,6.0/44.0/264.0,,29,
2月,手术室调偏瘫,多余行,偏瘫陈冲显微器械-15件（盒1）,1580747,整行,,1.0/88.0/88.0,,9,
2月,手术室调偏瘫,多余行,偏瘫陈冲显微器械-15件（盒1）,1581309,整行,,1.0/88.0/88.0,,10,
2月,手术室调偏瘫,多余行,偏瘫陈冲显微器械-15件（盒1）,1582810,整行,,1.0/88.0/88.0,,11,
2月,手术室调骨九,多余行,鞠超杰肩袖缝合钩-3件/W605060,1577332,整行,,1.0/16.5/16.5,,9,
2月,手术室调骨九,多余行,于洪文器械-2件/W505060,1577343,整行,,1.0/16.5/16.5,,10,
2月,手术室调骨九,多余行,鞠超杰剪线器-1/W605060,1578312,整行,,1.0/16.5/16.5,,11,
2月,手术室调骨九,多余行,鞠定向器-2件/W505060,1578312,整行,,1.0/16.5/16.5,,12,
2月,手术室调骨九,多余行,骨九张伟四件,1579980,整行,,1.0/22.0/22.0,,13,
2月,手术室调骨九,多余行,鞠超杰剪线器-1/W605060,1582767,整行,,1.0/16.5/16.5,,14,
2月,手术室调骨九,多余行,鞠超杰肩钩-3/W605060,1582810,整行,,1.0/16.5/16.5,,15,
2月,手术室调骨四,多余行,骨四宋晓辉椎间孔器械,1581800,整行,,1.0/181.5/181.5,,9,
2月,烧伤三借包,多余行,切开包-8件,1579440,整行,,1.0/44.0/44.0,,9,
2月,烧伤二科,字段不一致-单价,支气管软镜-5件/双/Z3095,1578822,单价,300.0,88.0,15,15,原始按器械数×基础单价(300)计费；处理后按标准价(88)计费
2月,烧伤二科,字段不一致-总价,支气管软镜-5件/双/Z3095,1578822,总价,300.0,88.0,15,15,原始按器械数×基础单价(300)计费；处理后按标准价(88)计费
2月,烧伤二科,字段不一致-单价,支气管软镜-5件/双/Z3095,1579888,单价,300.0,88.0,28,28,原始按器械数×基础单价(300)计费；处理后按标准价(88)计费
2月,烧伤二科,字段不一致-总价,支气管软镜-5件/双/Z3095,1579888,总价,300.0,88.0,28,28,原始按器械数×基础单价(300)计费；处理后按标准价(88)计费
2月,烧伤二科,汇总不一致-总价,烧伤二科,,总价,1474.5,1050.5,8,8,
2月,烧伤二科借包,多余行,气管套管10号-3/Z1020,1582813,整行,,1.0/16.5/16.5,,9,
2月,耳门借包,多余行,棉球/Z1530,1578255,整行,,20.0/2.5/50.0,,9,
2月,肾内借包,多余行,切开包-8件,1579360,整行,,2.0/44.0/88.0,,9,
2月,胸外低温,多余行,气腹管1单极线1/Z3045,1579306,整行,,1.0/44.0/44.0,,9,
2月,胸外低温,多余行,外妇通用光源线-1/Z2545,1579306,整行,,1.0/30.0/30.0,,10,
2月,胸外低温,多余行,妇腔镜器械-17（铁帽3胶帽8）,1579306,整行,,1.0/300.0/300.0,,11,
2月,胸外低温,多余行,腹腔镜戳卡-10件/W1205060,1579306,整行,,1.0/165.0/165.0,,12,
2月,胸外低温,多余行,镜头-腹腔镜30°-1/W9050,1579306,整行,,1.0/35.0/35.0,,13,
2月,胸外低温,多余行,腔内超声-2/w1550,1581172,整行,,1.0/44.0/44.0,,14,
2月,胸外低温,多余行,胸外光源线-1件/Z2530,1581249,整行,,1.0/30.0/30.0,,15,
2月,胸外低温,多余行,胸外镜头-1（盒1）W9050,1581249,整行,,1.0/35.0/35.0,,16,
2月,胸外低温,多余行,胸外镜头30°-1（盒1）W9050,1581249,整行,,1.0/35.0/35.0,,17,
2月,胸外低温,多余行,安速康超声刀手柄1线1/Z2530,1581454,整行,,1.0/44.0/44.0,,18,
2月,胸外低温,多余行,腔内超声-2/w1550,1581454,整行,,1.0/44.0/44.0,,19,
2月,胸外低温,多余行,安速康超声刀手柄1线1/Z2530,1581635,整行,,2.0/44.0/88.0,,20,
2月,胸外低温,多余行,胸外盖冠男电钩2线1/Z2050,1581635,整行,,1.0/66.0/66.0,,21,
2月,胸外低温,多余行,胸外镜头-1（盒1）W9050,1581635,整行,,1.0/35.0/35.0,,22,
2月,胸外低温,多余行,胸外镜头30°-1（盒1）W9050,1581635,整行,,1.0/35.0/35.0,,23,
2月,胸外借包,多余行,切开包-8件,1578601,整行,,2.0/44.0/88.0,,9,
2月,骨一一低温,多余行,史赛克无线摆锯-4/Z2030,1581404,整行,,1.0/88.0/88.0,,9,
2月,骨一一借包,多余行,切开包-8件,1579248,整行,,1.0/44.0/44.0,,9,
2月,骨一二低温,多余行,218机器人-7件（带盒8件）,1580071,整行,,1.0/132.0/132.0,,9,
2月,骨一二低温,多余行,475机器人-7件（带盒8件）,1580228,整行,,1.0/132.0/132.0,,10,
2月,骨七低温,多余行,475机器人-7件（带盒8件）,1579486,整行,,1.0/132.0/132.0,,9,
2月,骨七低温,多余行,373机器人-7件（带盒8件）,1579624,整行,,1.0/132.0/132.0,,10,
2月,骨九低温,多余行,郝松楠镜头-1/W605060,1577223,整行,,1.0/35.0/35.0,,9,
2月,骨九低温,多余行,德美4K光源（1号）-1/W905060,1577704,整行,,1.0/35.0/35.0,,10,
2月,骨九低温,多余行,德美新2镜头-1件/W605060,1577704,整行,,1.0/35.0/35.0,,11,
2月,骨九低温,多余行,373机器人-7件（带盒8件）,1577740,整行,,1.0/132.0/132.0,,12,
2月,骨九低温,多余行,213机器人-8件（带盒9件）,1577925,整行,,1.0/154.0/154.0,,13,
2月,骨九低温,多余行,475机器人-7件（带盒8件）,1578051,整行,,1.0/132.0/132.0,,14,
2月,骨九低温,多余行,DMD光源1号-1/W905060,1578275,整行,,1.0/35.0/35.0,,15,
2月,骨九低温,多余行,DMD刨刀-1/Z2550,1578275,整行,,1.0/30.0/30.0,,16,
2月,骨九低温,多余行,DMD2号镜头3件/W705060,1578275,整行,,1.0/66.0/66.0,,17,
2月,骨九低温,多余行,德美新1镜头-1件（盒1）,1580036,整行,,1.0/35.0/35.0,,18,
2月,骨九低温,多余行,德美4K光源（1号）-1/W905060,1580036,整行,,1.0/35.0/35.0,,19,
2月,骨九低温,多余行,德美新2镜头-1件/W605060,1580036,整行,,1.0/35.0/35.0,,20,
2月,骨九低温,多余行,新3光源-1（带盒两件）/W12050,1580036,整行,,1.0/35.0/35.0,,21,
2月,骨九低温,多余行,DMD光源1号-1/W905060,1580062,整行,,1.0/35.0/35.0,,22,
2月,骨九低温,多余行,DMD刨刀-1/Z2550,1580062,整行,,1.0/30.0/30.0,,23,
2月,骨九低温,多余行,DMD3号镜头3件/W705060,1580062,整行,,1.0/66.0/66.0,,24,
2月,骨九低温,多余行,旧2刨刀-1/Z3040,1580071,整行,,1.0/35.0/35.0,,25,
2月,骨九低温,多余行,DMD1号镜头3件（盒1）/W705060,1580071,整行,,1.0/66.0/66.0,,26,
2月,骨九低温,多余行,DMD光源3号-1/W905060,1580071,整行,,1.0/35.0/35.0,,27,
2月,骨九低温,多余行,373机器人-7件（带盒8件）,1580228,整行,,1.0/132.0/132.0,,28,
2月,骨九低温,多余行,DMD光源1号-1/W905060,1580321,整行,,1.0/35.0/35.0,,29,
2月,骨九低温,多余行,DMD刨刀-1/Z2550,1580321,整行,,1.0/30.0/30.0,,30,
2月,骨九低温,多余行,DMD2号镜头3件/W705060,1580321,整行,,1.0/66.0/66.0,,31,
2月,骨九低温,多余行,德美新1镜头-1件（盒1）,1580440,整行,,1.0/35.0/35.0,,32,
2月,骨九低温,多余行,德美4K光源（1号）-1/W905060,1580440,整行,,1.0/35.0/35.0,,33,
2月,骨九低温,多余行,DMD刨刀-1/Z2550,1580768,整行,,1.0/30.0/30.0,,34,
2月,骨九低温,多余行,DMD光源2号-1（带盒）,1580768,整行,,1.0/35.0/35.0,,35,
2月,骨九低温,多余行,DMD4号镜头3件/W705060,1580774,整行,,1.0/66.0/66.0,,36,
2月,骨九低温,多余行,DMD光源1号-1/W905060,1581103,整行,,1.0/35.0/35.0,,37,
2月,骨九低温,多余行,DMD刨刀-1/Z2550,1581103,整行,,1.0/30.0/30.0,,38,
2月,骨九低温,多余行,DMD4号镜头3件/W705060,1581103,整行,,1.0/66.0/66.0,,39,
2月,骨九低温,多余行,刨刀-房玉立/Z2545,1581404,整行,,1.0/30.0/30.0,,40,
2月,骨九低温,多余行,DMD2号镜头3件/W705060,1581404,整行,,1.0/66.0/66.0,,41,
2月,骨九低温,多余行,DMD光源4号-1/W905060,1581404,整行,,1.0/35.0/35.0,,42,
2月,骨九低温,多余行,DMD刨刀-1/Z2550,1581495,整行,,1.0/30.0/30.0,,43,
2月,骨九低温,多余行,DMD3号镜头3件/W705060,1581495,整行,,1.0/66.0/66.0,,44,
2月,骨九低温,多余行,DMD光源3号-1/W905060,1581495,整行,,1.0/35.0/35.0,,45,
2月,骨九低温,多余行,373机器人-7件（带盒8件）,1581942,整行,,1.0/132.0/132.0,,46,
2月,骨九低温,多余行,德美新1镜头-1件（盒1）,1581942,整行,,1.0/35.0/35.0,,47,
2月,骨九低温,多余行,德美4K光源（1号）-1/W905060,1581942,整行,,1.0/35.0/35.0,,48,
2月,骨九低温,多余行,旧2刨刀-1/Z3040,1581998,整行,,1.0/35.0/35.0,,49,
2月,骨九低温,多余行,新5光源-1件（盒1）/W905060,1581998,整行,,1.0/35.0/35.0,,50,
2月,骨九低温,多余行,新4镜头-3件 盒1/W6050,1581998,整行,,1.0/66.0/66.0,,51,
2月,骨九低温,多余行,刨刀-房玉立/Z2545,1582056,整行,,1.0/30.0/30.0,,52,
2月,骨九低温,多余行,新1镜头-3件(无转换帽)/W9050,1582056,整行,,1.0/66.0/66.0,,53,
2月,骨九低温,多余行,新3光源-1（带盒两件）/W12050,1582056,整行,,1.0/35.0/35.0,,54,
2月,骨九低温,多余行,施乐辉刨刀-1/z2530,1582112,整行,,1.0/30.0/30.0,,55,
2月,骨九低温,多余行,DMD1号镜头3件（盒1）/W705060,1582112,整行,,1.0/66.0/66.0,,56,
2月,骨九低温,多余行,DMD光源4号-1/W905060,1582112,整行,,1.0/35.0/35.0,,57,
2月,骨九低温,多余行,DMD1号镜头3件（盒1）/W705060,1582347,整行,,1.0/66.0/66.0,,58,
2月,骨九低温,多余行,DMD刨刀-1/Z2550,1582374,整行,,1.0/30.0/30.0,,59,
2月,骨九低温,多余行,旧2刨刀-1/Z3040,1582374,整行,,1.0/35.0/35.0,,60,
2月,骨九低温,多余行,DMD光源2号-1（带盒）,1582374,整行,,1.0/35.0/35.0,,61,
2月,骨九低温,多余行,DMD3号镜头3件/W705060,1582374,整行,,1.0/66.0/66.0,,62,
2月,骨九低温,多余行,DMD光源3号-1/W905060,1582374,整行,,1.0/35.0/35.0,,63,
2月,骨九低温,多余行,刨刀-房玉立/Z2545,1582462,整行,,1.0/30.0/30.0,,64,
2月,骨九低温,多余行,施乐辉刨刀-1/z2530,1582462,整行,,1.0/30.0/30.0,,65,
2月,骨九低温,多余行,218机器人-7件（带盒8件）,1582462,整行,,1.0/132.0/132.0,,66,
2月,骨九低温,多余行,DMD光源4号-1/W905060,1582462,整行,,1.0/35.0/35.0,,67,
2月,骨九低温,多余行,德美新2镜头-1件/W605060,1582462,整行,,1.0/35.0/35.0,,68,
2月,骨九低温,多余行,新3光源-1（带盒两件）/W12050,1582462,整行,,1.0/35.0/35.0,,69,
2月,骨九低温,多余行,德美新1镜头-1件（盒1）,1582646,整行,,1.0/35.0/35.0,,70,
2月,骨九低温,多余行,德美4K光源（1号）-1/W905060,1582646,整行,,1.0/35.0/35.0,,71,
2月,骨九低温,多余行,德美新2镜头-1件/W605060,1582722,整行,,1.0/35.0/35.0,,72,
2月,骨九低温,多余行,德美4K光源（2号）-1/W905060,1582745,整行,,1.0/35.0/35.0,,73,
2月,骨九低温,多余行,德美4K光源（3号）-1/W905060,1582745,整行,,1.0/35.0/35.0,,74,
2月,骨九低温,多余行,德美新3镜头-1件/W605060,1582745,整行,,1.0/35.0/35.0,,75,
2月,骨九借包,多余行,切开包-8件,1578601,整行,,1.0/44.0/44.0,,9,
2月,骨二低温,多余行,五官电钻-1,1577223,整行,,1.0/30.0/30.0,,9,
2月,骨二低温,多余行,新史赛克手控加件-1,1577704,整行,,1.0/22.0/22.0,,10,
2月,骨二低温,多余行,史赛克无线摆锯-4/Z2030,1579109,整行,,1.0/88.0/88.0,,11,
2月,骨二低温,多余行,218机器人-7件（带盒8件）,1579193,整行,,1.0/132.0/132.0,,12,
2月,骨二低温,多余行,475机器人-7件（带盒8件）,1579193,整行,,1.0/132.0/132.0,,13,
2月,骨二低温,多余行,373机器人-7件（带盒8件）,1579262,整行,,1.0/132.0/132.0,,14,
2月,骨二低温,多余行,新史赛克手控加件-1,1580768,整行,,1.0/22.0/22.0,,15,
2月,骨二低温,多余行,218机器人-7件（带盒8件）,1581103,整行,,1.0/132.0/132.0,,16,
2月,骨二低温,多余行,373机器人-7件（带盒8件）,1581635,整行,,1.0/132.0/132.0,,17,
2月,骨二低温,多余行,新史赛克手控加件-1,1582374,整行,,1.0/22.0/22.0,,18,
2月,骨二借包,多余行,切开包-8件,1579297,整行,,1.0/44.0/44.0,,9,
2月,骨五低温,多余行,475机器人-7件（带盒8件）,1577600,整行,,1.0/132.0/132.0,,9,
2月,骨五低温,多余行,373机器人-7件（带盒8件）,1579109,整行,,1.0/132.0/132.0,,10,
2月,骨五低温,多余行,218机器人-7件（带盒8件）,1579579,整行,,1.0/132.0/132.0,,11,
2月,骨五低温,多余行,475机器人-7件（带盒8件）,1579723,整行,,1.0/132.0/132.0,,12,
2月,骨五低温,多余行,动力转换器-1/Z1526,1581404,整行,,1.0/25.0/25.0,,13,
2月,骨五低温,多余行,218机器人-7件（带盒8件）,1581800,整行,,1.0/132.0/132.0,,14,
2月,骨五低温,多余行,475机器人-7件（带盒8件）,1581800,整行,,1.0/132.0/132.0,,15,
2月,骨八低温,多余行,218机器人-7件（带盒8件）,1578051,整行,,1.0/132.0/132.0,,9,
2月,骨八低温,多余行,373机器人-7件（带盒8件）,1578275,整行,,1.0/132.0/132.0,,10,
2月,骨八低温,多余行,475机器人-7件（带盒8件）,1578344,整行,,1.0/132.0/132.0,,11,
2月,骨八低温,多余行,218机器人-7件（带盒8件）,1579109,整行,,1.0/132.0/132.0,,12,
2月,骨八低温,多余行,373机器人-7件（带盒8件）,1579162,整行,,1.0/132.0/132.0,,13,
2月,骨八低温,多余行,373机器人-7件（带盒8件）,1580440,整行,,1.0/132.0/132.0,,14,
2月,骨八低温,多余行,475机器人-7件（带盒8件）,1580942,整行,,1.0/132.0/132.0,,15,
2月,骨八低温,多余行,218机器人-7件（带盒8件）,1581717,整行,,1.0/132.0/132.0,,16,
2月,骨八低温,多余行,373机器人-7件（带盒8件）,1582347,整行,,1.0/132.0/132.0,,17,
2月,骨八低温,多余行,475机器人-7件（带盒8件）,1582347,整行,,1.0/132.0/132.0,,18,
2月,骨六低温,多余行,218机器人-7件（带盒8件）,1577418,整行,,1.0/132.0/132.0,,9,
2月,骨六低温,多余行,施乐辉刨刀-1/z2530,1577680,整行,,1.0/30.0/30.0,,10,
2月,骨六低温,多余行,DMD1号镜头3件（盒1）/W705060,1577680,整行,,1.0/66.0/66.0,,11,
2月,骨六低温,多余行,新4光源-1（带盒两件）/W12050,1577680,整行,,1.0/35.0/35.0,,12,
2月,骨六低温,多余行,施乐辉刨刀-1/z2530,1578608,整行,,1.0/30.0/30.0,,13,
2月,骨六低温,多余行,DMD3号镜头3件/W705060,1578608,整行,,1.0/66.0/66.0,,14,
2月,骨六低温,多余行,新3光源-1（带盒两件）/W12050,1578608,整行,,1.0/35.0/35.0,,15,
2月,骨六低温,多余行,刨刀线-膝关节-旧1/Z2545,1579723,整行,,1.0/44.0/44.0,,16,
2月,骨六低温,多余行,DMD1号镜头3件（盒1）/W705060,1579723,整行,,1.0/66.0/66.0,,17,
2月,骨六低温,多余行,新3光源-1（带盒两件）/W12050,1579723,整行,,1.0/35.0/35.0,,18,
2月,骨六低温,多余行,新4刨刀-1件/Z2550,1580036,整行,,1.0/30.0/30.0,,19,
2月,骨六低温,多余行,DMD2号镜头3件/W705060,1580036,整行,,1.0/66.0/66.0,,20,
2月,骨六低温,多余行,德美4K光源（3号）-1/W905060,1580036,整行,,1.0/35.0/35.0,,21,
2月,骨六低温,多余行,旧2刨刀-1/Z3040,1580440,整行,,1.0/35.0/35.0,,22,
2月,骨六低温,多余行,刨刀线-膝关节-施乐辉/Z2545,1580440,整行,,1.0/30.0/30.0,,23,
2月,骨六低温,多余行,218机器人-7件（带盒8件）,1580440,整行,,1.0/132.0/132.0,,24,
2月,骨六低温,多余行,DMD5号镜头-3件,1580440,整行,,1.0/66.0/66.0,,25,
2月,骨六低温,多余行,DMD4号镜头3件/W705060,1580440,整行,,1.0/66.0/66.0,,26,
2月,骨六低温,多余行,新4光源-1（带盒两件）/W12050,1580440,整行,,1.0/35.0/35.0,,27,
2月,骨六低温,多余行,刨刀-房玉立/Z2545,1580602,整行,,1.0/30.0/30.0,,28,
2月,骨六低温,多余行,DMD1号镜头3件（盒1）/W705060,1580602,整行,,1.0/66.0/66.0,,29,
2月,骨六低温,多余行,新1光源-1（带盒两件）/W12050,1580602,整行,,1.0/35.0/35.0,,30,
2月,骨六低温,多余行,新3光源-1（带盒两件）/W12050,1580602,整行,,1.0/35.0/35.0,,31,
2月,骨六低温,多余行,新3刨刀-1件/Z2550,1580613,整行,,1.0/30.0/30.0,,32,
2月,骨六低温,多余行,DMD光源2号-1（带盒）,1580613,整行,,1.0/35.0/35.0,,33,
2月,骨六低温,多余行,DMD3号镜头3件/W705060,1580613,整行,,1.0/66.0/66.0,,34,
2月,骨六低温,多余行,旧2刨刀-1/Z3040,1580768,整行,,1.0/35.0/35.0,,35,
2月,骨六低温,多余行,DMD2号镜头3件/W705060,1580768,整行,,1.0/66.0/66.0,,36,
2月,骨六低温,多余行,DMD光源3号-1/W905060,1580768,整行,,1.0/35.0/35.0,,37,
2月,骨六低温,多余行,DMD光源1号-1/W905060,1580774,整行,,1.0/35.0/35.0,,38,
2月,骨六低温,多余行,新1 刨刀-1件/Z2545,1580774,整行,,1.0/30.0/30.0,,39,
2月,骨六低温,多余行,DMD5号镜头-3件,1580774,整行,,1.0/66.0/66.0,,40,
2月,骨六低温,多余行,DMD6号水管-2件/W505060,1580942,整行,,1.0/44.0/44.0,,41,
2月,骨六低温,多余行,刨刀-房玉立/Z2545,1580942,整行,,1.0/30.0/30.0,,42,
2月,骨六低温,多余行,新4刨刀-1件/Z2550,1580942,整行,,1.0/30.0/30.0,,43,
2月,骨六低温,多余行,DMD6号镜头-1件,1580942,整行,,1.0/35.0/35.0,,44,
2月,骨六低温,多余行,DMD光源4号-1/W905060,1580942,整行,,1.0/35.0/35.0,,45,
2月,骨六低温,多余行,史赛克无线摆锯-4/Z2030,1581249,整行,,1.0/88.0/88.0,,46,
2月,骨六低温,多余行,新1镜头-3件(无转换帽)/W9050,1581417,整行,,1.0/66.0/66.0,,47,
2月,骨六低温,多余行,新4镜头-3件 盒1/W6050,1581417,整行,,1.0/66.0/66.0,,48,
2月,骨六低温,多余行,施乐辉刨刀-1/z2530,1581495,整行,,1.0/30.0/30.0,,49,
2月,骨六低温,多余行,218机器人-7件（带盒8件）,1581495,整行,,1.0/132.0/132.0,,50,
2月,骨六低温,多余行,DMD1号镜头3件（盒1）/W705060,1581495,整行,,1.0/66.0/66.0,,51,
2月,骨六低温,多余行,新5光源-1件（盒1）/W905060,1581495,整行,,1.0/35.0/35.0,,52,
2月,骨六低温,多余行,动力转换器-1/Z1526,1581717,整行,,1.0/25.0/25.0,,53,
2月,骨六低温,多余行,新5光源-1件（盒1）/W905060,1582347,整行,,1.0/35.0/35.0,,54,
2月,骨六低温,多余行,新1镜头-3件(无转换帽)/W9050,1582347,整行,,1.0/66.0/66.0,,55,
2月,骨六低温,多余行,刨刀线-膝关节-旧1/Z2545,1582374,整行,,1.0/44.0/44.0,,56,
2月,骨六低温,多余行,新4镜头-3件 盒1/W6050,1582374,整行,,1.0/66.0/66.0,,57,
2月,骨六低温,多余行,DMD刨刀-1/Z2550,1582722,整行,,1.0/30.0/30.0,,58,
2月,骨六低温,多余行,旧2刨刀-1/Z3040,1582722,整行,,1.0/35.0/35.0,,59,
2月,骨六低温,多余行,DMD3号镜头3件/W705060,1582722,整行,,1.0/66.0/66.0,,60,
2月,骨六低温,多余行,DMD光源3号-1/W905060,1582722,整行,,1.0/35.0/35.0,,61,
2月,骨六低温,多余行,新1光源-1（带盒两件）/W12050,1582722,整行,,1.0/35.0/35.0,,62,
2月,骨六低温,多余行,新1镜头-3件(无转换帽)/W9050,1582722,整行,,1.0/66.0/66.0,,63,
2月,骨六低温,多余行,新5光源-1件（盒1）/W905060,1582745,整行,,1.0/35.0/35.0,,64,
2月,骨六低温,多余行,DMD4号镜头3件/W705060,1582745,整行,,1.0/66.0/66.0,,65,
2月,骨六低温,多余行,新1 刨刀-1件/Z2545,1582810,整行,,1.0/30.0/30.0,,66,
2月,骨十一低温,多余行,475机器人-7件（带盒8件）,1577414,整行,,1.0/132.0/132.0,,9,
2月,骨十一低温,多余行,373机器人-7件（带盒8件）,1577418,整行,,1.0/132.0/132.0,,10,
2月,骨十一低温,多余行,218机器人-7件（带盒8件）,1578344,整行,,1.0/132.0/132.0,,11,
2月,骨十一低温,多余行,218机器人-7件（带盒8件）,1578683,整行,,1.0/132.0/132.0,,12,
2月,骨十一低温,多余行,475机器人-7件（带盒8件）,1578973,整行,,1.0/132.0/132.0,,13,
2月,骨十一低温,多余行,475机器人-7件（带盒8件）,1579109,整行,,1.0/132.0/132.0,,14,
2月,骨十一低温,多余行,475机器人-7件（带盒8件）,1579262,整行,,1.0/132.0/132.0,,15,
2月,骨十一低温,多余行,史赛克无线摆锯-4/Z2030,1582810,整行,,1.0/88.0/88.0,,16,
2月,骨十低温,多余行,新史赛克手控加件-1,1582112,整行,,1.0/22.0/22.0,,9,
2月,骨四二低温,多余行,348机器人-8件（带盒9件）,1577305,整行,,1.0/154.0/154.0,,9,
2月,骨四二低温,多余行,348机器人-8件（带盒9件）,1577740,整行,,1.0/154.0/154.0,,10,
2月,骨四二低温,多余行,213机器人-8件（带盒9件）,1578275,整行,,1.0/154.0/154.0,,11,
2月,骨四二低温,多余行,348机器人-8件（带盒9件）,1578973,整行,,1.0/154.0/154.0,,12,
2月,骨四二低温,多余行,0261机器人-8件（带盒9件）,1579193,整行,,1.0/154.0/154.0,,13,
2月,骨四二低温,多余行,0261机器人-8件（带盒9件）,1579306,整行,,1.0/154.0/154.0,,14,
2月,骨四二低温,多余行,0261机器人-8件（带盒9件）,1579486,整行,,1.0/154.0/154.0,,15,
2月,骨四二低温,多余行,348机器人-8件（带盒9件）,1579486,整行,,1.0/154.0/154.0,,16,
2月,骨四二低温,多余行,0261机器人-8件（带盒9件）,1580613,整行,,1.0/154.0/154.0,,17,
2月,骨四二低温,多余行,213机器人-8件（带盒9件）,1581026,整行,,1.0/154.0/154.0,,18,
2月,骨四二低温,多余行,348机器人-8件（带盒9件）,1581404,整行,,1.0/154.0/154.0,,19,
2月,骨四二低温,多余行,0261机器人-8件（带盒9件）,1581695,整行,,1.0/154.0/154.0,,20,
2月,骨四二低温,多余行,0261机器人-8件（带盒9件）,1581800,整行,,1.0/154.0/154.0,,21,
2月,骨四二低温,多余行,348机器人-8件（带盒9件）,1581942,整行,,1.0/154.0/154.0,,22,
2月,骨四二低温,多余行,348机器人-8件（带盒9件）,1582745,整行,,1.0/154.0/154.0,,23,
2月,骨四二低温,多余行,0261机器人-8件（带盒9件）,1582810,整行,,1.0/154.0/154.0,,24,
2月,骨四低温,多余行,0261机器人-8件（带盒9件）,1577223,整行,,1.0/154.0/154.0,,9,
2月,骨四低温,多余行,213机器人-8件（带盒9件）,1577305,整行,,1.0/154.0/154.0,,10,
2月,骨四低温,多余行,骨四（一）兰青常备光源线-1件/Z2530,1577345,整行,,1.0/30.0/30.0,,11,
2月,骨四低温,多余行,骨四（一）兰青磨头-1件/Z1026,1577345,整行,,1.0/22.0/22.0,,12,
2月,骨四低温,多余行,0261机器人-8件（带盒9件）,1577414,整行,,1.0/154.0/154.0,,13,
2月,骨四低温,多余行,0261机器人-8件（带盒9件）,1577600,整行,,1.0/154.0/154.0,,14,
2月,骨四低温,多余行,213机器人-8件（带盒9件）,1577600,整行,,1.0/154.0/154.0,,15,
2月,骨四低温,多余行,348机器人-8件（带盒9件）,1577680,整行,,1.0/154.0/154.0,,16,
2月,骨四低温,多余行,0261机器人-8件（带盒9件）,1577704,整行,,1.0/154.0/154.0,,17,
2月,骨四低温,多余行,213机器人-8件（带盒9件）,1577704,整行,,1.0/154.0/154.0,,18,
2月,骨四低温,多余行,0261机器人-8件（带盒9件）,1577925,整行,,1.0/154.0/154.0,,19,
2月,骨四低温,多余行,德美4K光源（3号）-1/W905060,1578051,整行,,1.0/35.0/35.0,,20,
2月,骨四低温,多余行,骨四（一）兰青常备光源线-1件/Z2530,1578231,整行,,1.0/30.0/30.0,,21,
2月,骨四低温,多余行,348机器人-8件（带盒9件）,1578344,整行,,1.0/154.0/154.0,,22,
2月,骨四低温,多余行,0261机器人-8件（带盒9件）,1578608,整行,,1.0/154.0/154.0,,23,
2月,骨四低温,多余行,348机器人-8件（带盒9件）,1578683,整行,,1.0/154.0/154.0,,24,
2月,骨四低温,多余行,213机器人-8件（带盒9件）,1578895,整行,,1.0/154.0/154.0,,25,
2月,骨四低温,多余行,0261机器人-8件（带盒9件）,1578918,整行,,1.0/154.0/154.0,,26,
2月,骨四低温,多余行,骨四（一）兰青常备光源线-1件/Z2530,1578973,整行,,1.0/30.0/30.0,,27,
2月,骨四低温,多余行,骨四（一）兰青磨头-1件/Z1026,1578973,整行,,1.0/22.0/22.0,,28,
2月,骨四低温,多余行,348机器人-8件（带盒9件）,1579109,整行,,1.0/154.0/154.0,,29,
2月,骨四低温,多余行,213机器人-8件（带盒9件）,1579306,整行,,1.0/154.0/154.0,,30,
2月,骨四低温,多余行,373机器人-7件（带盒8件）,1579306,整行,,1.0/132.0/132.0,,31,
2月,骨四低温,多余行,0261机器人-8件（带盒9件）,1579624,整行,,1.0/154.0/154.0,,32,
2月,骨四低温,多余行,0261机器人-8件（带盒9件）,1580036,整行,,1.0/154.0/154.0,,33,
2月,骨四低温,多余行,骨四（一）兰青常备光源线-1件/Z2530,1580071,整行,,1.0/30.0/30.0,,34,
2月,骨四低温,多余行,0261机器人-8件（带盒9件）,1580321,整行,,1.0/154.0/154.0,,35,
2月,骨四低温,多余行,213机器人-8件（带盒9件）,1580321,整行,,1.0/154.0/154.0,,36,
2月,骨四低温,多余行,348机器人-8件（带盒9件）,1580321,整行,,1.0/154.0/154.0,,37,
2月,骨四低温,多余行,213机器人-8件（带盒9件）,1580613,整行,,1.0/154.0/154.0,,38,
2月,骨四低温,多余行,骨四（一）兰青常备光源线-1件/Z2530,1580768,整行,,1.0/30.0/30.0,,39,
2月,骨四低温,多余行,213机器人-8件（带盒9件）,1580768,整行,,1.0/154.0/154.0,,40,
2月,骨四低温,多余行,348机器人-8件（带盒9件）,1580768,整行,,1.0/154.0/154.0,,41,
2月,骨四低温,多余行,0261机器人-8件（带盒9件）,1580942,整行,,1.0/154.0/154.0,,42,
2月,骨四低温,多余行,348机器人-8件（带盒9件）,1581026,整行,,1.0/154.0/154.0,,43,
2月,骨四低温,多余行,0261机器人-8件（带盒9件）,1581074,整行,,1.0/154.0/154.0,,44,
2月,骨四低温,多余行,213机器人-8件（带盒9件）,1581103,整行,,1.0/154.0/154.0,,45,
2月,骨四低温,多余行,骨四（一）兰青常备光源线-1件/Z2530,1581249,整行,,1.0/30.0/30.0,,46,
2月,骨四低温,多余行,骨四（一）兰青磨头-1件/Z1026,1581249,整行,,1.0/22.0/22.0,,47,
2月,骨四低温,多余行,348机器人-8件（带盒9件）,1581249,整行,,1.0/154.0/154.0,,48,
2月,骨四低温,多余行,椎间孔镜头2号-1/W905060,1581695,整行,,1.0/35.0/35.0,,49,
2月,骨四低温,多余行,骨四（一）兰青常备光源线-1件/Z2530,1581800,整行,,1.0/30.0/30.0,,50,
2月,骨四低温,多余行,213机器人-8件（带盒9件）,1581800,整行,,1.0/154.0/154.0,,51,
2月,骨四低温,多余行,348机器人-8件（带盒9件）,1581800,整行,,1.0/154.0/154.0,,52,
2月,骨四低温,多余行,椎间孔镜头-1/W905060,1581800,整行,,1.0/35.0/35.0,,53,
2月,骨四低温,多余行,骨四（一）兰青常备光源线-1件/Z2530,1582056,整行,,1.0/30.0/30.0,,54,
2月,骨四低温,多余行,0261机器人-8件（带盒9件）,1582112,整行,,1.0/154.0/154.0,,55,
2月,骨四低温,多余行,椎间孔镜头2号-1/W905060,1582112,整行,,1.0/35.0/35.0,,56,
2月,骨四低温,多余行,骨四（一）兰青常备光源线-1件/Z2530,1582347,整行,,1.0/30.0/30.0,,57,
2月,骨四低温,多余行,213机器人-8件（带盒9件）,1582347,整行,,1.0/154.0/154.0,,58,
2月,骨四低温,多余行,椎间孔镜头2号-1/W905060,1582374,整行,,1.0/35.0/35.0,,59,
2月,骨四低温,多余行,0261机器人-8件（带盒9件）,1582462,整行,,1.0/154.0/154.0,,60,
2月,骨四低温,多余行,348机器人-8件（带盒9件）,1582462,整行,,1.0/154.0/154.0,,61,
2月,骨四低温,多余行,213机器人-8件（带盒9件）,1582646,整行,,1.0/154.0/154.0,,62,
2月,骨四低温,多余行,光源线-膝镜通用-1/Z2540,1582810,整行,,1.0/30.0/30.0,,63,
2月,骨四低温,多余行,骨四（一）兰青常备光源线-1件/Z2530,1583012,整行,,1.0/30.0/30.0,,64,
2月,骨四低温,多余行,213机器人-8件（带盒9件）,1583012,整行,,1.0/154.0/154.0,,65,
2月,骨四（二）借包,多余行,切开包-8件,1581678,整行,,1.0/44.0/44.0,,9,
2月,骨科调骨一（一）,多余行,骨一（一）姜龙血管夹-1/Z7520,1577233,整行,,4.0/8.0/32.0,,9,
2月,骨科调骨一（一）,多余行,骨一（一）薛岩显微器械-9件,1578375,整行,,1.0/55.0/55.0,,10,
2月,骨科调骨一（一）,多余行,骨一（一）徐强显微器械6件,1578563,整行,,1.0/38.5/38.5,,11,
2月,骨科调骨一（一）,多余行,骨一（一）姜龙剪刀-1/z1026,1578563,整行,,1.0/8.0/8.0,,12,
2月,骨科调骨一（一）,多余行,骨一（一）姜龙剪刀-1/z1026,1578968,整行,,1.0/8.0/8.0,,13,
2月,骨科调骨一（一）,多余行,骨一（一）徐强显微器械6件,1579127,整行,,1.0/38.5/38.5,,14,
2月,骨科调骨一（一）,多余行,骨一（一）徐强显微器械-6件,1579127,整行,,1.0/38.5/38.5,,15,
2月,骨科调骨一（一）,多余行,骨一（一）姜龙甲沟钳-1/Z1526,1579127,整行,,2.0/11.0/22.0,,16,
2月,骨科调骨一（一）,多余行,骨一（一）姜龙剪刀-1/z1026,1579127,整行,,1.0/8.0/8.0,,17,
2月,骨科调骨一（一）,多余行,骨一（一）鲁一村显微器械-6件,1579127,整行,,1.0/38.5/38.5,,18,
2月,骨科调骨一（一）,多余行,骨一（一）鲁一村显微器械-7件,1579127,整行,,1.0/44.0/44.0,,19,
2月,骨科调骨一（一）,多余行,骨一（一）向首阳显微器械-5,1579364,整行,,1.0/33.0/33.0,,20,
2月,骨科调骨一（一）,多余行,骨一（一）姜龙剪刀-1/z1026,1580037,整行,,1.0/8.0/8.0,,21,
2月,骨科调骨一（一）,多余行,骨一（一）薛岩显微器械-12件,1580989,整行,,1.0/71.5/71.5,,22,
2月,骨科调骨一（一）,多余行,骨一（一）徐强显微器械-6件,1581252,整行,,1.0/38.5/38.5,,23,
2月,骨科调骨一（一）,多余行,骨一（一）姜龙甲沟钳-1/Z1526,1581252,整行,,2.0/11.0/22.0,,24,
2月,骨科调骨一（一）,多余行,骨一（一）鲁一村显微器械-6件,1581252,整行,,1.0/38.5/38.5,,25,
2月,骨科调骨一（一）,多余行,骨一（一）徐强显微器械-6件,1581679,整行,,1.0/38.5/38.5,,26,
2月,骨科调骨一（一）,多余行,骨一（一）姜龙剪刀-1/z1026,1581679,整行,,1.0/8.0/8.0,,27,
2月,骨科调骨一（一）,多余行,骨一（一）姜龙止血钳-1/z1020,1581679,整行,,1.0/8.0/8.0,,28,
2月,骨科调骨一（一）,多余行,骨一（一）薛岩显微器械-12件,1581679,整行,,1.0/71.5/71.5,,29,
2月,骨科调骨一（一）,多余行,骨一（一）姜龙甲沟钳-1/Z1526,1581782,整行,,1.0/11.0/11.0,,30,
2月,骨科调骨一（一）,多余行,骨一（一）姜龙剪刀-1/z1026,1581782,整行,,1.0/8.0/8.0,,31,
2月,骨科调骨一（一）,多余行,骨一（一）姜龙凿子-1件/z7530,1581782,整行,,1.0/8.0/8.0,,32,
2月,骨科调骨一（一）,多余行,骨一（一）王仲博手科显微器械-8件,1581978,整行,,1.0/49.5/49.5,,33,
2月,骨科调骨一（一）,多余行,骨一（一）姜龙凿子-1件/z7530,1582113,整行,,1.0/8.0/8.0,,34,
2月,骨科调骨一（一）,多余行,骨一（一）徐强显微器械-6件,1582287,整行,,1.0/38.5/38.5,,35,
2月,骨科调骨一（一）,多余行,骨一（一）鲁一村显微器械-6件,1582287,整行,,1.0/38.5/38.5,,36,
2月,骨科调骨一（一）,多余行,骨一（一）鲁一村显微器械-7件,1582287,整行,,1.0/44.0/44.0,,37,
2月,骨科调骨一（一）,多余行,骨一（一）姜龙剪刀-1/z1026,1582291,整行,,2.0/8.0/16.0,,38,
2月,骨科调骨一（一）,多余行,骨一（一）姜龙血管夹-1/Z7520,1582291,整行,,1.0/8.0/8.0,,39,
2月,骨科调骨一（一）,多余行,骨一（一）姜龙甲沟钳-1/Z1526,1582460,整行,,1.0/11.0/11.0,,40,
2月,骨科调骨一（一）,多余行,骨一（一）徐强显微器械6件,1582634,整行,,1.0/38.5/38.5,,41,
2月,骨科调骨一（一）,多余行,骨一（一）姜龙甲沟钳-1/Z1526,1583018,整行,,1.0/11.0/11.0,,42,
2月,骨科调骨一（一）,多余行,骨一（一）鲁一村显微器械-6件,1583018,整行,,1.0/38.5/38.5,,43,
2月,骨科调骨一（一）,多余行,骨一（一）鲁一村显微器械-7件,1583018,整行,,1.0/44.0/44.0,,44,
2月,骨科调骨一（一）,多余行,骨一（一）徐强显微器械6件,1583084,整行,,1.0/38.5/38.5,,45,
2月,骨科调骨一（一）,多余行,骨一（一）聂广辰解剖剪刀-1/Z1026,1581939,整行,,1.0/8.0/8.0,,46,
2月,骨科调骨一（二),多余行,骨一（二）张浩 显微器械-9件,1577601,整行,,1.0/55.0/55.0,,9,
2月,骨科调骨一（二),多余行,骨一（二）王禹显微器械-5件,1579108,整行,,1.0/33.0/33.0,,10,
2月,骨科调骨一（二),多余行,骨一（二）陈一凡显微器械-5 件,1580069,整行,,1.0/33.0/33.0,,11,
2月,骨科调骨一（二),多余行,骨一（二）李宇实显微器械-6件,1580233,整行,,1.0/38.5/38.5,,12,
2月,骨科调骨一（二),多余行,骨一（二）张浩 显微器械-9件,1580989,整行,,1.0/55.0/55.0,,13,
2月,骨科调骨一（二),多余行,骨一（二）李宇实显微器械-6件,1581978,整行,,1.0/38.5/38.5,,14,
2月,骨科调骨一（二),多余行,骨一（二）陈一凡万能取41件（盒1）,1582090,整行,,1.0/231.0/231.0,,15,
2月,骨科调骨一（二),多余行,骨一（二）张浩 显微器械-9件,1582090,整行,,1.0/55.0/55.0,,16,
2月,骨科调骨一（二),多余行,骨一（二）陈一凡显微器械-5 件,1582287,整行,,1.0/33.0/33.0,,17,
2月,骨科调骨一（二),多余行,骨一（二）张浩 显微器械-9件,1582634,整行,,1.0/55.0/55.0,,18,
2月,骨科调骨一（二),多余行,骨一（二）龚伟勋显微器械-5件,1582795,整行,,1.0/33.0/33.0,,19,
2月,骨科调骨一（二),多余行,骨一（二）王禹显微器械-5件,1582795,整行,,1.0/33.0/33.0,,20,
2月,骨科调骨一（二),多余行,骨一（二）王禹显微器械-5件,1583084,整行,,1.0/33.0/33.0,,21,
2月,骨科调骨九,多余行,骨九张伟断钉取-52件（盒1）/W12050,1580610,整行,,1.0/291.5/291.5,,9,
2月,骨科调骨九,多余行,骨九张伟断钉取-52件（盒1）/W12050,1581102,整行,,1.0/291.5/291.5,,10,
2月,骨科调骨六,多余行,骨六房玉利半月板缝合器械-10/Z1020,1582809,整行,,1.0/55.0/55.0,,9,
2月,骨科调骨十一,多余行,骨11赵德来取器械52盒1/W1205060,1581708,整行,,1.0/291.5/291.5,,9,
2月,骨科调骨十一,多余行,骨11赵德来取器械52盒1/W1205060,1582087,整行,,1.0/291.5/291.5,,10,
2月,骨科调骨四,多余行,骨四（一）兰青常备镜头-2件盒1,1577344,整行,,1.0/44.0/44.0,,9,
2月,骨科调骨四,多余行,骨四（一）兰青UBE-31件，筐1,1577410,整行,,1.0/176.0/176.0,,10,
2月,骨科调骨四,多余行,骨四（一）宋晓辉磨头-1/双/Z7520,1577996,整行,,1.0/10.5/10.5,,11,
2月,骨科调骨四,多余行,骨四（一）宋晓辉常备镜头-3件盒1,1578050,整行,,1.0/66.0/66.0,,12,
2月,骨科调骨四,多余行,骨四（一）宋小辉内镜常备36件筐1,1578060,整行,,1.0/203.5/203.5,,13,
2月,骨科调骨四,多余行,骨四一宋晓辉备用磨头-1/Z7520,1578060,整行,,1.0/8.0/8.0,,14,
2月,骨科调骨四,多余行,骨四（一）兰青UBE-31件，筐1,1578227,整行,,1.0/176.0/176.0,,15,
2月,骨科调骨四,多余行,骨四（一）宋晓辉磨头-1/双/Z7520,1578227,整行,,1.0/10.5/10.5,,16,
2月,骨科调骨四,多余行,骨四（一）兰青常备镜头-2件盒1,1578232,整行,,1.0/44.0/44.0,,17,
2月,骨科调骨四,多余行,骨四（一）宋小辉UBE35件,1578373,整行,,1.0/198.0/198.0,,18,
2月,骨科调骨四,多余行,骨四（一）兰青常备镜头-2件盒1,1578972,整行,,1.0/44.0/44.0,,19,
2月,骨科调骨四,多余行,骨四（一）兰青UBE-31件，筐1,1578975,整行,,1.0/176.0/176.0,,20,
2月,骨科调骨四,多余行,骨四（一）宋小辉UBE35件,1580070,整行,,1.0/198.0/198.0,,21,
2月,骨科调骨四,多余行,骨四（一）宋晓辉磨头-1/双/Z7520,1580070,整行,,1.0/10.5/10.5,,22,
2月,骨科调骨四,多余行,骨四（一）宋晓辉常备镜头-3件盒1,1580070,整行,,1.0/66.0/66.0,,23,
2月,骨科调骨四,多余行,骨四（一）宋晓辉磨头-1/双/Z7520,1580746,整行,,1.0/10.5/10.5,,24,
2月,骨科调骨四,多余行,骨四（一）宋小辉UBE35件,1580767,整行,,1.0/198.0/198.0,,25,
2月,骨科调骨四,多余行,骨四（一）宋晓辉常备镜头-3件盒1,1580773,整行,,1.0/66.0/66.0,,26,
2月,骨科调骨四,多余行,骨四（一）兰青UBE-31件，筐1,1581250,整行,,1.0/176.0/176.0,,27,
2月,骨科调骨四,多余行,骨四（一）兰青常备镜头-2件盒1,1581250,整行,,1.0/44.0/44.0,,28,
2月,骨科调骨四,多余行,骨四（一）宋小辉UBE35件,1581801,整行,,1.0/198.0/198.0,,29,
2月,骨科调骨四,多余行,骨四（一）宋晓辉磨头-1/双/Z7520,1581801,整行,,1.0/10.5/10.5,,30,
2月,骨科调骨四,多余行,骨四（一）宋晓辉常备镜头-3件盒1,1581801,整行,,1.0/66.0/66.0,,31,
2月,骨科调骨四,多余行,骨四（一）宋晓辉常备镜头-3件盒1,1582055,整行,,1.0/66.0/66.0,,32,
2月,骨科调骨四,多余行,骨四（一）宋晓辉磨头-1/双/Z7520,1582087,整行,,1.0/10.5/10.5,,33,
2月,骨科调骨四,多余行,骨四（一）宋小辉UBE35件,1582110,整行,,1.0/198.0/198.0,,34,
2月,骨科调骨四,多余行,骨四（一）宋小辉UBE35件,1582809,整行,,1.0/198.0/198.0,,35,
2月,骨科调骨四,多余行,骨四（一）宋晓辉磨头-1/双/Z7520,1582809,整行,,1.0/10.5/10.5,,36,
2月,骨科调骨四,多余行,骨四（一）宋晓辉常备镜头-3件盒1,1582809,整行,,1.0/66.0/66.0,,37,
2月,骨科调骨四,多余行,骨四（一）兰青UBE-31件，筐1,1583013,整行,,1.0/176.0/176.0,,38,
2月,骨科调骨四,多余行,骨四一宋晓辉备用磨头-1/Z7520,1583013,整行,,1.0/8.0/8.0,,39,
2月,骨科调骨四,多余行,骨四（一）兰青常备镜头-2件盒1,1583013,整行,,1.0/44.0/44.0,,40,
2月,骨科（送一手）,字段不一致-单价,骨六房玉利半月板缝合器械-10/Z1020,1582809,单价,57.5,55.0,41,41,原始按器械数×基础单价(57.5)计费；处理后按标准价(55)计费
2月,骨科（送一手）,字段不一致-总价,骨六房玉利半月板缝合器械-10/Z1020,1582809,总价,57.5,55.0,41,41,原始按器械数×基础单价(57.5)计费；处理后按标准价(55)计费
2月,骨科（送一手）,汇总不一致-总价,骨科（送一手）,,总价,4208.5,4206.0,8,8,
2月,（一）手术室,缺失行,五官电钻-1,1577223,整行,1.0/30.0/30.0,,9,,
2月,（一）手术室,缺失行,0261机器人-8件（带盒9件）,1577223,整行,1.0/154.0/154.0,,10,,
2月,（一）手术室,缺失行,郝松楠镜头-1/W605060,1577223,整行,1.0/35.0/35.0,,11,,
2月,（一）手术室,缺失行,213机器人-8件（带盒9件）,1577305,整行,1.0/154.0/154.0,,19,,
2月,（一）手术室,缺失行,348机器人-8件（带盒9件）,1577305,整行,1.0/154.0/154.0,,20,,
2月,（一）手术室,缺失行,鞠超杰肩袖缝合钩-3件/W605060,1577332,整行,1.0/16.5/16.5,,33,,
2月,（一）手术室,缺失行,于洪文器械-2件/W505060,1577343,整行,1.0/16.5/16.5,,45,,
2月,（一）手术室,缺失行,骨四（一）兰青常备光源线-1件/Z2530,1577345,整行,1.0/30.0/30.0,,47,,
2月,（一）手术室,缺失行,骨四（一）兰青磨头-1件/Z1026,1577345,整行,1.0/22.0/22.0,,48,,
2月,（一）手术室,缺失行,0261机器人-8件（带盒9件）,1577414,整行,1.0/154.0/154.0,,64,,
2月,（一）手术室,缺失行,475机器人-7件（带盒8件）,1577414,整行,1.0/132.0/132.0,,65,,
2月,（一）手术室,缺失行,聂广辰专用解剖剪-1/Z1029,1577418,整行,1.0/8.0/8.0,,73,,
2月,（一）手术室,缺失行,218机器人-7件（带盒8件）,1577418,整行,1.0/132.0/132.0,,74,,
2月,（一）手术室,缺失行,373机器人-7件（带盒8件）,1577418,整行,1.0/132.0/132.0,,75,,
2月,（一）手术室,缺失行,0261机器人-8件（带盒9件）,1577600,整行,1.0/154.0/154.0,,84,,
2月,（一）手术室,缺失行,213机器人-8件（带盒9件）,1577600,整行,1.0/154.0/154.0,,85,,
2月,（一）手术室,缺失行,475机器人-7件（带盒8件）,1577600,整行,1.0/132.0/132.0,,86,,
2月,（一）手术室,缺失行,施乐辉刨刀-1/z2530,1577680,整行,1.0/30.0/30.0,,98,,
2月,（一）手术室,缺失行,348机器人-8件（带盒9件）,1577680,整行,1.0/154.0/154.0,,99,,
2月,（一）手术室,缺失行,DMD1号镜头3件（盒1）/W705060,1577680,整行,1.0/66.0/66.0,,100,,
2月,（一）手术室,缺失行,新4光源-1（带盒两件）/W12050,1577680,整行,1.0/35.0/35.0,,102,,
2月,（一）手术室,缺失行,聂广辰专用解剖剪-1/Z1029,1577699,整行,1.0/8.0/8.0,,109,,
2月,（一）手术室,缺失行,新史赛克手控加件-1,1577704,整行,1.0/22.0/22.0,,121,,
2月,（一）手术室,缺失行,0261机器人-8件（带盒9件）,1577704,整行,1.0/154.0/154.0,,122,,
2月,（一）手术室,缺失行,213机器人-8件（带盒9件）,1577704,整行,1.0/154.0/154.0,,123,,
2月,（一）手术室,缺失行,德美4K光源（1号）-1/W905060,1577704,整行,1.0/35.0/35.0,,124,,
2月,（一）手术室,缺失行,德美新2镜头-1件/W605060,1577704,整行,1.0/11.0/11.0,,125,,
2月,（一）手术室,缺失行,348机器人-8件（带盒9件）,1577740,整行,1.0/154.0/154.0,,135,,
2月,（一）手术室,缺失行,373机器人-7件（带盒8件）,1577740,整行,1.0/132.0/132.0,,136,,
2月,（一）手术室,缺失行,0261机器人-8件（带盒9件）,1577925,整行,1.0/154.0/154.0,,155,,
2月,（一）手术室,缺失行,213机器人-8件（带盒9件）,1577925,整行,1.0/154.0/154.0,,156,,
2月,（一）手术室,缺失行,聂广辰专用解剖剪-1/Z1029,1578047,整行,1.0/8.0/8.0,,186,,
2月,（一）手术室,缺失行,218机器人-7件（带盒8件）,1578051,整行,1.0/132.0/132.0,,200,,
2月,（一）手术室,缺失行,475机器人-7件（带盒8件）,1578051,整行,1.0/132.0/132.0,,201,,
2月,（一）手术室,缺失行,德美4K光源（3号）-1/W905060,1578051,整行,1.0/35.0/35.0,,202,,
2月,（一）手术室,字段不一致-单价,UBE拇外翻线-1/双/Z2530,1578061,单价,35.0,26.5,206,171,原始按器械数×基础单价(35)计费；处理后按标准价(26.5)计费
2月,（一）手术室,字段不一致-总价,UBE拇外翻线-1/双/Z2530,1578061,总价,35.0,26.5,206,171,原始按器械数×基础单价(35)计费；处理后按标准价(26.5)计费
2月,（一）手术室,缺失行,骨四（一）兰青常备光源线-1件/Z2530,1578231,整行,1.0/30.0/30.0,,222,,
2月,（一）手术室,缺失行,DMD光源1号-1/W905060,1578275,整行,1.0/22.0/22.0,,236,,
2月,（一）手术室,缺失行,DMD刨刀-1/Z2550,1578275,整行,1.0/30.0/30.0,,237,,
2月,（一）手术室,缺失行,213机器人-8件（带盒9件）,1578275,整行,1.0/154.0/154.0,,238,,
2月,（一）手术室,缺失行,373机器人-7件（带盒8件）,1578275,整行,1.0/132.0/132.0,,239,,
2月,（一）手术室,缺失行,DMD2号镜头3件/W705060,1578275,整行,1.0/66.0/66.0,,240,,
2月,（一）手术室,缺失行,鞠超杰剪线器-1/W605060,1578312,整行,1.0/16.5/16.5,,248,,
2月,（一）手术室,缺失行,鞠定向器-2件/W505060,1578312,整行,1.0/16.5/16.5,,249,,
2月,（一）手术室,缺失行,218机器人-7件（带盒8件）,1578344,整行,1.0/132.0/132.0,,269,,
2月,（一）手术室,缺失行,348机器人-8件（带盒9件）,1578344,整行,1.0/154.0/154.0,,270,,
2月,（一）手术室,缺失行,475机器人-7件（带盒8件）,1578344,整行,1.0/132.0/132.0,,271,,
2月,（一）手术室,缺失行,施乐辉刨刀-1/z2530,1578608,整行,1.0/30.0/30.0,,303,,
2月,（一）手术室,缺失行,0261机器人-8件（带盒9件）,1578608,整行,1.0/154.0/154.0,,304,,
2月,（一）手术室,缺失行,DMD3号镜头3件/W705060,1578608,整行,1.0/66.0/66.0,,305,,
2月,（一）手术室,缺失行,新3光源-1（带盒两件）/W12050,1578608,整行,1.0/35.0/35.0,,306,,
2月,（一）手术室,缺失行,218机器人-7件（带盒8件）,1578683,整行,1.0/132.0/132.0,,331,,
2月,（一）手术室,缺失行,348机器人-8件（带盒9件）,1578683,整行,1.0/154.0/154.0,,332,,
2月,（一）手术室,缺失行,213机器人-8件（带盒9件）,1578895,整行,1.0/154.0/154.0,,355,,
2月,（一）手术室,缺失行,0261机器人-8件（带盒9件）,1578918,整行,1.0/154.0/154.0,,356,,
2月,（一）手术室,缺失行,骨四（一）兰青常备光源线-1件/Z2530,1578973,整行,1.0/30.0/30.0,,369,,
2月,（一）手术室,缺失行,骨四（一）兰青磨头-1件/Z1026,1578973,整行,1.0/22.0/22.0,,370,,
2月,（一）手术室,缺失行,348机器人-8件（带盒9件）,1578973,整行,1.0/154.0/154.0,,371,,
2月,（一）手术室,缺失行,475机器人-7件（带盒8件）,1578973,整行,1.0/132.0/132.0,,372,,
2月,（一）手术室,缺失行,史赛克无线摆锯-4/Z2030,1579109,整行,1.0/88.0/88.0,,403,,
2月,（一）手术室,缺失行,218机器人-7件（带盒8件）,1579109,整行,1.0/132.0/132.0,,404,,
2月,（一）手术室,缺失行,348机器人-8件（带盒9件）,1579109,整行,1.0/154.0/154.0,,405,,
2月,（一）手术室,缺失行,373机器人-7件（带盒8件）,1579109,整行,1.0/132.0/132.0,,406,,
2月,（一）手术室,缺失行,475机器人-7件（带盒8件）,1579109,整行,1.0/132.0/132.0,,407,,
2月,（一）手术室,缺失行,373机器人-7件（带盒8件）,1579162,整行,1.0/132.0/132.0,,432,,
2月,（一）手术室,缺失行,0261机器人-8件（带盒9件）,1579193,整行,1.0/154.0/154.0,,437,,
2月,（一）手术室,缺失行,218机器人-7件（带盒8件）,1579193,整行,1.0/132.0/132.0,,438,,
2月,（一）手术室,缺失行,475机器人-7件（带盒8件）,1579193,整行,1.0/132.0/132.0,,439,,
2月,（一）手术室,缺失行,373机器人-7件（带盒8件）,1579262,整行,1.0/132.0/132.0,,445,,
2月,（一）手术室,缺失行,475机器人-7件（带盒8件）,1579262,整行,1.0/132.0/132.0,,446,,
2月,（一）手术室,缺失行,气腹管1单极线1/Z3045,1579306,整行,1.0/44.0/44.0,,461,,
2月,（一）手术室,缺失行,外妇通用光源线-1/Z2545,1579306,整行,1.0/30.0/30.0,,462,,
2月,（一）手术室,缺失行,0261机器人-8件（带盒9件）,1579306,整行,1.0/154.0/154.0,,463,,
2月,（一）手术室,缺失行,213机器人-8件（带盒9件）,1579306,整行,1.0/154.0/154.0,,464,,
2月,（一）手术室,缺失行,373机器人-7件（带盒8件）,1579306,整行,1.0/132.0/132.0,,465,,
2月,（一）手术室,缺失行,妇腔镜器械-17（铁帽3胶帽8）,1579306,整行,1.0/300.0/300.0,,466,,
2月,（一）手术室,缺失行,腹腔镜戳卡-10件/W1205060,1579306,整行,1.0/165.0/165.0,,470,,
2月,（一）手术室,缺失行,镜头-腹腔镜30°-1/W9050,1579306,整行,1.0/35.0/35.0,,471,,
2月,（一）手术室,缺失行,0261机器人-8件（带盒9件）,1579486,整行,1.0/154.0/154.0,,501,,
2月,（一）手术室,缺失行,348机器人-8件（带盒9件）,1579486,整行,1.0/154.0/154.0,,502,,
2月,（一）手术室,缺失行,475机器人-7件（带盒8件）,1579486,整行,1.0/132.0/132.0,,503,,
2月,（一）手术室,缺失行,218机器人-7件（带盒8件）,1579579,整行,1.0/132.0/132.0,,527,,
2月,（一）手术室,缺失行,475机器人-7件（带盒8件）,1579579,整行,1.0/132.0/132.0,,528,,
2月,（一）手术室,缺失行,0261机器人-8件（带盒9件）,1579624,整行,1.0/154.0/154.0,,543,,
2月,（一）手术室,缺失行,373机器人-7件（带盒8件）,1579624,整行,1.0/132.0/132.0,,544,,
2月,（一）手术室,缺失行,刨刀线-膝关节-旧1/Z2545,1579723,整行,1.0/44.0/44.0,,578,,
2月,（一）手术室,缺失行,475机器人-7件（带盒8件）,1579723,整行,1.0/132.0/132.0,,579,,
2月,（一）手术室,缺失行,DMD1号镜头3件（盒1）/W705060,1579723,整行,1.0/66.0/66.0,,580,,
2月,（一）手术室,缺失行,新3光源-1（带盒两件）/W12050,1579723,整行,1.0/35.0/35.0,,582,,
2月,（一）手术室,缺失行,骨九张伟四件,1579980,整行,1.0/0.0/0.0,,603,,
2月,（一）手术室,缺失行,新4刨刀-1件/Z2550,1580036,整行,1.0/30.0/30.0,,604,,
2月,（一）手术室,缺失行,0261机器人-8件（带盒9件）,1580036,整行,1.0/154.0/154.0,,605,,
2月,（一）手术室,缺失行,德美新1镜头-1件（盒1）,1580036,整行,1.0/35.0/35.0,,606,,
2月,（一）手术室,缺失行,DMD2号镜头3件/W705060,1580036,整行,1.0/66.0/66.0,,607,,
2月,（一）手术室,缺失行,德美4K光源（1号）-1/W905060,1580036,整行,1.0/35.0/35.0,,608,,
2月,（一）手术室,缺失行,德美4K光源（3号）-1/W905060,1580036,整行,1.0/35.0/35.0,,609,,
2月,（一）手术室,缺失行,德美新2镜头-1件/W605060,1580036,整行,1.0/11.0/11.0,,610,,
2月,（一）手术室,缺失行,新3光源-1（带盒两件）/W12050,1580036,整行,1.0/35.0/35.0,,611,,
2月,（一）手术室,缺失行,DMD光源1号-1/W905060,1580062,整行,1.0/22.0/22.0,,640,,
2月,（一）手术室,缺失行,DMD刨刀-1/Z2550,1580062,整行,1.0/30.0/30.0,,641,,
2月,（一）手术室,缺失行,DMD3号镜头3件/W705060,1580062,整行,1.0/66.0/66.0,,642,,
2月,（一）手术室,缺失行,骨四（一）兰青常备光源线-1件/Z2530,1580071,整行,1.0/30.0/30.0,,654,,
2月,（一）手术室,缺失行,旧2刨刀-1/Z3040,1580071,整行,1.0/35.0/35.0,,655,,
2月,（一）手术室,缺失行,218机器人-7件（带盒8件）,1580071,整行,1.0/132.0/132.0,,656,,
2月,（一）手术室,缺失行,DMD1号镜头3件（盒1）/W705060,1580071,整行,1.0/66.0/66.0,,657,,
2月,（一）手术室,缺失行,DMD光源3号-1/W905060,1580071,整行,1.0/28.0/28.0,,662,,
2月,（一）手术室,缺失行,373机器人-7件（带盒8件）,1580228,整行,1.0/132.0/132.0,,668,,
2月,（一）手术室,缺失行,475机器人-7件（带盒8件）,1580228,整行,1.0/132.0/132.0,,669,,
2月,（一）手术室,缺失行,DMD光源1号-1/W905060,1580321,整行,1.0/22.0/22.0,,701,,
2月,（一）手术室,缺失行,DMD刨刀-1/Z2550,1580321,整行,1.0/30.0/30.0,,702,,
2月,（一）手术室,缺失行,0261机器人-8件（带盒9件）,1580321,整行,1.0/154.0/154.0,,703,,
2月,（一）手术室,缺失行,213机器人-8件（带盒9件）,1580321,整行,1.0/154.0/154.0,,704,,
2月,（一）手术室,缺失行,348机器人-8件（带盒9件）,1580321,整行,1.0/154.0/154.0,,705,,
2月,（一）手术室,缺失行,DMD2号镜头3件/W705060,1580321,整行,1.0/66.0/66.0,,706,,
2月,（一）手术室,缺失行,旧2刨刀-1/Z3040,1580440,整行,1.0/35.0/35.0,,726,,
2月,（一）手术室,缺失行,刨刀线-膝关节-施乐辉/Z2545,1580440,整行,1.0/30.0/30.0,,727,,
2月,（一）手术室,缺失行,218机器人-7件（带盒8件）,1580440,整行,1.0/132.0/132.0,,728,,
2月,（一）手术室,缺失行,373机器人-7件（带盒8件）,1580440,整行,1.0/132.0/132.0,,729,,
2月,（一）手术室,缺失行,DMD5号镜头-3件,1580440,整行,1.0/66.0/66.0,,730,,
2月,（一）手术室,缺失行,德美新1镜头-1件（盒1）,1580440,整行,1.0/35.0/35.0,,731,,
2月,（一）手术室,缺失行,DMD4号镜头3件/W705060,1580440,整行,1.0/66.0/66.0,,736,,
2月,（一）手术室,缺失行,德美4K光源（1号）-1/W905060,1580440,整行,1.0/35.0/35.0,,737,,
2月,（一）手术室,缺失行,新4光源-1（带盒两件）/W12050,1580440,整行,1.0/35.0/35.0,,738,,
2月,（一）手术室,缺失行,刨刀-房玉立/Z2545,1580602,整行,1.0/30.0/30.0,,752,,
2月,（一）手术室,缺失行,DMD1号镜头3件（盒1）/W705060,1580602,整行,1.0/66.0/66.0,,753,,
2月,（一）手术室,缺失行,新1光源-1（带盒两件）/W12050,1580602,整行,1.0/35.0/35.0,,754,,
2月,（一）手术室,缺失行,新3光源-1（带盒两件）/W12050,1580602,整行,1.0/35.0/35.0,,755,,
2月,（一）手术室,缺失行,新3刨刀-1件/Z2550,1580613,整行,1.0/30.0/30.0,,767,,
2月,（一）手术室,缺失行,0261机器人-8件（带盒9件）,1580613,整行,1.0/154.0/154.0,,768,,
2月,（一）手术室,缺失行,213机器人-8件（带盒9件）,1580613,整行,1.0/154.0/154.0,,769,,
2月,（一）手术室,缺失行,DMD光源2号-1（带盒）,1580613,整行,1.0/35.0/35.0,,770,,
2月,（一）手术室,缺失行,DMD3号镜头3件/W705060,1580613,整行,1.0/66.0/66.0,,771,,
2月,（一）手术室,缺失行,偏瘫陈冲显微器械-15件（盒1）,1580747,整行,1.0/88.0/88.0,,803,,
2月,（一）手术室,缺失行,DMD刨刀-1/Z2550,1580768,整行,1.0/30.0/30.0,,819,,
2月,（一）手术室,缺失行,骨四（一）兰青常备光源线-1件/Z2530,1580768,整行,1.0/30.0/30.0,,820,,
2月,（一）手术室,缺失行,旧2刨刀-1/Z3040,1580768,整行,1.0/35.0/35.0,,821,,
2月,（一）手术室,缺失行,新史赛克手控加件-1,1580768,整行,1.0/22.0/22.0,,822,,
2月,（一）手术室,缺失行,213机器人-8件（带盒9件）,1580768,整行,1.0/154.0/154.0,,823,,
2月,（一）手术室,缺失行,348机器人-8件（带盒9件）,1580768,整行,1.0/154.0/154.0,,824,,
2月,（一）手术室,缺失行,DMD光源2号-1（带盒）,1580768,整行,1.0/35.0/35.0,,825,,
2月,（一）手术室,缺失行,DMD2号镜头3件/W705060,1580768,整行,1.0/66.0/66.0,,831,,
2月,（一）手术室,缺失行,DMD光源3号-1/W905060,1580768,整行,1.0/28.0/28.0,,832,,
2月,（一）手术室,缺失行,DMD光源1号-1/W905060,1580774,整行,1.0/22.0/22.0,,840,,
2月,（一）手术室,缺失行,新1 刨刀-1件/Z2545,1580774,整行,1.0/30.0/30.0,,841,,
2月,（一）手术室,缺失行,DMD5号镜头-3件,1580774,整行,1.0/66.0/66.0,,842,,
2月,（一）手术室,缺失行,DMD4号镜头3件/W705060,1580774,整行,1.0/66.0/66.0,,843,,
2月,（一）手术室,缺失行,DMD6号水管-2件/W505060,1580942,整行,1.0/11.0/11.0,,853,,
2月,（一）手术室,缺失行,刨刀-房玉立/Z2545,1580942,整行,1.0/30.0/30.0,,854,,
2月,（一）手术室,缺失行,新4刨刀-1件/Z2550,1580942,整行,1.0/30.0/30.0,,855,,
2月,（一）手术室,缺失行,0261机器人-8件（带盒9件）,1580942,整行,1.0/154.0/154.0,,856,,
2月,（一）手术室,缺失行,475机器人-7件（带盒8件）,1580942,整行,1.0/132.0/132.0,,857,,
2月,（一）手术室,缺失行,DMD6号镜头-1件,1580942,整行,1.0/35.0/35.0,,858,,
2月,（一）手术室,缺失行,DMD光源4号-1/W905060,1580942,整行,1.0/16.5/16.5,,863,,
2月,（一）手术室,缺失行,213机器人-8件（带盒9件）,1581026,整行,1.0/154.0/154.0,,885,,
2月,（一）手术室,缺失行,348机器人-8件（带盒9件）,1581026,整行,1.0/154.0/154.0,,886,,
2月,（一）手术室,缺失行,0261机器人-8件（带盒9件）,1581074,整行,1.0/154.0/154.0,,897,,
2月,（一）手术室,缺失行,DMD光源1号-1/W905060,1581103,整行,1.0/22.0/22.0,,904,,
2月,（一）手术室,缺失行,DMD刨刀-1/Z2550,1581103,整行,1.0/30.0/30.0,,905,,
2月,（一）手术室,缺失行,213机器人-8件（带盒9件）,1581103,整行,1.0/154.0/154.0,,906,,
2月,（一）手术室,缺失行,218机器人-7件（带盒8件）,1581103,整行,1.0/132.0/132.0,,907,,
2月,（一）手术室,缺失行,DMD4号镜头3件/W705060,1581103,整行,1.0/66.0/66.0,,912,,
2月,（一）手术室,缺失行,腔内超声-2/w1550,1581172,整行,1.0/44.0/44.0,,933,,
2月,（一）手术室,缺失行,骨四（一）兰青常备光源线-1件/Z2530,1581249,整行,1.0/30.0/30.0,,940,,
2月,（一）手术室,缺失行,骨四（一）兰青磨头-1件/Z1026,1581249,整行,1.0/22.0/22.0,,941,,
2月,（一）手术室,缺失行,史赛克无线摆锯-4/Z2030,1581249,整行,1.0/88.0/88.0,,942,,
2月,（一）手术室,缺失行,胸外光源线-1件/Z2530,1581249,整行,1.0/30.0/30.0,,943,,
2月,（一）手术室,缺失行,348机器人-8件（带盒9件）,1581249,整行,1.0/154.0/154.0,,944,,
2月,（一）手术室,缺失行,胸外镜头-1（盒1）W9050,1581249,整行,1.0/35.0/35.0,,948,,
2月,（一）手术室,缺失行,胸外镜头30°-1（盒1）W9050,1581249,整行,1.0/35.0/35.0,,949,,
2月,（一）手术室,缺失行,偏瘫陈冲显微器械-15件（盒1）,1581309,整行,1.0/88.0/88.0,,967,,
2月,（一）手术室,缺失行,动力转换器-1/Z1526,1581404,整行,1.0/25.0/25.0,,973,,
2月,（一）手术室,缺失行,刨刀-房玉立/Z2545,1581404,整行,1.0/30.0/30.0,,974,,
2月,（一）手术室,缺失行,史赛克无线摆锯-4/Z2030,1581404,整行,1.0/88.0/88.0,,975,,
2月,（一）手术室,缺失行,348机器人-8件（带盒9件）,1581404,整行,1.0/154.0/154.0,,976,,
2月,（一）手术室,缺失行,DMD2号镜头3件/W705060,1581404,整行,1.0/66.0/66.0,,977,,
2月,（一）手术室,缺失行,DMD光源4号-1/W905060,1581404,整行,1.0/16.5/16.5,,978,,
2月,（一）手术室,缺失行,新1镜头-3件(无转换帽)/W9050,1581417,整行,1.0/66.0/66.0,,985,,
2月,（一）手术室,缺失行,新4镜头-3件 盒1/W6050,1581417,整行,1.0/66.0/66.0,,986,,
2月,（一）手术室,缺失行,安速康超声刀手柄1线1/Z2530,1581454,整行,1.0/44.0/44.0,,993,,
2月,（一）手术室,缺失行,腔内超声-2/w1550,1581454,整行,1.0/44.0/44.0,,994,,
2月,（一）手术室,缺失行,DMD刨刀-1/Z2550,1581495,整行,1.0/30.0/30.0,,1018,,
2月,（一）手术室,缺失行,施乐辉刨刀-1/z2530,1581495,整行,1.0/30.0/30.0,,1019,,
2月,（一）手术室,缺失行,218机器人-7件（带盒8件）,1581495,整行,1.0/132.0/132.0,,1020,,
2月,（一）手术室,缺失行,DMD1号镜头3件（盒1）/W705060,1581495,整行,1.0/66.0/66.0,,1021,,
2月,（一）手术室,缺失行,新5光源-1件（盒1）/W905060,1581495,整行,1.0/35.0/35.0,,1022,,
2月,（一）手术室,缺失行,DMD3号镜头3件/W705060,1581495,整行,1.0/66.0/66.0,,1025,,
2月,（一）手术室,缺失行,DMD光源3号-1/W905060,1581495,整行,1.0/28.0/28.0,,1026,,
2月,（一）手术室,缺失行,安速康超声刀手柄1线1/Z2530,1581635,整行,2.0/44.0/88.0,,1040,,
2月,（一）手术室,缺失行,胸外盖冠男电钩2线1/Z2050,1581635,整行,1.0/66.0/66.0,,1041,,
2月,（一）手术室,缺失行,373机器人-7件（带盒8件）,1581635,整行,1.0/132.0/132.0,,1042,,
2月,（一）手术室,缺失行,胸外镜头-1（盒1）W9050,1581635,整行,1.0/35.0/35.0,,1046,,
2月,（一）手术室,缺失行,胸外镜头30°-1（盒1）W9050,1581635,整行,1.0/35.0/35.0,,1047,,
2月,（一）手术室,缺失行,0261机器人-8件（带盒9件）,1581695,整行,1.0/154.0/154.0,,1064,,
2月,（一）手术室,缺失行,椎间孔镜头2号-1/W905060,1581695,整行,1.0/35.0/35.0,,1065,,
2月,（一）手术室,缺失行,动力转换器-1/Z1526,1581717,整行,1.0/25.0/25.0,,1077,,
2月,（一）手术室,缺失行,218机器人-7件（带盒8件）,1581717,整行,1.0/132.0/132.0,,1078,,
2月,（一）手术室,缺失行,骨四宋晓辉椎间孔器械,1581800,整行,1.0/181.5/181.5,,1099,,
2月,（一）手术室,缺失行,骨四（一）兰青常备光源线-1件/Z2530,1581800,整行,1.0/30.0/30.0,,1107,,
2月,（一）手术室,缺失行,0261机器人-8件（带盒9件）,1581800,整行,1.0/154.0/154.0,,1108,,
2月,（一）手术室,缺失行,213机器人-8件（带盒9件）,1581800,整行,1.0/154.0/154.0,,1109,,
2月,（一）手术室,缺失行,218机器人-7件（带盒8件）,1581800,整行,1.0/132.0/132.0,,1110,,
2月,（一）手术室,缺失行,348机器人-8件（带盒9件）,1581800,整行,1.0/154.0/154.0,,1111,,
2月,（一）手术室,缺失行,475机器人-7件（带盒8件）,1581800,整行,1.0/132.0/132.0,,1112,,
2月,（一）手术室,缺失行,椎间孔镜头-1/W905060,1581800,整行,1.0/35.0/35.0,,1114,,
2月,（一）手术室,缺失行,348机器人-8件（带盒9件）,1581942,整行,1.0/154.0/154.0,,1144,,
2月,（一）手术室,缺失行,373机器人-7件（带盒8件）,1581942,整行,1.0/132.0/132.0,,1145,,
2月,（一）手术室,缺失行,德美新1镜头-1件（盒1）,1581942,整行,1.0/35.0/35.0,,1146,,
2月,（一）手术室,缺失行,德美4K光源（1号）-1/W905060,1581942,整行,1.0/35.0/35.0,,1147,,
2月,（一）手术室,缺失行,旧2刨刀-1/Z3040,1581998,整行,1.0/35.0/35.0,,1154,,
2月,（一）手术室,缺失行,新5光源-1件（盒1）/W905060,1581998,整行,1.0/35.0/35.0,,1155,,
2月,（一）手术室,缺失行,新4镜头-3件 盒1/W6050,1581998,整行,1.0/66.0/66.0,,1156,,
2月,（一）手术室,缺失行,骨四（一）兰青常备光源线-1件/Z2530,1582056,整行,1.0/30.0/30.0,,1163,,
2月,（一）手术室,缺失行,刨刀-房玉立/Z2545,1582056,整行,1.0/30.0/30.0,,1164,,
2月,（一）手术室,缺失行,新1镜头-3件(无转换帽)/W9050,1582056,整行,1.0/66.0/66.0,,1165,,
2月,（一）手术室,缺失行,新3光源-1（带盒两件）/W12050,1582056,整行,1.0/35.0/35.0,,1166,,
2月,（一）手术室,缺失行,施乐辉刨刀-1/z2530,1582112,整行,1.0/30.0/30.0,,1190,,
2月,（一）手术室,缺失行,新史赛克手控加件-1,1582112,整行,1.0/22.0/22.0,,1191,,
2月,（一）手术室,缺失行,0261机器人-8件（带盒9件）,1582112,整行,1.0/154.0/154.0,,1192,,
2月,（一）手术室,缺失行,DMD1号镜头3件（盒1）/W705060,1582112,整行,1.0/66.0/66.0,,1193,,
2月,（一）手术室,缺失行,DMD光源4号-1/W905060,1582112,整行,1.0/16.5/16.5,,1194,,
2月,（一）手术室,缺失行,椎间孔镜头2号-1/W905060,1582112,整行,1.0/35.0/35.0,,1195,,
2月,（一）手术室,缺失行,骨四（一）兰青常备光源线-1件/Z2530,1582347,整行,1.0/30.0/30.0,,1235,,
2月,（一）手术室,缺失行,213机器人-8件（带盒9件）,1582347,整行,1.0/154.0/154.0,,1236,,
2月,（一）手术室,缺失行,373机器人-7件（带盒8件）,1582347,整行,1.0/132.0/132.0,,1237,,
2月,（一）手术室,缺失行,475机器人-7件（带盒8件）,1582347,整行,1.0/132.0/132.0,,1238,,
2月,（一）手术室,缺失行,DMD1号镜头3件（盒1）/W705060,1582347,整行,1.0/66.0/66.0,,1239,,
2月,（一）手术室,缺失行,新5光源-1件（盒1）/W905060,1582347,整行,1.0/35.0/35.0,,1240,,
2月,（一）手术室,缺失行,新1镜头-3件(无转换帽)/W9050,1582347,整行,1.0/66.0/66.0,,1241,,
2月,（一）手术室,缺失行,DMD刨刀-1/Z2550,1582374,整行,1.0/30.0/30.0,,1248,,
2月,（一）手术室,缺失行,旧2刨刀-1/Z3040,1582374,整行,1.0/35.0/35.0,,1249,,
2月,（一）手术室,缺失行,刨刀线-膝关节-旧1/Z2545,1582374,整行,1.0/44.0/44.0,,1250,,
2月,（一）手术室,缺失行,新史赛克手控加件-1,1582374,整行,1.0/22.0/22.0,,1251,,
2月,（一）手术室,缺失行,DMD光源2号-1（带盒）,1582374,整行,1.0/35.0/35.0,,1252,,
2月,（一）手术室,缺失行,DMD3号镜头3件/W705060,1582374,整行,1.0/66.0/66.0,,1256,,
2月,（一）手术室,缺失行,DMD光源3号-1/W905060,1582374,整行,1.0/28.0/28.0,,1257,,
2月,（一）手术室,缺失行,新4镜头-3件 盒1/W6050,1582374,整行,1.0/66.0/66.0,,1258,,
2月,（一）手术室,缺失行,椎间孔镜头2号-1/W905060,1582374,整行,1.0/35.0/35.0,,1259,,
2月,（一）手术室,缺失行,刨刀-房玉立/Z2545,1582462,整行,1.0/30.0/30.0,,1286,,
2月,（一）手术室,缺失行,施乐辉刨刀-1/z2530,1582462,整行,1.0/30.0/30.0,,1287,,
2月,（一）手术室,缺失行,0261机器人-8件（带盒9件）,1582462,整行,1.0/154.0/154.0,,1288,,
2月,（一）手术室,缺失行,218机器人-7件（带盒8件）,1582462,整行,1.0/132.0/132.0,,1289,,
2月,（一）手术室,缺失行,348机器人-8件（带盒9件）,1582462,整行,1.0/154.0/154.0,,1290,,
2月,（一）手术室,缺失行,DMD光源4号-1/W905060,1582462,整行,1.0/16.5/16.5,,1292,,
2月,（一）手术室,缺失行,德美新2镜头-1件/W605060,1582462,整行,1.0/11.0/11.0,,1293,,
2月,（一）手术室,缺失行,新3光源-1（带盒两件）/W12050,1582462,整行,1.0/35.0/35.0,,1294,,
2月,（一）手术室,缺失行,213机器人-8件（带盒9件）,1582646,整行,1.0/154.0/154.0,,1315,,
2月,（一）手术室,缺失行,德美新1镜头-1件（盒1）,1582646,整行,1.0/35.0/35.0,,1316,,
2月,（一）手术室,缺失行,德美4K光源（1号）-1/W905060,1582646,整行,1.0/35.0/35.0,,1317,,
2月,（一）手术室,缺失行,DMD刨刀-1/Z2550,1582722,整行,1.0/30.0/30.0,,1332,,
2月,（一）手术室,缺失行,旧2刨刀-1/Z3040,1582722,整行,1.0/35.0/35.0,,1333,,
2月,（一）手术室,缺失行,DMD3号镜头3件/W705060,1582722,整行,1.0/66.0/66.0,,1336,,
2月,（一）手术室,缺失行,DMD光源3号-1/W905060,1582722,整行,1.0/28.0/28.0,,1337,,
2月,（一）手术室,缺失行,德美新2镜头-1件/W605060,1582722,整行,1.0/11.0/11.0,,1338,,
2月,（一）手术室,缺失行,新1光源-1（带盒两件）/W12050,1582722,整行,1.0/35.0/35.0,,1339,,
2月,（一）手术室,缺失行,新1镜头-3件(无转换帽)/W9050,1582722,整行,1.0/66.0/66.0,,1340,,
2月,（一）手术室,缺失行,348机器人-8件（带盒9件）,1582745,整行,1.0/154.0/154.0,,1341,,
2月,（一）手术室,缺失行,新5光源-1件（盒1）/W905060,1582745,整行,1.0/35.0/35.0,,1342,,
2月,（一）手术室,缺失行,DMD4号镜头3件/W705060,1582745,整行,1.0/66.0/66.0,,1343,,
2月,（一）手术室,缺失行,德美4K光源（2号）-1/W905060,1582745,整行,1.0/35.0/35.0,,1344,,
2月,（一）手术室,缺失行,德美4K光源（3号）-1/W905060,1582745,整行,1.0/35.0/35.0,,1345,,
2月,（一）手术室,缺失行,德美新3镜头-1件/W605060,1582745,整行,1.0/35.0/35.0,,1346,,
2月,（一）手术室,缺失行,聂广辰专用解剖剪-1/Z1029,1582767,整行,2.0/8.0/16.0,,1349,,
2月,（一）手术室,缺失行,鞠超杰剪线器-1/W605060,1582767,整行,1.0/16.5/16.5,,1350,,
2月,（一）手术室,缺失行,光源线-膝镜通用-1/Z2540,1582810,整行,1.0/30.0/30.0,,1369,,
2月,（一）手术室,缺失行,史赛克无线摆锯-4/Z2030,1582810,整行,1.0/88.0/88.0,,1370,,
2月,（一）手术室,缺失行,新1 刨刀-1件/Z2545,1582810,整行,1.0/30.0/30.0,,1371,,
2月,（一）手术室,缺失行,0261机器人-8件（带盒9件）,1582810,整行,1.0/154.0/154.0,,1372,,
2月,（一）手术室,缺失行,偏瘫陈冲显微器械-15件（盒1）,1582810,整行,1.0/88.0/88.0,,1376,,
2月,（一）手术室,缺失行,鞠超杰肩钩-3/W605060,1582810,整行,1.0/16.5/16.5,,1384,,
2月,（一）手术室,字段不一致-单价,UBE拇外翻线-1/双/Z2530,1583012,单价,35.0,26.5,1409,1141,原始按器械数×基础单价(35)计费；处理后按标准价(26.5)计费
2月,（一）手术室,字段不一致-总价,UBE拇外翻线-1/双/Z2530,1583012,总价,35.0,26.5,1409,1141,原始按器械数×基础单价(35)计费；处理后按标准价(26.5)计费
2月,（一）手术室,缺失行,骨四（一）兰青常备光源线-1件/Z2530,1583012,整行,1.0/30.0/30.0,,1411,,
2月,（一）手术室,缺失行,213机器人-8件（带盒9件）,1583012,整行,1.0/154.0/154.0,,1412,,
2月,（一）手术室,缺失行,聂广辰专用解剖剪-1/Z1029,1583080,整行,1.0/8.0/8.0,,1428,,
2月,（一）手术室,汇总不一致-总价,（一）手术室,,总价,191942.0,168167.5,8,8,
2月,（二）手术室,缺失行,聂广辰专用剪刀-1/Z1029,1579623,整行,1.0/8.0/8.0,,236,,
2月,（二）手术室,缺失行,聂广辰专用剪刀-1/Z1029,1580234,整行,1.0/8.0/8.0,,286,,
2月,（二）手术室,缺失行,聂广辰专用剪刀-1/Z1029,1581101,整行,1.0/8.0/8.0,,387,,
2月,（二）手术室,缺失行,聂广辰专用剪刀-1/Z1029,1581673,整行,1.0/8.0/8.0,,439,,
2月,（二）手术室,缺失行,聂广辰专用剪刀-1/Z1029,1581783,整行,1.0/8.0/8.0,,456,,
2月,（二）手术室,缺失行,聂广辰专用剪刀-1/Z1029,1581799,整行,1.0/8.0/8.0,,475,,
2月,（二）手术室,缺失行,聂广辰专用剪刀-1/Z1029,1581979,整行,1.0/8.0/8.0,,486,,
2月,（二）手术室,缺失行,薛岩单子大号/W9050,1582438,整行,2.0/25.0/50.0,,539,,
2月,（二）手术室,缺失行,薛岩单子中号/W9050,1582438,整行,2.0/25.0/50.0,,540,,
2月,（二）手术室,缺失行,骨一薛岩撑开器-1/Z1526,1582635,整行,1.0/11.0/11.0,,570,,
2月,（二）手术室,汇总不一致-总价,（二）手术室,,总价,44963.5,43131.0,11,10,
3月,口内借包,多余行,棉球/Z1530,1590668,整行,,20.0/2.5/50.0,,9,
3月,口外借包,多余行,棉球/Z1530,1590668,整行,,20.0/2.5/50.0,,9,
3月,外二低温,多余行,五官电钻-1,1591355,整行,,2.0/30.0/60.0,,9,
3月,外二低温,多余行,妇产科张长青常备超声刀线-3件Z2030,1593002,整行,,1.0/66.0/66.0,,10,
3月,外二低温,多余行,气腹管1单极线1/Z3045,1593002,整行,,1.0/44.0/44.0,,11,
3月,外二低温,多余行,外妇通用光源线-1/Z2545,1593002,整行,,1.0/30.0/30.0,,12,
3月,外二低温,多余行,外科腹腔镜-19（5套）,1593002,整行,,1.0/88.0/88.0,,13,
3月,外二低温,多余行,镜头-腹腔镜30°-1/W9050,1593002,整行,,1.0/35.0/35.0,,14,
3月,外二借包,多余行,切开包-8件,1583230,整行,,2.0/44.0/88.0,,9,
3月,妇产科低温,多余行,气腹管1单极线1/Z3045,1583174,整行,,1.0/44.0/44.0,,9,
3月,妇产科低温,多余行,外妇通用光源线-1/Z2545,1583174,整行,,1.0/30.0/30.0,,10,
3月,妇产科低温,多余行,镜头-腹腔镜30°-1/W9050,1583174,整行,,1.0/35.0/35.0,,11,
3月,妇产科低温,多余行,妇腔镜器械-17（铁帽3胶帽7）,1583185,整行,,1.0/300.0/300.0,,12,
3月,妇产科低温,多余行,气腹管1单极线1/Z3045,1586169,整行,,1.0/44.0/44.0,,13,
3月,妇产科低温,多余行,外妇通用光源线-1/Z2545,1586169,整行,,1.0/30.0/30.0,,14,
3月,妇产科低温,多余行,妇腔镜器械-17（铁帽3胶帽7）,1586169,整行,,1.0/300.0/300.0,,15,
3月,妇产科低温,多余行,镜头-腹腔镜30°-1/W9050,1586169,整行,,1.0/35.0/35.0,,16,
3月,妇产科低温,多余行,气腹管1单极线1/Z3045,1586721,整行,,1.0/44.0/44.0,,17,
3月,妇产科低温,多余行,外妇通用光源线-1/Z2545,1586721,整行,,1.0/30.0/30.0,,18,
3月,妇产科低温,多余行,妇腔镜器械-17（铁帽3胶帽7）,1586721,整行,,1.0/300.0/300.0,,19,
3月,妇产科低温,多余行,镜头-腹腔镜30°-1/W9050,1586721,整行,,1.0/35.0/35.0,,20,
3月,妇产科低温,多余行,气腹管1单极线1/Z3045,1589030,整行,,1.0/44.0/44.0,,21,
3月,妇产科低温,多余行,外妇通用光源线-1/Z2545,1589030,整行,,1.0/30.0/30.0,,22,
3月,妇产科低温,多余行,妇腔镜器械-17（铁帽3胶帽7）,1589030,整行,,1.0/300.0/300.0,,23,
3月,妇产科低温,多余行,镜头-腹腔镜30°-1/W9050,1589030,整行,,1.0/35.0/35.0,,24,
3月,妇产科低温,多余行,气腹管1单极线1/Z3045,1590059,整行,,1.0/44.0/44.0,,25,
3月,妇产科低温,多余行,外妇通用光源线-1/Z2545,1590059,整行,,1.0/30.0/30.0,,26,
3月,妇产科低温,多余行,镜头-腹腔镜30°-1/W9050,1590059,整行,,1.0/35.0/35.0,,27,
3月,妇产科低温,多余行,妇腔镜器械-17（铁帽3胶帽7）,1590071,整行,,1.0/300.0/300.0,,28,
3月,急诊借包,多余行,切开包-8件,1585007,整行,,4.0/44.0/176.0,,9,
3月,急诊借包,多余行,切开包-8件,1585353,整行,,4.0/44.0/176.0,,10,
3月,急诊借包,多余行,切开包-8件,1586121,整行,,6.0/44.0/264.0,,11,
3月,急诊借包,多余行,切开包-8件,1586245,整行,,2.0/44.0/88.0,,12,
3月,急诊借包,多余行,切开包-8件,1586642,整行,,1.0/44.0/44.0,,13,
3月,急诊借包,多余行,切开包-8件,1586965,整行,,2.0/44.0/88.0,,14,
3月,急诊借包,多余行,切开包-8件,1587301,整行,,2.0/44.0/88.0,,15,
3月,急诊借包,多余行,切开包-8件,1587824,整行,,6.0/44.0/264.0,,16,
3月,急诊借包,多余行,切开包-8件,1588049,整行,,4.0/44.0/176.0,,17,
3月,急诊借包,多余行,切开包-8件,1588134,整行,,4.0/44.0/176.0,,18,
3月,急诊借包,多余行,切开包-8件,1588135,整行,,1.0/44.0/44.0,,19,
3月,急诊借包,多余行,切开包-8件,1588282,整行,,2.0/44.0/88.0,,20,
3月,急诊借包,多余行,供应室缝合3件（钩镊.钳.持）/W5050,1588282,整行,,1.0/16.5/16.5,,21,
3月,急诊借包,多余行,切开包-8件,1588609,整行,,5.0/44.0/220.0,,22,
3月,急诊借包,多余行,切开包-8件,1588974,整行,,4.0/44.0/176.0,,23,
3月,急诊借包,多余行,切开包-8件,1589319,整行,,1.0/44.0/44.0,,24,
3月,急诊借包,多余行,切开包-8件,1589737,整行,,2.0/44.0/88.0,,25,
3月,急诊借包,多余行,切开包-8件,1590070,整行,,3.0/44.0/132.0,,26,
3月,急诊借包,多余行,切开包-8件,1590253,整行,,1.0/44.0/44.0,,27,
3月,急诊借包,多余行,切开包-8件,1590668,整行,,6.0/44.0/264.0,,28,
3月,急诊借包,多余行,切开包-8件,1591057,整行,,6.0/44.0/264.0,,29,
3月,急诊借包,多余行,切开包-8件,1591428,整行,,1.0/44.0/44.0,,30,
3月,急诊借包,多余行,切开包-8件,1591870,整行,,1.0/44.0/44.0,,31,
3月,急诊借包,多余行,切开包-8件,1592163,整行,,4.0/44.0/176.0,,32,
3月,急诊借包,多余行,切开包-8件,1592271,整行,,4.0/44.0/176.0,,33,
3月,急诊借包,多余行,切开包-8件,1592332,整行,,5.0/44.0/220.0,,34,
3月,急诊借包,多余行,切开包-8件,1592841,整行,,4.0/44.0/176.0,,35,
3月,手术室调偏瘫,多余行,偏瘫陈冲显微器械-15件（盒1）,1584682,整行,,1.0/88.0/88.0,,9,
3月,手术室调偏瘫,多余行,偏瘫陈冲显微器械-15件（盒1）,1585396,整行,,1.0/88.0/88.0,,10,
3月,手术室调偏瘫,多余行,偏瘫陈冲显微器械-15件（盒1）,1589471,整行,,1.0/88.0/88.0,,11,
3月,手术室调偏瘫,多余行,偏瘫陈冲显微器械-15件（盒1）,1589840,整行,,1.0/88.0/88.0,,12,
3月,手术室调偏瘫,多余行,偏瘫陈冲显微器械-15件（盒1）,1590781,整行,,1.0/88.0/88.0,,13,
3月,手术室调偏瘫,多余行,偏瘫陈冲显微器械-15件（盒1）,1591167,整行,,1.0/88.0/88.0,,14,
3月,手术室调偏瘫,多余行,偏瘫陈冲显微器械-15件（盒1）,1591497,整行,,1.0/88.0/88.0,,15,
3月,手术室调偏瘫,多余行,偏瘫陈冲显微器械-15件（盒1）,1591948,整行,,1.0/88.0/88.0,,16,
3月,手术室调偏瘫,多余行,偏瘫陈冲显微器械-15件（盒1）,1592936,整行,,1.0/88.0/88.0,,17,
3月,手术室调骨一一,多余行,聂广辰专用剪刀-1/Z1029,1583176,整行,,1.0/8.0/8.0,,9,
3月,手术室调骨一一,多余行,聂广辰专用剪刀-1/Z1029,1583291,整行,,1.0/8.0/8.0,,10,
3月,手术室调骨一一,多余行,聂广辰专用剪刀-1/Z1029,1584892,整行,,1.0/8.0/8.0,,11,
3月,手术室调骨一一,多余行,聂广辰专用剪刀-1/Z1029,1586024,整行,,1.0/8.0/8.0,,12,
3月,手术室调骨一一,多余行,聂广辰专用剪刀-1/Z1029,1586173,整行,,1.0/8.0/8.0,,13,
3月,手术室调骨一一,多余行,聂广辰专用剪刀-1/Z1029,1586344,整行,,1.0/8.0/8.0,,14,
3月,手术室调骨一一,多余行,聂广辰专用剪刀-1/Z1029,1586386,整行,,1.0/8.0/8.0,,15,
3月,手术室调骨一一,多余行,聂广辰专用剪刀-1/Z1029,1586963,整行,,1.0/8.0/8.0,,16,
3月,手术室调骨一一,多余行,聂广辰专用剪刀-1/Z1029,1587086,整行,,1.0/8.0/8.0,,17,
3月,手术室调骨一一,多余行,聂广辰专用剪刀-1/Z1029,1588031,整行,,1.0/8.0/8.0,,18,
3月,手术室调骨一一,多余行,聂广辰专用剪刀-1/Z1029,1589318,整行,,1.0/8.0/8.0,,19,
3月,手术室调骨一一,多余行,聂广辰专用剪刀-1/Z1029,1590406,整行,,1.0/8.0/8.0,,20,
3月,手术室调骨一一,多余行,骨一薛岩撑开器-1/Z1526,1590759,整行,,1.0/11.0/11.0,,21,
3月,手术室调骨一一,多余行,骨一薛岩显微剪刀-1/Z7520,1590759,整行,,2.0/8.0/16.0,,22,
3月,手术室调骨一一,多余行,薛岩单子小号/W9050,1590759,整行,,1.0/25.0/25.0,,23,
3月,手术室调骨一一,多余行,薛岩手科凿子-5/Z6050,1591047,整行,,1.0/27.5/27.5,,24,
3月,手术室调骨一一,多余行,聂广辰专用剪刀-1/Z1029,1591841,整行,,1.0/8.0/8.0,,25,
3月,手术室调骨一一,多余行,聂广辰专用剪刀-1/Z1029,1591950,整行,,1.0/8.0/8.0,,26,
3月,手术室调骨一一,多余行,聂广辰专用剪刀-1/Z1029,1592151,整行,,1.0/8.0/8.0,,27,
3月,手术室调骨一一,多余行,聂广辰专用解剖剪-1/Z1029,1584883,整行,,1.0/8.0/8.0,,28,
3月,手术室调骨一一,多余行,聂广辰专用解剖剪-1/Z1029,1585450,整行,,1.0/8.0/8.0,,29,
3月,手术室调骨一一,多余行,聂广辰专用解剖剪-1/Z1029,1587395,整行,,1.0/8.0/8.0,,30,
3月,手术室调骨一一,多余行,聂广辰专用解剖剪-1/Z1029,1588126,整行,,1.0/8.0/8.0,,31,
3月,手术室调骨一一,多余行,聂广辰专用解剖剪-1/Z1029,1588606,整行,,1.0/8.0/8.0,,32,
3月,手术室调骨一一,多余行,聂广辰专用解剖剪-1/Z1029,1588716,整行,,1.0/8.0/8.0,,33,
3月,手术室调骨一一,多余行,聂广辰专用解剖剪-1/Z1029,1588722,整行,,1.0/8.0/8.0,,34,
3月,手术室调骨一一,多余行,聂广辰专用解剖剪-1/Z1029,1589064,整行,,1.0/8.0/8.0,,35,
3月,手术室调骨一一,多余行,聂广辰专用解剖剪-1/Z1029,1589471,整行,,1.0/8.0/8.0,,36,
3月,手术室调骨一一,多余行,聂广辰专用解剖剪-1/Z1029,1589840,整行,,1.0/8.0/8.0,,37,
3月,手术室调骨一一,多余行,聂广辰专用解剖剪-1/Z1029,1590059,整行,,1.0/8.0/8.0,,38,
3月,手术室调骨一一,多余行,聂广辰专用解剖剪-1/Z1029,1590762,整行,,3.0/8.0/24.0,,39,
3月,手术室调骨一一,多余行,聂广辰专用解剖剪-1/Z1029,1590781,整行,,1.0/8.0/8.0,,40,
3月,手术室调骨一一,多余行,聂广辰专用解剖剪-1/Z1029,1591948,整行,,1.0/8.0/8.0,,41,
3月,手术室调骨一一,多余行,聂广辰专用解剖剪-1/Z1029,1592786,整行,,1.0/8.0/8.0,,42,
3月,手术室调骨六,多余行,李娜半月板工具 -2件/W605060,1587288,整行,,1.0/16.5/16.5,,9,
3月,手术室调骨六,多余行,李娜天星4.75-2/W605060,1587288,整行,,1.0/16.5/16.5,,10,
3月,手术室调骨六,多余行,李娜威高4.5 -2件/W705060,1587288,整行,,1.0/16.5/16.5,,11,
3月,手术室调骨六,多余行,房玉利肩器械-21件(盒1),1587328,整行,,1.0/121.0/121.0,,12,
3月,手术室调骨六,多余行,房玉利肩器械-20件(盒1),1588722,整行,,1.0/115.5/115.5,,13,
3月,手术室调骨六,多余行,房玉立取腱钳-1件/W5060,1590305,整行,,1.0/16.5/16.5,,14,
3月,手术室调骨六,多余行,房玉利肩器械-20件(盒1),1591170,整行,,1.0/115.5/115.5,,15,
3月,手术室调骨四,多余行,宋晓辉吸引器头-1/Z7526,1589065,整行,,1.0/8.0/8.0,,9,
3月,手术室调骨四,多余行,宋小辉-3件/z2554,1592498,整行,,1.0/16.5/16.5,,10,
3月,手术室骨九,多余行,鞠超杰推结器-1/Z7526,1583243,整行,,1.0/8.0/8.0,,9,
3月,手术室骨九,多余行,鞠前叉定位器-1/W4050,1583243,整行,,1.0/16.5/16.5,,10,
3月,手术室骨九,多余行,鞠定向器-2件/W505060,1586749,整行,,1.0/16.5/16.5,,11,
3月,手术室骨九,多余行,鞠超杰水管4503-2件/W505060,1587414,整行,,1.0/16.5/16.5,,12,
3月,手术室骨九,多余行,鞠超杰凿子-2件/W605060,1587443,整行,,1.0/16.5/16.5,,13,
3月,手术室骨九,多余行,鞠超杰水管4503-2件/W505060,1587695,整行,,1.0/16.5/16.5,,14,
3月,手术室骨九,多余行,鞠超杰剪线器-1/W605060,1588722,整行,,1.0/16.5/16.5,,15,
3月,手术室骨九,多余行,鞠肩胛盂定位器-8件/W705060,1588722,整行,,1.0/44.0/44.0,,16,
3月,手术室骨九,多余行,鞠前叉定位器-1/W4050,1588722,整行,,1.0/16.5/16.5,,17,
3月,手术室骨九,多余行,鞠超杰踝水管-2/W605060,1589065,整行,,1.0/16.5/16.5,,18,
3月,手术室骨九,多余行,鞠超杰凿子-2件/W605060,1592591,整行,,1.0/16.5/16.5,,19,
3月,烧伤二科借包,多余行,孔巾1 纱布5/Z2025,1592841,整行,,1.0/2.5/2.5,,9,
3月,肾内借包,多余行,切开包-8件,1591853,整行,,1.0/44.0/44.0,,9,
3月,胸外低温,多余行,胸外镜头-1（盒1）W9050,1583494,整行,,1.0/35.0/35.0,,9,
3月,胸外低温,多余行,胸外镜头30°-1（盒1）W9050,1586581,整行,,1.0/35.0/35.0,,10,
3月,胸外低温,多余行,胸外镜头-1（盒1）W9050,1587716,整行,,1.0/35.0/35.0,,11,
3月,胸外低温,多余行,胸外镜头30°-1（盒1）W9050,1587716,整行,,1.0/35.0/35.0,,12,
3月,胸外低温,多余行,胸外电钩线-1件/Z2030,1588024,整行,,1.0/28.0/28.0,,13,
3月,胸外低温,多余行,胸外镜头30°-1（盒1）W9050,1588024,整行,,1.0/35.0/35.0,,14,
3月,胸外低温,多余行,胸外镜头30°-1（盒1）W9050,1588351,整行,,1.0/35.0/35.0,,15,
3月,胸外低温,多余行,安速康超声刀手柄1线1/Z2530,1588722,整行,,1.0/44.0/44.0,,16,
3月,胸外低温,多余行,胸外盖冠男电钩2线1/Z2050,1588722,整行,,1.0/66.0/66.0,,17,
3月,胸外低温,多余行,胸外光源线-1件/Z2530,1588722,整行,,1.0/30.0/30.0,,18,
3月,胸外低温,多余行,胸外镜头-1（盒1）W9050,1588722,整行,,1.0/35.0/35.0,,19,
3月,胸外借包,多余行,切开包-8件,1585688,整行,,2.0/44.0/88.0,,9,
3月,胸外借包,多余行,切开包-8件,1586033,整行,,1.0/44.0/44.0,,10,
3月,骨一一低温,多余行,218机器人-7件（带盒8件）,1585829,整行,,1.0/132.0/132.0,,9,
3月,骨一一低温,多余行,1号摆锯-4件（盒1）/W9050,1586721,整行,,1.0/88.0/88.0,,10,
3月,骨一一低温,多余行,史赛克无线摆锯-4/Z2030,1588126,整行,,1.0/88.0/88.0,,11,
3月,骨一一低温,多余行,新史赛克手控加件-1,1588179,整行,,1.0/22.0/22.0,,12,
3月,骨一一低温,多余行,史赛克无线摆锯-4/Z2030,1589279,整行,,1.0/88.0/88.0,,13,
3月,骨一一低温,多余行,1号摆锯(二)环氧,1589630,整行,,1.0/66.0/66.0,,14,
3月,骨一一低温,多余行,373机器人-7件（带盒8件）,1589676,整行,,1.0/132.0/132.0,,15,
3月,骨一一低温,多余行,史赛克无线摆锯-4/Z2030,1591168,整行,,1.0/88.0/88.0,,16,
3月,骨一一低温,多余行,骨一手托架-3件/W9050,1592155,整行,,1.0/66.0/66.0,,17,
3月,骨一一低温,多余行,0261机器人-8件（带盒9件）,1592155,整行,,1.0/154.0/154.0,,18,
3月,骨一二低温,多余行,475机器人-7件（带盒8件）,1591055,整行,,1.0/132.0/132.0,,9,
3月,骨七低温,多余行,373机器人-7件（带盒8件）,1585665,整行,,1.0/132.0/132.0,,9,
3月,骨七低温,多余行,475机器人-7件（带盒8件）,1585846,整行,,1.0/132.0/132.0,,10,
3月,骨三低温,多余行,475机器人-7件（带盒8件）,1584614,整行,,1.0/132.0/132.0,,9,
3月,骨九低温,多余行,德美4K光源（3号）-1/W905060,1583247,整行,,1.0/35.0/35.0,,9,
3月,骨九低温,多余行,德美新3镜头-1件/W605060,1583247,整行,,1.0/35.0/35.0,,10,
3月,骨九低温,多余行,德美4K光源（2号）-1/W905060,1583293,整行,,1.0/35.0/35.0,,11,
3月,骨九低温,多余行,德美新2镜头-1件/W605060,1583293,整行,,1.0/35.0/35.0,,12,
3月,骨九低温,多余行,德美4K光源（4号）-1/Z2550,1584614,整行,,1.0/30.0/30.0,,13,
3月,骨九低温,多余行,德美4号刨刀-1/Z2035,1584614,整行,,1.0/30.0/30.0,,14,
3月,骨九低温,多余行,德美新2镜头-1件/W605060,1584614,整行,,1.0/35.0/35.0,,15,
3月,骨九低温,多余行,218机器人-7件（带盒8件）,1584683,整行,,1.0/132.0/132.0,,16,
3月,骨九低温,多余行,373机器人-7件（带盒8件）,1584683,整行,,1.0/132.0/132.0,,17,
3月,骨九低温,多余行,475机器人-7件（带盒8件）,1584683,整行,,1.0/132.0/132.0,,18,
3月,骨九低温,多余行,DMD刨刀-1/Z2550,1585244,整行,,1.0/30.0/30.0,,19,
3月,骨九低温,多余行,DMD3号镜头3件/W705060,1585244,整行,,1.0/66.0/66.0,,20,
3月,骨九低温,多余行,DMD光源3号-1/W905060,1585244,整行,,1.0/28.0/28.0,,21,
3月,骨九低温,多余行,施乐辉刨刀-1/z2530,1585450,整行,,1.0/30.0/30.0,,22,
3月,骨九低温,多余行,DMD2号镜头3件/W705060,1585450,整行,,1.0/66.0/66.0,,23,
3月,骨九低温,多余行,德美4K光源（1号）-1/W905060,1585450,整行,,1.0/35.0/35.0,,24,
3月,骨九低温,多余行,德美新3镜头-1件/W605060,1585450,整行,,1.0/35.0/35.0,,25,
3月,骨九低温,多余行,新4光源-1（带盒两件）/W12050,1585450,整行,,1.0/35.0/35.0,,26,
3月,骨九低温,多余行,DMD6号水管-2件/W505060,1585661,整行,,1.0/44.0/44.0,,27,
3月,骨九低温,多余行,DMD刨刀-1/Z2550,1585661,整行,,1.0/30.0/30.0,,28,
3月,骨九低温,多余行,鞠超杰-肩钩-5件/Z1030,1585661,整行,,1.0/88.0/88.0,,29,
3月,骨九低温,多余行,DMD6号镜头-1件,1585661,整行,,1.0/35.0/35.0,,30,
3月,骨九低温,多余行,DMD光源4号-1/W905060,1585661,整行,,1.0/35.0/35.0,,31,
3月,骨九低温,多余行,刨刀线-膝关节-旧1/Z2545,1585765,整行,,1.0/44.0/44.0,,32,
3月,骨九低温,多余行,DMD光源2号-1（带盒）,1585765,整行,,1.0/35.0/35.0,,33,
3月,骨九低温,多余行,DMD刨刀-1/Z2550,1585829,整行,,1.0/30.0/30.0,,34,
3月,骨九低温,多余行,DMD3号镜头3件/W705060,1585829,整行,,1.0/66.0/66.0,,35,
3月,骨九低温,多余行,DMD光源3号-1/W905060,1585829,整行,,1.0/28.0/28.0,,36,
3月,骨九低温,多余行,218机器人-7件（带盒8件）,1586346,整行,,1.0/132.0/132.0,,37,
3月,骨九低温,多余行,德美新1镜头-1件（盒1）,1586346,整行,,1.0/35.0/35.0,,38,
3月,骨九低温,多余行,德美4K光源（3号）-1/W905060,1586346,整行,,1.0/35.0/35.0,,39,
3月,骨九低温,多余行,373机器人-7件（带盒8件）,1586583,整行,,1.0/132.0/132.0,,40,
3月,骨九低温,多余行,475机器人-7件（带盒8件）,1586583,整行,,1.0/132.0/132.0,,41,
3月,骨九低温,多余行,德美新1镜头-1件（盒1）,1586683,整行,,1.0/35.0/35.0,,42,
3月,骨九低温,多余行,新1光源-1（带盒两件）/W12050,1586683,整行,,1.0/35.0/35.0,,43,
3月,骨九低温,多余行,德美4K光源（1号）-1/W905060,1586721,整行,,1.0/35.0/35.0,,44,
3月,骨九低温,多余行,475机器人-7件（带盒8件）,1586749,整行,,1.0/132.0/132.0,,45,
3月,骨九低温,多余行,德美新1镜头-1件（盒1）,1587102,整行,,1.0/35.0/35.0,,46,
3月,骨九低温,多余行,德美4K光源（1号）-1/W905060,1587102,整行,,1.0/35.0/35.0,,47,
3月,骨九低温,多余行,DMD光源1号-1/W905060,1587300,整行,,1.0/22.0/22.0,,48,
3月,骨九低温,多余行,DMD刨刀-1/Z2550,1587300,整行,,1.0/30.0/30.0,,49,
3月,骨九低温,多余行,鞠超杰镜头-3件/W9050,1587300,整行,,1.0/66.0/66.0,,50,
3月,骨九低温,多余行,475机器人-7件（带盒8件）,1587364,整行,,1.0/132.0/132.0,,51,
3月,骨九低温,多余行,施乐辉刨刀-1/z2530,1587402,整行,,1.0/30.0/30.0,,52,
3月,骨九低温,多余行,DMD光源3号-1/W905060,1587402,整行,,1.0/28.0/28.0,,53,
3月,骨九低温,多余行,膝关节镜-鞠超杰/W9050,1587402,整行,,1.0/35.0/35.0,,54,
3月,骨九低温,多余行,DMD光源1号-1/W905060,1587473,整行,,1.0/22.0/22.0,,55,
3月,骨九低温,多余行,DMD刨刀-1/Z2550,1587473,整行,,1.0/30.0/30.0,,56,
3月,骨九低温,多余行,新史赛克手控加件-1,1587473,整行,,1.0/22.0/22.0,,57,
3月,骨九低温,多余行,373机器人-7件（带盒8件）,1587473,整行,,1.0/132.0/132.0,,58,
3月,骨九低温,多余行,DMD3号镜头3件/W705060,1587473,整行,,1.0/66.0/66.0,,59,
3月,骨九低温,多余行,DMD6号水管-2件/W505060,1587691,整行,,1.0/44.0/44.0,,60,
3月,骨九低温,多余行,刨刀-房玉立/Z2545,1587691,整行,,1.0/30.0/30.0,,61,
3月,骨九低温,多余行,刨刀线-膝关节-旧1/Z2545,1587691,整行,,1.0/44.0/44.0,,62,
3月,骨九低温,多余行,475机器人-7件（带盒8件）,1587691,整行,,1.0/132.0/132.0,,63,
3月,骨九低温,多余行,新5光源-1件（盒1）/W905060,1587691,整行,,1.0/35.0/35.0,,64,
3月,骨九低温,多余行,DMD光源4号-1/W905060,1587691,整行,,1.0/35.0/35.0,,65,
3月,骨九低温,多余行,鞠超杰镜头-3件/W9050,1587691,整行,,1.0/66.0/66.0,,66,
3月,骨九低温,多余行,旧2刨刀-1/Z3040,1587716,整行,,1.0/35.0/35.0,,67,
3月,骨九低温,多余行,DMD6号镜头-1件,1587716,整行,,1.0/35.0/35.0,,68,
3月,骨九低温,多余行,DMD光源2号-1（带盒）,1587716,整行,,1.0/35.0/35.0,,69,
3月,骨九低温,多余行,膝关节镜-鞠超杰/W9050,1587716,整行,,1.0/35.0/35.0,,70,
3月,骨九低温,多余行,新史赛克手控加件-1,1587846,整行,,1.0/22.0/22.0,,71,
3月,骨九低温,多余行,德美新1镜头-1件（盒1）,1587846,整行,,1.0/35.0/35.0,,72,
3月,骨九低温,多余行,德美4K光源（2号）-1/W905060,1587846,整行,,1.0/35.0/35.0,,73,
3月,骨九低温,多余行,德美4K光源（3号）-1/W905060,1587846,整行,,1.0/35.0/35.0,,74,
3月,骨九低温,多余行,德美新2镜头-1件/W605060,1587846,整行,,1.0/35.0/35.0,,75,
3月,骨九低温,多余行,史赛克无线摆锯-4/Z2030,1587877,整行,,1.0/88.0/88.0,,76,
3月,骨九低温,多余行,鞠超杰镜头2号-1件（盒1）/w9050,1587716,整行,,1.0/28.0/28.0,,77,
3月,骨九低温,多余行,德美4K光源（2号）-1/W905060,1588254,整行,,1.0/35.0/35.0,,78,
3月,骨九低温,多余行,德美新2镜头-1件/W605060,1588254,整行,,1.0/35.0/35.0,,79,
3月,骨九低温,多余行,德美新1镜头-1件（盒1）,1588276,整行,,1.0/35.0/35.0,,80,
3月,骨九低温,多余行,德美4号刨刀-1/Z2035,1588351,整行,,1.0/30.0/30.0,,81,
3月,骨九低温,多余行,德美4K光源（3号）-1/W905060,1588351,整行,,1.0/35.0/35.0,,82,
3月,骨九低温,多余行,DMD刨刀-1/Z2550,1588722,整行,,1.0/30.0/30.0,,83,
3月,骨九低温,多余行,史赛克无线摆锯-4/Z2030,1588722,整行,,1.0/88.0/88.0,,84,
3月,骨九低温,多余行,DMD1号镜头3件（盒1）/W705060,1588722,整行,,1.0/66.0/66.0,,85,
3月,骨九低温,多余行,德美新1镜头-1件（盒1）,1588722,整行,,1.0/35.0/35.0,,86,
3月,骨九低温,多余行,DMD光源4号-1/W905060,1588722,整行,,1.0/35.0/35.0,,87,
3月,骨九低温,多余行,德美4K光源（3号）-1/W905060,1588722,整行,,1.0/35.0/35.0,,88,
3月,骨九低温,多余行,218机器人-7件（带盒8件）,1589471,整行,,1.0/132.0/132.0,,89,
3月,骨九低温,多余行,刨刀线-膝关节-旧1/Z2545,1589676,整行,,1.0/44.0/44.0,,90,
3月,骨九低温,多余行,DMD1号镜头3件（盒1）/W705060,1589676,整行,,1.0/66.0/66.0,,91,
3月,骨九低温,多余行,DMD刨刀-1/Z2550,1589736,整行,,1.0/30.0/30.0,,92,
3月,骨九低温,多余行,DMD光源2号-1（带盒）,1589736,整行,,1.0/35.0/35.0,,93,
3月,骨九低温,多余行,DMD3号镜头3件/W705060,1589736,整行,,1.0/66.0/66.0,,94,
3月,骨九低温,多余行,DMD光源3号-1/W905060,1589736,整行,,1.0/28.0/28.0,,95,
3月,骨九低温,多余行,德美新1镜头-1件（盒1）,1590609,整行,,1.0/35.0/35.0,,96,
3月,骨九低温,多余行,德美4K光源（3号）-1/W905060,1590609,整行,,1.0/35.0/35.0,,97,
3月,骨九低温,多余行,德美4K光源（1号）-1/W905060,1590677,整行,,1.0/35.0/35.0,,98,
3月,骨九低温,多余行,德美新2镜头-1件/W605060,1590677,整行,,1.0/35.0/35.0,,99,
3月,骨九低温,多余行,DMD2号镜头3件/W705060,1590721,整行,,1.0/66.0/66.0,,100,
3月,骨九低温,多余行,DMD光源1号-1/W905060,1591106,整行,,1.0/22.0/22.0,,101,
3月,骨九低温,多余行,DMD刨刀-1/Z2550,1591106,整行,,1.0/30.0/30.0,,102,
3月,骨九低温,多余行,DMD3号镜头3件/W705060,1591106,整行,,1.0/66.0/66.0,,103,
3月,骨九低温,多余行,德美新1镜头-1件（盒1）,1591168,整行,,1.0/35.0/35.0,,104,
3月,骨九低温,多余行,德美4K光源（1号）-1/W905060,1591168,整行,,1.0/35.0/35.0,,105,
3月,骨九低温,多余行,德美4K光源（3号）-1/W905060,1591168,整行,,1.0/35.0/35.0,,106,
3月,骨九低温,多余行,德美新2镜头-1件/W605060,1591168,整行,,1.0/35.0/35.0,,107,
3月,骨九低温,多余行,德美新1镜头-1件（盒1）,1591446,整行,,1.0/35.0/35.0,,108,
3月,骨九低温,多余行,德美4K光源（2号）-1/W905060,1591446,整行,,1.0/35.0/35.0,,109,
3月,骨九低温,多余行,DMD光源1号-1/W905060,1591513,整行,,1.0/22.0/22.0,,110,
3月,骨九低温,多余行,DMD刨刀-1/Z2550,1591513,整行,,1.0/30.0/30.0,,111,
3月,骨九低温,多余行,德美4K光源（4号）-1/Z2550,1591513,整行,,1.0/30.0/30.0,,112,
3月,骨九低温,多余行,德美4号刨刀-1/Z2035,1591513,整行,,1.0/30.0/30.0,,113,
3月,骨九低温,多余行,DMD3号镜头3件/W705060,1591513,整行,,1.0/66.0/66.0,,114,
3月,骨九低温,多余行,德美新3镜头-1件/W605060,1591513,整行,,1.0/35.0/35.0,,115,
3月,骨九低温,多余行,德美4K光源（3号）-1/W905060,1592383,整行,,1.0/35.0/35.0,,116,
3月,骨九低温,多余行,德美新2镜头-1件/W605060,1592383,整行,,1.0/35.0/35.0,,117,
3月,骨九低温,多余行,DMD光源1号-1/W905060,1592451,整行,,1.0/22.0/22.0,,118,
3月,骨九低温,多余行,DMD刨刀-1/Z2550,1592451,整行,,1.0/30.0/30.0,,119,
3月,骨九低温,多余行,DMD3号镜头3件/W705060,1592451,整行,,1.0/66.0/66.0,,120,
3月,骨九低温,多余行,史赛克无线摆锯-4/Z2030,1592591,整行,,1.0/88.0/88.0,,121,
3月,骨九低温,多余行,新史赛克手控加件-1,1592591,整行,,1.0/22.0/22.0,,122,
3月,骨九低温,多余行,475机器人-7件（带盒8件）,1592591,整行,,1.0/132.0/132.0,,123,
3月,骨二低温,多余行,史赛克无线摆锯-4/Z2030,1586749,整行,,1.0/88.0/88.0,,9,
3月,骨二低温,多余行,218机器人-7件（带盒8件）,1587877,整行,,1.0/132.0/132.0,,10,
3月,骨二低温,多余行,348机器人-8件（带盒9件）,1588722,整行,,1.0/154.0/154.0,,11,
3月,骨二低温,多余行,475机器人-7件（带盒8件）,1589780,整行,,1.0/132.0/132.0,,12,
3月,骨二低温,多余行,348机器人-8件（带盒9件）,1590404,整行,,1.0/154.0/154.0,,13,
3月,骨二低温,多余行,218机器人-7件（带盒8件）,1590845,整行,,1.0/132.0/132.0,,14,
3月,骨五低温,多余行,213机器人-8件（带盒9件）,1588024,整行,,1.0/154.0/154.0,,9,
3月,骨五低温,多余行,373机器人-7件（带盒8件）,1588024,整行,,1.0/132.0/132.0,,10,
3月,骨五低温,多余行,475机器人-7件（带盒8件）,1590721,整行,,1.0/132.0/132.0,,11,
3月,骨五低温,多余行,218机器人-7件（带盒8件）,1591106,整行,,1.0/132.0/132.0,,12,
3月,骨八低温,多余行,218机器人-7件（带盒8件）,1583576,整行,,1.0/132.0/132.0,,9,
3月,骨八低温,多余行,373机器人-7件（带盒8件）,1585086,整行,,1.0/132.0/132.0,,10,
3月,骨八低温,多余行,373机器人-7件（带盒8件）,1586283,整行,,1.0/132.0/132.0,,11,
3月,骨八低温,多余行,218机器人-7件（带盒8件）,1586629,整行,,1.0/132.0/132.0,,12,
3月,骨八低温,多余行,373机器人-7件（带盒8件）,1588722,整行,,1.0/132.0/132.0,,13,
3月,骨八低温,多余行,218机器人-7件（带盒8件）,1589064,整行,,1.0/132.0/132.0,,14,
3月,骨八低温,多余行,218机器人-7件（带盒8件）,1590609,整行,,1.0/132.0/132.0,,15,
3月,骨八低温,多余行,373机器人-7件（带盒8件）,1590677,整行,,1.0/132.0/132.0,,16,
3月,骨八低温,多余行,218机器人-7件（带盒8件）,1591869,整行,,1.0/132.0/132.0,,17,
3月,骨八低温,多余行,373机器人-7件（带盒8件）,1591869,整行,,1.0/132.0/132.0,,18,
3月,骨八低温,多余行,218机器人-7件（带盒8件）,1592451,整行,,1.0/132.0/132.0,,19,
3月,骨六低温,多余行,刨刀-房玉立/Z2545,1583237,整行,,1.0/30.0/30.0,,9,
3月,骨六低温,多余行,施乐辉刨刀-1/z2530,1583237,整行,,1.0/30.0/30.0,,10,
3月,骨六低温,多余行,DMD3号镜头3件/W705060,1583237,整行,,1.0/66.0/66.0,,11,
3月,骨六低温,多余行,新1光源-1（带盒两件）/W12050,1583237,整行,,1.0/35.0/35.0,,12,
3月,骨六低温,多余行,新1镜头-3件(无转换帽)/W9050,1583237,整行,,1.0/66.0/66.0,,13,
3月,骨六低温,多余行,新3光源-1（带盒两件）/W12050,1583237,整行,,1.0/35.0/35.0,,14,
3月,骨六低温,多余行,DMD光源1号-1/W905060,1583247,整行,,1.0/22.0/22.0,,15,
3月,骨六低温,多余行,旧2刨刀-1/Z3040,1583247,整行,,1.0/35.0/35.0,,16,
3月,骨六低温,多余行,DMD1号镜头3件（盒1）/W705060,1583247,整行,,1.0/66.0/66.0,,17,
3月,骨六低温,多余行,新5光源-1件（盒1）/W905060,1584682,整行,,1.0/35.0/35.0,,18,
3月,骨六低温,多余行,新1镜头-3件(无转换帽)/W9050,1584682,整行,,1.0/66.0/66.0,,19,
3月,骨六低温,多余行,刨刀-房玉立/Z2545,1584683,整行,,1.0/30.0/30.0,,20,
3月,骨六低温,多余行,史赛克无线摆锯-4/Z2030,1584683,整行,,1.0/88.0/88.0,,21,
3月,骨六低温,多余行,新4刨刀-1件/Z2550,1584961,整行,,1.0/30.0/30.0,,22,
3月,骨六低温,多余行,DMD1号镜头3件（盒1）/W705060,1584961,整行,,1.0/66.0/66.0,,23,
3月,骨六低温,多余行,新4光源-1（带盒两件）/W12050,1584961,整行,,1.0/35.0/35.0,,24,
3月,骨六低温,多余行,德美4K光源（4号）-1/Z2550,1585086,整行,,1.0/30.0/30.0,,25,
3月,骨六低温,多余行,德美4号刨刀-1/Z2035,1585086,整行,,1.0/30.0/30.0,,26,
3月,骨六低温,多余行,史赛克无线摆锯-4/Z2030,1585086,整行,,1.0/88.0/88.0,,27,
3月,骨六低温,多余行,德美新3镜头-1件/W605060,1585086,整行,,1.0/35.0/35.0,,28,
3月,骨六低温,多余行,刨刀-房玉立/Z2545,1585244,整行,,1.0/30.0/30.0,,29,
3月,骨六低温,多余行,新4刨刀-1/Z2545,1585244,整行,,1.0/30.0/30.0,,30,
3月,骨六低温,多余行,DMD1号镜头3件（盒1）/W705060,1585244,整行,,1.0/66.0/66.0,,31,
3月,骨六低温,多余行,新5光源-1件（盒1）/W905060,1585244,整行,,1.0/35.0/35.0,,32,
3月,骨六低温,多余行,新1光源-1（带盒两件）/W12050,1585244,整行,,1.0/35.0/35.0,,33,
3月,骨六低温,多余行,新1镜头-3件(无转换帽)/W9050,1585244,整行,,1.0/66.0/66.0,,34,
3月,骨六低温,多余行,旧2刨刀-1/Z3040,1585356,整行,,1.0/35.0/35.0,,35,
3月,骨六低温,多余行,DMD4号镜头3件/W705060,1585356,整行,,1.0/66.0/66.0,,36,
3月,骨六低温,多余行,新3光源-1（带盒两件）/W12050,1585356,整行,,1.0/35.0/35.0,,37,
3月,骨六低温,多余行,新史赛克手控加件-1,1585450,整行,,1.0/22.0/22.0,,38,
3月,骨六低温,多余行,刨刀-房玉立/Z2545,1585661,整行,,1.0/30.0/30.0,,39,
3月,骨六低温,多余行,DMD1号镜头3件（盒1）/W705060,1585661,整行,,1.0/66.0/66.0,,40,
3月,骨六低温,多余行,DMD3号镜头3件/W705060,1585661,整行,,1.0/66.0/66.0,,41,
3月,骨六低温,多余行,新1光源-1（带盒两件）/W12050,1585661,整行,,1.0/35.0/35.0,,42,
3月,骨六低温,多余行,施乐辉刨刀-1/z2530,1586027,整行,,1.0/30.0/30.0,,43,
3月,骨六低温,多余行,新1镜头-3件(无转换帽)/W9050,1586027,整行,,1.0/66.0/66.0,,44,
3月,骨六低温,多余行,新3光源-1（带盒两件）/W12050,1586027,整行,,1.0/35.0/35.0,,45,
3月,骨六低温,多余行,新史赛克手控加件-1,1586385,整行,,1.0/22.0/22.0,,46,
3月,骨六低温,多余行,DMD光源1号-1/W905060,1586583,整行,,1.0/22.0/22.0,,47,
3月,骨六低温,多余行,DMD刨刀-1/Z2550,1586583,整行,,1.0/30.0/30.0,,48,
3月,骨六低温,多余行,DMD3号镜头3件/W705060,1586583,整行,,1.0/66.0/66.0,,49,
3月,骨六低温,多余行,施乐辉刨刀-1/z2530,1586749,整行,,1.0/30.0/30.0,,50,
3月,骨六低温,多余行,新1镜头-3件(无转换帽)/W9050,1586935,整行,,1.0/66.0/66.0,,51,
3月,骨六低温,多余行,新3光源-1（带盒两件）/W12050,1586935,整行,,1.0/35.0/35.0,,52,
3月,骨六低温,多余行,218机器人-7件（带盒8件）,1587102,整行,,1.0/132.0/132.0,,53,
3月,骨六低温,多余行,新4刨刀-1/Z2545,1587283,整行,,1.0/30.0/30.0,,54,
3月,骨六低温,多余行,新1镜头-3件(无转换帽)/W9050,1587283,整行,,1.0/66.0/66.0,,55,
3月,骨六低温,多余行,新4光源-1（带盒两件）/W12050,1587283,整行,,1.0/35.0/35.0,,56,
3月,骨六低温,多余行,德美4K光源（2号）-1/W905060,1587300,整行,,1.0/35.0/35.0,,57,
3月,骨六低温,多余行,德美新2镜头-1件/W605060,1587300,整行,,1.0/35.0/35.0,,58,
3月,骨六低温,多余行,新3刨刀-1件/Z2550,1587364,整行,,1.0/30.0/30.0,,59,
3月,骨六低温,多余行,DMD3号镜头3件/W705060,1587364,整行,,1.0/66.0/66.0,,60,
3月,骨六低温,多余行,新3光源-1（带盒两件）/W12050,1587364,整行,,1.0/35.0/35.0,,61,
3月,骨六低温,多余行,新1 刨刀-1件/Z2545,1587402,整行,,1.0/30.0/30.0,,62,
3月,骨六低温,多余行,DMD1号镜头3件（盒1）/W705060,1587402,整行,,1.0/66.0/66.0,,63,
3月,骨六低温,多余行,德美4K光源（3号）-1/W905060,1587402,整行,,1.0/35.0/35.0,,64,
3月,骨六低温,多余行,德美新3镜头-1件/W605060,1587402,整行,,1.0/35.0/35.0,,65,
3月,骨六低温,多余行,新1光源-1（带盒两件）/W12050,1587402,整行,,1.0/35.0/35.0,,66,
3月,骨六低温,多余行,德美4K光源（4号）-1/Z2550,1587473,整行,,1.0/30.0/30.0,,67,
3月,骨六低温,多余行,德美4号刨刀-1/Z2035,1587473,整行,,1.0/30.0/30.0,,68,
3月,骨六低温,多余行,新4刨刀-1/Z2545,1587473,整行,,1.0/30.0/30.0,,69,
3月,骨六低温,多余行,德美新1镜头-1件（盒1）,1587473,整行,,1.0/35.0/35.0,,70,
3月,骨六低温,多余行,新1镜头-3件(无转换帽)/W9050,1587473,整行,,1.0/66.0/66.0,,71,
3月,骨六低温,多余行,新4光源-1（带盒两件）/W12050,1587473,整行,,1.0/35.0/35.0,,72,
3月,骨六低温,多余行,施乐辉刨刀-1/z2530,1587691,整行,,1.0/30.0/30.0,,73,
3月,骨六低温,多余行,新1光源-1（带盒两件）/W12050,1587716,整行,,1.0/35.0/35.0,,74,
3月,骨六低温,多余行,DMD6号水管-2件/W505060,1588276,整行,,1.0/44.0/44.0,,75,
3月,骨六低温,多余行,DMD光源1号-1/W905060,1588276,整行,,1.0/22.0/22.0,,76,
3月,骨六低温,多余行,旧2刨刀-1/Z3040,1588276,整行,,1.0/35.0/35.0,,77,
3月,骨六低温,多余行,刨刀-房玉立/Z2545,1588276,整行,,1.0/30.0/30.0,,78,
3月,骨六低温,多余行,373机器人-7件（带盒8件）,1588276,整行,,1.0/132.0/132.0,,79,
3月,骨六低温,多余行,新1光源-1（带盒两件）/W12050,1588276,整行,,1.0/35.0/35.0,,80,
3月,骨六低温,多余行,新1镜头-3件(无转换帽)/W9050,1588276,整行,,1.0/66.0/66.0,,81,
3月,骨六低温,多余行,施乐辉刨刀-1/z2530,1588351,整行,,1.0/30.0/30.0,,82,
3月,骨六低温,多余行,475机器人-7件（带盒8件）,1588351,整行,,1.0/132.0/132.0,,83,
3月,骨六低温,多余行,DMD1号镜头3件（盒1）/W705060,1588351,整行,,1.0/66.0/66.0,,84,
3月,骨六低温,多余行,DMD6号镜头-1件,1588351,整行,,1.0/35.0/35.0,,85,
3月,骨六低温,多余行,DMD光源4号-1/W905060,1588351,整行,,1.0/35.0/35.0,,86,
3月,骨六低温,多余行,刨刀-房玉立/Z2545,1588666,整行,,1.0/30.0/30.0,,87,
3月,骨六低温,多余行,腕肘-7件/Z1530,1588666,整行,,1.0/132.0/132.0,,88,
3月,骨六低温,多余行,DMD3号镜头3件/W705060,1588666,整行,,1.0/66.0/66.0,,89,
3月,骨六低温,多余行,新3光源-1（带盒两件）/W12050,1588666,整行,,1.0/35.0/35.0,,90,
3月,骨六低温,多余行,新4光源-1（带盒两件）/W12050,1588666,整行,,1.0/35.0/35.0,,91,
3月,骨六低温,多余行,肘踝通用镜头-1/W6050,1588666,整行,,1.0/35.0/35.0,,92,
3月,骨六低温,多余行,DMD6号水管-2件/W505060,1588722,整行,,1.0/44.0/44.0,,93,
3月,骨六低温,多余行,旧2刨刀-1/Z3040,1588722,整行,,1.0/35.0/35.0,,94,
3月,骨六低温,多余行,施乐辉刨刀-1/z2530,1588722,整行,,1.0/30.0/30.0,,95,
3月,骨六低温,多余行,DMD6号镜头-1件,1588722,整行,,1.0/35.0/35.0,,96,
3月,骨六低温,多余行,新5光源-1件（盒1）/W905060,1588722,整行,,1.0/35.0/35.0,,97,
3月,骨六低温,多余行,刨刀线-膝关节-旧1/Z2545,1588931,整行,,1.0/44.0/44.0,,98,
3月,骨六低温,多余行,新1光源-1（带盒两件）/W12050,1588931,整行,,1.0/35.0/35.0,,99,
3月,骨六低温,多余行,新1镜头-3件(无转换帽)/W9050,1588931,整行,,1.0/66.0/66.0,,100,
3月,骨六低温,多余行,DMD6号水管-2件/W505060,1590280,整行,,1.0/44.0/44.0,,101,
3月,骨六低温,多余行,DMD刨刀-1/Z2550,1590280,整行,,1.0/30.0/30.0,,102,
3月,骨六低温,多余行,DMD6号镜头-1件,1590280,整行,,1.0/35.0/35.0,,103,
3月,骨六低温,多余行,DMD光源2号-1（带盒）,1590280,整行,,1.0/35.0/35.0,,104,
3月,骨六低温,多余行,刨刀-房玉立/Z2545,1590404,整行,,1.0/30.0/30.0,,105,
3月,骨六低温,多余行,刨刀线-膝关节-旧1/Z2545,1590404,整行,,1.0/44.0/44.0,,106,
3月,骨六低温,多余行,施乐辉刨刀-1/z2530,1590404,整行,,1.0/30.0/30.0,,107,
3月,骨六低温,多余行,新5光源-1件（盒1）/W905060,1590404,整行,,1.0/35.0/35.0,,108,
3月,骨六低温,多余行,AR新3镜头-3件 盒1/W605060,1590404,整行,,1.0/66.0/66.0,,109,
3月,骨六低温,多余行,DMD3号镜头3件/W705060,1590404,整行,,1.0/66.0/66.0,,110,
3月,骨六低温,多余行,DMD光源3号-1/W905060,1590404,整行,,1.0/28.0/28.0,,111,
3月,骨六低温,多余行,新1镜头-3件(无转换帽)/W9050,1590404,整行,,1.0/66.0/66.0,,112,
3月,骨六低温,多余行,新3光源-1（带盒两件）/W12050,1590404,整行,,1.0/35.0/35.0,,113,
3月,骨六低温,多余行,施乐辉刨刀-1/z2530,1590786,整行,,1.0/30.0/30.0,,114,
3月,骨六低温,多余行,AR新3镜头-3件 盒1/W605060,1590786,整行,,1.0/66.0/66.0,,115,
3月,骨六低温,多余行,新4光源-1（带盒两件）/W12050,1590786,整行,,1.0/35.0/35.0,,116,
3月,骨六低温,多余行,刨刀-房玉立/Z2545,1591010,整行,,1.0/30.0/30.0,,117,
3月,骨六低温,多余行,373机器人-7件（带盒8件）,1591010,整行,,1.0/132.0/132.0,,118,
3月,骨六低温,多余行,新5光源-1件（盒1）/W905060,1591010,整行,,1.0/35.0/35.0,,119,
3月,骨六低温,多余行,新1镜头-3件(无转换帽)/W9050,1591010,整行,,1.0/66.0/66.0,,120,
3月,骨六低温,多余行,刨刀线-膝关节-旧1/Z2545,1591168,整行,,1.0/44.0/44.0,,121,
3月,骨六低温,多余行,AR新3镜头-3件 盒1/W605060,1591168,整行,,1.0/66.0/66.0,,122,
3月,骨六低温,多余行,新3光源-1（带盒两件）/W12050,1591168,整行,,1.0/35.0/35.0,,123,
3月,骨六低温,多余行,刨刀-房玉立/Z2545,1591355,整行,,1.0/30.0/30.0,,124,
3月,骨六低温,多余行,DMD1号镜头3件（盒1）/W705060,1591355,整行,,1.0/66.0/66.0,,125,
3月,骨六低温,多余行,新4光源-1（带盒两件）/W12050,1591355,整行,,1.0/35.0/35.0,,126,
3月,骨六低温,多余行,施乐辉刨刀-1/z2530,1591358,整行,,1.0/30.0/30.0,,127,
3月,骨六低温,多余行,新5光源-1件（盒1）/W905060,1591358,整行,,1.0/35.0/35.0,,128,
3月,骨六低温,多余行,新1镜头-3件(无转换帽)/W9050,1591358,整行,,1.0/66.0/66.0,,129,
3月,骨六低温,多余行,新史赛克手控加件-1,1591446,整行,,1.0/22.0/22.0,,130,
3月,骨六低温,多余行,刨刀-房玉立/Z2545,1591785,整行,,1.0/30.0/30.0,,131,
3月,骨六低温,多余行,DMD1号镜头3件（盒1）/W705060,1591785,整行,,1.0/66.0/66.0,,132,
3月,骨六低温,多余行,新4光源-1（带盒两件）/W12050,1591785,整行,,1.0/35.0/35.0,,133,
3月,骨六低温,多余行,施乐辉刨刀-1/z2530,1591869,整行,,1.0/30.0/30.0,,134,
3月,骨六低温,多余行,新1光源-1（带盒两件）/W12050,1591869,整行,,1.0/35.0/35.0,,135,
3月,骨六低温,多余行,新1镜头-3件(无转换帽)/W9050,1591869,整行,,1.0/66.0/66.0,,136,
3月,骨六低温,多余行,旧2刨刀-1/Z3040,1591881,整行,,1.0/35.0/35.0,,137,
3月,骨六低温,多余行,新5光源-1件（盒1）/W905060,1591881,整行,,1.0/35.0/35.0,,138,
3月,骨六低温,多余行,AR新3镜头-3件 盒1/W605060,1591881,整行,,1.0/66.0/66.0,,139,
3月,骨六低温,多余行,刨刀线-膝关节-旧1/Z2545,1592155,整行,,1.0/44.0/44.0,,140,
3月,骨六低温,多余行,DMD3号镜头3件/W705060,1592155,整行,,1.0/66.0/66.0,,141,
3月,骨六低温,多余行,新4光源-1（带盒两件）/W12050,1592155,整行,,1.0/35.0/35.0,,142,
3月,骨六低温,多余行,刨刀-房玉立/Z2545,1593002,整行,,1.0/30.0/30.0,,143,
3月,骨六低温,多余行,AR新3镜头-3件 盒1/W605060,1593002,整行,,1.0/66.0/66.0,,144,
3月,骨六低温,多余行,新4光源-1（带盒两件）/W12050,1593002,整行,,1.0/35.0/35.0,,145,
3月,骨十一低温,多余行,373机器人-7件（带盒8件）,1586683,整行,,1.0/132.0/132.0,,9,
3月,骨十一（二）低温,多余行,373机器人-7件（带盒8件）,1588126,整行,,1.0/132.0/132.0,,9,
3月,骨十一（二）低温,多余行,218机器人-7件（带盒8件）,1588179,整行,,1.0/132.0/132.0,,10,
3月,骨十一（二）低温,多余行,373机器人-7件（带盒8件）,1592331,整行,,1.0/132.0/132.0,,11,
3月,骨十一（二）低温,多余行,475机器人-7件（带盒8件）,1592331,整行,,1.0/132.0/132.0,,12,
3月,骨十一（二）低温,多余行,373机器人-7件（带盒8件）,1592498,整行,,1.0/132.0/132.0,,13,
3月,骨十低温,多余行,218机器人-7件（带盒8件）,1587402,整行,,1.0/132.0/132.0,,9,
3月,骨十低温,多余行,373机器人-7件（带盒8件）,1589279,整行,,1.0/132.0/132.0,,10,
3月,骨十低温,多余行,475机器人-7件（带盒8件）,1589279,整行,,1.0/132.0/132.0,,11,
3月,骨四二低温,多余行,213机器人-8件（带盒9件）,1583293,整行,,1.0/154.0/154.0,,9,
3月,骨四二低温,多余行,0261机器人-8件（带盒9件）,1583494,整行,,1.0/154.0/154.0,,10,
3月,骨四二低温,多余行,213机器人-8件（带盒9件）,1583494,整行,,1.0/154.0/154.0,,11,
3月,骨四二低温,多余行,213机器人-8件（带盒9件）,1585086,整行,,1.0/154.0/154.0,,12,
3月,骨四二低温,多余行,213机器人-8件（带盒9件）,1585244,整行,,1.0/154.0/154.0,,13,
3月,骨四二低温,多余行,0261机器人-8件（带盒9件）,1585665,整行,,1.0/154.0/154.0,,14,
3月,骨四二低温,多余行,213机器人-8件（带盒9件）,1585723,整行,,1.0/154.0/154.0,,15,
3月,骨四二低温,多余行,213机器人-8件（带盒9件）,1585829,整行,,1.0/154.0/154.0,,16,
3月,骨四二低温,多余行,348机器人-8件（带盒9件）,1586116,整行,,1.0/154.0/154.0,,17,
3月,骨四二低温,多余行,348机器人-8件（带盒9件）,1586385,整行,,1.0/154.0/154.0,,18,
3月,骨四二低温,多余行,475机器人-7件（带盒8件）,1586385,整行,,1.0/132.0/132.0,,19,
3月,骨四二低温,多余行,0261机器人-8件（带盒9件）,1587283,整行,,1.0/154.0/154.0,,20,
3月,骨四二低温,多余行,213机器人-8件（带盒9件）,1587764,整行,,1.0/154.0/154.0,,21,
3月,骨四二低温,多余行,213机器人-8件（带盒9件）,1588179,整行,,1.0/154.0/154.0,,22,
3月,骨四二低温,多余行,348机器人-8件（带盒9件）,1588559,整行,,1.0/154.0/154.0,,23,
3月,骨四二低温,多余行,213机器人-8件（带盒9件）,1588666,整行,,1.0/154.0/154.0,,24,
3月,骨四二低温,多余行,213机器人-8件（带盒9件）,1589064,整行,,1.0/154.0/154.0,,25,
3月,骨四二低温,多余行,348机器人-8件（带盒9件）,1589064,整行,,1.0/154.0/154.0,,26,
3月,骨四二低温,多余行,213机器人-8件（带盒9件）,1589409,整行,,1.0/154.0/154.0,,27,
3月,骨四二低温,多余行,0261机器人-8件（带盒9件）,1589676,整行,,1.0/154.0/154.0,,28,
3月,骨四二低温,多余行,0261机器人-8件（带盒9件）,1589843,整行,,1.0/154.0/154.0,,29,
3月,骨四二低温,多余行,213机器人-8件（带盒9件）,1590059,整行,,1.0/154.0/154.0,,30,
3月,骨四二低温,多余行,213机器人-8件（带盒9件）,1590208,整行,,1.0/154.0/154.0,,31,
3月,骨四二低温,多余行,0261机器人-8件（带盒9件）,1590305,整行,,1.0/154.0/154.0,,32,
3月,骨四二低温,多余行,213机器人-8件（带盒9件）,1590305,整行,,1.0/154.0/154.0,,33,
3月,骨四二低温,多余行,348机器人-8件（带盒9件）,1590305,整行,,1.0/154.0/154.0,,34,
3月,骨四二低温,多余行,213机器人-8件（带盒9件）,1590609,整行,,1.0/154.0/154.0,,35,
3月,骨四二低温,多余行,骨4（2）邹天彪镜头2件（盒1）,1590845,整行,,1.0/44.0/44.0,,36,
3月,骨四二低温,多余行,348机器人-8件（带盒9件）,1591010,整行,,1.0/154.0/154.0,,37,
3月,骨四二低温,多余行,213机器人-8件（带盒9件）,1591106,整行,,1.0/154.0/154.0,,38,
3月,骨四二低温,多余行,0261机器人-8件（带盒9件）,1591181,整行,,1.0/154.0/154.0,,39,
3月,骨四二低温,多余行,348机器人-8件（带盒9件）,1591513,整行,,1.0/154.0/154.0,,40,
3月,骨四二低温,多余行,0261机器人-8件（带盒9件）,1591785,整行,,1.0/154.0/154.0,,41,
3月,骨四二低温,多余行,348机器人-8件（带盒9件）,1591785,整行,,1.0/154.0/154.0,,42,
3月,骨四二低温,多余行,348机器人-8件（带盒9件）,1591881,整行,,1.0/154.0/154.0,,43,
3月,骨四二低温,多余行,0261机器人-8件（带盒9件）,1592383,整行,,1.0/154.0/154.0,,44,
3月,骨四二低温,多余行,348机器人-8件（带盒9件）,1592879,整行,,1.0/154.0/154.0,,45,
3月,骨四二低温,多余行,0261机器人-8件（带盒9件）,1593002,整行,,1.0/154.0/154.0,,46,
3月,骨四二低温,多余行,213机器人-8件（带盒9件）,1593002,整行,,1.0/154.0/154.0,,47,
3月,骨四低温,多余行,0261机器人-8件（带盒9件）,1583174,整行,,1.0/154.0/154.0,,9,
3月,骨四低温,多余行,213机器人-8件（带盒9件）,1583185,整行,,1.0/154.0/154.0,,10,
3月,骨四低温,多余行,348机器人-8件（带盒9件）,1583293,整行,,1.0/154.0/154.0,,11,
3月,骨四低温,多余行,348机器人-8件（带盒9件）,1583502,整行,,1.0/154.0/154.0,,12,
3月,骨四低温,多余行,0261机器人-8件（带盒9件）,1583576,整行,,1.0/154.0/154.0,,13,
3月,骨四低温,多余行,213机器人-8件（带盒9件）,1584614,整行,,1.0/154.0/154.0,,14,
3月,骨四低温,多余行,348机器人-8件（带盒9件）,1584682,整行,,1.0/154.0/154.0,,15,
3月,骨四低温,多余行,骨四（一）兰青常备光源线-1件/Z2530,1585086,整行,,1.0/30.0/30.0,,16,
3月,骨四低温,多余行,0261机器人-8件（带盒9件）,1585086,整行,,1.0/154.0/154.0,,17,
3月,骨四低温,多余行,椎间孔镜头2号-1/W905060,1585086,整行,,1.0/35.0/35.0,,18,
3月,骨四低温,多余行,0261机器人-8件（带盒9件）,1585356,整行,,1.0/154.0/154.0,,19,
3月,骨四低温,多余行,213机器人-8件（带盒9件）,1585396,整行,,1.0/154.0/154.0,,20,
3月,骨四低温,多余行,348机器人-8件（带盒9件）,1585396,整行,,1.0/154.0/154.0,,21,
3月,骨四低温,多余行,0261机器人-8件（带盒9件）,1585450,整行,,1.0/154.0/154.0,,22,
3月,骨四低温,多余行,348机器人-8件（带盒9件）,1585661,整行,,1.0/154.0/154.0,,23,
3月,骨四低温,多余行,骨四（一）宋晓辉光源线-1/Z2540,1585723,整行,,1.0/30.0/30.0,,24,
3月,骨四低温,多余行,348机器人-8件（带盒9件）,1585723,整行,,1.0/154.0/154.0,,25,
3月,骨四低温,多余行,椎间孔镜头2号-1/W905060,1585723,整行,,1.0/35.0/35.0,,26,
3月,骨四低温,多余行,0261机器人-8件（带盒9件）,1585765,整行,,1.0/154.0/154.0,,27,
3月,骨四低温,多余行,骨四（一）兰青常备光源线-1件/Z2530,1585846,整行,,1.0/30.0/30.0,,28,
3月,骨四低温,多余行,骨四（一）兰青磨头-1件/Z1026,1585846,整行,,1.0/22.0/22.0,,29,
3月,骨四低温,多余行,348机器人-8件（带盒9件）,1585846,整行,,1.0/154.0/154.0,,30,
3月,骨四低温,多余行,机器人器械-2件,1586027,整行,,1.0/44.0/44.0,,31,
3月,骨四低温,多余行,0261机器人-8件（带盒9件）,1586027,整行,,1.0/154.0/154.0,,32,
3月,骨四低温,多余行,213机器人-8件（带盒9件）,1586027,整行,,1.0/154.0/154.0,,33,
3月,骨四低温,多余行,348机器人-8件（带盒9件）,1586169,整行,,1.0/154.0/154.0,,34,
3月,骨四低温,多余行,213机器人-8件（带盒9件）,1586283,整行,,1.0/154.0/154.0,,35,
3月,骨四低温,多余行,德美4K光源（2号）-1/W905060,1586283,整行,,1.0/35.0/35.0,,36,
3月,骨四低温,多余行,0261机器人-8件（带盒9件）,1586346,整行,,1.0/154.0/154.0,,37,
3月,骨四低温,多余行,骨四（一）兰青常备光源线-1件/Z2530,1586581,整行,,1.0/30.0/30.0,,38,
3月,骨四低温,多余行,骨四（一）兰青磨头-1件/Z1026,1586581,整行,,1.0/22.0/22.0,,39,
3月,骨四低温,多余行,0261机器人-8件（带盒9件）,1586583,整行,,1.0/154.0/154.0,,40,
3月,骨四低温,多余行,213机器人-8件（带盒9件）,1586629,整行,,1.0/154.0/154.0,,41,
3月,骨四低温,多余行,348机器人-8件（带盒9件）,1586683,整行,,1.0/154.0/154.0,,42,
3月,骨四低温,多余行,椎间孔镜头2号-1/W905060,1586683,整行,,1.0/35.0/35.0,,43,
3月,骨四低温,多余行,0261机器人-8件（带盒9件）,1586749,整行,,1.0/154.0/154.0,,44,
3月,骨四低温,多余行,213机器人-8件（带盒9件）,1586749,整行,,1.0/154.0/154.0,,45,
3月,骨四低温,多余行,348机器人-8件（带盒9件）,1586749,整行,,1.0/154.0/154.0,,46,
3月,骨四低温,多余行,骨四（一）兰青常备光源线-1件/Z2530,1586935,整行,,1.0/30.0/30.0,,47,
3月,骨四低温,多余行,骨四（一）兰青磨头-1件/Z1026,1586935,整行,,1.0/22.0/22.0,,48,
3月,骨四低温,多余行,0261机器人-8件（带盒9件）,1587020,整行,,1.0/154.0/154.0,,49,
3月,骨四低温,多余行,348机器人-8件（带盒9件）,1587102,整行,,1.0/154.0/154.0,,50,
3月,骨四低温,多余行,德美4K光源（3号）-1/W905060,1587102,整行,,1.0/35.0/35.0,,51,
3月,骨四低温,多余行,椎间孔镜头2号-1/W905060,1587102,整行,,1.0/35.0/35.0,,52,
3月,骨四低温,多余行,骨四（一）宋晓辉光源线-1/Z2540,1587364,整行,,1.0/30.0/30.0,,53,
3月,骨四低温,多余行,348机器人-8件（带盒9件）,1587473,整行,,1.0/154.0/154.0,,54,
3月,骨四低温,多余行,213机器人-8件（带盒9件）,1587690,整行,,1.0/154.0/154.0,,55,
3月,骨四低温,多余行,0261机器人-8件（带盒9件）,1587691,整行,,1.0/154.0/154.0,,56,
3月,骨四低温,多余行,348机器人-8件（带盒9件）,1587716,整行,,1.0/154.0/154.0,,57,
3月,骨四低温,多余行,348机器人-8件（带盒9件）,1587786,整行,,1.0/154.0/154.0,,58,
3月,骨四低温,多余行,骨四（一）兰青常备光源线-1件/Z2530,1587846,整行,,1.0/30.0/30.0,,59,
3月,骨四低温,多余行,0261机器人-8件（带盒9件）,1587846,整行,,1.0/154.0/154.0,,60,
3月,骨四低温,多余行,骨四（一）宋晓辉光源线-1/Z2540,1588024,整行,,1.0/30.0/30.0,,61,
3月,骨四低温,多余行,0261机器人-8件（带盒9件）,1588254,整行,,1.0/154.0/154.0,,62,
3月,骨四低温,多余行,348机器人-8件（带盒9件）,1588254,整行,,1.0/154.0/154.0,,63,
3月,骨四低温,多余行,213机器人-8件（带盒9件）,1588276,整行,,1.0/154.0/154.0,,64,
3月,骨四低温,多余行,0261机器人-8件（带盒9件）,1588559,整行,,1.0/154.0/154.0,,65,
3月,骨四低温,多余行,213机器人-8件（带盒9件）,1588559,整行,,1.0/154.0/154.0,,66,
3月,骨四低温,多余行,0261机器人-8件（带盒9件）,1588666,整行,,1.0/154.0/154.0,,67,
3月,骨四低温,多余行,骨四（一）宋晓辉光源线-1/Z2540,1588722,整行,,1.0/30.0/30.0,,68,
3月,骨四低温,多余行,213机器人-8件（带盒9件）,1588931,整行,,1.0/154.0/154.0,,69,
3月,骨四低温,多余行,0261机器人-8件（带盒9件）,1589064,整行,,1.0/154.0/154.0,,70,
3月,骨四低温,多余行,骨四（一）宋晓辉光源线-1/Z2540,1589335,整行,,1.0/30.0/30.0,,71,
3月,骨四低温,多余行,0261机器人-8件（带盒9件）,1589335,整行,,1.0/154.0/154.0,,72,
3月,骨四低温,多余行,椎间孔镜头2号-1/W905060,1589335,整行,,1.0/35.0/35.0,,73,
3月,骨四低温,多余行,348机器人-8件（带盒9件）,1589409,整行,,1.0/154.0/154.0,,74,
3月,骨四低温,多余行,骨四（一）兰青常备光源线-1件/Z2530,1589471,整行,,1.0/30.0/30.0,,75,
3月,骨四低温,多余行,骨四（一）兰青磨头-1件/Z1026,1589471,整行,,1.0/22.0/22.0,,76,
3月,骨四低温,多余行,0261机器人-8件（带盒9件）,1589471,整行,,1.0/154.0/154.0,,77,
3月,骨四低温,多余行,213机器人-8件（带盒9件）,1589676,整行,,1.0/154.0/154.0,,78,
3月,骨四低温,多余行,348机器人-8件（带盒9件）,1589676,整行,,1.0/154.0/154.0,,79,
3月,骨四低温,多余行,骨四（一）兰青常备光源线-1件/Z2530,1589736,整行,,1.0/30.0/30.0,,80,
3月,骨四低温,多余行,骨四（一）宋晓辉光源线-1/Z2540,1589780,整行,,1.0/30.0/30.0,,81,
3月,骨四低温,多余行,213机器人-8件（带盒9件）,1589780,整行,,1.0/154.0/154.0,,82,
3月,骨四低温,多余行,348机器人-8件（带盒9件）,1589843,整行,,1.0/154.0/154.0,,83,
3月,骨四低温,多余行,0261机器人-8件（带盒9件）,1590208,整行,,1.0/154.0/154.0,,84,
3月,骨四低温,多余行,348机器人-8件（带盒9件）,1590208,整行,,1.0/154.0/154.0,,85,
3月,骨四低温,多余行,骨四（一）兰青常备光源线-1件/Z2530,1590404,整行,,1.0/30.0/30.0,,86,
3月,骨四低温,多余行,0261机器人-8件（带盒9件）,1590404,整行,,1.0/154.0/154.0,,87,
3月,骨四低温,多余行,213机器人-8件（带盒9件）,1590404,整行,,1.0/154.0/154.0,,88,
3月,骨四低温,多余行,0261机器人-8件（带盒9件）,1590609,整行,,1.0/154.0/154.0,,89,
3月,骨四低温,多余行,348机器人-8件（带盒9件）,1590609,整行,,1.0/154.0/154.0,,90,
3月,骨四低温,多余行,椎间孔镜头2号-1/W905060,1590677,整行,,1.0/35.0/35.0,,91,
3月,骨四低温,多余行,骨四（一）兰青常备光源线-1件/Z2530,1590721,整行,,1.0/30.0/30.0,,92,
3月,骨四低温,多余行,348机器人-8件（带盒9件）,1590721,整行,,1.0/154.0/154.0,,93,
3月,骨四低温,多余行,0261机器人-8件（带盒9件）,1590786,整行,,1.0/154.0/154.0,,94,
3月,骨四低温,多余行,213机器人-8件（带盒9件）,1590786,整行,,1.0/154.0/154.0,,95,
3月,骨四低温,多余行,0261机器人-8件（带盒9件）,1591055,整行,,1.0/154.0/154.0,,96,
3月,骨四低温,多余行,348机器人-8件（带盒9件）,1591181,整行,,1.0/154.0/154.0,,97,
3月,骨四低温,多余行,0261机器人-8件（带盒9件）,1591513,整行,,1.0/154.0/154.0,,98,
3月,骨四低温,多余行,213机器人-8件（带盒9件）,1591513,整行,,1.0/154.0/154.0,,99,
3月,骨四低温,多余行,213机器人-8件（带盒9件）,1591785,整行,,1.0/154.0/154.0,,100,
3月,骨四低温,多余行,光源线-膝镜通用-1/Z2540,1591869,整行,,1.0/30.0/30.0,,101,
3月,骨四低温,多余行,0261机器人-8件（带盒9件）,1591869,整行,,1.0/154.0/154.0,,102,
3月,骨四低温,多余行,椎间孔镜头2号-1/W905060,1591881,整行,,1.0/35.0/35.0,,103,
3月,骨四低温,多余行,213机器人-8件（带盒9件）,1592155,整行,,1.0/154.0/154.0,,104,
3月,骨四低温,多余行,213机器人-8件（带盒9件）,1592331,整行,,1.0/154.0/154.0,,105,
3月,骨四低温,多余行,213机器人-8件（带盒9件）,1592383,整行,,1.0/154.0/154.0,,106,
3月,骨四低温,多余行,348机器人-8件（带盒9件）,1592383,整行,,1.0/154.0/154.0,,107,
3月,骨四低温,多余行,骨四（一）宋晓辉光源线-1/Z2540,1592498,整行,,1.0/30.0/30.0,,108,
3月,骨四低温,多余行,0261机器人-8件（带盒9件）,1592591,整行,,1.0/154.0/154.0,,109,
3月,骨四低温,多余行,213机器人-8件（带盒9件）,1592591,整行,,1.0/154.0/154.0,,110,
3月,骨四低温,多余行,348机器人-8件（带盒9件）,1592591,整行,,1.0/154.0/154.0,,111,
3月,骨四低温,多余行,光源线-膝镜通用-1/Z2540,1592879,整行,,1.0/30.0/30.0,,112,
3月,骨科送骨一（一）,多余行,骨一（一）薛岩显微器械-9件,1583175,整行,,1.0/55.0/55.0,,9,
3月,骨科送骨一（一）,多余行,骨一（一）王仲博手科显微器械-8件,1583175,整行,,1.0/49.5/49.5,,10,
3月,骨科送骨一（一）,多余行,骨一（一）薛岩显微器械-9件,1584891,整行,,1.0/55.0/55.0,,11,
3月,骨科送骨一（一）,多余行,骨一（一）徐强显微器械6件,1585260,整行,,1.0/38.5/38.5,,12,
3月,骨科送骨一（一）,多余行,骨一（一）姜龙甲沟钳-1/Z1526,1585260,整行,,1.0/11.0/11.0,,13,
3月,骨科送骨一（一）,多余行,骨一（一）姜龙剪刀-1/z1026,1585260,整行,,2.0/8.0/16.0,,14,
3月,骨科送骨一（一）,多余行,骨一（一）姜龙止血钳-1/z1020,1585260,整行,,2.0/8.0/16.0,,15,
3月,骨科送骨一（一）,多余行,骨一（一）姜龙甲沟钳-1/Z1526,1585444,整行,,2.0/11.0/22.0,,16,
3月,骨科送骨一（一）,多余行,骨一（一）徐强显微器械6件,1585686,整行,,1.0/38.5/38.5,,17,
3月,骨科送骨一（一）,多余行,骨一（一）徐强显微器械-6件,1585686,整行,,1.0/38.5/38.5,,18,
3月,骨科送骨一（一）,多余行,骨一（一）姜龙持针器-1/Z1026,1585686,整行,,1.0/8.0/8.0,,19,
3月,骨科送骨一（一）,多余行,骨一（一）姜龙剪刀-1/z1026,1585686,整行,,1.0/8.0/8.0,,20,
3月,骨科送骨一（一）,多余行,骨一（一）姜龙止血钳-1/z1020,1585686,整行,,2.0/8.0/16.0,,21,
3月,骨科送骨一（一）,多余行,骨一（一）鲁一村显微器械-7件,1585686,整行,,1.0/44.0/44.0,,22,
3月,骨科送骨一（一）,多余行,骨一（一）薛岩显微器械-9件,1586114,整行,,1.0/55.0/55.0,,23,
3月,骨科送骨一（一）,多余行,骨一（一）徐强显微器械6件,1586175,整行,,1.0/38.5/38.5,,24,
3月,骨科送骨一（一）,多余行,骨一（一）姜龙甲沟钳-1/Z1526,1586175,整行,,1.0/11.0/11.0,,25,
3月,骨科送骨一（一）,多余行,骨一（一）薛岩显微器械-9件,1586962,整行,,1.0/55.0/55.0,,26,
3月,骨科送骨一（一）,多余行,骨一（一）徐强显微器械6件,1587098,整行,,1.0/38.5/38.5,,27,
3月,骨科送骨一（一）,多余行,骨一（一）徐强显微器械-6件,1587290,整行,,1.0/38.5/38.5,,28,
3月,骨科送骨一（一）,多余行,骨一（一）薛岩显微器械-9件,1587290,整行,,1.0/55.0/55.0,,29,
3月,骨科送骨一（一）,多余行,骨一（一）姜龙血管夹-1/Z7520,1587290,整行,,2.0/8.0/16.0,,30,
3月,骨科送骨一（一）,多余行,骨一（一）姜龙显微器械,1587290,整行,,1.0/44.0/44.0,,31,
3月,骨科送骨一（一）,多余行,骨一（一）鲁一村显微器械-7件,1587407,整行,,1.0/44.0/44.0,,32,
3月,骨科送骨一（一）,多余行,骨一（一）徐强显微器械6件,1587466,整行,,1.0/38.5/38.5,,33,
3月,骨科送骨一（一）,多余行,骨一（一）王仲博手科显微器械-8件,1588032,整行,,1.0/49.5/49.5,,34,
3月,骨科送骨一（一）,多余行,骨一（一）金海显微器械-8件,1588043,整行,,1.0/49.5/49.5,,35,
3月,骨科送骨一（一）,多余行,骨一（一）鲁一村显微器械-6件,1588321,整行,,1.0/38.5/38.5,,36,
3月,骨科送骨一（一）,多余行,骨一（一）姜龙剪刀-1/z1026,1588581,整行,,1.0/8.0/8.0,,37,
3月,骨科送骨一（一）,多余行,骨一（一）姜龙止血钳-1/z1020,1588581,整行,,1.0/8.0/8.0,,38,
3月,骨科送骨一（一）,多余行,骨一（一）姜龙甲沟钳-1/Z1526,1588717,整行,,1.0/11.0/11.0,,39,
3月,骨科送骨一（一）,多余行,骨一（一）徐强显微器械6件,1588932,整行,,2.0/38.5/77.0,,40,
3月,骨科送骨一（一）,多余行,骨一（一）徐强显微器械-6件,1588932,整行,,1.0/38.5/38.5,,41,
3月,骨科送骨一（一）,多余行,骨一（一）姜龙甲沟钳-1/Z1526,1588932,整行,,3.0/11.0/33.0,,42,
3月,骨科送骨一（一）,多余行,骨一（一）姜龙剪刀-1/z1026,1588932,整行,,2.0/8.0/16.0,,43,
3月,骨科送骨一（一）,多余行,骨一（一）姜龙血管分离钳-1/z1026,1588932,整行,,1.0/8.0/8.0,,44,
3月,骨科送骨一（一）,多余行,骨一（一）姜龙止血钳-1/z1020,1588932,整行,,2.0/8.0/16.0,,45,
3月,骨科送骨一（一）,多余行,骨一（一）姜龙显微器械,1588932,整行,,1.0/44.0/44.0,,46,
3月,骨科送骨一（一）,多余行,骨一（一）鲁一村显微器械-6件,1588932,整行,,1.0/38.5/38.5,,47,
3月,骨科送骨一（一）,多余行,骨一（一）姜龙甲沟钳-1/Z1526,1589061,整行,,1.0/11.0/11.0,,48,
3月,骨科送骨一（一）,多余行,骨一（一）金海显微器械-8件,1589416,整行,,1.0/49.5/49.5,,49,
3月,骨科送骨一（一）,多余行,骨一（一）金海显微器械-8件,1589694,整行,,1.0/49.5/49.5,,50,
3月,骨科送骨一（一）,多余行,骨一（一）王仲博手科显微器械-8件,1589694,整行,,1.0/49.5/49.5,,51,
3月,骨科送骨一（一）,多余行,骨一（一）薛岩显微器械-9件,1589834,整行,,1.0/55.0/55.0,,52,
3月,骨科送骨一（一）,多余行,骨一（一）向首阳显微器械-5,1590145,整行,,1.0/33.0/33.0,,53,
3月,骨科送骨一（一）,多余行,骨一（一）徐强显微器械6件,1590405,整行,,1.0/38.5/38.5,,54,
3月,骨科送骨一（一）,多余行,骨一（一）姜龙甲沟钳-1/Z1526,1590405,整行,,1.0/11.0/11.0,,55,
3月,骨科送骨一（一）,多余行,骨一（一）徐强显微器械6件,1590607,整行,,1.0/38.5/38.5,,56,
3月,骨科送骨一（一）,多余行,骨一（一）姜龙甲沟钳-1/Z1526,1590607,整行,,2.0/11.0/22.0,,57,
3月,骨科送骨一（一）,多余行,骨一（一）鲁一村显微器械-6件,1590607,整行,,1.0/38.5/38.5,,58,
3月,骨科送骨一（一）,多余行,骨一（一）姜龙血管分离钳-1/z1026,1590758,整行,,1.0/8.0/8.0,,59,
3月,骨科送骨一（一）,多余行,骨一（一）姜龙凿子-1件/z7530,1590758,整行,,1.0/8.0/8.0,,60,
3月,骨科送骨一（一）,多余行,骨一（一）姜龙剪刀-1/z1026,1590782,整行,,1.0/8.0/8.0,,61,
3月,骨科送骨一（一）,多余行,骨一（一）姜龙甲沟钳-1/Z1526,1591046,整行,,2.0/11.0/22.0,,62,
3月,骨科送骨一（一）,多余行,骨一（一）薛岩显微器械-9件,1591364,整行,,1.0/55.0/55.0,,63,
3月,骨科送骨一（一）,多余行,骨一（一）姜龙甲沟钳-1/Z1526,1591409,整行,,1.0/11.0/11.0,,64,
3月,骨科送骨一（一）,多余行,骨一（一）王仲博手科显微器械-8件,1591409,整行,,1.0/49.5/49.5,,65,
3月,骨科送骨一（一）,多余行,骨一（一）徐强显微器械6件,1591840,整行,,1.0/38.5/38.5,,66,
3月,骨科送骨一（一）,多余行,骨一（一）姜龙剪刀-1/z1026,1591840,整行,,2.0/8.0/16.0,,67,
3月,骨科送骨一（一）,多余行,骨一（一）姜龙止血钳-1/z1020,1591840,整行,,2.0/8.0/16.0,,68,
3月,骨科送骨一（一）,多余行,骨一（一）鲁一村显微器械-6件,1591840,整行,,1.0/38.5/38.5,,69,
3月,骨科送骨一（一）,多余行,骨一（一）姜龙剪刀-1/z1026,1591949,整行,,1.0/8.0/8.0,,70,
3月,骨科送骨一（一）,多余行,骨一（一）郝旭光显微器械-7件,1592152,整行,,1.0/44.0/44.0,,71,
3月,骨科送骨一（一）,多余行,骨一（一）向首阳显微器械-5,1592152,整行,,1.0/33.0/33.0,,72,
3月,骨科送骨一（一）,多余行,骨一（一）徐强显微器械6件,1592325,整行,,1.0/38.5/38.5,,73,
3月,骨科送骨一（一）,多余行,骨一（一）姜龙剪刀-1/z1026,1592325,整行,,1.0/8.0/8.0,,74,
3月,骨科送骨一（一）,多余行,骨一（一）姜龙显微器械,1592325,整行,,1.0/44.0/44.0,,75,
3月,骨科送骨一（一）,多余行,骨一（一）鲁一村显微器械-6件,1592325,整行,,1.0/38.5/38.5,,76,
3月,骨科送骨一（一）,多余行,骨一（一）薛岩显微器械-9件,1592831,整行,,1.0/55.0/55.0,,77,
3月,骨科送骨一（一）,多余行,骨一（一）聂广辰显微器械,1584884,整行,,1.0/121.0/121.0,,78,
3月,骨科送骨一（一）,多余行,骨一（一）聂广辰显微器械,1586964,整行,,1.0/121.0/121.0,,79,
3月,骨科送骨一（一）,多余行,骨一（一）聂广辰显微器械,1588610,整行,,1.0/121.0/121.0,,80,
3月,骨科送骨一（一）,多余行,骨一（一）聂广辰显微器械,1590068,整行,,1.0/121.0/121.0,,81,
3月,骨科送骨一（一）,多余行,骨一（一）聂广辰显微器械,1592785,整行,,1.0/121.0/121.0,,82,
3月,骨科送骨一（二）,多余行,骨一（二）李宇实显微器械-6件,1584635,整行,,1.0/38.5/38.5,,9,
3月,骨科送骨一（二）,多余行,骨一（二）陈一凡显微器械-5 件,1586343,整行,,1.0/33.0/33.0,,10,
3月,骨科送骨一（二）,多余行,骨一（二）张浩 显微器械-9件,1586962,整行,,1.0/55.0/55.0,,11,
3月,骨科送骨一（二）,多余行,骨一（二）龚伟勋显微器械-5件,1587696,整行,,1.0/33.0/33.0,,12,
3月,骨科送骨一（二）,多余行,骨一（二）陈一凡万能取41件（盒1）,1588717,整行,,1.0/231.0/231.0,,13,
3月,骨科送骨一（二）,多余行,骨一（二）陈一凡显微器械-5 件,1589317,整行,,1.0/33.0/33.0,,14,
3月,骨科送骨一（二）,多余行,骨一（二）王禹显微器械-5件,1589317,整行,,1.0/33.0/33.0,,15,
3月,骨科送骨一（二）,多余行,骨一（二）王禹显微器械-5件,1590242,整行,,1.0/33.0/33.0,,16,
3月,骨科送骨一（二）,多余行,骨一（二）张浩 显微器械-9件,1590345,整行,,1.0/55.0/55.0,,17,
3月,骨科送骨一（二）,多余行,骨一（二）陈一凡显微器械-5 件,1591046,整行,,1.0/33.0/33.0,,18,
3月,骨科送骨一（二）,多余行,骨一（二）李宇实显微器械-6件,1592257,整行,,1.0/38.5/38.5,,19,
3月,骨科送骨九,多余行,骨九鞠超杰凿子-2/W605060,1586605,整行,,1.0/16.5/16.5,,9,
3月,骨科送骨九,多余行,骨九张伟断钉取-52件（盒1）/W12050,1586748,整行,,1.0/291.5/291.5,,10,
3月,骨科送骨九,多余行,骨九张伟断钉取-52件（盒1）/W12050,1587468,整行,,1.0/291.5/291.5,,11,
3月,骨科送骨九,多余行,骨九张伟断钉取-52件（盒1）/W12050,1591014,整行,,1.0/291.5/291.5,,12,
3月,骨科送骨六,多余行,骨六房玉立微骨折器械-5件/W605060,1587287,整行,,1.0/27.5/27.5,,9,
3月,骨科送骨六,多余行,骨六房玉立微骨折器械-5件/W605060,1591014,整行,,1.0/27.5/27.5,,10,
3月,骨科送骨六,多余行,骨六房玉立微骨折器械-5件/W605060,1591498,整行,,1.0/27.5/27.5,,11,
3月,骨科送骨十一,多余行,骨11赵德来取器械52盒1/W1205060,1585449,整行,,1.0/291.5/291.5,,9,
3月,骨科送骨四,多余行,骨四（一）宋晓辉磨头-1/双/Z7520,1585004,整行,,1.0/10.5/10.5,,9,
3月,骨科送骨四,多余行,骨四（一）宋小辉UBE35件,1585054,整行,,1.0/198.0/198.0,,10,
3月,骨科送骨四,多余行,骨四（一）宋晓辉常备镜头-3件盒1,1585087,整行,,1.0/66.0/66.0,,11,
3月,骨科送骨四,多余行,骨四（一）兰青常备镜头-2件盒1,1585845,整行,,1.0/44.0/44.0,,12,
3月,骨科送骨四,多余行,骨四（一）兰青UBE-31件，筐1,1586026,整行,,1.0/176.0/176.0,,13,
3月,骨科送骨四,多余行,骨四（一）宋晓辉常备镜头-3件盒1,1586284,整行,,1.0/66.0/66.0,,14,
3月,骨科送骨四,多余行,骨四一宋晓辉备用磨头-1/Z7520,1586339,整行,,1.0/8.0/8.0,,15,
3月,骨科送骨四,多余行,骨四（一）宋小辉UBE35件,1586345,整行,,1.0/198.0/198.0,,16,
3月,骨科送骨四,多余行,骨四（一）兰青UBE-31件，筐1,1586580,整行,,1.0/176.0/176.0,,17,
3月,骨科送骨四,多余行,骨四（一）兰青常备镜头-2件盒1,1586580,整行,,1.0/44.0/44.0,,18,
3月,骨科送骨四,多余行,骨四（一）宋晓辉椎直钳-2件/双Z1550,1586697,整行,,1.0/16.5/16.5,,19,
3月,骨科送骨四,多余行,骨四（一）兰青UBE-31件，筐1,1586936,整行,,1.0/176.0/176.0,,20,
3月,骨科送骨四,多余行,骨四（一）兰青常备镜头-2件盒1,1586936,整行,,1.0/44.0/44.0,,21,
3月,骨科送骨四,多余行,骨四一宋晓辉备用磨头-1/Z7520,1587834,整行,,1.0/8.0/8.0,,22,
3月,骨科送骨四,多余行,骨四（一）宋小辉UBE35件,1587838,整行,,1.0/198.0/198.0,,23,
3月,骨科送骨四,多余行,骨四（一）宋晓辉常备镜头-3件盒1,1587845,整行,,1.0/66.0/66.0,,24,
3月,骨科送骨四,多余行,骨四（一）兰青UBE-31件，筐1,1588025,整行,,1.0/176.0/176.0,,25,
3月,骨科送骨四,多余行,骨四（一）兰青常备镜头-2件盒1,1588025,整行,,1.0/44.0/44.0,,26,
3月,骨科送骨四,多余行,骨四（一）宋晓辉磨头-1/双/Z7520,1588030,整行,,1.0/10.5/10.5,,27,
3月,骨科送骨四,多余行,骨四（一）兰青UBE-31件，筐1,1588715,整行,,1.0/176.0/176.0,,28,
3月,骨科送骨四,多余行,骨四（一）宋晓辉磨头-1/双/Z7520,1588715,整行,,1.0/10.5/10.5,,29,
3月,骨科送骨四,多余行,骨四（一）宋晓辉常备镜头-3件盒1,1588721,整行,,1.0/66.0/66.0,,30,
3月,骨科送骨四,多余行,骨四（一）兰青UBE-31件，筐1,1589470,整行,,1.0/176.0/176.0,,31,
3月,骨科送骨四,多余行,骨四（一）兰青常备镜头-2件盒1,1589470,整行,,1.0/44.0/44.0,,32,
3月,骨科送骨四,多余行,骨四（一）兰青常备镜头-2件盒1,1589735,整行,,1.0/44.0/44.0,,33,
3月,骨科送骨四,多余行,骨四（一）兰青UBE-31件，筐1,1589764,整行,,1.0/176.0/176.0,,34,
3月,骨科送骨四,多余行,骨四（一）宋晓辉磨头-1/双/Z7520,1589764,整行,,1.0/10.5/10.5,,35,
3月,骨科送骨四,多余行,骨四（一）宋晓辉常备镜头-3件盒1,1589779,整行,,1.0/66.0/66.0,,36,
3月,骨科送骨四,多余行,骨四（一）宋小辉UBE35件,1589838,整行,,1.0/198.0/198.0,,37,
3月,骨科送骨四,多余行,骨四（一）宋晓辉磨头-1/双/Z7520,1589838,整行,,1.0/10.5/10.5,,38,
3月,骨科送骨四,多余行,骨四（一）兰青UBE-31件，筐1,1590403,整行,,1.0/176.0/176.0,,39,
3月,骨科送骨四,多余行,骨四（一）宋晓辉磨头-1/双/Z7520,1590403,整行,,1.0/10.5/10.5,,40,
3月,骨科送骨四,多余行,骨四（一）兰青常备镜头-2件盒1,1590403,整行,,1.0/44.0/44.0,,41,
3月,骨科送骨四,多余行,骨四（一）宋晓辉常备镜头-3件盒1,1590720,整行,,1.0/66.0/66.0,,42,
3月,骨科送骨四,多余行,骨四（一）宋晓辉磨头-1/双/Z7520,1590750,整行,,1.0/10.5/10.5,,43,
3月,骨科送骨四,多余行,骨四（一）兰青UBE-31件，筐1,1590763,整行,,1.0/176.0/176.0,,44,
3月,骨科送骨四,多余行,骨四（一）宋晓辉常备镜头-3件盒1,1592878,整行,,1.0/66.0/66.0,,45,
3月,骨科送骨四,多余行,骨四（一）兰青UBE-31件，筐1,1592935,整行,,1.0/176.0/176.0,,46,
3月,骨科送骨四,多余行,骨四（一）宋晓辉磨头-1/双/Z7520,1592935,整行,,1.0/10.5/10.5,,47,
3月,骨科送骨四（二）,多余行,骨4（2）邹天彪光源-1磨头2/Z2540,1590844,整行,,1.0/66.0/66.0,,9,
3月,骨科送骨四（二）,多余行,骨四二邹天彪UBE-23件(筐1）,1591006,整行,,1.0/132.0/132.0,,10,
3月,（一）手术室,缺失行,气腹管1单极线1/Z3045,1583174,整行,1.0/44.0/44.0,,16,,
3月,（一）手术室,缺失行,外妇通用光源线-1/Z2545,1583174,整行,1.0/30.0/30.0,,17,,
3月,（一）手术室,缺失行,0261机器人-8件（带盒9件）,1583174,整行,1.0/154.0/154.0,,18,,
3月,（一）手术室,缺失行,镜头-腹腔镜30°-1/W9050,1583174,整行,1.0/35.0/35.0,,19,,
3月,（一）手术室,缺失行,213机器人-8件（带盒9件）,1583185,整行,1.0/154.0/154.0,,22,,
3月,（一）手术室,缺失行,妇腔镜器械-17（铁帽3胶帽7）,1583185,整行,1.0/300.0/300.0,,23,,
3月,（一）手术室,缺失行,刨刀-房玉立/Z2545,1583237,整行,1.0/30.0/30.0,,25,,
3月,（一）手术室,缺失行,施乐辉刨刀-1/z2530,1583237,整行,1.0/30.0/30.0,,26,,
3月,（一）手术室,缺失行,DMD3号镜头3件/W705060,1583237,整行,1.0/66.0/66.0,,27,,
3月,（一）手术室,缺失行,新1光源-1（带盒两件）/W12050,1583237,整行,1.0/35.0/35.0,,28,,
3月,（一）手术室,缺失行,新1镜头-3件(无转换帽)/W9050,1583237,整行,1.0/66.0/66.0,,29,,
3月,（一）手术室,缺失行,新3光源-1（带盒两件）/W12050,1583237,整行,1.0/35.0/35.0,,30,,
3月,（一）手术室,字段不一致-单价,产科手术器械包,1583243,单价,209.0,214.5,31,19,原始按器械数×基础单价(209)计费；处理后按标准价(214.5)计费
3月,（一）手术室,字段不一致-总价,产科手术器械包,1583243,总价,209.0,214.5,31,19,原始按器械数×基础单价(209)计费；处理后按标准价(214.5)计费
3月,（一）手术室,缺失行,鞠超杰推结器-1/Z7526,1583243,整行,1.0/8.0/8.0,,36,,
3月,（一）手术室,缺失行,鞠前叉定位器-1/W4050,1583243,整行,1.0/16.5/16.5,,40,,
3月,（一）手术室,缺失行,DMD光源1号-1/W905060,1583247,整行,1.0/22.0/22.0,,43,,
3月,（一）手术室,缺失行,旧2刨刀-1/Z3040,1583247,整行,1.0/35.0/35.0,,44,,
3月,（一）手术室,缺失行,DMD1号镜头3件（盒1）/W705060,1583247,整行,1.0/66.0/66.0,,45,,
3月,（一）手术室,缺失行,德美4K光源（3号）-1/W905060,1583247,整行,1.0/35.0/35.0,,46,,
3月,（一）手术室,缺失行,德美新3镜头-1件/W605060,1583247,整行,1.0/35.0/35.0,,47,,
3月,（一）手术室,缺失行,213机器人-8件（带盒9件）,1583293,整行,1.0/154.0/154.0,,61,,
3月,（一）手术室,缺失行,348机器人-8件（带盒9件）,1583293,整行,1.0/154.0/154.0,,62,,
3月,（一）手术室,缺失行,德美4K光源（2号）-1/W905060,1583293,整行,1.0/35.0/35.0,,64,,
3月,（一）手术室,缺失行,德美新2镜头-1件/W605060,1583293,整行,1.0/35.0/35.0,,65,,
3月,（一）手术室,字段不一致-单价,德美2号刨刀-1/双/Z2550,1583294,单价,26.5,16.0,79,56,原始按器械数×基础单价(26.5)计费；处理后按标准价(16)计费
3月,（一）手术室,字段不一致-总价,德美2号刨刀-1/双/Z2550,1583294,总价,26.5,16.0,79,56,原始按器械数×基础单价(26.5)计费；处理后按标准价(16)计费
3月,（一）手术室,缺失行,0261机器人-8件（带盒9件）,1583494,整行,1.0/154.0/154.0,,93,,
3月,（一）手术室,缺失行,213机器人-8件（带盒9件）,1583494,整行,1.0/154.0/154.0,,94,,
3月,（一）手术室,缺失行,胸外镜头-1（盒1）W9050,1583494,整行,1.0/35.0/35.0,,95,,
3月,（一）手术室,缺失行,348机器人-8件（带盒9件）,1583502,整行,1.0/154.0/154.0,,111,,
3月,（一）手术室,缺失行,0261机器人-8件（带盒9件）,1583576,整行,1.0/154.0/154.0,,113,,
3月,（一）手术室,缺失行,218机器人-7件（带盒8件）,1583576,整行,1.0/132.0/132.0,,114,,
3月,（一）手术室,缺失行,德美4K光源（4号）-1/Z2550,1584614,整行,1.0/30.0/30.0,,128,,
3月,（一）手术室,缺失行,德美4号刨刀-1/Z2035,1584614,整行,1.0/30.0/30.0,,129,,
3月,（一）手术室,缺失行,213机器人-8件（带盒9件）,1584614,整行,1.0/154.0/154.0,,130,,
3月,（一）手术室,缺失行,475机器人-7件（带盒8件）,1584614,整行,1.0/132.0/132.0,,131,,
3月,（一）手术室,缺失行,德美新2镜头-1件/W605060,1584614,整行,1.0/35.0/35.0,,132,,
3月,（一）手术室,缺失行,348机器人-8件（带盒9件）,1584682,整行,1.0/154.0/154.0,,152,,
3月,（一）手术室,缺失行,新5光源-1件（盒1）/W905060,1584682,整行,1.0/35.0/35.0,,153,,
3月,（一）手术室,缺失行,偏瘫陈冲显微器械-15件（盒1）,1584682,整行,1.0/88.0/88.0,,155,,
3月,（一）手术室,缺失行,新1镜头-3件(无转换帽)/W9050,1584682,整行,1.0/66.0/66.0,,156,,
3月,（一）手术室,缺失行,刨刀-房玉立/Z2545,1584683,整行,1.0/30.0/30.0,,169,,
3月,（一）手术室,缺失行,史赛克无线摆锯-4/Z2030,1584683,整行,1.0/88.0/88.0,,170,,
3月,（一）手术室,缺失行,218机器人-7件（带盒8件）,1584683,整行,1.0/132.0/132.0,,171,,
3月,（一）手术室,缺失行,373机器人-7件（带盒8件）,1584683,整行,1.0/132.0/132.0,,172,,
3月,（一）手术室,缺失行,475机器人-7件（带盒8件）,1584683,整行,1.0/132.0/132.0,,173,,
3月,（一）手术室,缺失行,聂广辰专用解剖剪-1/Z1029,1584883,整行,1.0/8.0/8.0,,179,,
3月,（一）手术室,缺失行,新4刨刀-1件/Z2550,1584961,整行,1.0/30.0/30.0,,210,,
3月,（一）手术室,缺失行,DMD1号镜头3件（盒1）/W705060,1584961,整行,1.0/66.0/66.0,,211,,
3月,（一）手术室,缺失行,新4光源-1（带盒两件）/W12050,1584961,整行,1.0/35.0/35.0,,212,,
3月,（一）手术室,缺失行,德美4K光源（4号）-1/Z2550,1585086,整行,1.0/30.0/30.0,,243,,
3月,（一）手术室,缺失行,德美4号刨刀-1/Z2035,1585086,整行,1.0/30.0/30.0,,244,,
3月,（一）手术室,缺失行,骨四（一）兰青常备光源线-1件/Z2530,1585086,整行,1.0/30.0/30.0,,245,,
3月,（一）手术室,缺失行,史赛克无线摆锯-4/Z2030,1585086,整行,1.0/88.0/88.0,,246,,
3月,（一）手术室,缺失行,0261机器人-8件（带盒9件）,1585086,整行,1.0/154.0/154.0,,247,,
3月,（一）手术室,缺失行,213机器人-8件（带盒9件）,1585086,整行,1.0/154.0/154.0,,248,,
3月,（一）手术室,缺失行,373机器人-7件（带盒8件）,1585086,整行,1.0/132.0/132.0,,249,,
3月,（一）手术室,缺失行,德美新3镜头-1件/W605060,1585086,整行,1.0/35.0/35.0,,253,,
3月,（一）手术室,缺失行,椎间孔镜头2号-1/W905060,1585086,整行,1.0/35.0/35.0,,254,,
3月,（一）手术室,缺失行,DMD刨刀-1/Z2550,1585244,整行,1.0/30.0/30.0,,281,,
3月,（一）手术室,缺失行,刨刀-房玉立/Z2545,1585244,整行,1.0/30.0/30.0,,282,,
3月,（一）手术室,缺失行,新4刨刀-1/Z2545,1585244,整行,1.0/30.0/30.0,,283,,
3月,（一）手术室,缺失行,213机器人-8件（带盒9件）,1585244,整行,1.0/154.0/154.0,,284,,
3月,（一）手术室,缺失行,DMD1号镜头3件（盒1）/W705060,1585244,整行,1.0/66.0/66.0,,285,,
3月,（一）手术室,缺失行,新5光源-1件（盒1）/W905060,1585244,整行,1.0/35.0/35.0,,286,,
3月,（一）手术室,缺失行,DMD3号镜头3件/W705060,1585244,整行,1.0/66.0/66.0,,287,,
3月,（一）手术室,缺失行,DMD光源3号-1/W905060,1585244,整行,1.0/28.0/28.0,,288,,
3月,（一）手术室,缺失行,新1光源-1（带盒两件）/W12050,1585244,整行,1.0/35.0/35.0,,289,,
3月,（一）手术室,缺失行,新1镜头-3件(无转换帽)/W9050,1585244,整行,1.0/66.0/66.0,,290,,
3月,（一）手术室,缺失行,旧2刨刀-1/Z3040,1585356,整行,1.0/35.0/35.0,,311,,
3月,（一）手术室,缺失行,0261机器人-8件（带盒9件）,1585356,整行,1.0/154.0/154.0,,312,,
3月,（一）手术室,缺失行,DMD4号镜头3件/W705060,1585356,整行,1.0/66.0/66.0,,313,,
3月,（一）手术室,缺失行,新3光源-1（带盒两件）/W12050,1585356,整行,1.0/35.0/35.0,,314,,
3月,（一）手术室,缺失行,213机器人-8件（带盒9件）,1585396,整行,1.0/154.0/154.0,,327,,
3月,（一）手术室,缺失行,348机器人-8件（带盒9件）,1585396,整行,1.0/154.0/154.0,,328,,
3月,（一）手术室,缺失行,偏瘫陈冲显微器械-15件（盒1）,1585396,整行,1.0/88.0/88.0,,332,,
3月,（一）手术室,缺失行,聂广辰专用解剖剪-1/Z1029,1585450,整行,1.0/8.0/8.0,,359,,
3月,（一）手术室,字段不一致-单价,专家器械（二）-2件/双/Z1526,1585450,单价,24.0,16.5,360,286,原始按器械数×基础单价(24)计费；处理后按标准价(16.5)计费
3月,（一）手术室,字段不一致-总价,专家器械（二）-2件/双/Z1526,1585450,总价,24.0,16.5,360,286,原始按器械数×基础单价(24)计费；处理后按标准价(16.5)计费
3月,（一）手术室,缺失行,施乐辉刨刀-1/z2530,1585450,整行,1.0/30.0/30.0,,362,,
3月,（一）手术室,缺失行,新史赛克手控加件-1,1585450,整行,1.0/22.0/22.0,,363,,
3月,（一）手术室,缺失行,0261机器人-8件（带盒9件）,1585450,整行,1.0/154.0/154.0,,364,,
3月,（一）手术室,缺失行,DMD2号镜头3件/W705060,1585450,整行,1.0/66.0/66.0,,367,,
3月,（一）手术室,缺失行,德美4K光源（1号）-1/W905060,1585450,整行,1.0/35.0/35.0,,368,,
3月,（一）手术室,缺失行,德美新3镜头-1件/W605060,1585450,整行,1.0/35.0/35.0,,369,,
3月,（一）手术室,缺失行,新4光源-1（带盒两件）/W12050,1585450,整行,1.0/35.0/35.0,,370,,
3月,（一）手术室,缺失行,DMD6号水管-2件/W505060,1585661,整行,1.0/44.0/44.0,,380,,
3月,（一）手术室,缺失行,DMD刨刀-1/Z2550,1585661,整行,1.0/30.0/30.0,,381,,
3月,（一）手术室,缺失行,鞠超杰-肩钩-5件/Z1030,1585661,整行,1.0/88.0/88.0,,382,,
3月,（一）手术室,缺失行,刨刀-房玉立/Z2545,1585661,整行,1.0/30.0/30.0,,383,,
3月,（一）手术室,缺失行,348机器人-8件（带盒9件）,1585661,整行,1.0/154.0/154.0,,384,,
3月,（一）手术室,缺失行,DMD1号镜头3件（盒1）/W705060,1585661,整行,1.0/66.0/66.0,,385,,
3月,（一）手术室,缺失行,DMD6号镜头-1件,1585661,整行,1.0/35.0/35.0,,386,,
3月,（一）手术室,缺失行,DMD3号镜头3件/W705060,1585661,整行,1.0/66.0/66.0,,389,,
3月,（一）手术室,缺失行,DMD光源4号-1/W905060,1585661,整行,1.0/35.0/35.0,,390,,
3月,（一）手术室,缺失行,新1光源-1（带盒两件）/W12050,1585661,整行,1.0/35.0/35.0,,391,,
3月,（一）手术室,字段不一致-单价,产科手术器械包,1585663,单价,209.0,214.5,398,307,原始按器械数×基础单价(209)计费；处理后按标准价(214.5)计费
3月,（一）手术室,字段不一致-总价,产科手术器械包,1585663,总价,209.0,214.5,398,307,原始按器械数×基础单价(209)计费；处理后按标准价(214.5)计费
3月,（一）手术室,缺失行,0261机器人-8件（带盒9件）,1585665,整行,1.0/154.0/154.0,,412,,
3月,（一）手术室,缺失行,373机器人-7件（带盒8件）,1585665,整行,1.0/132.0/132.0,,413,,
3月,（一）手术室,缺失行,骨四（一）宋晓辉光源线-1/Z2540,1585723,整行,1.0/30.0/30.0,,414,,
3月,（一）手术室,缺失行,213机器人-8件（带盒9件）,1585723,整行,1.0/154.0/154.0,,415,,
3月,（一）手术室,缺失行,348机器人-8件（带盒9件）,1585723,整行,1.0/154.0/154.0,,416,,
3月,（一）手术室,缺失行,椎间孔镜头2号-1/W905060,1585723,整行,1.0/35.0/35.0,,417,,
3月,（一）手术室,缺失行,刨刀线-膝关节-旧1/Z2545,1585765,整行,1.0/44.0/44.0,,426,,
3月,（一）手术室,缺失行,0261机器人-8件（带盒9件）,1585765,整行,1.0/154.0/154.0,,427,,
3月,（一）手术室,缺失行,DMD光源2号-1（带盒）,1585765,整行,1.0/35.0/35.0,,428,,
3月,（一）手术室,缺失行,DMD刨刀-1/Z2550,1585829,整行,1.0/30.0/30.0,,451,,
3月,（一）手术室,缺失行,213机器人-8件（带盒9件）,1585829,整行,1.0/154.0/154.0,,452,,
3月,（一）手术室,缺失行,218机器人-7件（带盒8件）,1585829,整行,1.0/132.0/132.0,,453,,
3月,（一）手术室,缺失行,DMD3号镜头3件/W705060,1585829,整行,1.0/66.0/66.0,,454,,
3月,（一）手术室,缺失行,DMD光源3号-1/W905060,1585829,整行,1.0/28.0/28.0,,455,,
3月,（一）手术室,缺失行,骨四（一）兰青常备光源线-1件/Z2530,1585846,整行,1.0/30.0/30.0,,473,,
3月,（一）手术室,缺失行,骨四（一）兰青磨头-1件/Z1026,1585846,整行,1.0/22.0/22.0,,474,,
3月,（一）手术室,缺失行,348机器人-8件（带盒9件）,1585846,整行,1.0/154.0/154.0,,475,,
3月,（一）手术室,缺失行,475机器人-7件（带盒8件）,1585846,整行,1.0/132.0/132.0,,476,,
3月,（一）手术室,缺失行,机器人器械-2件,1586027,整行,1.0/44.0/44.0,,481,,
3月,（一）手术室,缺失行,施乐辉刨刀-1/z2530,1586027,整行,1.0/30.0/30.0,,482,,
3月,（一）手术室,缺失行,0261机器人-8件（带盒9件）,1586027,整行,1.0/154.0/154.0,,483,,
3月,（一）手术室,缺失行,213机器人-8件（带盒9件）,1586027,整行,1.0/154.0/154.0,,484,,
3月,（一）手术室,缺失行,新1镜头-3件(无转换帽)/W9050,1586027,整行,1.0/66.0/66.0,,491,,
3月,（一）手术室,缺失行,新3光源-1（带盒两件）/W12050,1586027,整行,1.0/35.0/35.0,,492,,
3月,（一）手术室,缺失行,348机器人-8件（带盒9件）,1586116,整行,1.0/154.0/154.0,,513,,
3月,（一）手术室,缺失行,气腹管1单极线1/Z3045,1586169,整行,1.0/44.0/44.0,,519,,
3月,（一）手术室,缺失行,外妇通用光源线-1/Z2545,1586169,整行,1.0/30.0/30.0,,520,,
3月,（一）手术室,缺失行,348机器人-8件（带盒9件）,1586169,整行,1.0/154.0/154.0,,521,,
3月,（一）手术室,缺失行,妇腔镜器械-17（铁帽3胶帽7）,1586169,整行,1.0/300.0/300.0,,522,,
3月,（一）手术室,缺失行,镜头-腹腔镜30°-1/W9050,1586169,整行,1.0/35.0/35.0,,524,,
3月,（一）手术室,字段不一致-单价,产科手术器械包,1586174,单价,209.0,214.5,525,404,原始按器械数×基础单价(209)计费；处理后按标准价(214.5)计费
3月,（一）手术室,字段不一致-总价,产科手术器械包,1586174,总价,209.0,214.5,525,404,原始按器械数×基础单价(209)计费；处理后按标准价(214.5)计费
3月,（一）手术室,缺失行,213机器人-8件（带盒9件）,1586283,整行,1.0/154.0/154.0,,547,,
3月,（一）手术室,缺失行,373机器人-7件（带盒8件）,1586283,整行,1.0/132.0/132.0,,548,,
3月,（一）手术室,缺失行,德美4K光源（2号）-1/W905060,1586283,整行,1.0/35.0/35.0,,549,,
3月,（一）手术室,字段不一致-单价,UBE拇外翻线-1/双/Z2530,1586340,单价,26.5,16.0,553,429,原始按器械数×基础单价(26.5)计费；处理后按标准价(16)计费
3月,（一）手术室,字段不一致-总价,UBE拇外翻线-1/双/Z2530,1586340,总价,26.5,16.0,553,429,原始按器械数×基础单价(26.5)计费；处理后按标准价(16)计费
3月,（一）手术室,缺失行,0261机器人-8件（带盒9件）,1586346,整行,1.0/154.0/154.0,,560,,
3月,（一）手术室,缺失行,218机器人-7件（带盒8件）,1586346,整行,1.0/132.0/132.0,,561,,
3月,（一）手术室,缺失行,德美新1镜头-1件（盒1）,1586346,整行,1.0/35.0/35.0,,562,,
3月,（一）手术室,缺失行,德美4K光源（3号）-1/W905060,1586346,整行,1.0/35.0/35.0,,566,,
3月,（一）手术室,缺失行,新史赛克手控加件-1,1586385,整行,1.0/22.0/22.0,,577,,
3月,（一）手术室,缺失行,348机器人-8件（带盒9件）,1586385,整行,1.0/154.0/154.0,,578,,
3月,（一）手术室,缺失行,475机器人-7件（带盒8件）,1586385,整行,1.0/132.0/132.0,,579,,
3月,（一）手术室,缺失行,骨四（一）兰青常备光源线-1件/Z2530,1586581,整行,1.0/30.0/30.0,,601,,
3月,（一）手术室,缺失行,骨四（一）兰青磨头-1件/Z1026,1586581,整行,1.0/22.0/22.0,,602,,
3月,（一）手术室,缺失行,胸外镜头30°-1（盒1）W9050,1586581,整行,1.0/35.0/35.0,,603,,
3月,（一）手术室,缺失行,DMD光源1号-1/W905060,1586583,整行,1.0/22.0/22.0,,616,,
3月,（一）手术室,缺失行,DMD刨刀-1/Z2550,1586583,整行,1.0/30.0/30.0,,617,,
3月,（一）手术室,缺失行,0261机器人-8件（带盒9件）,1586583,整行,1.0/154.0/154.0,,618,,
3月,（一）手术室,缺失行,373机器人-7件（带盒8件）,1586583,整行,1.0/132.0/132.0,,619,,
3月,（一）手术室,缺失行,475机器人-7件（带盒8件）,1586583,整行,1.0/132.0/132.0,,620,,
3月,（一）手术室,缺失行,DMD3号镜头3件/W705060,1586583,整行,1.0/66.0/66.0,,621,,
3月,（一）手术室,字段不一致-单价,产科手术器械包,1586606,单价,209.0,214.5,627,487,原始按器械数×基础单价(209)计费；处理后按标准价(214.5)计费
3月,（一）手术室,字段不一致-总价,产科手术器械包,1586606,总价,209.0,214.5,627,487,原始按器械数×基础单价(209)计费；处理后按标准价(214.5)计费
3月,（一）手术室,缺失行,213机器人-8件（带盒9件）,1586629,整行,1.0/154.0/154.0,,640,,
3月,（一）手术室,缺失行,218机器人-7件（带盒8件）,1586629,整行,1.0/132.0/132.0,,641,,
3月,（一）手术室,缺失行,348机器人-8件（带盒9件）,1586683,整行,1.0/154.0/154.0,,653,,
3月,（一）手术室,缺失行,373机器人-7件（带盒8件）,1586683,整行,1.0/132.0/132.0,,654,,
3月,（一）手术室,缺失行,德美新1镜头-1件（盒1）,1586683,整行,1.0/35.0/35.0,,655,,
3月,（一）手术室,缺失行,新1光源-1（带盒两件）/W12050,1586683,整行,1.0/35.0/35.0,,656,,
3月,（一）手术室,缺失行,椎间孔镜头2号-1/W905060,1586683,整行,1.0/35.0/35.0,,657,,
3月,（一）手术室,缺失行,1号摆锯-4件（盒1）/W9050,1586721,整行,1.0/27.5/27.5,,662,,
3月,（一）手术室,缺失行,气腹管1单极线1/Z3045,1586721,整行,1.0/44.0/44.0,,663,,
3月,（一）手术室,缺失行,外妇通用光源线-1/Z2545,1586721,整行,1.0/30.0/30.0,,664,,
3月,（一）手术室,缺失行,妇腔镜器械-17（铁帽3胶帽7）,1586721,整行,1.0/300.0/300.0,,665,,
3月,（一）手术室,缺失行,德美4K光源（1号）-1/W905060,1586721,整行,1.0/35.0/35.0,,670,,
3月,（一）手术室,缺失行,镜头-腹腔镜30°-1/W9050,1586721,整行,1.0/35.0/35.0,,671,,
3月,（一）手术室,缺失行,施乐辉刨刀-1/z2530,1586749,整行,1.0/30.0/30.0,,690,,
3月,（一）手术室,缺失行,史赛克无线摆锯-4/Z2030,1586749,整行,1.0/88.0/88.0,,691,,
3月,（一）手术室,缺失行,0261机器人-8件（带盒9件）,1586749,整行,1.0/154.0/154.0,,692,,
3月,（一）手术室,缺失行,213机器人-8件（带盒9件）,1586749,整行,1.0/154.0/154.0,,693,,
3月,（一）手术室,缺失行,348机器人-8件（带盒9件）,1586749,整行,1.0/154.0/154.0,,694,,
3月,（一）手术室,缺失行,475机器人-7件（带盒8件）,1586749,整行,1.0/132.0/132.0,,695,,
3月,（一）手术室,缺失行,鞠定向器-2件/W505060,1586749,整行,1.0/16.5/16.5,,704,,
3月,（一）手术室,缺失行,骨四（一）兰青常备光源线-1件/Z2530,1586935,整行,1.0/30.0/30.0,,715,,
3月,（一）手术室,缺失行,骨四（一）兰青磨头-1件/Z1026,1586935,整行,1.0/22.0/22.0,,716,,
3月,（一）手术室,缺失行,新1镜头-3件(无转换帽)/W9050,1586935,整行,1.0/66.0/66.0,,718,,
3月,（一）手术室,缺失行,新3光源-1（带盒两件）/W12050,1586935,整行,1.0/35.0/35.0,,719,,
3月,（一）手术室,缺失行,0261机器人-8件（带盒9件）,1587020,整行,1.0/154.0/154.0,,761,,
3月,（一）手术室,缺失行,218机器人-7件（带盒8件）,1587102,整行,1.0/132.0/132.0,,799,,
3月,（一）手术室,缺失行,348机器人-8件（带盒9件）,1587102,整行,1.0/154.0/154.0,,800,,
3月,（一）手术室,缺失行,德美新1镜头-1件（盒1）,1587102,整行,1.0/35.0/35.0,,801,,
3月,（一）手术室,缺失行,德美4K光源（1号）-1/W905060,1587102,整行,1.0/35.0/35.0,,803,,
3月,（一）手术室,缺失行,德美4K光源（3号）-1/W905060,1587102,整行,1.0/35.0/35.0,,804,,
3月,（一）手术室,缺失行,椎间孔镜头2号-1/W905060,1587102,整行,1.0/35.0/35.0,,805,,
3月,（一）手术室,缺失行,新4刨刀-1/Z2545,1587283,整行,1.0/30.0/30.0,,827,,
3月,（一）手术室,缺失行,0261机器人-8件（带盒9件）,1587283,整行,1.0/154.0/154.0,,828,,
3月,（一）手术室,缺失行,新1镜头-3件(无转换帽)/W9050,1587283,整行,1.0/66.0/66.0,,829,,
3月,（一）手术室,缺失行,新4光源-1（带盒两件）/W12050,1587283,整行,1.0/35.0/35.0,,830,,
3月,（一）手术室,字段不一致-单价,德美2号刨刀-1/双/Z2550,1587288,单价,26.5,16.0,837,662,原始按器械数×基础单价(26.5)计费；处理后按标准价(16)计费
3月,（一）手术室,字段不一致-总价,德美2号刨刀-1/双/Z2550,1587288,总价,26.5,16.0,837,662,原始按器械数×基础单价(26.5)计费；处理后按标准价(16)计费
3月,（一）手术室,缺失行,李娜半月板工具 -2件/W605060,1587288,整行,1.0/16.5/16.5,,840,,
3月,（一）手术室,缺失行,李娜天星4.75-2/W605060,1587288,整行,1.0/16.5/16.5,,845,,
3月,（一）手术室,缺失行,李娜威高4.5 -2件/W705060,1587288,整行,1.0/16.5/16.5,,846,,
3月,（一）手术室,缺失行,DMD光源1号-1/W905060,1587300,整行,1.0/22.0/22.0,,853,,
3月,（一）手术室,缺失行,DMD刨刀-1/Z2550,1587300,整行,1.0/30.0/30.0,,854,,
3月,（一）手术室,缺失行,德美4K光源（2号）-1/W905060,1587300,整行,1.0/35.0/35.0,,855,,
3月,（一）手术室,缺失行,德美新2镜头-1件/W605060,1587300,整行,1.0/35.0/35.0,,856,,
3月,（一）手术室,缺失行,鞠超杰镜头-3件/W9050,1587300,整行,1.0/66.0/66.0,,857,,
3月,（一）手术室,缺失行,房玉利肩器械-21件(盒1),1587328,整行,1.0/121.0/121.0,,859,,
3月,（一）手术室,缺失行,骨四（一）宋晓辉光源线-1/Z2540,1587364,整行,1.0/30.0/30.0,,862,,
3月,（一）手术室,缺失行,新3刨刀-1件/Z2550,1587364,整行,1.0/30.0/30.0,,863,,
3月,（一）手术室,缺失行,475机器人-7件（带盒8件）,1587364,整行,1.0/132.0/132.0,,864,,
3月,（一）手术室,缺失行,DMD3号镜头3件/W705060,1587364,整行,1.0/66.0/66.0,,865,,
3月,（一）手术室,缺失行,新3光源-1（带盒两件）/W12050,1587364,整行,1.0/35.0/35.0,,866,,
3月,（一）手术室,缺失行,聂广辰专用解剖剪-1/Z1029,1587395,整行,1.0/8.0/8.0,,872,,
3月,（一）手术室,缺失行,施乐辉刨刀-1/z2530,1587402,整行,1.0/30.0/30.0,,879,,
3月,（一）手术室,缺失行,新1 刨刀-1件/Z2545,1587402,整行,1.0/30.0/30.0,,880,,
3月,（一）手术室,缺失行,218机器人-7件（带盒8件）,1587402,整行,1.0/132.0/132.0,,881,,
3月,（一）手术室,缺失行,DMD1号镜头3件（盒1）/W705060,1587402,整行,1.0/66.0/66.0,,882,,
3月,（一）手术室,缺失行,DMD光源3号-1/W905060,1587402,整行,1.0/28.0/28.0,,883,,
3月,（一）手术室,缺失行,德美4K光源（3号）-1/W905060,1587402,整行,1.0/35.0/35.0,,884,,
3月,（一）手术室,缺失行,德美新3镜头-1件/W605060,1587402,整行,1.0/35.0/35.0,,885,,
3月,（一）手术室,缺失行,膝关节镜-鞠超杰/W9050,1587402,整行,1.0/35.0/35.0,,886,,
3月,（一）手术室,缺失行,新1光源-1（带盒两件）/W12050,1587402,整行,1.0/35.0/35.0,,887,,
3月,（一）手术室,缺失行,鞠超杰水管4503-2件/W505060,1587414,整行,1.0/16.5/16.5,,892,,
3月,（一）手术室,缺失行,鞠超杰凿子-2件/W605060,1587443,整行,1.0/16.5/16.5,,900,,
3月,（一）手术室,缺失行,DMD光源1号-1/W905060,1587473,整行,1.0/22.0/22.0,,910,,
3月,（一）手术室,缺失行,DMD刨刀-1/Z2550,1587473,整行,1.0/30.0/30.0,,911,,
3月,（一）手术室,缺失行,德美4K光源（4号）-1/Z2550,1587473,整行,1.0/30.0/30.0,,912,,
3月,（一）手术室,缺失行,德美4号刨刀-1/Z2035,1587473,整行,1.0/30.0/30.0,,913,,
3月,（一）手术室,缺失行,新4刨刀-1/Z2545,1587473,整行,1.0/30.0/30.0,,914,,
3月,（一）手术室,缺失行,新史赛克手控加件-1,1587473,整行,1.0/22.0/22.0,,915,,
3月,（一）手术室,缺失行,348机器人-8件（带盒9件）,1587473,整行,1.0/154.0/154.0,,916,,
3月,（一）手术室,缺失行,373机器人-7件（带盒8件）,1587473,整行,1.0/132.0/132.0,,917,,
3月,（一）手术室,缺失行,德美新1镜头-1件（盒1）,1587473,整行,1.0/35.0/35.0,,918,,
3月,（一）手术室,缺失行,DMD3号镜头3件/W705060,1587473,整行,1.0/66.0/66.0,,919,,
3月,（一）手术室,缺失行,新1镜头-3件(无转换帽)/W9050,1587473,整行,1.0/66.0/66.0,,920,,
3月,（一）手术室,缺失行,新4光源-1（带盒两件）/W12050,1587473,整行,1.0/35.0/35.0,,921,,
3月,（一）手术室,缺失行,213机器人-8件（带盒9件）,1587690,整行,1.0/154.0/154.0,,939,,
3月,（一）手术室,缺失行,DMD6号水管-2件/W505060,1587691,整行,1.0/44.0/44.0,,944,,
3月,（一）手术室,缺失行,刨刀-房玉立/Z2545,1587691,整行,1.0/30.0/30.0,,945,,
3月,（一）手术室,缺失行,刨刀线-膝关节-旧1/Z2545,1587691,整行,1.0/44.0/44.0,,946,,
3月,（一）手术室,缺失行,施乐辉刨刀-1/z2530,1587691,整行,1.0/30.0/30.0,,947,,
3月,（一）手术室,缺失行,0261机器人-8件（带盒9件）,1587691,整行,1.0/154.0/154.0,,948,,
3月,（一）手术室,缺失行,475机器人-7件（带盒8件）,1587691,整行,1.0/132.0/132.0,,949,,
3月,（一）手术室,缺失行,新5光源-1件（盒1）/W905060,1587691,整行,1.0/35.0/35.0,,950,,
3月,（一）手术室,缺失行,DMD光源4号-1/W905060,1587691,整行,1.0/35.0/35.0,,955,,
3月,（一）手术室,缺失行,鞠超杰镜头-3件/W9050,1587691,整行,1.0/66.0/66.0,,956,,
3月,（一）手术室,缺失行,鞠超杰水管4503-2件/W505060,1587695,整行,1.0/16.5/16.5,,975,,
3月,（一）手术室,缺失行,旧2刨刀-1/Z3040,1587716,整行,1.0/35.0/35.0,,978,,
3月,（一）手术室,缺失行,348机器人-8件（带盒9件）,1587716,整行,1.0/154.0/154.0,,979,,
3月,（一）手术室,缺失行,DMD6号镜头-1件,1587716,整行,1.0/35.0/35.0,,980,,
3月,（一）手术室,缺失行,DMD光源2号-1（带盒）,1587716,整行,1.0/35.0/35.0,,981,,
3月,（一）手术室,缺失行,鞠超杰镜头2号-1件（盒1）/w9050,1587716,整行,1.0/28.0/28.0,,982,,
3月,（一）手术室,缺失行,膝关节镜-鞠超杰/W9050,1587716,整行,1.0/35.0/35.0,,983,,
3月,（一）手术室,缺失行,新1光源-1（带盒两件）/W12050,1587716,整行,1.0/35.0/35.0,,984,,
3月,（一）手术室,缺失行,胸外镜头-1（盒1）W9050,1587716,整行,1.0/35.0/35.0,,985,,
3月,（一）手术室,缺失行,胸外镜头30°-1（盒1）W9050,1587716,整行,1.0/35.0/35.0,,986,,
3月,（一）手术室,缺失行,213机器人-8件（带盒9件）,1587764,整行,1.0/154.0/154.0,,990,,
3月,（一）手术室,缺失行,348机器人-8件（带盒9件）,1587786,整行,1.0/154.0/154.0,,1003,,
3月,（一）手术室,缺失行,骨四（一）兰青常备光源线-1件/Z2530,1587846,整行,1.0/30.0/30.0,,1043,,
3月,（一）手术室,缺失行,新史赛克手控加件-1,1587846,整行,1.0/22.0/22.0,,1044,,
3月,（一）手术室,缺失行,0261机器人-8件（带盒9件）,1587846,整行,1.0/154.0/154.0,,1045,,
3月,（一）手术室,缺失行,德美新1镜头-1件（盒1）,1587846,整行,1.0/35.0/35.0,,1046,,
3月,（一）手术室,缺失行,德美4K光源（2号）-1/W905060,1587846,整行,1.0/35.0/35.0,,1048,,
3月,（一）手术室,缺失行,德美4K光源（3号）-1/W905060,1587846,整行,1.0/35.0/35.0,,1049,,
3月,（一）手术室,缺失行,德美新2镜头-1件/W605060,1587846,整行,1.0/35.0/35.0,,1050,,
3月,（一）手术室,缺失行,史赛克无线摆锯-4/Z2030,1587877,整行,1.0/88.0/88.0,,1060,,
3月,（一）手术室,缺失行,218机器人-7件（带盒8件）,1587877,整行,1.0/132.0/132.0,,1061,,
3月,（一）手术室,缺失行,骨四（一）宋晓辉光源线-1/Z2540,1588024,整行,1.0/30.0/30.0,,1068,,
3月,（一）手术室,缺失行,胸外电钩线-1件/Z2030,1588024,整行,1.0/28.0/28.0,,1069,,
3月,（一）手术室,缺失行,213机器人-8件（带盒9件）,1588024,整行,1.0/154.0/154.0,,1070,,
3月,（一）手术室,缺失行,373机器人-7件（带盒8件）,1588024,整行,1.0/132.0/132.0,,1071,,
3月,（一）手术室,缺失行,胸外镜头30°-1（盒1）W9050,1588024,整行,1.0/35.0/35.0,,1076,,
3月,（一）手术室,字段不一致-单价,UBE拇外翻线-1/双/Z2530,1588029,单价,26.5,16.0,1080,831,原始按器械数×基础单价(26.5)计费；处理后按标准价(16)计费
3月,（一）手术室,字段不一致-总价,UBE拇外翻线-1/双/Z2530,1588029,总价,26.5,16.0,1080,831,原始按器械数×基础单价(26.5)计费；处理后按标准价(16)计费
3月,（一）手术室,缺失行,聂广辰专用解剖剪-1/Z1029,1588126,整行,1.0/8.0/8.0,,1104,,
3月,（一）手术室,缺失行,史赛克无线摆锯-4/Z2030,1588126,整行,1.0/88.0/88.0,,1106,,
3月,（一）手术室,缺失行,373机器人-7件（带盒8件）,1588126,整行,1.0/132.0/132.0,,1107,,
3月,（一）手术室,缺失行,新史赛克手控加件-1,1588179,整行,1.0/22.0/22.0,,1122,,
3月,（一）手术室,缺失行,213机器人-8件（带盒9件）,1588179,整行,1.0/154.0/154.0,,1123,,
3月,（一）手术室,缺失行,218机器人-7件（带盒8件）,1588179,整行,1.0/132.0/132.0,,1124,,
3月,（一）手术室,缺失行,0261机器人-8件（带盒9件）,1588254,整行,1.0/154.0/154.0,,1131,,
3月,（一）手术室,缺失行,348机器人-8件（带盒9件）,1588254,整行,1.0/154.0/154.0,,1132,,
3月,（一）手术室,缺失行,德美4K光源（2号）-1/W905060,1588254,整行,1.0/35.0/35.0,,1133,,
3月,（一）手术室,缺失行,德美新2镜头-1件/W605060,1588254,整行,1.0/35.0/35.0,,1134,,
3月,（一）手术室,缺失行,DMD6号水管-2件/W505060,1588276,整行,1.0/44.0/44.0,,1143,,
3月,（一）手术室,缺失行,DMD光源1号-1/W905060,1588276,整行,1.0/22.0/22.0,,1144,,
3月,（一）手术室,缺失行,旧2刨刀-1/Z3040,1588276,整行,1.0/35.0/35.0,,1145,,
3月,（一）手术室,缺失行,刨刀-房玉立/Z2545,1588276,整行,1.0/30.0/30.0,,1146,,
3月,（一）手术室,缺失行,213机器人-8件（带盒9件）,1588276,整行,1.0/154.0/154.0,,1147,,
3月,（一）手术室,缺失行,373机器人-7件（带盒8件）,1588276,整行,1.0/132.0/132.0,,1148,,
3月,（一）手术室,缺失行,德美新1镜头-1件（盒1）,1588276,整行,1.0/35.0/35.0,,1149,,
3月,（一）手术室,缺失行,新1光源-1（带盒两件）/W12050,1588276,整行,1.0/35.0/35.0,,1150,,
3月,（一）手术室,缺失行,新1镜头-3件(无转换帽)/W9050,1588276,整行,1.0/66.0/66.0,,1151,,
3月,（一）手术室,缺失行,德美4号刨刀-1/Z2035,1588351,整行,1.0/30.0/30.0,,1176,,
3月,（一）手术室,缺失行,施乐辉刨刀-1/z2530,1588351,整行,1.0/30.0/30.0,,1177,,
3月,（一）手术室,缺失行,475机器人-7件（带盒8件）,1588351,整行,1.0/132.0/132.0,,1178,,
3月,（一）手术室,缺失行,DMD1号镜头3件（盒1）/W705060,1588351,整行,1.0/66.0/66.0,,1179,,
3月,（一）手术室,缺失行,DMD6号镜头-1件,1588351,整行,1.0/35.0/35.0,,1180,,
3月,（一）手术室,缺失行,DMD光源4号-1/W905060,1588351,整行,1.0/35.0/35.0,,1182,,
3月,（一）手术室,缺失行,德美4K光源（3号）-1/W905060,1588351,整行,1.0/35.0/35.0,,1183,,
3月,（一）手术室,缺失行,胸外镜头30°-1（盒1）W9050,1588351,整行,1.0/35.0/35.0,,1184,,
3月,（一）手术室,缺失行,0261机器人-8件（带盒9件）,1588559,整行,1.0/154.0/154.0,,1200,,
3月,（一）手术室,缺失行,213机器人-8件（带盒9件）,1588559,整行,1.0/154.0/154.0,,1201,,
3月,（一）手术室,缺失行,348机器人-8件（带盒9件）,1588559,整行,1.0/154.0/154.0,,1202,,
3月,（一）手术室,缺失行,聂广辰专用解剖剪-1/Z1029,1588606,整行,1.0/8.0/8.0,,1212,,
3月,（一）手术室,缺失行,刨刀-房玉立/Z2545,1588666,整行,1.0/30.0/30.0,,1219,,
3月,（一）手术室,缺失行,腕肘-7件/Z1530,1588666,整行,1.0/132.0/132.0,,1220,,
3月,（一）手术室,缺失行,0261机器人-8件（带盒9件）,1588666,整行,1.0/154.0/154.0,,1221,,
3月,（一）手术室,缺失行,213机器人-8件（带盒9件）,1588666,整行,1.0/154.0/154.0,,1222,,
3月,（一）手术室,缺失行,DMD3号镜头3件/W705060,1588666,整行,1.0/66.0/66.0,,1230,,
3月,（一）手术室,缺失行,新3光源-1（带盒两件）/W12050,1588666,整行,1.0/35.0/35.0,,1231,,
3月,（一）手术室,缺失行,新4光源-1（带盒两件）/W12050,1588666,整行,1.0/35.0/35.0,,1232,,
3月,（一）手术室,缺失行,肘踝通用镜头-1/W6050,1588666,整行,1.0/35.0/35.0,,1233,,
3月,（一）手术室,缺失行,聂广辰专用解剖剪-1/Z1029,1588716,整行,1.0/8.0/8.0,,1242,,
3月,（一）手术室,缺失行,房玉利肩器械-20件(盒1),1588722,整行,1.0/115.5/115.5,,1253,,
3月,（一）手术室,缺失行,聂广辰专用解剖剪-1/Z1029,1588722,整行,1.0/8.0/8.0,,1264,,
3月,（一）手术室,缺失行,DMD6号水管-2件/W505060,1588722,整行,1.0/44.0/44.0,,1266,,
3月,（一）手术室,缺失行,DMD刨刀-1/Z2550,1588722,整行,1.0/30.0/30.0,,1267,,
3月,（一）手术室,缺失行,安速康超声刀手柄1线1/Z2530,1588722,整行,1.0/44.0/44.0,,1268,,
3月,（一）手术室,缺失行,骨四（一）宋晓辉光源线-1/Z2540,1588722,整行,1.0/30.0/30.0,,1269,,
3月,（一）手术室,缺失行,旧2刨刀-1/Z3040,1588722,整行,1.0/35.0/35.0,,1270,,
3月,（一）手术室,缺失行,施乐辉刨刀-1/z2530,1588722,整行,1.0/30.0/30.0,,1271,,
3月,（一）手术室,缺失行,史赛克无线摆锯-4/Z2030,1588722,整行,1.0/88.0/88.0,,1272,,
3月,（一）手术室,缺失行,胸外盖冠男电钩2线1/Z2050,1588722,整行,1.0/66.0/66.0,,1273,,
3月,（一）手术室,缺失行,胸外光源线-1件/Z2530,1588722,整行,1.0/30.0/30.0,,1274,,
3月,（一）手术室,缺失行,348机器人-8件（带盒9件）,1588722,整行,1.0/154.0/154.0,,1275,,
3月,（一）手术室,缺失行,373机器人-7件（带盒8件）,1588722,整行,1.0/132.0/132.0,,1276,,
3月,（一）手术室,缺失行,DMD1号镜头3件（盒1）/W705060,1588722,整行,1.0/66.0/66.0,,1277,,
3月,（一）手术室,缺失行,DMD6号镜头-1件,1588722,整行,1.0/35.0/35.0,,1278,,
3月,（一）手术室,缺失行,德美新1镜头-1件（盒1）,1588722,整行,1.0/35.0/35.0,,1279,,
3月,（一）手术室,缺失行,新5光源-1件（盒1）/W905060,1588722,整行,1.0/35.0/35.0,,1280,,
3月,（一）手术室,缺失行,DMD光源4号-1/W905060,1588722,整行,1.0/35.0/35.0,,1282,,
3月,（一）手术室,缺失行,德美4K光源（3号）-1/W905060,1588722,整行,1.0/35.0/35.0,,1283,,
3月,（一）手术室,缺失行,胸外镜头-1（盒1）W9050,1588722,整行,1.0/35.0/35.0,,1284,,
3月,（一）手术室,缺失行,鞠超杰剪线器-1/W605060,1588722,整行,1.0/16.5/16.5,,1287,,
3月,（一）手术室,缺失行,鞠肩胛盂定位器-8件/W705060,1588722,整行,1.0/44.0/44.0,,1288,,
3月,（一）手术室,缺失行,鞠前叉定位器-1/W4050,1588722,整行,1.0/16.5/16.5,,1289,,
3月,（一）手术室,缺失行,刨刀线-膝关节-旧1/Z2545,1588931,整行,1.0/44.0/44.0,,1313,,
3月,（一）手术室,缺失行,213机器人-8件（带盒9件）,1588931,整行,1.0/154.0/154.0,,1314,,
3月,（一）手术室,缺失行,新1光源-1（带盒两件）/W12050,1588931,整行,1.0/35.0/35.0,,1316,,
3月,（一）手术室,缺失行,新1镜头-3件(无转换帽)/W9050,1588931,整行,1.0/66.0/66.0,,1317,,
3月,（一）手术室,缺失行,气腹管1单极线1/Z3045,1589030,整行,1.0/44.0/44.0,,1339,,
3月,（一）手术室,缺失行,外妇通用光源线-1/Z2545,1589030,整行,1.0/30.0/30.0,,1340,,
3月,（一）手术室,缺失行,妇腔镜器械-17（铁帽3胶帽7）,1589030,整行,1.0/300.0/300.0,,1341,,
3月,（一）手术室,缺失行,镜头-腹腔镜30°-1/W9050,1589030,整行,1.0/35.0/35.0,,1347,,
3月,（一）手术室,缺失行,聂广辰专用解剖剪-1/Z1029,1589064,整行,1.0/8.0/8.0,,1353,,
3月,（一）手术室,缺失行,0261机器人-8件（带盒9件）,1589064,整行,1.0/154.0/154.0,,1354,,
3月,（一）手术室,缺失行,213机器人-8件（带盒9件）,1589064,整行,1.0/154.0/154.0,,1355,,
3月,（一）手术室,缺失行,218机器人-7件（带盒8件）,1589064,整行,1.0/132.0/132.0,,1356,,
3月,（一）手术室,缺失行,348机器人-8件（带盒9件）,1589064,整行,1.0/154.0/154.0,,1357,,
3月,（一）手术室,缺失行,宋晓辉吸引器头-1/Z7526,1589065,整行,1.0/8.0/8.0,,1371,,
3月,（一）手术室,缺失行,鞠超杰踝水管-2/W605060,1589065,整行,1.0/16.5/16.5,,1375,,
3月,（一）手术室,缺失行,史赛克无线摆锯-4/Z2030,1589279,整行,1.0/88.0/88.0,,1378,,
3月,（一）手术室,缺失行,373机器人-7件（带盒8件）,1589279,整行,1.0/132.0/132.0,,1379,,
3月,（一）手术室,缺失行,475机器人-7件（带盒8件）,1589279,整行,1.0/132.0/132.0,,1380,,
3月,（一）手术室,缺失行,骨四（一）宋晓辉光源线-1/Z2540,1589335,整行,1.0/30.0/30.0,,1400,,
3月,（一）手术室,缺失行,0261机器人-8件（带盒9件）,1589335,整行,1.0/154.0/154.0,,1401,,
3月,（一）手术室,缺失行,椎间孔镜头2号-1/W905060,1589335,整行,1.0/35.0/35.0,,1402,,
3月,（一）手术室,缺失行,213机器人-8件（带盒9件）,1589409,整行,1.0/154.0/154.0,,1419,,
3月,（一）手术室,缺失行,348机器人-8件（带盒9件）,1589409,整行,1.0/154.0/154.0,,1420,,
3月,（一）手术室,缺失行,聂广辰专用解剖剪-1/Z1029,1589471,整行,1.0/8.0/8.0,,1442,,
3月,（一）手术室,缺失行,骨四（一）兰青常备光源线-1件/Z2530,1589471,整行,1.0/30.0/30.0,,1443,,
3月,（一）手术室,缺失行,骨四（一）兰青磨头-1件/Z1026,1589471,整行,1.0/22.0/22.0,,1444,,
3月,（一）手术室,缺失行,0261机器人-8件（带盒9件）,1589471,整行,1.0/154.0/154.0,,1445,,
3月,（一）手术室,缺失行,218机器人-7件（带盒8件）,1589471,整行,1.0/132.0/132.0,,1446,,
3月,（一）手术室,缺失行,偏瘫陈冲显微器械-15件（盒1）,1589471,整行,1.0/88.0/88.0,,1450,,
3月,（一）手术室,缺失行,1号摆锯(二)环氧,1589630,整行,1.0/66.0/66.0,,1462,,
3月,（一）手术室,缺失行,刨刀线-膝关节-旧1/Z2545,1589676,整行,1.0/44.0/44.0,,1475,,
3月,（一）手术室,缺失行,0261机器人-8件（带盒9件）,1589676,整行,1.0/154.0/154.0,,1476,,
3月,（一）手术室,缺失行,213机器人-8件（带盒9件）,1589676,整行,1.0/154.0/154.0,,1477,,
3月,（一）手术室,缺失行,348机器人-8件（带盒9件）,1589676,整行,1.0/154.0/154.0,,1478,,
3月,（一）手术室,缺失行,373机器人-7件（带盒8件）,1589676,整行,1.0/132.0/132.0,,1479,,
3月,（一）手术室,缺失行,DMD1号镜头3件（盒1）/W705060,1589676,整行,1.0/66.0/66.0,,1480,,
3月,（一）手术室,缺失行,DMD刨刀-1/Z2550,1589736,整行,1.0/30.0/30.0,,1491,,
3月,（一）手术室,缺失行,骨四（一）兰青常备光源线-1件/Z2530,1589736,整行,1.0/30.0/30.0,,1492,,
3月,（一）手术室,缺失行,DMD光源2号-1（带盒）,1589736,整行,1.0/35.0/35.0,,1493,,
3月,（一）手术室,缺失行,DMD3号镜头3件/W705060,1589736,整行,1.0/66.0/66.0,,1494,,
3月,（一）手术室,缺失行,DMD光源3号-1/W905060,1589736,整行,1.0/28.0/28.0,,1495,,
3月,（一）手术室,缺失行,骨四（一）宋晓辉光源线-1/Z2540,1589780,整行,1.0/30.0/30.0,,1503,,
3月,（一）手术室,缺失行,213机器人-8件（带盒9件）,1589780,整行,1.0/154.0/154.0,,1504,,
3月,（一）手术室,缺失行,475机器人-7件（带盒8件）,1589780,整行,1.0/132.0/132.0,,1505,,
3月,（一）手术室,字段不一致-单价,UBE拇外翻线-1/双/Z2530,1589840,单价,26.5,16.0,1511,1155,原始按器械数×基础单价(26.5)计费；处理后按标准价(16)计费
3月,（一）手术室,字段不一致-总价,UBE拇外翻线-1/双/Z2530,1589840,总价,26.5,16.0,1511,1155,原始按器械数×基础单价(26.5)计费；处理后按标准价(16)计费
3月,（一）手术室,缺失行,聂广辰专用解剖剪-1/Z1029,1589840,整行,1.0/8.0/8.0,,1512,,
3月,（一）手术室,缺失行,偏瘫陈冲显微器械-15件（盒1）,1589840,整行,1.0/88.0/88.0,,1518,,
3月,（一）手术室,缺失行,0261机器人-8件（带盒9件）,1589843,整行,1.0/154.0/154.0,,1530,,
3月,（一）手术室,缺失行,348机器人-8件（带盒9件）,1589843,整行,1.0/154.0/154.0,,1531,,
3月,（一）手术室,缺失行,聂广辰专用解剖剪-1/Z1029,1590059,整行,1.0/8.0/8.0,,1544,,
3月,（一）手术室,缺失行,气腹管1单极线1/Z3045,1590059,整行,1.0/44.0/44.0,,1546,,
3月,（一）手术室,缺失行,外妇通用光源线-1/Z2545,1590059,整行,1.0/30.0/30.0,,1547,,
3月,（一）手术室,缺失行,213机器人-8件（带盒9件）,1590059,整行,1.0/154.0/154.0,,1548,,
3月,（一）手术室,缺失行,镜头-腹腔镜30°-1/W9050,1590059,整行,1.0/35.0/35.0,,1554,,
3月,（一）手术室,缺失行,妇腔镜器械-17（铁帽3胶帽7）,1590071,整行,1.0/300.0/300.0,,1569,,
3月,（一）手术室,缺失行,0261机器人-8件（带盒9件）,1590208,整行,1.0/154.0/154.0,,1570,,
3月,（一）手术室,缺失行,213机器人-8件（带盒9件）,1590208,整行,1.0/154.0/154.0,,1571,,
3月,（一）手术室,缺失行,348机器人-8件（带盒9件）,1590208,整行,1.0/154.0/154.0,,1572,,
3月,（一）手术室,缺失行,DMD6号水管-2件/W505060,1590280,整行,1.0/44.0/44.0,,1576,,
3月,（一）手术室,缺失行,DMD刨刀-1/Z2550,1590280,整行,1.0/30.0/30.0,,1577,,
3月,（一）手术室,缺失行,DMD6号镜头-1件,1590280,整行,1.0/35.0/35.0,,1578,,
3月,（一）手术室,缺失行,DMD光源2号-1（带盒）,1590280,整行,1.0/35.0/35.0,,1579,,
3月,（一）手术室,缺失行,0261机器人-8件（带盒9件）,1590305,整行,1.0/154.0/154.0,,1585,,
3月,（一）手术室,缺失行,213机器人-8件（带盒9件）,1590305,整行,1.0/154.0/154.0,,1586,,
3月,（一）手术室,缺失行,348机器人-8件（带盒9件）,1590305,整行,1.0/154.0/154.0,,1587,,
3月,（一）手术室,缺失行,房玉立取腱钳-1件/W5060,1590305,整行,1.0/16.5/16.5,,1589,,
3月,（一）手术室,字段不一致-单价,AR水管-2件/双/Z1530,1590404,单价,24.0,16.5,1613,1236,原始按器械数×基础单价(24)计费；处理后按标准价(16.5)计费
3月,（一）手术室,字段不一致-总价,AR水管-2件/双/Z1530,1590404,总价,24.0,16.5,1613,1236,原始按器械数×基础单价(24)计费；处理后按标准价(16.5)计费
3月,（一）手术室,缺失行,骨四（一）兰青常备光源线-1件/Z2530,1590404,整行,1.0/30.0/30.0,,1614,,
3月,（一）手术室,缺失行,刨刀-房玉立/Z2545,1590404,整行,1.0/30.0/30.0,,1615,,
3月,（一）手术室,缺失行,刨刀线-膝关节-旧1/Z2545,1590404,整行,1.0/44.0/44.0,,1616,,
3月,（一）手术室,缺失行,施乐辉刨刀-1/z2530,1590404,整行,1.0/30.0/30.0,,1617,,
3月,（一）手术室,缺失行,0261机器人-8件（带盒9件）,1590404,整行,1.0/154.0/154.0,,1618,,
3月,（一）手术室,缺失行,213机器人-8件（带盒9件）,1590404,整行,1.0/154.0/154.0,,1619,,
3月,（一）手术室,缺失行,348机器人-8件（带盒9件）,1590404,整行,1.0/154.0/154.0,,1620,,
3月,（一）手术室,缺失行,新5光源-1件（盒1）/W905060,1590404,整行,1.0/35.0/35.0,,1621,,
3月,（一）手术室,缺失行,AR新3镜头-3件 盒1/W605060,1590404,整行,1.0/66.0/66.0,,1626,,
3月,（一）手术室,缺失行,DMD3号镜头3件/W705060,1590404,整行,1.0/66.0/66.0,,1627,,
3月,（一）手术室,缺失行,DMD光源3号-1/W905060,1590404,整行,1.0/28.0/28.0,,1628,,
3月,（一）手术室,缺失行,新1镜头-3件(无转换帽)/W9050,1590404,整行,1.0/66.0/66.0,,1629,,
3月,（一）手术室,缺失行,新3光源-1（带盒两件）/W12050,1590404,整行,1.0/35.0/35.0,,1630,,
3月,（一）手术室,缺失行,0261机器人-8件（带盒9件）,1590609,整行,1.0/154.0/154.0,,1651,,
3月,（一）手术室,缺失行,213机器人-8件（带盒9件）,1590609,整行,1.0/154.0/154.0,,1652,,
3月,（一）手术室,缺失行,218机器人-7件（带盒8件）,1590609,整行,1.0/132.0/132.0,,1653,,
3月,（一）手术室,缺失行,348机器人-8件（带盒9件）,1590609,整行,1.0/154.0/154.0,,1654,,
3月,（一）手术室,缺失行,德美新1镜头-1件（盒1）,1590609,整行,1.0/35.0/35.0,,1655,,
3月,（一）手术室,缺失行,德美4K光源（3号）-1/W905060,1590609,整行,1.0/35.0/35.0,,1657,,
3月,（一）手术室,缺失行,373机器人-7件（带盒8件）,1590677,整行,1.0/132.0/132.0,,1662,,
3月,（一）手术室,缺失行,德美4K光源（1号）-1/W905060,1590677,整行,1.0/35.0/35.0,,1663,,
3月,（一）手术室,缺失行,德美新2镜头-1件/W605060,1590677,整行,1.0/35.0/35.0,,1664,,
3月,（一）手术室,缺失行,椎间孔镜头2号-1/W905060,1590677,整行,1.0/35.0/35.0,,1665,,
3月,（一）手术室,缺失行,骨四（一）兰青常备光源线-1件/Z2530,1590721,整行,1.0/30.0/30.0,,1683,,
3月,（一）手术室,缺失行,348机器人-8件（带盒9件）,1590721,整行,1.0/154.0/154.0,,1684,,
3月,（一）手术室,缺失行,475机器人-7件（带盒8件）,1590721,整行,1.0/132.0/132.0,,1685,,
3月,（一）手术室,缺失行,DMD2号镜头3件/W705060,1590721,整行,1.0/66.0/66.0,,1686,,
3月,（一）手术室,缺失行,聂广辰专用解剖剪-1/Z1029,1590762,整行,3.0/8.0/24.0,,1700,,
3月,（一）手术室,缺失行,聂广辰专用解剖剪-1/Z1029,1590781,整行,1.0/8.0/8.0,,1721,,
3月,（一）手术室,缺失行,偏瘫陈冲显微器械-15件（盒1）,1590781,整行,1.0/88.0/88.0,,1723,,
3月,（一）手术室,缺失行,施乐辉刨刀-1/z2530,1590786,整行,1.0/30.0/30.0,,1730,,
3月,（一）手术室,缺失行,0261机器人-8件（带盒9件）,1590786,整行,1.0/154.0/154.0,,1731,,
3月,（一）手术室,缺失行,213机器人-8件（带盒9件）,1590786,整行,1.0/154.0/154.0,,1732,,
3月,（一）手术室,缺失行,AR新3镜头-3件 盒1/W605060,1590786,整行,1.0/66.0/66.0,,1733,,
3月,（一）手术室,缺失行,新4光源-1（带盒两件）/W12050,1590786,整行,1.0/35.0/35.0,,1734,,
3月,（一）手术室,缺失行,218机器人-7件（带盒8件）,1590845,整行,1.0/132.0/132.0,,1746,,
3月,（一）手术室,缺失行,骨4（2）邹天彪镜头2件（盒1）,1590845,整行,1.0/49.5/49.5,,1747,,
3月,（一）手术室,缺失行,刨刀-房玉立/Z2545,1591010,整行,1.0/30.0/30.0,,1761,,
3月,（一）手术室,缺失行,348机器人-8件（带盒9件）,1591010,整行,1.0/154.0/154.0,,1762,,
3月,（一）手术室,缺失行,373机器人-7件（带盒8件）,1591010,整行,1.0/132.0/132.0,,1763,,
3月,（一）手术室,缺失行,新5光源-1件（盒1）/W905060,1591010,整行,1.0/35.0/35.0,,1764,,
3月,（一）手术室,缺失行,新1镜头-3件(无转换帽)/W9050,1591010,整行,1.0/66.0/66.0,,1765,,
3月,（一）手术室,缺失行,0261机器人-8件（带盒9件）,1591055,整行,1.0/154.0/154.0,,1781,,
3月,（一）手术室,缺失行,475机器人-7件（带盒8件）,1591055,整行,1.0/132.0/132.0,,1782,,
3月,（一）手术室,缺失行,DMD光源1号-1/W905060,1591106,整行,1.0/22.0/22.0,,1795,,
3月,（一）手术室,缺失行,DMD刨刀-1/Z2550,1591106,整行,1.0/30.0/30.0,,1796,,
3月,（一）手术室,缺失行,213机器人-8件（带盒9件）,1591106,整行,1.0/154.0/154.0,,1797,,
3月,（一）手术室,缺失行,218机器人-7件（带盒8件）,1591106,整行,1.0/132.0/132.0,,1798,,
3月,（一）手术室,缺失行,DMD3号镜头3件/W705060,1591106,整行,1.0/66.0/66.0,,1799,,
3月,（一）手术室,缺失行,偏瘫陈冲显微器械-15件（盒1）,1591167,整行,1.0/88.0/88.0,,1814,,
3月,（一）手术室,缺失行,刨刀线-膝关节-旧1/Z2545,1591168,整行,1.0/44.0/44.0,,1826,,
3月,（一）手术室,缺失行,史赛克无线摆锯-4/Z2030,1591168,整行,1.0/88.0/88.0,,1827,,
3月,（一）手术室,缺失行,德美新1镜头-1件（盒1）,1591168,整行,1.0/35.0/35.0,,1828,,
3月,（一）手术室,缺失行,AR新3镜头-3件 盒1/W605060,1591168,整行,1.0/66.0/66.0,,1829,,
3月,（一）手术室,缺失行,德美4K光源（1号）-1/W905060,1591168,整行,1.0/35.0/35.0,,1830,,
3月,（一）手术室,缺失行,德美4K光源（3号）-1/W905060,1591168,整行,1.0/35.0/35.0,,1831,,
3月,（一）手术室,缺失行,德美新2镜头-1件/W605060,1591168,整行,1.0/35.0/35.0,,1832,,
3月,（一）手术室,缺失行,新3光源-1（带盒两件）/W12050,1591168,整行,1.0/35.0/35.0,,1833,,
3月,（一）手术室,缺失行,房玉利肩器械-20件(盒1),1591170,整行,1.0/115.5/115.5,,1834,,
3月,（一）手术室,缺失行,0261机器人-8件（带盒9件）,1591181,整行,1.0/154.0/154.0,,1857,,
3月,（一）手术室,缺失行,348机器人-8件（带盒9件）,1591181,整行,1.0/154.0/154.0,,1858,,
3月,（一）手术室,缺失行,刨刀-房玉立/Z2545,1591355,整行,1.0/30.0/30.0,,1878,,
3月,（一）手术室,缺失行,五官电钻-1,1591355,整行,2.0/30.0/60.0,,1879,,
3月,（一）手术室,缺失行,DMD1号镜头3件（盒1）/W705060,1591355,整行,1.0/66.0/66.0,,1880,,
3月,（一）手术室,缺失行,新4光源-1（带盒两件）/W12050,1591355,整行,1.0/35.0/35.0,,1881,,
3月,（一）手术室,缺失行,施乐辉刨刀-1/z2530,1591358,整行,1.0/30.0/30.0,,1882,,
3月,（一）手术室,缺失行,新5光源-1件（盒1）/W905060,1591358,整行,1.0/35.0/35.0,,1883,,
3月,（一）手术室,缺失行,新1镜头-3件(无转换帽)/W9050,1591358,整行,1.0/66.0/66.0,,1884,,
3月,（一）手术室,字段不一致-单价,德美2号刨刀-1/双/Z2550,1591446,单价,26.5,16.0,1897,1452,原始按器械数×基础单价(26.5)计费；处理后按标准价(16)计费
3月,（一）手术室,字段不一致-总价,德美2号刨刀-1/双/Z2550,1591446,总价,26.5,16.0,1897,1452,原始按器械数×基础单价(26.5)计费；处理后按标准价(16)计费
3月,（一）手术室,缺失行,新史赛克手控加件-1,1591446,整行,1.0/22.0/22.0,,1898,,
3月,（一）手术室,缺失行,德美新1镜头-1件（盒1）,1591446,整行,1.0/35.0/35.0,,1899,,
3月,（一）手术室,缺失行,德美4K光源（2号）-1/W905060,1591446,整行,1.0/35.0/35.0,,1900,,
3月,（一）手术室,缺失行,偏瘫陈冲显微器械-15件（盒1）,1591497,整行,1.0/88.0/88.0,,1924,,
3月,（一）手术室,缺失行,DMD光源1号-1/W905060,1591513,整行,1.0/22.0/22.0,,1936,,
3月,（一）手术室,缺失行,DMD刨刀-1/Z2550,1591513,整行,1.0/30.0/30.0,,1937,,
3月,（一）手术室,缺失行,德美4K光源（4号）-1/Z2550,1591513,整行,1.0/30.0/30.0,,1938,,
3月,（一）手术室,缺失行,德美4号刨刀-1/Z2035,1591513,整行,1.0/30.0/30.0,,1939,,
3月,（一）手术室,缺失行,0261机器人-8件（带盒9件）,1591513,整行,1.0/154.0/154.0,,1940,,
3月,（一）手术室,缺失行,213机器人-8件（带盒9件）,1591513,整行,1.0/154.0/154.0,,1941,,
3月,（一）手术室,缺失行,348机器人-8件（带盒9件）,1591513,整行,1.0/154.0/154.0,,1942,,
3月,（一）手术室,缺失行,DMD3号镜头3件/W705060,1591513,整行,1.0/66.0/66.0,,1943,,
3月,（一）手术室,缺失行,德美新3镜头-1件/W605060,1591513,整行,1.0/35.0/35.0,,1944,,
3月,（一）手术室,缺失行,刨刀-房玉立/Z2545,1591785,整行,1.0/30.0/30.0,,1962,,
3月,（一）手术室,缺失行,0261机器人-8件（带盒9件）,1591785,整行,1.0/154.0/154.0,,1963,,
3月,（一）手术室,缺失行,213机器人-8件（带盒9件）,1591785,整行,1.0/154.0/154.0,,1964,,
3月,（一）手术室,缺失行,348机器人-8件（带盒9件）,1591785,整行,1.0/154.0/154.0,,1965,,
3月,（一）手术室,缺失行,DMD1号镜头3件（盒1）/W705060,1591785,整行,1.0/66.0/66.0,,1966,,
3月,（一）手术室,缺失行,新4光源-1（带盒两件）/W12050,1591785,整行,1.0/35.0/35.0,,1970,,
3月,（一）手术室,字段不一致-单价,半月板缝合器械-10/Z1020,1591845,单价,57.5,55.0,1987,1523,原始按器械数×基础单价(57.5)计费；处理后按标准价(55)计费
3月,（一）手术室,字段不一致-总价,半月板缝合器械-10/Z1020,1591845,总价,57.5,55.0,1987,1523,原始按器械数×基础单价(57.5)计费；处理后按标准价(55)计费
3月,（一）手术室,缺失行,光源线-膝镜通用-1/Z2540,1591869,整行,1.0/30.0/30.0,,2003,,
3月,（一）手术室,缺失行,施乐辉刨刀-1/z2530,1591869,整行,1.0/30.0/30.0,,2004,,
3月,（一）手术室,缺失行,0261机器人-8件（带盒9件）,1591869,整行,1.0/154.0/154.0,,2005,,
3月,（一）手术室,缺失行,218机器人-7件（带盒8件）,1591869,整行,1.0/132.0/132.0,,2006,,
3月,（一）手术室,缺失行,373机器人-7件（带盒8件）,1591869,整行,1.0/132.0/132.0,,2007,,
3月,（一）手术室,缺失行,新1光源-1（带盒两件）/W12050,1591869,整行,1.0/35.0/35.0,,2008,,
3月,（一）手术室,缺失行,新1镜头-3件(无转换帽)/W9050,1591869,整行,1.0/66.0/66.0,,2009,,
3月,（一）手术室,缺失行,旧2刨刀-1/Z3040,1591881,整行,1.0/35.0/35.0,,2018,,
3月,（一）手术室,缺失行,348机器人-8件（带盒9件）,1591881,整行,1.0/154.0/154.0,,2019,,
3月,（一）手术室,缺失行,新5光源-1件（盒1）/W905060,1591881,整行,1.0/35.0/35.0,,2020,,
3月,（一）手术室,缺失行,AR新3镜头-3件 盒1/W605060,1591881,整行,1.0/66.0/66.0,,2021,,
3月,（一）手术室,缺失行,椎间孔镜头2号-1/W905060,1591881,整行,1.0/35.0/35.0,,2022,,
3月,（一）手术室,缺失行,聂广辰专用解剖剪-1/Z1029,1591948,整行,1.0/8.0/8.0,,2046,,
3月,（一）手术室,缺失行,偏瘫陈冲显微器械-15件（盒1）,1591948,整行,1.0/88.0/88.0,,2050,,
3月,（一）手术室,缺失行,骨一手托架-3件/W9050,1592155,整行,1.0/66.0/66.0,,2066,,
3月,（一）手术室,缺失行,刨刀线-膝关节-旧1/Z2545,1592155,整行,1.0/44.0/44.0,,2067,,
3月,（一）手术室,缺失行,0261机器人-8件（带盒9件）,1592155,整行,1.0/154.0/154.0,,2068,,
3月,（一）手术室,缺失行,213机器人-8件（带盒9件）,1592155,整行,1.0/154.0/154.0,,2069,,
3月,（一）手术室,缺失行,DMD3号镜头3件/W705060,1592155,整行,1.0/66.0/66.0,,2072,,
3月,（一）手术室,缺失行,新4光源-1（带盒两件）/W12050,1592155,整行,1.0/35.0/35.0,,2073,,
3月,（一）手术室,缺失行,213机器人-8件（带盒9件）,1592331,整行,1.0/154.0/154.0,,2104,,
3月,（一）手术室,缺失行,373机器人-7件（带盒8件）,1592331,整行,1.0/132.0/132.0,,2105,,
3月,（一）手术室,缺失行,475机器人-7件（带盒8件）,1592331,整行,1.0/132.0/132.0,,2106,,
3月,（一）手术室,缺失行,0261机器人-8件（带盒9件）,1592383,整行,1.0/154.0/154.0,,2112,,
3月,（一）手术室,缺失行,213机器人-8件（带盒9件）,1592383,整行,1.0/154.0/154.0,,2113,,
3月,（一）手术室,缺失行,348机器人-8件（带盒9件）,1592383,整行,1.0/154.0/154.0,,2114,,
3月,（一）手术室,缺失行,德美4K光源（3号）-1/W905060,1592383,整行,1.0/35.0/35.0,,2118,,
3月,（一）手术室,缺失行,德美新2镜头-1件/W605060,1592383,整行,1.0/35.0/35.0,,2119,,
3月,（一）手术室,缺失行,DMD光源1号-1/W905060,1592451,整行,1.0/22.0/22.0,,2133,,
3月,（一）手术室,缺失行,DMD刨刀-1/Z2550,1592451,整行,1.0/30.0/30.0,,2134,,
3月,（一）手术室,缺失行,218机器人-7件（带盒8件）,1592451,整行,1.0/132.0/132.0,,2136,,
3月,（一）手术室,缺失行,DMD3号镜头3件/W705060,1592451,整行,1.0/66.0/66.0,,2137,,
3月,（一）手术室,缺失行,宋小辉-3件/z2554,1592498,整行,1.0/16.5/16.5,,2143,,
3月,（一）手术室,缺失行,骨四（一）宋晓辉光源线-1/Z2540,1592498,整行,1.0/30.0/30.0,,2144,,
3月,（一）手术室,缺失行,373机器人-7件（带盒8件）,1592498,整行,1.0/132.0/132.0,,2145,,
3月,（一）手术室,缺失行,史赛克无线摆锯-4/Z2030,1592591,整行,1.0/88.0/88.0,,2168,,
3月,（一）手术室,缺失行,新史赛克手控加件-1,1592591,整行,1.0/22.0/22.0,,2169,,
3月,（一）手术室,缺失行,0261机器人-8件（带盒9件）,1592591,整行,1.0/154.0/154.0,,2170,,
3月,（一）手术室,缺失行,213机器人-8件（带盒9件）,1592591,整行,1.0/154.0/154.0,,2171,,
3月,（一）手术室,缺失行,348机器人-8件（带盒9件）,1592591,整行,1.0/154.0/154.0,,2172,,
3月,（一）手术室,缺失行,475机器人-7件（带盒8件）,1592591,整行,1.0/132.0/132.0,,2173,,
3月,（一）手术室,缺失行,鞠超杰凿子-2件/W605060,1592591,整行,1.0/16.5/16.5,,2180,,
3月,（一）手术室,缺失行,聂广辰专用解剖剪-1/Z1029,1592786,整行,1.0/8.0/8.0,,2190,,
3月,（一）手术室,缺失行,光源线-膝镜通用-1/Z2540,1592879,整行,1.0/30.0/30.0,,2218,,
3月,（一）手术室,缺失行,348机器人-8件（带盒9件）,1592879,整行,1.0/154.0/154.0,,2219,,
3月,（一）手术室,缺失行,偏瘫陈冲显微器械-15件（盒1）,1592936,整行,1.0/88.0/88.0,,2228,,
3月,（一）手术室,缺失行,妇产科张长青常备超声刀线-3件Z2030,1593002,整行,1.0/66.0/66.0,,2246,,
3月,（一）手术室,缺失行,刨刀-房玉立/Z2545,1593002,整行,1.0/30.0/30.0,,2247,,
3月,（一）手术室,缺失行,气腹管1单极线1/Z3045,1593002,整行,1.0/44.0/44.0,,2248,,
3月,（一）手术室,缺失行,外妇通用光源线-1/Z2545,1593002,整行,1.0/30.0/30.0,,2249,,
3月,（一）手术室,缺失行,外科腹腔镜-19（5套）,1593002,整行,1.0/88.0/88.0,,2250,,
3月,（一）手术室,缺失行,0261机器人-8件（带盒9件）,1593002,整行,1.0/154.0/154.0,,2251,,
3月,（一）手术室,缺失行,213机器人-8件（带盒9件）,1593002,整行,1.0/154.0/154.0,,2252,,
3月,（一）手术室,缺失行,AR新3镜头-3件 盒1/W605060,1593002,整行,1.0/66.0/66.0,,2254,,
3月,（一）手术室,缺失行,镜头-腹腔镜30°-1/W9050,1593002,整行,1.0/35.0/35.0,,2255,,
3月,（一）手术室,缺失行,新4光源-1（带盒两件）/W12050,1593002,整行,1.0/35.0/35.0,,2256,,
3月,（一）手术室,汇总不一致-总价,（一）手术室,,总价,302910.0,260086.5,8,8,
3月,（二）手术室,缺失行,聂广辰专用剪刀-1/Z1029,1583176,整行,1.0/8.0/8.0,,14,,
3月,（二）手术室,缺失行,聂广辰专用剪刀-1/Z1029,1583291,整行,1.0/8.0/8.0,,28,,
3月,（二）手术室,缺失行,聂广辰专用剪刀-1/Z1029,1584892,整行,1.0/8.0/8.0,,92,,
3月,（二）手术室,缺失行,聂广辰专用剪刀-1/Z1029,1586024,整行,1.0/8.0/8.0,,210,,
3月,（二）手术室,缺失行,聂广辰专用剪刀-1/Z1029,1586173,整行,1.0/8.0/8.0,,235,,
3月,（二）手术室,缺失行,聂广辰专用剪刀-1/Z1029,1586344,整行,1.0/8.0/8.0,,250,,
3月,（二）手术室,缺失行,聂广辰专用剪刀-1/Z1029,1586386,整行,1.0/8.0/8.0,,261,,
3月,（二）手术室,缺失行,聂广辰专用剪刀-1/Z1029,1586963,整行,1.0/8.0/8.0,,310,,
3月,（二）手术室,缺失行,聂广辰专用剪刀-1/Z1029,1587086,整行,1.0/8.0/8.0,,329,,
3月,（二）手术室,缺失行,聂广辰专用剪刀-1/Z1029,1588031,整行,1.0/8.0/8.0,,447,,
3月,（二）手术室,字段不一致-单价,头皮止血带-1/Z1530,1589062,单价,11.0,25.0,569,558,原始按器械数×基础单价(11)计费；处理后按标准价(25)计费
3月,（二）手术室,字段不一致-总价,头皮止血带-1/Z1530,1589062,总价,22.0,50.0,569,558,原始按器械数×基础单价(11)计费；处理后按标准价(25)计费
3月,（二）手术室,缺失行,聂广辰专用剪刀-1/Z1029,1589318,整行,1.0/8.0/8.0,,584,,
3月,（二）手术室,字段不一致-单价,头皮止血带-1/Z1530,1590243,单价,11.0,25.0,678,666,原始按器械数×基础单价(11)计费；处理后按标准价(25)计费
3月,（二）手术室,字段不一致-总价,头皮止血带-1/Z1530,1590243,总价,11.0,25.0,678,666,原始按器械数×基础单价(11)计费；处理后按标准价(25)计费
3月,（二）手术室,缺失行,聂广辰专用剪刀-1/Z1029,1590406,整行,1.0/8.0/8.0,,695,,
3月,（二）手术室,缺失行,骨一薛岩撑开器-1/Z1526,1590759,整行,1.0/11.0/11.0,,721,,
3月,（二）手术室,缺失行,骨一薛岩显微剪刀-1/Z7520,1590759,整行,2.0/8.0/16.0,,722,,
3月,（二）手术室,缺失行,薛岩单子小号/W9050,1590759,整行,1.0/25.0/25.0,,731,,
3月,（二）手术室,缺失行,薛岩手科凿子-5/Z6050,1591047,整行,1.0/27.5/27.5,,780,,
3月,（二）手术室,缺失行,聂广辰专用剪刀-1/Z1029,1591841,整行,1.0/8.0/8.0,,856,,
3月,（二）手术室,缺失行,聂广辰专用剪刀-1/Z1029,1591950,整行,1.0/8.0/8.0,,888,,
3月,（二）手术室,缺失行,聂广辰专用剪刀-1/Z1029,1592151,整行,1.0/8.0/8.0,,899,,
3月,（二）手术室,汇总不一致-总价,（二）手术室,,总价,75503.0,73010.0,11,10,
4月,妇科门诊,字段不一致-单价,双极-2/Z2540,1595396,单价,35.5,35.0,38,38,原始按器械数×基础单价(35.5)计费；处理后按标准价(35)计费
4月,妇科门诊,字段不一致-总价,双极-2/Z2540,1595396,总价,35.5,35.0,38,38,原始按器械数×基础单价(35.5)计费；处理后按标准价(35)计费
4月,妇科门诊,汇总不一致-总价,妇科门诊,,总价,4285.5,4285.0,8,8,
4月,骨科（送一手）,字段不一致-单价,骨四宋晓辉常备镜头1件(盒1)/W705060,1593241,单价,5.5,35.0,9,9,原始按器械数×基础单价(5.5)计费；处理后按标准价(35)计费
4月,骨科（送一手）,字段不一致-总价,骨四宋晓辉常备镜头1件(盒1)/W705060,1593241,总价,5.5,35.0,9,9,原始按器械数×基础单价(5.5)计费；处理后按标准价(35)计费
4月,骨科（送一手）,字段不一致-单价,骨四宋晓辉常备镜头1件(盒1)/W705060,1593993,单价,5.5,35.0,17,17,原始按器械数×基础单价(5.5)计费；处理后按标准价(35)计费
4月,骨科（送一手）,字段不一致-总价,骨四宋晓辉常备镜头1件(盒1)/W705060,1593993,总价,5.5,35.0,17,17,原始按器械数×基础单价(5.5)计费；处理后按标准价(35)计费
4月,骨科（送一手）,字段不一致-单价,骨四（一）兰青常备器械-1/W605060,1597520,单价,5.5,16.5,54,54,原始按器械数×基础单价(5.5)计费；处理后按标准价(16.5)计费
4月,骨科（送一手）,字段不一致-总价,骨四（一）兰青常备器械-1/W605060,1597520,总价,5.5,16.5,54,54,原始按器械数×基础单价(5.5)计费；处理后按标准价(16.5)计费
4月,骨科（送一手）,汇总不一致-总价,骨科（送一手）,,总价,6391.5,6461.5,8,8,
4月,（一）手术室,字段不一致-单价,UBE拇外翻线-1/双/Z2530,1593364,单价,26.5,16.0,75,75,原始按器械数×基础单价(26.5)计费；处理后按标准价(16)计费
4月,（一）手术室,字段不一致-总价,UBE拇外翻线-1/双/Z2530,1593364,总价,26.5,16.0,75,75,原始按器械数×基础单价(26.5)计费；处理后按标准价(16)计费
4月,（一）手术室,字段不一致-单价,AR水管-2件/双/Z1530,1593393,单价,24.0,16.5,102,102,原始按器械数×基础单价(24)计费；处理后按标准价(16.5)计费
4月,（一）手术室,字段不一致-总价,AR水管-2件/双/Z1530,1593393,总价,24.0,16.5,102,102,原始按器械数×基础单价(24)计费；处理后按标准价(16.5)计费
4月,（一）手术室,字段不一致-单价,德美2号刨刀-1/双/Z2550,1593393,单价,26.5,16.0,104,104,原始按器械数×基础单价(26.5)计费；处理后按标准价(16)计费
4月,（一）手术室,字段不一致-总价,德美2号刨刀-1/双/Z2550,1593393,总价,26.5,16.0,104,104,原始按器械数×基础单价(26.5)计费；处理后按标准价(16)计费
4月,（一）手术室,字段不一致-单价,DMD光源1号-1/W905060,1593394,单价,22.0,35.0,122,122,原始按器械数×基础单价(22)计费；处理后按标准价(35)计费
4月,（一）手术室,字段不一致-总价,DMD光源1号-1/W905060,1593394,总价,22.0,35.0,122,122,原始按器械数×基础单价(22)计费；处理后按标准价(35)计费
4月,（一）手术室,字段不一致-单价,UBE拇外翻线-1/双/Z2530,1593992,单价,26.5,16.0,254,254,原始按器械数×基础单价(26.5)计费；处理后按标准价(16)计费
4月,（一）手术室,字段不一致-总价,UBE拇外翻线-1/双/Z2530,1593992,总价,26.5,16.0,254,254,原始按器械数×基础单价(26.5)计费；处理后按标准价(16)计费
4月,（一）手术室,字段不一致-单价,UBE拇外翻线-1/双/Z2530,1594254,单价,26.5,16.0,305,305,原始按器械数×基础单价(26.5)计费；处理后按标准价(16)计费
4月,（一）手术室,字段不一致-总价,UBE拇外翻线-1/双/Z2530,1594254,总价,26.5,16.0,305,305,原始按器械数×基础单价(26.5)计费；处理后按标准价(16)计费
4月,（一）手术室,字段不一致-单价,德美2号刨刀-1/双/Z2550,1594283,单价,26.5,16.0,319,319,原始按器械数×基础单价(26.5)计费；处理后按标准价(16)计费
4月,（一）手术室,字段不一致-总价,德美2号刨刀-1/双/Z2550,1594283,总价,26.5,16.0,319,319,原始按器械数×基础单价(26.5)计费；处理后按标准价(16)计费
4月,（一）手术室,字段不一致-单价,UBE拇外翻线-1/双/Z2530,1594383,单价,26.5,16.0,367,367,原始按器械数×基础单价(26.5)计费；处理后按标准价(16)计费
4月,（一）手术室,字段不一致-总价,UBE拇外翻线-1/双/Z2530,1594383,总价,26.5,16.0,367,367,原始按器械数×基础单价(26.5)计费；处理后按标准价(16)计费
4月,（一）手术室,字段不一致-单价,DMD光源1号-1/W905060,1594598,单价,22.0,35.0,418,418,原始按器械数×基础单价(22)计费；处理后按标准价(35)计费
4月,（一）手术室,字段不一致-总价,DMD光源1号-1/W905060,1594598,总价,22.0,35.0,418,418,原始按器械数×基础单价(22)计费；处理后按标准价(35)计费
4月,（一）手术室,字段不一致-单价,AR水管-2件/双/Z1530,1594697,单价,24.0,16.5,454,454,原始按器械数×基础单价(24)计费；处理后按标准价(16.5)计费
4月,（一）手术室,字段不一致-总价,AR水管-2件/双/Z1530,1594697,总价,24.0,16.5,454,454,原始按器械数×基础单价(24)计费；处理后按标准价(16.5)计费
4月,（一）手术室,字段不一致-单价,UBE拇外翻线-1/双/Z2530,1594706,单价,26.5,16.0,457,457,原始按器械数×基础单价(26.5)计费；处理后按标准价(16)计费
4月,（一）手术室,字段不一致-总价,UBE拇外翻线-1/双/Z2530,1594706,总价,26.5,16.0,457,457,原始按器械数×基础单价(26.5)计费；处理后按标准价(16)计费
4月,（一）手术室,字段不一致-单价,德美2号刨刀-1/双/Z2550,1595128,单价,26.5,16.0,588,588,原始按器械数×基础单价(26.5)计费；处理后按标准价(16)计费
4月,（一）手术室,字段不一致-总价,德美2号刨刀-1/双/Z2550,1595128,总价,26.5,16.0,588,588,原始按器械数×基础单价(26.5)计费；处理后按标准价(16)计费
4月,（一）手术室,字段不一致-单价,西山骨动力1号-1/双/Z2530,1595128,单价,26.5,16.0,592,592,原始按器械数×基础单价(26.5)计费；处理后按标准价(16)计费
4月,（一）手术室,字段不一致-总价,西山骨动力1号-1/双/Z2530,1595128,总价,26.5,16.0,592,592,原始按器械数×基础单价(26.5)计费；处理后按标准价(16)计费
4月,（一）手术室,字段不一致-单价,西山骨动力1号-1/双/Z2530,1595828,单价,26.5,16.0,741,741,原始按器械数×基础单价(26.5)计费；处理后按标准价(16)计费
4月,（一）手术室,字段不一致-总价,西山骨动力1号-1/双/Z2530,1595828,总价,26.5,16.0,741,741,原始按器械数×基础单价(26.5)计费；处理后按标准价(16)计费
4月,（一）手术室,字段不一致-单价,DMD光源1号-1/W905060,1596824,单价,22.0,35.0,951,951,原始按器械数×基础单价(22)计费；处理后按标准价(35)计费
4月,（一）手术室,字段不一致-总价,DMD光源1号-1/W905060,1596824,总价,22.0,35.0,951,951,原始按器械数×基础单价(22)计费；处理后按标准价(35)计费
4月,（一）手术室,字段不一致-单价,德美2号刨刀-1/双/Z2550,1596883,单价,26.5,16.0,990,990,原始按器械数×基础单价(26.5)计费；处理后按标准价(16)计费
4月,（一）手术室,字段不一致-总价,德美2号刨刀-1/双/Z2550,1596883,总价,26.5,16.0,990,990,原始按器械数×基础单价(26.5)计费；处理后按标准价(16)计费
4月,（一）手术室,字段不一致-单价,德美2号刨刀-1/双/Z2550,1597217,单价,26.5,16.0,1090,1090,原始按器械数×基础单价(26.5)计费；处理后按标准价(16)计费
4月,（一）手术室,字段不一致-总价,德美2号刨刀-1/双/Z2550,1597217,总价,26.5,16.0,1090,1090,原始按器械数×基础单价(26.5)计费；处理后按标准价(16)计费
4月,（一）手术室,字段不一致-单价,德美刨刀（高温）-1/Z2044,1597217,单价,16.5,13.0,1091,1091,原始按器械数×基础单价(16.5)计费；处理后按标准价(13)计费
4月,（一）手术室,字段不一致-总价,德美刨刀（高温）-1/Z2044,1597217,总价,16.5,13.0,1091,1091,原始按器械数×基础单价(16.5)计费；处理后按标准价(13)计费
4月,（一）手术室,字段不一致-单价,德美2号刨刀-1/双/Z2550,1597554,单价,26.5,16.0,1154,1154,原始按器械数×基础单价(26.5)计费；处理后按标准价(16)计费
4月,（一）手术室,字段不一致-总价,德美2号刨刀-1/双/Z2550,1597554,总价,26.5,16.0,1154,1154,原始按器械数×基础单价(26.5)计费；处理后按标准价(16)计费
4月,（一）手术室,字段不一致-单价,DMD光源1号-1/W905060,1597630,单价,22.0,35.0,1193,1193,原始按器械数×基础单价(22)计费；处理后按标准价(35)计费
4月,（一）手术室,字段不一致-总价,DMD光源1号-1/W905060,1597630,总价,22.0,35.0,1193,1193,原始按器械数×基础单价(22)计费；处理后按标准价(35)计费
4月,（一）手术室,字段不一致-单价,西山骨动力1号-1/双/Z2530,1598194,单价,26.5,16.0,1293,1293,原始按器械数×基础单价(26.5)计费；处理后按标准价(16)计费
4月,（一）手术室,字段不一致-总价,西山骨动力1号-1/双/Z2530,1598194,总价,26.5,16.0,1293,1293,原始按器械数×基础单价(26.5)计费；处理后按标准价(16)计费
4月,（一）手术室,字段不一致-单价,骨四（2）邹天彪磨头-4件/Z1026,1598194,单价,38.5,88.0,1295,1295,原始按器械数×基础单价(38.5)计费；处理后按标准价(88)计费
4月,（一）手术室,字段不一致-总价,骨四（2）邹天彪磨头-4件/Z1026,1598194,总价,38.5,88.0,1295,1295,原始按器械数×基础单价(38.5)计费；处理后按标准价(88)计费
4月,（一）手术室,字段不一致-单价,骨四（2）邹天彪磨头-4件/Z1026,1598498,单价,38.5,88.0,1367,1367,原始按器械数×基础单价(38.5)计费；处理后按标准价(88)计费
4月,（一）手术室,字段不一致-总价,骨四（2）邹天彪磨头-4件/Z1026,1598498,总价,38.5,88.0,1367,1367,原始按器械数×基础单价(38.5)计费；处理后按标准价(88)计费
4月,（一）手术室,字段不一致-单价,脊柱机器人262,1598527,单价,38.5,16.5,1387,1387,原始按器械数×基础单价(38.5)计费；处理后按标准价(16.5)计费
4月,（一）手术室,字段不一致-总价,脊柱机器人262,1598527,总价,38.5,16.5,1387,1387,原始按器械数×基础单价(38.5)计费；处理后按标准价(16.5)计费
4月,（一）手术室,字段不一致-单价,德美4K1号刨刀-1/W6050,1598731,单价,35.0,16.5,1452,1452,原始按器械数×基础单价(35)计费；处理后按标准价(16.5)计费
4月,（一）手术室,字段不一致-总价,德美4K1号刨刀-1/W6050,1598731,总价,35.0,16.5,1452,1452,原始按器械数×基础单价(35)计费；处理后按标准价(16.5)计费
4月,（一）手术室,字段不一致-单价,DMD光源1号-1/W905060,1598847,单价,22.0,35.0,1482,1482,原始按器械数×基础单价(22)计费；处理后按标准价(35)计费
4月,（一）手术室,字段不一致-总价,DMD光源1号-1/W905060,1598847,总价,22.0,35.0,1482,1482,原始按器械数×基础单价(22)计费；处理后按标准价(35)计费
4月,（一）手术室,字段不一致-单价,西山骨动力1号-1/双/Z2530,1598899,单价,26.5,16.0,1520,1520,原始按器械数×基础单价(26.5)计费；处理后按标准价(16)计费
4月,（一）手术室,字段不一致-总价,西山骨动力1号-1/双/Z2530,1598899,总价,26.5,16.0,1520,1520,原始按器械数×基础单价(26.5)计费；处理后按标准价(16)计费
4月,（一）手术室,字段不一致-单价,西山骨动力1号-1/双/Z2530,1599336,单价,26.5,16.0,1621,1621,原始按器械数×基础单价(26.5)计费；处理后按标准价(16)计费
4月,（一）手术室,字段不一致-总价,西山骨动力1号-1/双/Z2530,1599336,总价,26.5,16.0,1621,1621,原始按器械数×基础单价(26.5)计费；处理后按标准价(16)计费
4月,（一）手术室,字段不一致-单价,德美4K1号刨刀-1/W6050,1599970,单价,35.0,16.5,1762,1762,原始按器械数×基础单价(35)计费；处理后按标准价(16.5)计费
4月,（一）手术室,字段不一致-总价,德美4K1号刨刀-1/W6050,1599970,总价,35.0,16.5,1762,1762,原始按器械数×基础单价(35)计费；处理后按标准价(16.5)计费
4月,（一）手术室,字段不一致-单价,德美2号刨刀-1/双/Z2550,1600724,单价,26.5,16.0,1895,1895,原始按器械数×基础单价(26.5)计费；处理后按标准价(16)计费
4月,（一）手术室,字段不一致-总价,德美2号刨刀-1/双/Z2550,1600724,总价,26.5,16.0,1895,1895,原始按器械数×基础单价(26.5)计费；处理后按标准价(16)计费
4月,（一）手术室,字段不一致-单价,德美刨刀（高温）-1/Z2044,1601267,单价,16.5,13.0,2045,2045,原始按器械数×基础单价(16.5)计费；处理后按标准价(13)计费
4月,（一）手术室,字段不一致-总价,德美刨刀（高温）-1/Z2044,1601267,总价,16.5,13.0,2045,2045,原始按器械数×基础单价(16.5)计费；处理后按标准价(13)计费
4月,（一）手术室,字段不一致-单价,德美2号刨刀-1/双/Z2550,1601334,单价,26.5,16.0,2098,2098,原始按器械数×基础单价(26.5)计费；处理后按标准价(16)计费
4月,（一）手术室,字段不一致-总价,德美2号刨刀-1/双/Z2550,1601334,总价,26.5,16.0,2098,2098,原始按器械数×基础单价(26.5)计费；处理后按标准价(16)计费
4月,（一）手术室,汇总不一致-总价,（一）手术室,,总价,281810.0,281704.0,8,8,
5月,二手骨一,多余行,聂广辰专用剪刀-1/Z1029,1601874,整行,,1.0/8.0/8.0,,9,
5月,二手骨一,多余行,聂广辰专用剪刀-1/Z1029,1602460,整行,,2.0/8.0/16.0,,10,
5月,二手骨一,多余行,聂广辰专用剪刀-1/Z1029,1603179,整行,,1.0/8.0/8.0,,11,
5月,二手骨一,多余行,聂广辰专用剪刀-1/Z1029,1603511,整行,,1.0/8.0/8.0,,12,
5月,二手骨一,多余行,聂广辰专用剪刀-1/Z1029,1603912,整行,,1.0/8.0/8.0,,13,
5月,二手骨一,多余行,骨一薛岩撑开器-1/Z1526,1604712,整行,,2.0/11.0/22.0,,14,
5月,二手骨一,多余行,聂广辰专用剪刀-1/Z1029,1604844,整行,,1.0/8.0/8.0,,15,
5月,二手骨一,多余行,聂广辰专用剪刀-1/Z1029,1605220,整行,,1.0/8.0/8.0,,16,
5月,二手骨一,多余行,骨一薛岩撑开器-1/Z1526,1605257,整行,,1.0/11.0/11.0,,17,
5月,二手骨一,多余行,聂广辰专用剪刀-1/Z1029,1605924,整行,,1.0/8.0/8.0,,18,
5月,二手骨一,多余行,聂广辰专用剪刀-1/Z1029,1606109,整行,,1.0/8.0/8.0,,19,
5月,二手骨一,多余行,聂广辰专用剪刀-1/Z1029,1606550,整行,,2.0/8.0/16.0,,20,
5月,二手骨一,多余行,薛岩手科凿子-5/Z6050,1606878,整行,,1.0/27.5/27.5,,21,
5月,二手骨一,多余行,骨一薛岩撑开器-1/Z1526,1607652,整行,,1.0/11.0/11.0,,22,
5月,二手骨一,多余行,薛岩手科凿子-5/Z6050,1607869,整行,,1.0/27.5/27.5,,23,
5月,二手骨一,多余行,聂广辰专用剪刀-1/Z1029,1607960,整行,,1.0/8.0/8.0,,24,
5月,二手骨一,多余行,薛岩手科凿子-5/Z6050,1608581,整行,,1.0/27.5/27.5,,25,
5月,外三低温,多余行,脑外颅骨钻洗钻-4件/W905060,1606373,整行,,1.0/88.0/88.0,,9,
5月,外三低温,多余行,脑外西山磨钻-3件/W705060,1606373,整行,,1.0/66.0/66.0,,10,
5月,妇产科,字段不一致-单价,张长青超声刀线-2件/Z2535,1606421,单价,66.0,44.0,10,10,原始按器械数×基础单价(66)计费；处理后按标准价(44)计费
5月,妇产科,字段不一致-总价,张长青超声刀线-2件/Z2535,1606421,总价,66.0,44.0,10,10,原始按器械数×基础单价(66)计费；处理后按标准价(44)计费
5月,妇产科,汇总不一致-总价,妇产科,,总价,110.0,88.0,8,8,
5月,妇产科低温,多余行,妇产科张长青常备超声刀线-3件Z2030,1602645,整行,,1.0/66.0/66.0,,9,
5月,妇产科低温,多余行,气腹管1单极线1/Z3045,1602645,整行,,1.0/44.0/44.0,,10,
5月,妇产科低温,多余行,外妇通用光源线-1/Z2545,1602645,整行,,1.0/30.0/30.0,,11,
5月,妇产科低温,多余行,举宫杯器械-8件/W1205060,1602645,整行,,1.0/154.0/154.0,,12,
5月,妇产科低温,多余行,镜头-腹腔镜30°-1/W9050,1602645,整行,,1.0/35.0/35.0,,13,
5月,妇产科低温,多余行,妇科腔镜-17（铁帽3胶帽7）,1602666,整行,,1.0/300.0/300.0,,14,
5月,妇产科低温,多余行,气腹管1单极线1/Z3045,1605062,整行,,1.0/44.0/44.0,,15,
5月,妇产科低温,多余行,外妇通用光源线-1/Z2545,1605062,整行,,1.0/30.0/30.0,,16,
5月,妇产科低温,多余行,外腹镜(一)13件(铁帽4胶帽2),1605062,整行,,1.0/231.0/231.0,,17,
5月,妇产科低温,多余行,镜头-腹腔镜30°-1/W9050,1605062,整行,,1.0/35.0/35.0,,18,
5月,妇产科低温,多余行,外腹镜戳卡-10件/W1205060,1605062,整行,,1.0/165.0/165.0,,19,
5月,妇产科低温,多余行,妇科腔镜-17（铁帽3胶帽7）,1605095,整行,,1.0/300.0/300.0,,20,
5月,胸外低温,多余行,胸外盖冠男电钩2线1/Z2050,1602297,整行,,1.0/66.0/66.0,,9,
5月,胸外低温,多余行,胸外镜头-1（盒1）W905060,1602297,整行,,1.0/35.0/35.0,,10,
5月,胸外低温,多余行,安速康超声刀手柄1线1/Z2530,1602350,整行,,1.0/44.0/44.0,,11,
5月,胸外低温,多余行,胸外软镜-2件（盒1）/W15050,1602384,整行,,1.0/300.0/300.0,,12,
5月,胸外低温,多余行,胸外盖冠男电钩2线1/Z2050,1603776,整行,,1.0/66.0/66.0,,13,
5月,胸外低温,多余行,胸外镜头-1（盒1）W905060,1603776,整行,,1.0/35.0/35.0,,14,
5月,胸外低温,多余行,安速康超声刀手柄1线1/Z2530,1604108,整行,,1.0/44.0/44.0,,15,
5月,胸外低温,多余行,胸外电钩线-1件/Z2030,1604108,整行,,1.0/28.0/28.0,,16,
5月,胸外低温,多余行,胸外盖冠男电钩2线1/Z2050,1604108,整行,,1.0/66.0/66.0,,17,
5月,胸外低温,多余行,胸外光源线-1件/Z2530,1604108,整行,,1.0/30.0/30.0,,18,
5月,胸外低温,多余行,胸外镜头-1（盒1）W905060,1604108,整行,,1.0/35.0/35.0,,19,
5月,胸外低温,多余行,胸外盖冠男电钩2线1/Z2050,1606169,整行,,1.0/66.0/66.0,,20,
5月,胸外低温,多余行,胸外光源线-1件/Z2530,1606169,整行,,1.0/30.0/30.0,,21,
5月,胸外低温,多余行,胸外镜头-1（盒1）W905060,1606169,整行,,1.0/35.0/35.0,,22,
5月,胸外低温,多余行,安速康超声刀手柄1线1/Z2530,1608407,整行,,1.0/44.0/44.0,,23,
5月,胸外低温,多余行,胸外盖冠男电钩2线1/Z2050,1608407,整行,,1.0/66.0/66.0,,24,
5月,胸外低温,多余行,胸外镜头-1（盒1）/W906050,1608407,整行,,1.0/35.0/35.0,,25,
5月,胸外低温,多余行,胸外镜头-1（盒1）/W906050,1609734,整行,,1.0/35.0/35.0,,26,
5月,胸外低温,多余行,外科内镜30度-1/W9050,1609985,整行,,1.0/35.0/35.0,,27,
5月,胸外低温,多余行,外妇通用光源线-1/Z2545,1610097,整行,,1.0/30.0/30.0,,28,
5月,胸外低温,多余行,外科内镜30度-1/W9050,1610097,整行,,1.0/35.0/35.0,,29,
5月,胸外低温,多余行,胸外镜头-1（盒1）/W906050,1610097,整行,,1.0/35.0/35.0,,30,
5月,骨一（一）低温,多余行,475机器人-7件（带盒8件）,1603402,整行,,1.0/132.0/132.0,,9,
5月,骨一（一）低温,多余行,动力转换器-1/Z1526,1603516,整行,,1.0/25.0/25.0,,10,
5月,骨一（一）低温,多余行,史赛克无线摆锯-4/Z2030,1604682,整行,,1.0/88.0/88.0,,11,
5月,骨一（一）低温,多余行,373机器人-7件（带盒8件）,1608898,整行,,1.0/132.0/132.0,,12,
5月,骨七低温,多余行,218机器人-7件（带盒8件）,1606765,整行,,1.0/132.0/132.0,,9,
5月,骨七低温,多余行,475机器人-7件（带盒8件）,1608794,整行,,1.0/132.0/132.0,,10,
5月,骨三低温,多余行,218机器人-7件（带盒8件）,1605496,整行,,1.0/132.0/132.0,,9,
5月,骨三低温,多余行,218机器人-7件（带盒8件）,1607246,整行,,1.0/132.0/132.0,,10,
5月,骨三低温,多余行,218机器人-7件（带盒8件）,1608492,整行,,1.0/132.0/132.0,,11,
5月,骨九低温,多余行,刨刀线-膝关节-旧1/Z2545,1601577,整行,,1.0/44.0/44.0,,9,
5月,骨九低温,多余行,史赛克无线摆锯-4/Z2030,1601577,整行,,1.0/88.0/88.0,,10,
5月,骨九低温,多余行,新史赛克手控加件-1,1601577,整行,,1.0/22.0/22.0,,11,
5月,骨九低温,多余行,218机器人-7件（带盒8件）,1601577,整行,,1.0/132.0/132.0,,12,
5月,骨九低温,多余行,373机器人-7件（带盒8件）,1601577,整行,,1.0/132.0/132.0,,13,
5月,骨九低温,多余行,DMD3号镜头3件/W705060,1601577,整行,,1.0/66.0/66.0,,14,
5月,骨九低温,多余行,DMD光源3号-1/W905060,1601577,整行,,1.0/35.0/35.0,,15,
5月,骨九低温,多余行,DMD光源1号-1/W905060,1601690,整行,,1.0/35.0/35.0,,16,
5月,骨九低温,多余行,DMD刨刀-1/Z2550,1601690,整行,,1.0/30.0/30.0,,17,
5月,骨九低温,多余行,德美4号刨刀-1/Z2035,1601690,整行,,1.0/30.0/30.0,,18,
5月,骨九低温,多余行,475机器人-7件（带盒8件）,1601690,整行,,1.0/132.0/132.0,,19,
5月,骨九低温,多余行,德美4K光源（3号）-1/W905060,1601690,整行,,1.0/35.0/35.0,,20,
5月,骨九低温,多余行,德美新2镜头-1件/W605060,1601690,整行,,1.0/35.0/35.0,,21,
5月,骨九低温,多余行,DMD2号镜头3件/W705060,1601712,整行,,1.0/66.0/66.0,,22,
5月,骨九低温,多余行,218机器人-7件（带盒8件）,1601732,整行,,1.0/132.0/132.0,,23,
5月,骨九低温,多余行,史赛克无线摆锯-4/Z2030,1601861,整行,,1.0/88.0/88.0,,24,
5月,骨九低温,多余行,德美4K光源（2号）-1/W905060,1601967,整行,,1.0/35.0/35.0,,25,
5月,骨九低温,多余行,德美新2镜头-1件/W605060,1601967,整行,,1.0/35.0/35.0,,26,
5月,骨九低温,多余行,德美新1镜头-1件（盒1）,1602017,整行,,1.0/35.0/35.0,,27,
5月,骨九低温,多余行,德美4K光源（3号）-1/W905060,1602017,整行,,1.0/35.0/35.0,,28,
5月,骨九低温,多余行,刨刀线-膝关节-旧1/Z2545,1602097,整行,,1.0/44.0/44.0,,29,
5月,骨九低温,多余行,DMD2号镜头3件/W705060,1602097,整行,,1.0/66.0/66.0,,30,
5月,骨九低温,多余行,DMD光源3号-1/W905060,1602097,整行,,1.0/35.0/35.0,,31,
5月,骨九低温,多余行,DMD3号镜头3件/W705060,1602297,整行,,1.0/66.0/66.0,,32,
5月,骨九低温,多余行,德美4K光源（3号）-1/W905060,1602297,整行,,1.0/35.0/35.0,,33,
5月,骨九低温,多余行,德美新3镜头-1件/W605060,1602297,整行,,1.0/35.0/35.0,,34,
5月,骨九低温,多余行,DMD刨刀-1/Z2550,1602384,整行,,1.0/30.0/30.0,,35,
5月,骨九低温,多余行,DMD光源2号-1（带盒）,1602482,整行,,1.0/35.0/35.0,,36,
5月,骨九低温,多余行,旧2刨刀-1/Z3040,1602642,整行,,1.0/35.0/35.0,,37,
5月,骨九低温,多余行,刨刀-房玉立/Z2545,1602642,整行,,1.0/30.0/30.0,,38,
5月,骨九低温,多余行,DMD1号镜头3件（盒1）/W705060,1602642,整行,,1.0/66.0/66.0,,39,
5月,骨九低温,多余行,AR新3镜头-3件 盒1/W605060,1602642,整行,,1.0/66.0/66.0,,40,
5月,骨九低温,多余行,DMD光源3号-1/W905060,1602642,整行,,1.0/35.0/35.0,,41,
5月,骨九低温,多余行,新3光源-1（带盒两件）/W12050,1602642,整行,,1.0/35.0/35.0,,42,
5月,骨九低温,多余行,DMD刨刀-1/Z2550,1602798,整行,,1.0/30.0/30.0,,43,
5月,骨九低温,多余行,DMD5号镜头-3件,1602798,整行,,1.0/66.0/66.0,,44,
5月,骨九低温,多余行,DMD光源3号-1/W905060,1602798,整行,,1.0/35.0/35.0,,45,
5月,骨九低温,多余行,旧2刨刀-1/Z3040,1603011,整行,,1.0/35.0/35.0,,46,
5月,骨九低温,多余行,DMD光源2号-1（带盒）,1603011,整行,,1.0/35.0/35.0,,47,
5月,骨九低温,多余行,DMD2号镜头3件/W705060,1603011,整行,,1.0/66.0/66.0,,48,
5月,骨九低温,多余行,DMD6号水管-2件/W505060,1603207,整行,,1.0/44.0/44.0,,49,
5月,骨九低温,多余行,DMD光源1号-1/W905060,1603207,整行,,1.0/35.0/35.0,,50,
5月,骨九低温,多余行,DMD刨刀-1/Z2550,1603207,整行,,1.0/30.0/30.0,,51,
5月,骨九低温,多余行,DMD6号镜头-1件,1603207,整行,,1.0/35.0/35.0,,52,
5月,骨九低温,多余行,德美新1镜头-1件（盒1）,1603207,整行,,1.0/35.0/35.0,,53,
5月,骨九低温,多余行,德美4K光源（1号）-1/W905060,1603207,整行,,1.0/35.0/35.0,,54,
5月,骨九低温,多余行,德美4K光源（2号）-1/W905060,1603207,整行,,1.0/35.0/35.0,,55,
5月,骨九低温,多余行,德美新3镜头-1件/W605060,1603207,整行,,1.0/35.0/35.0,,56,
5月,骨九低温,多余行,475机器人-7件（带盒8件）,1603568,整行,,1.0/132.0/132.0,,57,
5月,骨九低温,多余行,DMD光源1号-1/W905060,1604014,整行,,1.0/35.0/35.0,,58,
5月,骨九低温,多余行,刨刀线-膝关节-旧1/Z2545,1604014,整行,,1.0/44.0/44.0,,59,
5月,骨九低温,多余行,DMD2号镜头3件/W705060,1604014,整行,,1.0/66.0/66.0,,60,
5月,骨九低温,多余行,DMD刨刀-1/Z2550,1604036,整行,,1.0/30.0/30.0,,61,
5月,骨九低温,多余行,鞠超杰-肩钩-5件/Z1030,1604036,整行,,1.0/88.0/88.0,,62,
5月,骨九低温,多余行,DMD3号镜头3件/W705060,1604036,整行,,1.0/66.0/66.0,,63,
5月,骨九低温,多余行,DMD光源3号-1/W905060,1604036,整行,,1.0/35.0/35.0,,64,
5月,骨九低温,多余行,DMD刨刀-1/Z2550,1604468,整行,,1.0/30.0/30.0,,65,
5月,骨九低温,多余行,373机器人-7件（带盒8件）,1604468,整行,,1.0/132.0/132.0,,66,
5月,骨九低温,多余行,DMD1号镜头3件（盒1）/W705060,1604468,整行,,1.0/66.0/66.0,,67,
5月,骨九低温,多余行,DMD光源4号-1/W905060,1604468,整行,,1.0/35.0/35.0,,68,
5月,骨九低温,多余行,475机器人-7件（带盒8件）,1604476,整行,,1.0/132.0/132.0,,69,
5月,骨九低温,多余行,218机器人-7件（带盒8件）,1604678,整行,,1.0/132.0/132.0,,70,
5月,骨九低温,多余行,373机器人-7件（带盒8件）,1604678,整行,,1.0/132.0/132.0,,71,
5月,骨九低温,多余行,475机器人-7件（带盒8件）,1604678,整行,,1.0/132.0/132.0,,72,
5月,骨九低温,多余行,德美新1镜头-1件（盒1）,1605062,整行,,1.0/35.0/35.0,,73,
5月,骨九低温,多余行,德美4K光源（3号）-1/W905060,1605062,整行,,1.0/35.0/35.0,,74,
5月,骨九低温,多余行,德美4K光源（2号）-1/W905060,1605140,整行,,1.0/35.0/35.0,,75,
5月,骨九低温,多余行,德美新2镜头-1件/W605060,1605140,整行,,1.0/35.0/35.0,,76,
5月,骨九低温,多余行,德美新1镜头-1件（盒1）,1605244,整行,,1.0/35.0/35.0,,77,
5月,骨九低温,多余行,德美4K光源（1号）-1/W905060,1605244,整行,,1.0/35.0/35.0,,78,
5月,骨九低温,多余行,德美4K镜头（3号）-3/W705060,1605244,整行,,1.0/66.0/66.0,,79,
5月,骨九低温,多余行,德美4K光源（4号）-1/Z2550,1605452,整行,,1.0/30.0/30.0,,80,
5月,骨九低温,多余行,德美4号刨刀-1/Z2035,1605452,整行,,1.0/30.0/30.0,,81,
5月,骨九低温,多余行,德美4K光源（2号）-1/W905060,1605452,整行,,1.0/35.0/35.0,,82,
5月,骨九低温,多余行,德美4K光源（3号）-1/W905060,1605452,整行,,1.0/35.0/35.0,,83,
5月,骨九低温,多余行,德美4K镜头（2号）-4/W705060,1605452,整行,,1.0/88.0/88.0,,84,
5月,骨九低温,多余行,德美4K镜头（3号）-3/W705060,1605452,整行,,1.0/66.0/66.0,,85,
5月,骨九低温,多余行,德美新2镜头-1件/W605060,1605452,整行,,1.0/35.0/35.0,,86,
5月,骨九低温,多余行,DMD光源1号-1/W905060,1605496,整行,,1.0/35.0/35.0,,87,
5月,骨九低温,多余行,旧2刨刀-1/Z3040,1605496,整行,,1.0/35.0/35.0,,88,
5月,骨九低温,多余行,DMD1号镜头3件（盒1）/W705060,1605496,整行,,1.0/66.0/66.0,,89,
5月,骨九低温,多余行,刨刀-房玉立/Z2545,1605616,整行,,1.0/30.0/30.0,,90,
5月,骨九低温,多余行,DMD5号镜头-3件,1605616,整行,,1.0/66.0/66.0,,91,
5月,骨九低温,多余行,DMD光源2号-1（带盒）,1605616,整行,,1.0/35.0/35.0,,92,
5月,骨九低温,多余行,DMD光源1号-1/W905060,1606169,整行,,1.0/35.0/35.0,,93,
5月,骨九低温,多余行,DMD刨刀-1/Z2550,1606169,整行,,1.0/30.0/30.0,,94,
5月,骨九低温,多余行,DMD3号镜头3件/W705060,1606169,整行,,1.0/66.0/66.0,,95,
5月,骨九低温,多余行,475机器人-7件（带盒8件）,1606373,整行,,1.0/132.0/132.0,,96,
5月,骨九低温,多余行,德美4K光源（2号）-1/W905060,1606473,整行,,1.0/35.0/35.0,,97,
5月,骨九低温,多余行,德美4K镜头（3号）-3/W705060,1606473,整行,,1.0/66.0/66.0,,98,
5月,骨九低温,多余行,德美4K光源（2号）-1/W905060,1606831,整行,,1.0/35.0/35.0,,99,
5月,骨九低温,多余行,德美4K镜头（3号）-3/W705060,1606831,整行,,1.0/66.0/66.0,,100,
5月,骨九低温,多余行,德美新1镜头-1件（盒1）,1606861,整行,,1.0/35.0/35.0,,101,
5月,骨九低温,多余行,新3光源-1（带盒两件）/W12050,1606861,整行,,1.0/35.0/35.0,,102,
5月,骨九低温,多余行,地吸-1/Z2545,1606919,整行,,1.0/30.0/30.0,,103,
5月,骨九低温,多余行,373机器人-7件（带盒8件）,1607105,整行,,1.0/132.0/132.0,,104,
5月,骨九低温,多余行,DMD光源1号-1/W905060,1607246,整行,,1.0/35.0/35.0,,105,
5月,骨九低温,多余行,DMD刨刀-1/Z2550,1607246,整行,,1.0/30.0/30.0,,106,
5月,骨九低温,多余行,DMD3号镜头3件/W705060,1607246,整行,,1.0/66.0/66.0,,107,
5月,骨九低温,多余行,德美4K光源（2号）-1/W905060,1607496,整行,,1.0/35.0/35.0,,108,
5月,骨九低温,多余行,德美4K镜头（3号）-3/W705060,1607496,整行,,1.0/66.0/66.0,,109,
5月,骨九低温,多余行,DMD光源1号-1/W905060,1608112,整行,,1.0/35.0/35.0,,110,
5月,骨九低温,多余行,DMD刨刀-1/Z2550,1608112,整行,,1.0/30.0/30.0,,111,
5月,骨九低温,多余行,DMD5号镜头-3件,1608112,整行,,1.0/66.0/66.0,,112,
5月,骨九低温,多余行,DMD光源1号-1/W905060,1608407,整行,,1.0/35.0/35.0,,113,
5月,骨九低温,多余行,373机器人-7件（带盒8件）,1608407,整行,,1.0/132.0/132.0,,114,
5月,骨九低温,多余行,DMD5号镜头-3件,1608407,整行,,1.0/66.0/66.0,,115,
5月,骨九低温,多余行,德美4K光源（2号）-1/W905060,1608491,整行,,1.0/35.0/35.0,,116,
5月,骨九低温,多余行,德美新2镜头-1件/W605060,1608491,整行,,1.0/35.0/35.0,,117,
5月,骨九低温,多余行,0103机器人（低温）-5件盒1,1608492,整行,,1.0/88.0/88.0,,118,
5月,骨九低温,多余行,0138机器人（低温）-5件盒1,1608492,整行,,1.0/88.0/88.0,,119,
5月,骨九低温,多余行,373机器人-7件（带盒8件）,1608582,整行,,1.0/132.0/132.0,,120,
5月,骨九低温,多余行,218机器人-7件（带盒8件）,1608793,整行,,1.0/132.0/132.0,,121,
5月,骨九低温,多余行,德美4K光源（3号）-1/W905060,1608794,整行,,1.0/35.0/35.0,,122,
5月,骨九低温,多余行,德美新2镜头-1件/W605060,1608794,整行,,1.0/35.0/35.0,,123,
5月,骨九低温,多余行,骨九史铁成0161低温-4件盒1,1608884,整行,,1.0/88.0/88.0,,124,
5月,骨九低温,多余行,德美新1镜头-1件（盒1）,1608917,整行,,1.0/35.0/35.0,,125,
5月,骨九低温,多余行,德美4K光源（3号）-1/W905060,1608917,整行,,1.0/35.0/35.0,,126,
5月,骨九低温,多余行,德美4K光源（1号）-1/W905060,1609267,整行,,1.0/35.0/35.0,,127,
5月,骨九低温,多余行,德美4K镜头（3号）-3/W705060,1609267,整行,,1.0/66.0/66.0,,128,
5月,骨九低温,多余行,0103机器人（低温）-5件盒1,1609297,整行,,1.0/88.0/88.0,,129,
5月,骨九低温,多余行,德美新1镜头-1件（盒1）,1609297,整行,,1.0/35.0/35.0,,130,
5月,骨九低温,多余行,德美4K光源（2号）-1/W905060,1609297,整行,,1.0/35.0/35.0,,131,
5月,骨九低温,多余行,新1光源-1（带盒两件）/W12050,1609297,整行,,1.0/35.0/35.0,,132,
5月,骨九低温,多余行,德美4K光源（4号）-1/Z2550,1609561,整行,,1.0/30.0/30.0,,133,
5月,骨九低温,多余行,德美新2镜头-1件/W605060,1609561,整行,,1.0/35.0/35.0,,134,
5月,骨九低温,多余行,旧2刨刀-1/Z3040,1609610,整行,,1.0/35.0/35.0,,135,
5月,骨九低温,多余行,DMD1号镜头3件（盒1）/W705060,1609610,整行,,1.0/66.0/66.0,,136,
5月,骨九低温,多余行,DMD光源3号-1/W905060,1609610,整行,,1.0/35.0/35.0,,137,
5月,骨九低温,多余行,DMD光源1号-1/W905060,1609672,整行,,1.0/35.0/35.0,,138,
5月,骨九低温,多余行,刨刀-房玉立/Z2545,1609672,整行,,1.0/30.0/30.0,,139,
5月,骨九低温,多余行,DMD3号镜头3件/W705060,1609672,整行,,1.0/66.0/66.0,,140,
5月,骨九低温,多余行,髋关节器械-10件,1609734,整行,,1.0/165.0/165.0,,141,
5月,骨九低温,多余行,373机器人-7件（带盒8件）,1609985,整行,,1.0/132.0/132.0,,142,
5月,骨九低温,多余行,475机器人-7件（带盒8件）,1609985,整行,,1.0/132.0/132.0,,143,
5月,骨九低温,多余行,德美新1镜头-1件（盒1）,1610241,整行,,1.0/35.0/35.0,,144,
5月,骨九低温,多余行,德美4K光源（2号）-1/W905060,1610241,整行,,1.0/35.0/35.0,,145,
5月,骨九低温,多余行,DMD刨刀-1/Z2550,1610323,整行,,1.0/30.0/30.0,,146,
5月,骨九低温,多余行,DMD光源2号-1（带盒）,1610323,整行,,1.0/35.0/35.0,,147,
5月,骨九低温,多余行,DMD3号镜头3件/W705060,1610323,整行,,1.0/66.0/66.0,,148,
5月,骨九低温,多余行,德美4K光源（1号）-1/W905060,1610323,整行,,1.0/35.0/35.0,,149,
5月,骨九低温,多余行,德美4K镜头（3号）-3/W705060,1610323,整行,,1.0/66.0/66.0,,150,
5月,骨二低温,多余行,218机器人-7件（带盒8件）,1602097,整行,,1.0/132.0/132.0,,9,
5月,骨二低温,多余行,史赛克无线摆锯-4/Z2030,1603516,整行,,1.0/88.0/88.0,,10,
5月,骨二低温,多余行,475机器人-7件（带盒8件）,1604845,整行,,1.0/132.0/132.0,,11,
5月,骨二低温,多余行,373机器人-7件（带盒8件）,1606566,整行,,1.0/132.0/132.0,,12,
5月,骨二低温,多余行,475机器人-7件（带盒8件）,1606765,整行,,1.0/132.0/132.0,,13,
5月,骨二低温,多余行,新史赛克手控加件-1,1608151,整行,,1.0/22.0/22.0,,14,
5月,骨二低温,多余行,新史赛克手控加件-1,1610323,整行,,1.0/22.0/22.0,,15,
5月,骨五低温,多余行,213机器人-8件（带盒9件）,1604036,整行,,1.0/154.0/154.0,,9,
5月,骨五低温,多余行,373机器人-7件（带盒8件）,1605616,整行,,1.0/132.0/132.0,,10,
5月,骨五低温,多余行,机器人器械-2件,1605827,整行,,1.0/44.0/44.0,,11,
5月,骨五低温,多余行,348机器人-8件（带盒9件）,1605827,整行,,1.0/154.0/154.0,,12,
5月,骨五低温,多余行,机器人器械-2件,1607499,整行,,1.0/44.0/44.0,,13,
5月,骨五低温,多余行,213机器人-8件（带盒9件）,1607499,整行,,1.0/154.0/154.0,,14,
5月,骨八低温,多余行,218机器人-7件（带盒8件）,1603516,整行,,1.0/132.0/132.0,,9,
5月,骨八低温,多余行,218机器人-7件（带盒8件）,1604036,整行,,1.0/132.0/132.0,,10,
5月,骨八低温,多余行,373机器人-7件（带盒8件）,1604108,整行,,1.0/132.0/132.0,,11,
5月,骨八低温,多余行,373机器人-7件（带盒8件）,1605217,整行,,1.0/132.0/132.0,,12,
5月,骨八低温,多余行,218机器人-7件（带盒8件）,1605243,整行,,1.0/132.0/132.0,,13,
5月,骨八低温,多余行,475机器人-7件（带盒8件）,1605827,整行,,1.0/132.0/132.0,,14,
5月,骨八低温,多余行,373机器人-7件（带盒8件）,1606373,整行,,1.0/132.0/132.0,,15,
5月,骨八低温,多余行,218机器人-7件（带盒8件）,1606430,整行,,1.0/132.0/132.0,,16,
5月,骨八低温,多余行,创伤161机器人-4件（带盒5件）,1607105,整行,,1.0/88.0/88.0,,17,
5月,骨八低温,多余行,475机器人-7件（带盒8件）,1607175,整行,,1.0/132.0/132.0,,18,
5月,骨八低温,多余行,218机器人-7件（带盒8件）,1607662,整行,,1.0/132.0/132.0,,19,
5月,骨八低温,多余行,373机器人-7件（带盒8件）,1608011,整行,,1.0/132.0/132.0,,20,
5月,骨八低温,多余行,218机器人-7件（带盒8件）,1608112,整行,,1.0/132.0/132.0,,21,
5月,骨八低温,多余行,475机器人-7件（带盒8件）,1608151,整行,,1.0/132.0/132.0,,22,
5月,骨八低温,多余行,475机器人-7件（带盒8件）,1608517,整行,,1.0/132.0/132.0,,23,
5月,骨八低温,多余行,创伤2号机器人-4件（盒1）,1609563,整行,,1.0/88.0/88.0,,24,
5月,骨八低温,多余行,创伤1号机器人-4件（盒1）,1609644,整行,,1.0/88.0/88.0,,25,
5月,骨八低温,多余行,218机器人-7件（带盒8件）,1610142,整行,,1.0/132.0/132.0,,26,
5月,骨八低温,多余行,373机器人-7件（带盒8件）,1610323,整行,,1.0/132.0/132.0,,27,
5月,骨八低温,多余行,475机器人-7件（带盒8件）,1610323,整行,,1.0/132.0/132.0,,28,
5月,骨六低温,多余行,旧2刨刀-1/Z3040,1601577,整行,,1.0/35.0/35.0,,9,
5月,骨六低温,多余行,AR房玉立新镜头1盒1,1601577,整行,,1.0/35.0/35.0,,10,
5月,骨六低温,多余行,新3光源-1（带盒两件）/W12050,1601577,整行,,1.0/35.0/35.0,,11,
5月,骨六低温,多余行,旧2刨刀-1/Z3040,1601732,整行,,1.0/35.0/35.0,,12,
5月,骨六低温,多余行,DMD刨刀-1/Z2550,1601861,整行,,1.0/30.0/30.0,,13,
5月,骨六低温,多余行,刨刀-房玉立/Z2545,1601861,整行,,1.0/30.0/30.0,,14,
5月,骨六低温,多余行,新史赛克手控加件-1,1601861,整行,,1.0/22.0/22.0,,15,
5月,骨六低温,多余行,DMD1号镜头3件（盒1）/W705060,1601861,整行,,1.0/66.0/66.0,,16,
5月,骨六低温,多余行,新5光源-1件（盒1）/W905060,1601861,整行,,1.0/35.0/35.0,,17,
5月,骨六低温,多余行,AR新3镜头-3件 盒1/W605060,1601861,整行,,1.0/66.0/66.0,,18,
5月,骨六低温,多余行,DMD3号镜头3件/W705060,1601861,整行,,1.0/66.0/66.0,,19,
5月,骨六低温,多余行,新1光源-1（带盒两件）/W12050,1601861,整行,,1.0/35.0/35.0,,20,
5月,骨六低温,多余行,新4光源-1（带盒两件）/W12050,1601861,整行,,1.0/35.0/35.0,,21,
5月,骨六低温,多余行,新4刨刀-1件/Z2550,1601967,整行,,1.0/30.0/30.0,,22,
5月,骨六低温,多余行,DMD2号镜头3件/W705060,1601967,整行,,1.0/66.0/66.0,,23,
5月,骨六低温,多余行,新4光源-1（带盒两件）/W12050,1601967,整行,,1.0/35.0/35.0,,24,
5月,骨六低温,多余行,DMD光源1号-1/W905060,1602017,整行,,1.0/35.0/35.0,,25,
5月,骨六低温,多余行,刨刀-房玉立/Z2545,1602017,整行,,1.0/30.0/30.0,,26,
5月,骨六低温,多余行,AR新3镜头-3件 盒1/W605060,1602017,整行,,1.0/66.0/66.0,,27,
5月,骨六低温,多余行,DMD刨刀-1/Z2550,1602080,整行,,1.0/30.0/30.0,,28,
5月,骨六低温,多余行,新4刨刀-1/Z2545,1602080,整行,,1.0/30.0/30.0,,29,
5月,骨六低温,多余行,373机器人-7件（带盒8件）,1602080,整行,,1.0/132.0/132.0,,30,
5月,骨六低温,多余行,DMD5号镜头-3件,1602080,整行,,1.0/66.0/66.0,,31,
5月,骨六低温,多余行,DMD光源2号-1（带盒）,1602080,整行,,1.0/35.0/35.0,,32,
5月,骨六低温,多余行,DMD4号镜头3件/W705060,1602080,整行,,1.0/66.0/66.0,,33,
5月,骨六低温,多余行,新1光源-1（带盒两件）/W12050,1602080,整行,,1.0/35.0/35.0,,34,
5月,骨六低温,多余行,新3刨刀-1件/Z2550,1602097,整行,,1.0/30.0/30.0,,35,
5月,骨六低温,多余行,DMD1号镜头3件（盒1）/W705060,1602097,整行,,1.0/66.0/66.0,,36,
5月,骨六低温,多余行,新3光源-1（带盒两件）/W12050,1602097,整行,,1.0/35.0/35.0,,37,
5月,骨六低温,多余行,刨刀-房玉立/Z2545,1602297,整行,,1.0/30.0/30.0,,38,
5月,骨六低温,多余行,新4光源-1（带盒两件）/W12050,1602297,整行,,1.0/35.0/35.0,,39,
5月,骨六低温,多余行,新史赛克手控加件-1,1602642,整行,,1.0/22.0/22.0,,40,
5月,骨六低温,多余行,刨刀-房玉立/Z2545,1602798,整行,,1.0/30.0/30.0,,41,
5月,骨六低温,多余行,DMD1号镜头3件（盒1）/W705060,1602798,整行,,1.0/66.0/66.0,,42,
5月,骨六低温,多余行,新3光源-1（带盒两件）/W12050,1602798,整行,,1.0/35.0/35.0,,43,
5月,骨六低温,多余行,刨刀-房玉立/Z2545,1603076,整行,,1.0/30.0/30.0,,44,
5月,骨六低温,多余行,刨刀线-膝关节-旧1/Z2545,1603076,整行,,1.0/44.0/44.0,,45,
5月,骨六低温,多余行,AR新3镜头-3件 盒1/W605060,1603076,整行,,1.0/66.0/66.0,,46,
5月,骨六低温,多余行,DMD3号镜头3件/W705060,1603076,整行,,1.0/66.0/66.0,,47,
5月,骨六低温,多余行,新1光源-1（带盒两件）/W12050,1603076,整行,,1.0/35.0/35.0,,48,
5月,骨六低温,多余行,新4光源-1（带盒两件）/W12050,1603076,整行,,1.0/35.0/35.0,,49,
5月,骨六低温,多余行,旧2刨刀-1/Z3040,1603207,整行,,1.0/35.0/35.0,,50,
5月,骨六低温,多余行,史赛克无线摆锯-4/Z2030,1603207,整行,,1.0/88.0/88.0,,51,
5月,骨六低温,多余行,AR新3镜头-3件 盒1/W605060,1603207,整行,,1.0/66.0/66.0,,52,
5月,骨六低温,多余行,新3光源-1（带盒两件）/W12050,1603207,整行,,1.0/35.0/35.0,,53,
5月,骨六低温,多余行,373机器人-7件（带盒8件）,1603402,整行,,1.0/132.0/132.0,,54,
5月,骨六低温,多余行,刨刀-房玉立/Z2545,1603464,整行,,1.0/30.0/30.0,,55,
5月,骨六低温,多余行,DMD2号镜头3件/W705060,1603464,整行,,1.0/66.0/66.0,,56,
5月,骨六低温,多余行,DMD3号镜头3件/W705060,1603464,整行,,1.0/66.0/66.0,,57,
5月,骨六低温,多余行,新1光源-1（带盒两件）/W12050,1603464,整行,,1.0/35.0/35.0,,58,
5月,骨六低温,多余行,旧2刨刀-1/Z3040,1603910,整行,,1.0/35.0/35.0,,59,
5月,骨六低温,多余行,刨刀-房玉立/Z2545,1603910,整行,,1.0/30.0/30.0,,60,
5月,骨六低温,多余行,AR新3镜头-3件 盒1/W605060,1603910,整行,,1.0/66.0/66.0,,61,
5月,骨六低温,多余行,新4光源-1（带盒两件）/W12050,1603910,整行,,1.0/35.0/35.0,,62,
5月,骨六低温,多余行,刨刀-房玉立/Z2545,1604409,整行,,1.0/30.0/30.0,,63,
5月,骨六低温,多余行,AR新3镜头-3件 盒1/W605060,1604409,整行,,1.0/66.0/66.0,,64,
5月,骨六低温,多余行,新3光源-1（带盒两件）/W12050,1604409,整行,,1.0/35.0/35.0,,65,
5月,骨六低温,多余行,新史赛克手控加件-1,1604808,整行,,1.0/22.0/22.0,,66,
5月,骨六低温,多余行,李娜刨刀/Z2550,1605059,整行,,2.0/30.0/60.0,,67,
5月,骨六低温,多余行,DMD6号水管-2件/W505060,1605095,整行,,1.0/44.0/44.0,,68,
5月,骨六低温,多余行,DMD光源1号-1/W905060,1605095,整行,,1.0/35.0/35.0,,69,
5月,骨六低温,多余行,DMD刨刀-1/Z2550,1605095,整行,,1.0/30.0/30.0,,70,
5月,骨六低温,多余行,新4刨刀-1件/Z2550,1605095,整行,,1.0/30.0/30.0,,71,
5月,骨六低温,多余行,DMD6号镜头-1件,1605095,整行,,1.0/35.0/35.0,,72,
5月,骨六低温,多余行,新5光源-1件（盒1）/W905060,1605095,整行,,1.0/35.0/35.0,,73,
5月,骨六低温,多余行,AR新3镜头-3件 盒1/W605060,1605095,整行,,1.0/66.0/66.0,,74,
5月,骨六低温,多余行,新3刨刀-1件/Z2550,1605140,整行,,1.0/30.0/30.0,,75,
5月,骨六低温,多余行,DMD2号镜头3件/W705060,1605140,整行,,1.0/66.0/66.0,,76,
5月,骨六低温,多余行,新4光源-1（带盒两件）/W12050,1605140,整行,,1.0/35.0/35.0,,77,
5月,骨六低温,多余行,刨刀-房玉立/Z2545,1605162,整行,,1.0/30.0/30.0,,78,
5月,骨六低温,多余行,DMD5号镜头-3件,1605162,整行,,1.0/66.0/66.0,,79,
5月,骨六低温,多余行,DMD光源2号-1（带盒）,1605162,整行,,1.0/35.0/35.0,,80,
5月,骨六低温,多余行,新4刨刀-1/Z2545,1605217,整行,,1.0/30.0/30.0,,81,
5月,骨六低温,多余行,DMD1号镜头3件（盒1）/W705060,1605217,整行,,1.0/66.0/66.0,,82,
5月,骨六低温,多余行,新1光源-1（带盒两件）/W12050,1605217,整行,,1.0/35.0/35.0,,83,
5月,骨六低温,多余行,DMD3号镜头3件/W705060,1605243,整行,,1.0/66.0/66.0,,84,
5月,骨六低温,多余行,DMD光源3号-1/W905060,1605243,整行,,1.0/35.0/35.0,,85,
5月,骨六低温,多余行,DMD6号水管-2件/W505060,1605244,整行,,1.0/44.0/44.0,,86,
5月,骨六低温,多余行,刨刀线-膝关节-旧1/Z2545,1605244,整行,,1.0/44.0/44.0,,87,
5月,骨六低温,多余行,新4刨刀-1/Z2545,1605244,整行,,1.0/30.0/30.0,,88,
5月,骨六低温,多余行,DMD6号镜头-1件,1605244,整行,,1.0/35.0/35.0,,89,
5月,骨六低温,多余行,新5光源-1件（盒1）/W905060,1605244,整行,,1.0/35.0/35.0,,90,
5月,骨六低温,多余行,DMD2号镜头3件/W705060,1605244,整行,,1.0/66.0/66.0,,91,
5月,骨六低温,多余行,DMD光源4号-1/W905060,1605244,整行,,1.0/35.0/35.0,,92,
5月,骨六低温,多余行,新1 刨刀-1件/Z2545,1605452,整行,,1.0/30.0/30.0,,93,
5月,骨六低温,多余行,AR新3镜头-3件 盒1/W605060,1605452,整行,,1.0/66.0/66.0,,94,
5月,骨六低温,多余行,新3光源-1（带盒两件）/W12050,1605452,整行,,1.0/35.0/35.0,,95,
5月,骨六低温,多余行,DMD刨刀-1/Z2550,1605496,整行,,1.0/30.0/30.0,,96,
5月,骨六低温,多余行,DMD2号镜头3件/W705060,1605496,整行,,1.0/66.0/66.0,,97,
5月,骨六低温,多余行,DMD光源4号-1/W905060,1605496,整行,,1.0/35.0/35.0,,98,
5月,骨六低温,多余行,刨刀-房玉立/Z2545,1606473,整行,,1.0/30.0/30.0,,99,
5月,骨六低温,多余行,475机器人-7件（带盒8件）,1606473,整行,,1.0/132.0/132.0,,100,
5月,骨六低温,多余行,DMD5号镜头-3件,1606473,整行,,1.0/66.0/66.0,,101,
5月,骨六低温,多余行,新3光源-1（带盒两件）/W12050,1606473,整行,,1.0/35.0/35.0,,102,
5月,骨六低温,多余行,新史赛克手控加件-1,1606566,整行,,1.0/22.0/22.0,,103,
5月,骨六低温,多余行,刨刀-房玉立/Z2545,1606831,整行,,1.0/30.0/30.0,,104,
5月,骨六低温,多余行,DMD5号镜头-3件,1606831,整行,,1.0/66.0/66.0,,105,
5月,骨六低温,多余行,新4光源-1（带盒两件）/W12050,1606831,整行,,1.0/35.0/35.0,,106,
5月,骨六低温,多余行,旧2刨刀-1/Z3040,1606861,整行,,1.0/35.0/35.0,,107,
5月,骨六低温,多余行,AR新3镜头-3件 盒1/W605060,1606861,整行,,1.0/66.0/66.0,,108,
5月,骨六低温,多余行,德美4K光源（3号）-1/W905060,1606861,整行,,1.0/35.0/35.0,,109,
5月,骨六低温,多余行,DMD光源1号-1/W905060,1607100,整行,,1.0/35.0/35.0,,110,
5月,骨六低温,多余行,DMD刨刀-1/Z2550,1607100,整行,,1.0/30.0/30.0,,111,
5月,骨六低温,多余行,新史赛克手控加件-1,1607100,整行,,1.0/22.0/22.0,,112,
5月,骨六低温,多余行,218机器人-7件（带盒8件）,1607100,整行,,1.0/132.0/132.0,,113,
5月,骨六低温,多余行,DMD1号镜头3件（盒1）/W705060,1607100,整行,,1.0/66.0/66.0,,114,
5月,骨六低温,多余行,刨刀-房玉立/Z2545,1607246,整行,,1.0/30.0/30.0,,115,
5月,骨六低温,多余行,腕肘-7件/Z1530,1607246,整行,,1.0/132.0/132.0,,116,
5月,骨六低温,多余行,新3光源-1（带盒两件）/W12050,1607246,整行,,1.0/35.0/35.0,,117,
5月,骨六低温,多余行,肘踝通用镜头-1/W6050,1607246,整行,,1.0/35.0/35.0,,118,
5月,骨六低温,多余行,刨刀-房玉立/Z2545,1608151,整行,,1.0/30.0/30.0,,119,
5月,骨六低温,多余行,AR新3镜头-3件 盒1/W605060,1608151,整行,,1.0/66.0/66.0,,120,
5月,骨六低温,多余行,新3光源-1（带盒两件）/W12050,1608151,整行,,1.0/35.0/35.0,,121,
5月,骨六低温,多余行,DMD刨刀-1/Z2550,1608491,整行,,1.0/30.0/30.0,,122,
5月,骨六低温,多余行,DMD1号镜头3件（盒1）/W705060,1608491,整行,,1.0/66.0/66.0,,123,
5月,骨六低温,多余行,新4光源-1（带盒两件）/W12050,1608491,整行,,1.0/35.0/35.0,,124,
5月,骨六低温,多余行,DMD6号水管-2件/W505060,1608517,整行,,1.0/44.0/44.0,,125,
5月,骨六低温,多余行,DMD6号镜头-1件,1608517,整行,,1.0/35.0/35.0,,126,
5月,骨六低温,多余行,新1光源-1（带盒两件）/W12050,1608517,整行,,1.0/35.0/35.0,,127,
5月,骨六低温,多余行,旧2刨刀-1/Z3040,1608541,整行,,1.0/35.0/35.0,,128,
5月,骨六低温,多余行,刨刀线-膝关节-旧1/Z2545,1608541,整行,,1.0/44.0/44.0,,129,
5月,骨六低温,多余行,新5光源-1件（盒1）/W905060,1608541,整行,,1.0/35.0/35.0,,130,
5月,骨六低温,多余行,DMD2号镜头3件/W705060,1608541,整行,,1.0/66.0/66.0,,131,
5月,骨六低温,多余行,刨刀-房玉立/Z2545,1608582,整行,,1.0/30.0/30.0,,132,
5月,骨六低温,多余行,AR新3镜头-3件 盒1/W605060,1608582,整行,,1.0/66.0/66.0,,133,
5月,骨六低温,多余行,新3光源-1（带盒两件）/W12050,1608582,整行,,1.0/35.0/35.0,,134,
5月,骨六低温,多余行,DMD刨刀-1/Z2550,1608793,整行,,1.0/30.0/30.0,,135,
5月,骨六低温,多余行,DMD1号镜头3件（盒1）/W705060,1608793,整行,,1.0/66.0/66.0,,136,
5月,骨六低温,多余行,DMD光源4号-1/W905060,1608793,整行,,1.0/35.0/35.0,,137,
5月,骨六低温,多余行,DMD6号水管-2件/W505060,1608917,整行,,1.0/44.0/44.0,,138,
5月,骨六低温,多余行,新1 刨刀-1件/Z2545,1608917,整行,,1.0/30.0/30.0,,139,
5月,骨六低温,多余行,DMD6号镜头-1件,1608917,整行,,1.0/35.0/35.0,,140,
5月,骨六低温,多余行,新1光源-1（带盒两件）/W12050,1608917,整行,,1.0/35.0/35.0,,141,
5月,骨六低温,多余行,DMD刨刀-1/Z2550,1609157,整行,,1.0/30.0/30.0,,142,
5月,骨六低温,多余行,旧2刨刀-1/Z3040,1609157,整行,,1.0/35.0/35.0,,143,
5月,骨六低温,多余行,AR新3镜头-3件 盒1/W605060,1609157,整行,,1.0/66.0/66.0,,144,
5月,骨六低温,多余行,DMD2号镜头3件/W705060,1609157,整行,,1.0/66.0/66.0,,145,
5月,骨六低温,多余行,新3光源-1（带盒两件）/W12050,1609157,整行,,1.0/35.0/35.0,,146,
5月,骨六低温,多余行,新4光源-1（带盒两件）/W12050,1609157,整行,,1.0/35.0/35.0,,147,
5月,骨六低温,多余行,新4刨刀-1/Z2545,1609561,整行,,1.0/30.0/30.0,,148,
5月,骨六低温,多余行,DMD2号镜头3件/W705060,1609561,整行,,1.0/66.0/66.0,,149,
5月,骨六低温,多余行,DMD光源4号-1/W905060,1609561,整行,,1.0/35.0/35.0,,150,
5月,骨六低温,多余行,DMD6号水管-2件/W505060,1609610,整行,,1.0/44.0/44.0,,151,
5月,骨六低温,多余行,DMD刨刀-1/Z2550,1609610,整行,,1.0/30.0/30.0,,152,
5月,骨六低温,多余行,DMD5号镜头-3件,1609610,整行,,1.0/66.0/66.0,,153,
5月,骨六低温,多余行,DMD光源2号-1（带盒）,1609610,整行,,1.0/35.0/35.0,,154,
5月,骨六低温,多余行,旧2刨刀-1/Z3040,1610214,整行,,1.0/35.0/35.0,,155,
5月,骨六低温,多余行,新5光源-1件（盒1）/W905060,1610214,整行,,1.0/35.0/35.0,,156,
5月,骨六低温,多余行,AR新3镜头-3件 盒1/W605060,1610214,整行,,1.0/66.0/66.0,,157,
5月,骨六低温,多余行,刨刀线-膝关节-旧1/Z2545,1610241,整行,,1.0/44.0/44.0,,158,
5月,骨六低温,多余行,DMD1号镜头3件（盒1）/W705060,1610241,整行,,1.0/66.0/66.0,,159,
5月,骨六低温,多余行,新3光源-1（带盒两件）/W12050,1610241,整行,,1.0/35.0/35.0,,160,
5月,骨十一低温,多余行,创伤2号机器人-4件（盒1）,1609985,整行,,1.0/88.0/88.0,,9,
5月,骨十一（二）低温,多余行,218机器人-7件（带盒8件）,1606169,整行,,1.0/132.0/132.0,,9,
5月,骨十低温,多余行,475机器人-7件（带盒8件）,1604108,整行,,1.0/132.0/132.0,,9,
5月,骨十低温,多余行,新史赛克手控加件-1,1605616,整行,,1.0/22.0/22.0,,10,
5月,骨十低温,多余行,373机器人-7件（带盒8件）,1607099,整行,,1.0/132.0/132.0,,11,
5月,骨四低温,多余行,光源线-膝镜通用-1/Z2540,1601604,整行,,1.0/30.0/30.0,,9,
5月,骨四低温,多余行,0261机器人-8件（带盒9件）,1601604,整行,,1.0/154.0/154.0,,10,
5月,骨四低温,多余行,椎间孔镜头2号-1/W905060,1601604,整行,,1.0/35.0/35.0,,11,
5月,骨四低温,多余行,348机器人-8件（带盒9件）,1601690,整行,,1.0/154.0/154.0,,12,
5月,骨四低温,多余行,骨四（一）兰青常备光源线-1件/Z2530,1601732,整行,,1.0/30.0/30.0,,13,
5月,骨四低温,多余行,0261机器人-8件（带盒9件）,1601732,整行,,1.0/154.0/154.0,,14,
5月,骨四低温,多余行,213机器人-8件（带盒9件）,1601732,整行,,1.0/154.0/154.0,,15,
5月,骨四低温,多余行,椎间孔镜头-1/W905060,1601732,整行,,1.0/35.0/35.0,,16,
5月,骨四低温,多余行,骨四（一）宋晓辉光源线-1/Z2540,1601861,整行,,1.0/30.0/30.0,,17,
5月,骨四低温,多余行,0261机器人-8件（带盒9件）,1601967,整行,,1.0/154.0/154.0,,18,
5月,骨四低温,多余行,骨四（一）宋晓辉光源线-1/Z2540,1602017,整行,,1.0/30.0/30.0,,19,
5月,骨四低温,多余行,213机器人-8件（带盒9件）,1602017,整行,,1.0/154.0/154.0,,20,
5月,骨四低温,多余行,348机器人-8件（带盒9件）,1602017,整行,,1.0/154.0/154.0,,21,
5月,骨四低温,多余行,椎间孔镜头2号-1/W905060,1602017,整行,,1.0/35.0/35.0,,22,
5月,骨四低温,多余行,骨四（一）兰青常备光源线-1件/Z2530,1602297,整行,,1.0/30.0/30.0,,23,
5月,骨四低温,多余行,骨四（一）兰青磨头-1件/Z1026,1602297,整行,,1.0/22.0/22.0,,24,
5月,骨四低温,多余行,光源线-膝镜通用-1/Z2540,1602297,整行,,1.0/30.0/30.0,,25,
5月,骨四低温,多余行,213机器人-8件（带盒9件）,1602297,整行,,1.0/154.0/154.0,,26,
5月,骨四低温,多余行,骨四（一）宋晓辉光源线-1/Z2540,1602350,整行,,1.0/30.0/30.0,,27,
5月,骨四低温,多余行,0261机器人-8件（带盒9件）,1602350,整行,,1.0/154.0/154.0,,28,
5月,骨四低温,多余行,348机器人-8件（带盒9件）,1602350,整行,,1.0/154.0/154.0,,29,
5月,骨四低温,多余行,椎间孔镜头2号-1/W905060,1602350,整行,,1.0/35.0/35.0,,30,
5月,骨四低温,多余行,348机器人-8件（带盒9件）,1602384,整行,,1.0/154.0/154.0,,31,
5月,骨四低温,多余行,0261机器人-8件（带盒9件）,1602482,整行,,1.0/154.0/154.0,,32,
5月,骨四低温,多余行,光源线-膝镜通用-1/Z2540,1602642,整行,,1.0/30.0/30.0,,33,
5月,骨四低温,多余行,椎间孔镜头2号-1/W905060,1602642,整行,,1.0/35.0/35.0,,34,
5月,骨四低温,多余行,213机器人-8件（带盒9件）,1602666,整行,,1.0/154.0/154.0,,35,
5月,骨四低温,多余行,348机器人-8件（带盒9件）,1602745,整行,,1.0/154.0/154.0,,36,
5月,骨四低温,多余行,骨四（一）宋晓辉光源线-1/Z2540,1602798,整行,,1.0/30.0/30.0,,37,
5月,骨四低温,多余行,0261机器人-8件（带盒9件）,1603011,整行,,1.0/154.0/154.0,,38,
5月,骨四低温,多余行,骨四（一）兰青常备光源线-1件/Z2530,1603402,整行,,1.0/30.0/30.0,,39,
5月,骨四低温,多余行,骨四（一）兰青磨头-1件/Z1026,1603402,整行,,1.0/22.0/22.0,,40,
5月,骨四低温,多余行,光源线-膝镜通用-1/Z2540,1603464,整行,,1.0/30.0/30.0,,41,
5月,骨四低温,多余行,骨四（一）兰青常备光源线-1件/Z2530,1603516,整行,,1.0/30.0/30.0,,42,
5月,骨四低温,多余行,213机器人-8件（带盒9件）,1603516,整行,,1.0/154.0/154.0,,43,
5月,骨四低温,多余行,骨四（一）兰青磨头-1件/Z1026,1603568,整行,,1.0/22.0/22.0,,44,
5月,骨四低温,多余行,骨四（一）宋晓辉光源线-1/Z2540,1603568,整行,,1.0/30.0/30.0,,45,
5月,骨四低温,多余行,0261机器人-8件（带盒9件）,1603568,整行,,1.0/154.0/154.0,,46,
5月,骨四低温,多余行,348机器人-8件（带盒9件）,1603568,整行,,1.0/154.0/154.0,,47,
5月,骨四低温,多余行,椎间孔镜头2号-1/W905060,1603568,整行,,1.0/35.0/35.0,,48,
5月,骨四低温,多余行,骨四（2）邹天彪磨头-4件/Z1026,1603776,整行,,1.0/88.0/88.0,,49,
5月,骨四低温,多余行,骨四二邹天彪光源线1件/Z2550,1603776,整行,,1.0/30.0/30.0,,50,
5月,骨四低温,多余行,光源线-膝镜通用-1/Z2540,1603776,整行,,1.0/30.0/30.0,,51,
5月,骨四低温,多余行,0261机器人-8件（带盒9件）,1603910,整行,,1.0/154.0/154.0,,52,
5月,骨四低温,多余行,348机器人-8件（带盒9件）,1603910,整行,,1.0/154.0/154.0,,53,
5月,骨四低温,多余行,213机器人-8件（带盒9件）,1603963,整行,,1.0/154.0/154.0,,54,
5月,骨四低温,多余行,骨四（一）兰青常备光源线-1件/Z2530,1604014,整行,,1.0/30.0/30.0,,55,
5月,骨四低温,多余行,骨四（一）兰青磨头-1件/Z1026,1604014,整行,,1.0/22.0/22.0,,56,
5月,骨四低温,多余行,0261机器人-8件（带盒9件）,1604014,整行,,1.0/154.0/154.0,,57,
5月,骨四低温,多余行,348机器人-8件（带盒9件）,1604014,整行,,1.0/154.0/154.0,,58,
5月,骨四低温,多余行,光源线-膝镜通用-1/Z2540,1604409,整行,,1.0/30.0/30.0,,59,
5月,骨四低温,多余行,光源线-膝镜通用-1/Z2540,1604755,整行,,1.0/30.0/30.0,,60,
5月,骨四低温,多余行,0261机器人-8件（带盒9件）,1604755,整行,,1.0/154.0/154.0,,61,
5月,骨四低温,多余行,213机器人-8件（带盒9件）,1604808,整行,,1.0/154.0/154.0,,62,
5月,骨四低温,多余行,348机器人-8件（带盒9件）,1604808,整行,,1.0/154.0/154.0,,63,
5月,骨四低温,多余行,0261机器人-8件（带盒9件）,1604845,整行,,1.0/154.0/154.0,,64,
5月,骨四低温,多余行,213机器人-8件（带盒9件）,1605059,整行,,1.0/154.0/154.0,,65,
5月,骨四低温,多余行,骨四（一）宋晓辉光源线-1/Z2540,1605140,整行,,1.0/30.0/30.0,,66,
5月,骨四低温,多余行,213机器人-8件（带盒9件）,1605162,整行,,1.0/154.0/154.0,,67,
5月,骨四低温,多余行,椎间孔镜头2号-1/W905060,1605162,整行,,1.0/35.0/35.0,,68,
5月,骨四低温,多余行,骨四（一）兰青常备光源线-1件/Z2530,1605217,整行,,1.0/30.0/30.0,,69,
5月,骨四低温,多余行,348机器人-8件（带盒9件）,1605243,整行,,1.0/154.0/154.0,,70,
5月,骨四低温,多余行,0261机器人-8件（带盒9件）,1605452,整行,,1.0/154.0/154.0,,71,
5月,骨四低温,多余行,348机器人-8件（带盒9件）,1605454,整行,,1.0/154.0/154.0,,72,
5月,骨四低温,多余行,475机器人-7件（带盒8件）,1605454,整行,,1.0/132.0/132.0,,73,
5月,骨四低温,多余行,213机器人-8件（带盒9件）,1605588,整行,,1.0/154.0/154.0,,74,
5月,骨四低温,多余行,348机器人-8件（带盒9件）,1605588,整行,,1.0/154.0/154.0,,75,
5月,骨四低温,多余行,348机器人-8件（带盒9件）,1605635,整行,,1.0/154.0/154.0,,76,
5月,骨四低温,多余行,骨四（一）兰青常备光源线-1件/Z2530,1605819,整行,,1.0/30.0/30.0,,77,
5月,骨四低温,多余行,213机器人-8件（带盒9件）,1605827,整行,,1.0/154.0/154.0,,78,
5月,骨四低温,多余行,348机器人-8件（带盒9件）,1606026,整行,,1.0/154.0/154.0,,79,
5月,骨四低温,多余行,0261机器人-8件（带盒9件）,1606073,整行,,1.0/154.0/154.0,,80,
5月,骨四低温,多余行,213机器人-8件（带盒9件）,1606073,整行,,1.0/154.0/154.0,,81,
5月,骨四低温,多余行,骨四（一）兰青常备光源线-1件/Z2530,1606473,整行,,1.0/30.0/30.0,,82,
5月,骨四低温,多余行,0261机器人-8件（带盒9件）,1606566,整行,,1.0/154.0/154.0,,83,
5月,骨四低温,多余行,0261机器人-8件（带盒9件）,1606766,整行,,1.0/154.0/154.0,,84,
5月,骨四低温,多余行,213机器人-8件（带盒9件）,1606831,整行,,1.0/154.0/154.0,,85,
5月,骨四低温,多余行,348机器人-8件（带盒9件）,1606919,整行,,1.0/154.0/154.0,,86,
5月,骨四低温,多余行,213机器人-8件（带盒9件）,1607099,整行,,1.0/154.0/154.0,,87,
5月,骨四低温,多余行,光源线-膝镜通用-1/Z2540,1607175,整行,,1.0/30.0/30.0,,88,
5月,骨四低温,多余行,348机器人-8件（带盒9件）,1607175,整行,,1.0/154.0/154.0,,89,
5月,骨四低温,多余行,椎间孔镜头2号-1/W905060,1607175,整行,,1.0/35.0/35.0,,90,
5月,骨四低温,多余行,0261机器人-8件（带盒9件）,1607499,整行,,1.0/154.0/154.0,,91,
5月,骨四低温,多余行,骨四（一）兰青常备光源线-1件/Z2530,1607662,整行,,1.0/30.0/30.0,,92,
5月,骨四低温,多余行,213机器人-8件（带盒9件）,1607662,整行,,1.0/154.0/154.0,,93,
5月,骨四低温,多余行,348机器人-8件（带盒9件）,1607662,整行,,1.0/154.0/154.0,,94,
5月,骨四低温,多余行,光源线-膝镜通用-1/Z2540,1607874,整行,,1.0/30.0/30.0,,95,
5月,骨四低温,多余行,0261机器人-8件（带盒9件）,1607874,整行,,1.0/154.0/154.0,,96,
5月,骨四低温,多余行,椎间孔镜头2号-1/W905060,1607874,整行,,1.0/35.0/35.0,,97,
5月,骨四低温,多余行,213机器人-8件（带盒9件）,1608011,整行,,1.0/154.0/154.0,,98,
5月,骨四低温,多余行,348机器人-8件（带盒9件）,1608427,整行,,1.0/154.0/154.0,,99,
5月,骨四低温,多余行,0261机器人-8件（带盒9件）,1608492,整行,,1.0/154.0/154.0,,100,
5月,骨四低温,多余行,348机器人-8件（带盒9件）,1608541,整行,,1.0/154.0/154.0,,101,
5月,骨四低温,多余行,348机器人-8件（带盒9件）,1608794,整行,,1.0/154.0/154.0,,102,
5月,骨四低温,多余行,213机器人-8件（带盒9件）,1608837,整行,,1.0/154.0/154.0,,103,
5月,骨四低温,多余行,德美4K光源（4号）-1/Z2550,1608884,整行,,1.0/30.0/30.0,,104,
5月,骨四低温,多余行,骨四（一）宋晓辉光源线-1/Z2540,1608898,整行,,1.0/30.0/30.0,,105,
5月,骨四低温,多余行,348机器人-8件（带盒9件）,1608917,整行,,1.0/154.0/154.0,,106,
5月,骨四低温,多余行,0261机器人-8件（带盒9件）,1608937,整行,,1.0/154.0/154.0,,107,
5月,骨四低温,多余行,骨四（一）宋晓辉光源线-1/Z2540,1609157,整行,,1.0/30.0/30.0,,108,
5月,骨四低温,多余行,0261机器人-8件（带盒9件）,1609157,整行,,1.0/154.0/154.0,,109,
5月,骨四低温,多余行,椎间孔镜头2号-1/W905060,1609157,整行,,1.0/35.0/35.0,,110,
5月,骨四低温,多余行,213机器人-8件（带盒9件）,1609297,整行,,1.0/154.0/154.0,,111,
5月,骨四低温,多余行,0261机器人-8件（带盒9件）,1609563,整行,,1.0/154.0/154.0,,112,
5月,骨四低温,多余行,213机器人-8件（带盒9件）,1609563,整行,,1.0/154.0/154.0,,113,
5月,骨四低温,多余行,光源线-膝镜通用-1/Z2540,1609644,整行,,1.0/30.0/30.0,,114,
5月,骨四低温,多余行,椎间孔镜头2号-1/W905060,1609644,整行,,1.0/35.0/35.0,,115,
5月,骨四低温,多余行,348机器人-8件（带盒9件）,1609672,整行,,1.0/154.0/154.0,,116,
5月,骨四低温,多余行,骨四（一）兰青常备光源线-1件/Z2530,1609734,整行,,1.0/30.0/30.0,,117,
5月,骨四低温,多余行,骨四（一）兰青磨头-1件/Z1026,1609734,整行,,1.0/22.0/22.0,,118,
5月,骨四低温,多余行,德美新2镜头-1件/W605060,1609734,整行,,1.0/35.0/35.0,,119,
5月,骨四低温,多余行,0261机器人-8件（带盒9件）,1609985,整行,,1.0/154.0/154.0,,120,
5月,骨四低温,多余行,213机器人-8件（带盒9件）,1609985,整行,,1.0/154.0/154.0,,121,
5月,骨四低温,多余行,348机器人-8件（带盒9件）,1609985,整行,,1.0/154.0/154.0,,122,
5月,骨四低温,多余行,0261机器人-8件（带盒9件）,1610097,整行,,1.0/154.0/154.0,,123,
5月,骨四低温,多余行,213机器人-8件（带盒9件）,1610097,整行,,1.0/154.0/154.0,,124,
5月,骨四低温,多余行,光源线-膝镜通用-1/Z2540,1610214,整行,,1.0/30.0/30.0,,125,
5月,骨四低温,多余行,348机器人-8件（带盒9件）,1610214,整行,,1.0/154.0/154.0,,126,
5月,骨四低温,多余行,0261机器人-8件（带盒9件）,1610241,整行,,1.0/154.0/154.0,,127,
5月,骨四低温,多余行,213机器人-8件（带盒9件）,1610323,整行,,1.0/154.0/154.0,,128,
5月,骨四低温,多余行,348机器人-8件（带盒9件）,1610323,整行,,1.0/154.0/154.0,,129,
5月,骨四（二）低温,多余行,213机器人-8件（带盒9件）,1601604,整行,,1.0/154.0/154.0,,9,
5月,骨四（二）低温,多余行,348机器人-8件（带盒9件）,1601604,整行,,1.0/154.0/154.0,,10,
5月,骨四（二）低温,多余行,骨4（2）邹天彪光源-1件/Z2540,1601732,整行,,1.0/30.0/30.0,,11,
5月,骨四（二）低温,多余行,骨4（2）邹天彪磨头-4件/Z7520,1601732,整行,,1.0/88.0/88.0,,12,
5月,骨四（二）低温,多余行,348机器人-8件（带盒9件）,1601861,整行,,1.0/154.0/154.0,,13,
5月,骨四（二）低温,多余行,骨4（2）邹天彪光源-1件/Z2540,1602097,整行,,1.0/30.0/30.0,,14,
5月,骨四（二）低温,多余行,骨四（2）邹天彪磨头-4件/Z1026,1602097,整行,,1.0/88.0/88.0,,15,
5月,骨四（二）低温,多余行,213机器人-8件（带盒9件）,1602384,整行,,1.0/154.0/154.0,,16,
5月,骨四（二）低温,多余行,213机器人-8件（带盒9件）,1602482,整行,,1.0/154.0/154.0,,17,
5月,骨四（二）低温,多余行,348机器人-8件（带盒9件）,1602482,整行,,1.0/154.0/154.0,,18,
5月,骨四（二）低温,多余行,348机器人-8件（带盒9件）,1602645,整行,,1.0/154.0/154.0,,19,
5月,骨四（二）低温,多余行,0261机器人-8件（带盒9件）,1602745,整行,,1.0/154.0/154.0,,20,
5月,骨四（二）低温,多余行,骨四二消融器械4件（盒1）/W705060,1603011,整行,,1.0/88.0/88.0,,21,
5月,骨四（二）低温,多余行,348机器人-8件（带盒9件）,1603076,整行,,1.0/154.0/154.0,,22,
5月,骨四（二）低温,多余行,348机器人-8件（带盒9件）,1603409,整行,,1.0/154.0/154.0,,23,
5月,骨四（二）低温,多余行,0261机器人-8件（带盒9件）,1603464,整行,,1.0/154.0/154.0,,24,
5月,骨四（二）低温,多余行,0261机器人-8件（带盒9件）,1604320,整行,,1.0/154.0/154.0,,25,
5月,骨四（二）低温,多余行,348机器人-8件（带盒9件）,1604320,整行,,1.0/154.0/154.0,,26,
5月,骨四（二）低温,多余行,213机器人-8件（带盒9件）,1604409,整行,,1.0/154.0/154.0,,27,
5月,骨四（二）低温,多余行,348机器人-8件（带盒9件）,1604682,整行,,1.0/154.0/154.0,,28,
5月,骨四（二）低温,多余行,0261机器人-8件（带盒9件）,1605059,整行,,1.0/154.0/154.0,,29,
5月,骨四（二）低温,多余行,348机器人-8件（带盒9件）,1605059,整行,,1.0/154.0/154.0,,30,
5月,骨四（二）低温,多余行,348机器人-8件（带盒9件）,1605140,整行,,1.0/154.0/154.0,,31,
5月,骨四（二）低温,多余行,0261机器人-8件（带盒9件）,1605217,整行,,1.0/154.0/154.0,,32,
5月,骨四（二）低温,多余行,213机器人-8件（带盒9件）,1605244,整行,,1.0/154.0/154.0,,33,
5月,骨四（二）低温,多余行,213机器人-8件（带盒9件）,1605454,整行,,1.0/154.0/154.0,,34,
5月,骨四（二）低温,多余行,0261机器人-8件（带盒9件）,1605929,整行,,1.0/154.0/154.0,,35,
5月,骨四（二）低温,多余行,0261机器人-8件（带盒9件）,1605990,整行,,1.0/154.0/154.0,,36,
5月,骨四（二）低温,多余行,213机器人-8件（带盒9件）,1605990,整行,,1.0/154.0/154.0,,37,
5月,骨四（二）低温,多余行,218机器人-7件（带盒8件）,1606026,整行,,1.0/132.0/132.0,,38,
5月,骨四（二）低温,多余行,348机器人-8件（带盒9件）,1606172,整行,,1.0/154.0/154.0,,39,
5月,骨四（二）低温,多余行,348机器人-8件（带盒9件）,1606766,整行,,1.0/154.0/154.0,,40,
5月,骨四（二）低温,多余行,0261机器人-8件（带盒9件）,1606861,整行,,1.0/154.0/154.0,,41,
5月,骨四（二）低温,多余行,0261机器人-8件（带盒9件）,1607496,整行,,1.0/154.0/154.0,,42,
5月,骨四（二）低温,多余行,348机器人-8件（带盒9件）,1607574,整行,,1.0/154.0/154.0,,43,
5月,骨四（二）低温,多余行,0261机器人-8件（带盒9件）,1608112,整行,,1.0/154.0/154.0,,44,
5月,骨四（二）低温,多余行,213机器人-8件（带盒9件）,1608491,整行,,1.0/154.0/154.0,,45,
5月,骨四（二）低温,多余行,213机器人-8件（带盒9件）,1608582,整行,,1.0/154.0/154.0,,46,
5月,骨四（二）低温,多余行,0261机器人-8件（带盒9件）,1608794,整行,,1.0/154.0/154.0,,47,
5月,骨四（二）低温,多余行,0261机器人-8件（带盒9件）,1608898,整行,,1.0/154.0/154.0,,48,
5月,骨四（二）低温,多余行,213机器人-8件（带盒9件）,1608937,整行,,1.0/154.0/154.0,,49,
5月,骨四（二）低温,多余行,348机器人-8件（带盒9件）,1609297,整行,,1.0/154.0/154.0,,50,
5月,骨四（二）低温,多余行,348机器人-8件（带盒9件）,1609563,整行,,1.0/154.0/154.0,,51,
5月,骨四（二）低温,多余行,213机器人-8件（带盒9件）,1609672,整行,,1.0/154.0/154.0,,52,
5月,骨四（二）低温,多余行,骨4（2）邹天彪光源-1件/Z2540,1610323,整行,,1.0/30.0/30.0,,53,
5月,骨四（二）低温,多余行,骨4（2）邹天彪磨头-4件/Z7520,1610323,整行,,1.0/88.0/88.0,,54,
5月,骨四（二）低温,多余行,骨四二邹天彪镜头-2/W905060,1610323,整行,,1.0/44.0/44.0,,55,
5月,骨科（送一手）,字段不一致-单价,骨四1 宋晓辉韧带咬钳 2件/W605060,1607242,单价,11.0,16.5,55,55,原始按器械数×基础单价(11)计费；处理后按标准价(16.5)计费
5月,（一）手术室,字段不一致-单价,AR水管-2件/双/Z1530,1601577,单价,24.0,16.5,25,25,原始按器械数×基础单价(24)计费；处理后按标准价(16.5)计费
5月,（一）手术室,字段不一致-总价,AR水管-2件/双/Z1530,1601577,总价,24.0,16.5,25,25,原始按器械数×基础单价(24)计费；处理后按标准价(16.5)计费
5月,（一）手术室,缺失行,旧2刨刀-1/Z3040,1601577,整行,1.0/35.0/35.0,,28,,
5月,（一）手术室,缺失行,刨刀线-膝关节-旧1/Z2545,1601577,整行,1.0/44.0/44.0,,29,,
5月,（一）手术室,缺失行,史赛克无线摆锯-4/Z2030,1601577,整行,1.0/88.0/88.0,,30,,
5月,（一）手术室,缺失行,新史赛克手控加件-1,1601577,整行,1.0/22.0/22.0,,31,,
5月,（一）手术室,缺失行,218机器人-7件（带盒8件）,1601577,整行,1.0/132.0/132.0,,32,,
5月,（一）手术室,缺失行,373机器人-7件（带盒8件）,1601577,整行,1.0/132.0/132.0,,33,,
5月,（一）手术室,缺失行,AR房玉立新镜头1盒1,1601577,整行,1.0/35.0/35.0,,37,,
5月,（一）手术室,缺失行,DMD3号镜头3件/W705060,1601577,整行,1.0/66.0/66.0,,38,,
5月,（一）手术室,缺失行,DMD光源3号-1/W905060,1601577,整行,1.0/28.0/28.0,,39,,
5月,（一）手术室,缺失行,新3光源-1（带盒两件）/W12050,1601577,整行,1.0/35.0/35.0,,40,,
5月,（一）手术室,缺失行,光源线-膝镜通用-1/Z2540,1601604,整行,1.0/30.0/30.0,,67,,
5月,（一）手术室,缺失行,0261机器人-8件（带盒9件）,1601604,整行,1.0/154.0/154.0,,68,,
5月,（一）手术室,缺失行,213机器人-8件（带盒9件）,1601604,整行,1.0/154.0/154.0,,69,,
5月,（一）手术室,缺失行,348机器人-8件（带盒9件）,1601604,整行,1.0/154.0/154.0,,70,,
5月,（一）手术室,缺失行,椎间孔镜头2号-1/W905060,1601604,整行,1.0/35.0/35.0,,71,,
5月,（一）手术室,缺失行,DMD光源1号-1/W905060,1601690,整行,1.0/22.0/22.0,,85,,
5月,（一）手术室,缺失行,DMD刨刀-1/Z2550,1601690,整行,1.0/30.0/30.0,,86,,
5月,（一）手术室,缺失行,德美4号刨刀-1/Z2035,1601690,整行,1.0/30.0/30.0,,87,,
5月,（一）手术室,缺失行,348机器人-8件（带盒9件）,1601690,整行,1.0/154.0/154.0,,88,,
5月,（一）手术室,缺失行,475机器人-7件（带盒8件）,1601690,整行,1.0/132.0/132.0,,89,,
5月,（一）手术室,缺失行,德美4K光源（3号）-1/W905060,1601690,整行,1.0/35.0/35.0,,90,,
5月,（一）手术室,缺失行,德美新2镜头-1件/W605060,1601690,整行,1.0/35.0/35.0,,91,,
5月,（一）手术室,缺失行,DMD2号镜头3件/W705060,1601712,整行,1.0/66.0/66.0,,105,,
5月,（一）手术室,缺失行,骨4（2）邹天彪光源-1件/Z2540,1601732,整行,1.0/30.0/30.0,,122,,
5月,（一）手术室,缺失行,骨4（2）邹天彪磨头-4件/Z7520,1601732,整行,1.0/88.0/88.0,,123,,
5月,（一）手术室,缺失行,骨四（一）兰青常备光源线-1件/Z2530,1601732,整行,1.0/30.0/30.0,,124,,
5月,（一）手术室,缺失行,旧2刨刀-1/Z3040,1601732,整行,1.0/35.0/35.0,,125,,
5月,（一）手术室,缺失行,0261机器人-8件（带盒9件）,1601732,整行,1.0/154.0/154.0,,126,,
5月,（一）手术室,缺失行,213机器人-8件（带盒9件）,1601732,整行,1.0/154.0/154.0,,127,,
5月,（一）手术室,缺失行,218机器人-7件（带盒8件）,1601732,整行,1.0/132.0/132.0,,128,,
5月,（一）手术室,缺失行,椎间孔镜头-1/W905060,1601732,整行,1.0/35.0/35.0,,130,,
5月,（一）手术室,缺失行,DMD刨刀-1/Z2550,1601861,整行,1.0/30.0/30.0,,145,,
5月,（一）手术室,缺失行,骨四（一）宋晓辉光源线-1/Z2540,1601861,整行,1.0/30.0/30.0,,146,,
5月,（一）手术室,缺失行,刨刀-房玉立/Z2545,1601861,整行,1.0/30.0/30.0,,147,,
5月,（一）手术室,缺失行,史赛克无线摆锯-4/Z2030,1601861,整行,1.0/88.0/88.0,,148,,
5月,（一）手术室,缺失行,新史赛克手控加件-1,1601861,整行,1.0/22.0/22.0,,150,,
5月,（一）手术室,缺失行,348机器人-8件（带盒9件）,1601861,整行,1.0/154.0/154.0,,151,,
5月,（一）手术室,缺失行,DMD1号镜头3件（盒1）/W705060,1601861,整行,1.0/66.0/66.0,,152,,
5月,（一）手术室,缺失行,新5光源-1件（盒1）/W905060,1601861,整行,1.0/35.0/35.0,,153,,
5月,（一）手术室,缺失行,AR新3镜头-3件 盒1/W605060,1601861,整行,1.0/66.0/66.0,,160,,
5月,（一）手术室,缺失行,DMD3号镜头3件/W705060,1601861,整行,1.0/66.0/66.0,,161,,
5月,（一）手术室,缺失行,新1光源-1（带盒两件）/W12050,1601861,整行,1.0/35.0/35.0,,162,,
5月,（一）手术室,缺失行,新4光源-1（带盒两件）/W12050,1601861,整行,1.0/35.0/35.0,,163,,
5月,（一）手术室,缺失行,新4刨刀-1件/Z2550,1601967,整行,1.0/30.0/30.0,,185,,
5月,（一）手术室,缺失行,0261机器人-8件（带盒9件）,1601967,整行,1.0/154.0/154.0,,186,,
5月,（一）手术室,缺失行,DMD2号镜头3件/W705060,1601967,整行,1.0/66.0/66.0,,187,,
5月,（一）手术室,缺失行,德美4K光源（2号）-1/W905060,1601967,整行,1.0/35.0/35.0,,188,,
5月,（一）手术室,缺失行,德美新2镜头-1件/W605060,1601967,整行,1.0/35.0/35.0,,189,,
5月,（一）手术室,缺失行,新4光源-1（带盒两件）/W12050,1601967,整行,1.0/35.0/35.0,,190,,
5月,（一）手术室,缺失行,DMD光源1号-1/W905060,1602017,整行,1.0/22.0/22.0,,202,,
5月,（一）手术室,缺失行,骨四（一）宋晓辉光源线-1/Z2540,1602017,整行,1.0/30.0/30.0,,203,,
5月,（一）手术室,缺失行,刨刀-房玉立/Z2545,1602017,整行,1.0/30.0/30.0,,204,,
5月,（一）手术室,缺失行,213机器人-8件（带盒9件）,1602017,整行,1.0/154.0/154.0,,205,,
5月,（一）手术室,缺失行,348机器人-8件（带盒9件）,1602017,整行,1.0/154.0/154.0,,206,,
5月,（一）手术室,缺失行,德美新1镜头-1件（盒1）,1602017,整行,1.0/35.0/35.0,,207,,
5月,（一）手术室,缺失行,AR新3镜头-3件 盒1/W605060,1602017,整行,1.0/66.0/66.0,,208,,
5月,（一）手术室,缺失行,德美4K光源（3号）-1/W905060,1602017,整行,1.0/35.0/35.0,,209,,
5月,（一）手术室,缺失行,椎间孔镜头2号-1/W905060,1602017,整行,1.0/35.0/35.0,,210,,
5月,（一）手术室,字段不一致-单价,德美2号刨刀-1/双/Z2550,1602075,单价,26.5,16.5,213,155,原始按器械数×基础单价(26.5)计费；处理后按标准价(16.5)计费
5月,（一）手术室,字段不一致-总价,德美2号刨刀-1/双/Z2550,1602075,总价,26.5,16.5,213,155,原始按器械数×基础单价(26.5)计费；处理后按标准价(16.5)计费
5月,（一）手术室,字段不一致-单价,半月板缝合器械-4/Z1020,1602077,单价,24.5,22.0,226,168,原始按器械数×基础单价(24.5)计费；处理后按标准价(22)计费
5月,（一）手术室,字段不一致-总价,半月板缝合器械-4/Z1020,1602077,总价,49.0,44.0,226,168,原始按器械数×基础单价(24.5)计费；处理后按标准价(22)计费
5月,（一）手术室,缺失行,DMD刨刀-1/Z2550,1602080,整行,1.0/30.0/30.0,,236,,
5月,（一）手术室,缺失行,新4刨刀-1/Z2545,1602080,整行,1.0/30.0/30.0,,237,,
5月,（一）手术室,缺失行,373机器人-7件（带盒8件）,1602080,整行,1.0/132.0/132.0,,238,,
5月,（一）手术室,缺失行,DMD5号镜头-3件,1602080,整行,1.0/66.0/66.0,,239,,
5月,（一）手术室,缺失行,DMD光源2号-1（带盒）,1602080,整行,1.0/35.0/35.0,,240,,
5月,（一）手术室,缺失行,DMD4号镜头3件/W705060,1602080,整行,1.0/66.0/66.0,,241,,
5月,（一）手术室,缺失行,新1光源-1（带盒两件）/W12050,1602080,整行,1.0/35.0/35.0,,242,,
5月,（一）手术室,缺失行,骨4（2）邹天彪光源-1件/Z2540,1602097,整行,1.0/30.0/30.0,,260,,
5月,（一）手术室,缺失行,骨四（2）邹天彪磨头-4件/Z1026,1602097,整行,1.0/38.5/38.5,,261,,
5月,（一）手术室,缺失行,刨刀线-膝关节-旧1/Z2545,1602097,整行,1.0/44.0/44.0,,262,,
5月,（一）手术室,缺失行,新3刨刀-1件/Z2550,1602097,整行,1.0/30.0/30.0,,263,,
5月,（一）手术室,缺失行,218机器人-7件（带盒8件）,1602097,整行,1.0/132.0/132.0,,264,,
5月,（一）手术室,缺失行,DMD1号镜头3件（盒1）/W705060,1602097,整行,1.0/66.0/66.0,,265,,
5月,（一）手术室,缺失行,DMD2号镜头3件/W705060,1602097,整行,1.0/66.0/66.0,,266,,
5月,（一）手术室,缺失行,DMD光源3号-1/W905060,1602097,整行,1.0/28.0/28.0,,267,,
5月,（一）手术室,缺失行,新3光源-1（带盒两件）/W12050,1602097,整行,1.0/35.0/35.0,,268,,
5月,（一）手术室,缺失行,骨四（一）兰青常备光源线-1件/Z2530,1602297,整行,1.0/30.0/30.0,,301,,
5月,（一）手术室,缺失行,骨四（一）兰青磨头-1件/Z1026,1602297,整行,1.0/22.0/22.0,,302,,
5月,（一）手术室,缺失行,光源线-膝镜通用-1/Z2540,1602297,整行,1.0/30.0/30.0,,303,,
5月,（一）手术室,缺失行,刨刀-房玉立/Z2545,1602297,整行,1.0/30.0/30.0,,304,,
5月,（一）手术室,缺失行,胸外盖冠男电钩2线1/Z2050,1602297,整行,1.0/66.0/66.0,,305,,
5月,（一）手术室,缺失行,胸外镜头-1（盒1）W905060,1602297,整行,1.0/35.0/35.0,,306,,
5月,（一）手术室,缺失行,213机器人-8件（带盒9件）,1602297,整行,1.0/154.0/154.0,,307,,
5月,（一）手术室,缺失行,DMD3号镜头3件/W705060,1602297,整行,1.0/66.0/66.0,,308,,
5月,（一）手术室,缺失行,德美4K光源（3号）-1/W905060,1602297,整行,1.0/35.0/35.0,,309,,
5月,（一）手术室,缺失行,德美新3镜头-1件/W605060,1602297,整行,1.0/35.0/35.0,,310,,
5月,（一）手术室,缺失行,新4光源-1（带盒两件）/W12050,1602297,整行,1.0/35.0/35.0,,311,,
5月,（一）手术室,缺失行,安速康超声刀手柄1线1/Z2530,1602350,整行,1.0/44.0/44.0,,314,,
5月,（一）手术室,缺失行,骨四（一）宋晓辉光源线-1/Z2540,1602350,整行,1.0/30.0/30.0,,315,,
5月,（一）手术室,缺失行,0261机器人-8件（带盒9件）,1602350,整行,1.0/154.0/154.0,,316,,
5月,（一）手术室,缺失行,348机器人-8件（带盒9件）,1602350,整行,1.0/154.0/154.0,,317,,
5月,（一）手术室,缺失行,椎间孔镜头2号-1/W905060,1602350,整行,1.0/35.0/35.0,,318,,
5月,（一）手术室,缺失行,DMD刨刀-1/Z2550,1602384,整行,1.0/30.0/30.0,,330,,
5月,（一）手术室,缺失行,胸外软镜-2件（盒1）/W15050,1602384,整行,1.0/300.0/300.0,,331,,
5月,（一）手术室,缺失行,213机器人-8件（带盒9件）,1602384,整行,1.0/154.0/154.0,,332,,
5月,（一）手术室,缺失行,348机器人-8件（带盒9件）,1602384,整行,1.0/154.0/154.0,,333,,
5月,（一）手术室,缺失行,0261机器人-8件（带盒9件）,1602482,整行,1.0/154.0/154.0,,366,,
5月,（一）手术室,缺失行,213机器人-8件（带盒9件）,1602482,整行,1.0/154.0/154.0,,367,,
5月,（一）手术室,缺失行,348机器人-8件（带盒9件）,1602482,整行,1.0/154.0/154.0,,368,,
5月,（一）手术室,缺失行,DMD光源2号-1（带盒）,1602482,整行,1.0/35.0/35.0,,369,,
5月,（一）手术室,缺失行,光源线-膝镜通用-1/Z2540,1602642,整行,1.0/30.0/30.0,,383,,
5月,（一）手术室,缺失行,旧2刨刀-1/Z3040,1602642,整行,1.0/35.0/35.0,,384,,
5月,（一）手术室,缺失行,刨刀-房玉立/Z2545,1602642,整行,1.0/30.0/30.0,,385,,
5月,（一）手术室,缺失行,新史赛克手控加件-1,1602642,整行,1.0/22.0/22.0,,386,,
5月,（一）手术室,缺失行,DMD1号镜头3件（盒1）/W705060,1602642,整行,1.0/66.0/66.0,,387,,
5月,（一）手术室,缺失行,AR新3镜头-3件 盒1/W605060,1602642,整行,1.0/66.0/66.0,,388,,
5月,（一）手术室,缺失行,DMD光源3号-1/W905060,1602642,整行,1.0/28.0/28.0,,389,,
5月,（一）手术室,缺失行,新3光源-1（带盒两件）/W12050,1602642,整行,1.0/35.0/35.0,,390,,
5月,（一）手术室,缺失行,椎间孔镜头2号-1/W905060,1602642,整行,1.0/35.0/35.0,,391,,
5月,（一）手术室,缺失行,妇产科张长青常备超声刀线-3件Z2030,1602645,整行,1.0/66.0/66.0,,400,,
5月,（一）手术室,缺失行,气腹管1单极线1/Z3045,1602645,整行,1.0/44.0/44.0,,401,,
5月,（一）手术室,缺失行,外妇通用光源线-1/Z2545,1602645,整行,1.0/30.0/30.0,,402,,
5月,（一）手术室,缺失行,348机器人-8件（带盒9件）,1602645,整行,1.0/154.0/154.0,,403,,
5月,（一）手术室,缺失行,举宫杯器械-8件/W1205060,1602645,整行,1.0/154.0/154.0,,404,,
5月,（一）手术室,缺失行,镜头-腹腔镜30°-1/W9050,1602645,整行,1.0/35.0/35.0,,405,,
5月,（一）手术室,缺失行,213机器人-8件（带盒9件）,1602666,整行,1.0/154.0/154.0,,414,,
5月,（一）手术室,缺失行,妇科腔镜-17（铁帽3胶帽7）,1602666,整行,1.0/300.0/300.0,,415,,
5月,（一）手术室,缺失行,0261机器人-8件（带盒9件）,1602745,整行,1.0/154.0/154.0,,429,,
5月,（一）手术室,缺失行,348机器人-8件（带盒9件）,1602745,整行,1.0/154.0/154.0,,430,,
5月,（一）手术室,缺失行,DMD刨刀-1/Z2550,1602798,整行,1.0/30.0/30.0,,450,,
5月,（一）手术室,缺失行,骨四（一）宋晓辉光源线-1/Z2540,1602798,整行,1.0/30.0/30.0,,451,,
5月,（一）手术室,缺失行,刨刀-房玉立/Z2545,1602798,整行,1.0/30.0/30.0,,452,,
5月,（一）手术室,缺失行,DMD1号镜头3件（盒1）/W705060,1602798,整行,1.0/66.0/66.0,,453,,
5月,（一）手术室,缺失行,DMD5号镜头-3件,1602798,整行,1.0/66.0/66.0,,454,,
5月,（一）手术室,缺失行,DMD光源3号-1/W905060,1602798,整行,1.0/28.0/28.0,,460,,
5月,（一）手术室,缺失行,新3光源-1（带盒两件）/W12050,1602798,整行,1.0/35.0/35.0,,461,,
5月,（一）手术室,缺失行,骨四二消融器械4件（盒1）/W705060,1603011,整行,1.0/88.0/88.0,,481,,
5月,（一）手术室,缺失行,旧2刨刀-1/Z3040,1603011,整行,1.0/35.0/35.0,,482,,
5月,（一）手术室,缺失行,0261机器人-8件（带盒9件）,1603011,整行,1.0/154.0/154.0,,483,,
5月,（一）手术室,缺失行,DMD光源2号-1（带盒）,1603011,整行,1.0/35.0/35.0,,484,,
5月,（一）手术室,缺失行,DMD2号镜头3件/W705060,1603011,整行,1.0/66.0/66.0,,486,,
5月,（一）手术室,缺失行,刨刀-房玉立/Z2545,1603076,整行,1.0/30.0/30.0,,496,,
5月,（一）手术室,缺失行,刨刀线-膝关节-旧1/Z2545,1603076,整行,1.0/44.0/44.0,,497,,
5月,（一）手术室,缺失行,348机器人-8件（带盒9件）,1603076,整行,1.0/154.0/154.0,,498,,
5月,（一）手术室,缺失行,AR新3镜头-3件 盒1/W605060,1603076,整行,1.0/66.0/66.0,,499,,
5月,（一）手术室,缺失行,DMD3号镜头3件/W705060,1603076,整行,1.0/66.0/66.0,,500,,
5月,（一）手术室,缺失行,新1光源-1（带盒两件）/W12050,1603076,整行,1.0/35.0/35.0,,501,,
5月,（一）手术室,缺失行,新4光源-1（带盒两件）/W12050,1603076,整行,1.0/35.0/35.0,,502,,
5月,（一）手术室,字段不一致-单价,德美2号刨刀-1/双/Z2550,1603207,单价,26.5,16.5,534,398,原始按器械数×基础单价(26.5)计费；处理后按标准价(16.5)计费
5月,（一）手术室,字段不一致-总价,德美2号刨刀-1/双/Z2550,1603207,总价,26.5,16.5,534,398,原始按器械数×基础单价(26.5)计费；处理后按标准价(16.5)计费
5月,（一）手术室,缺失行,DMD6号水管-2件/W505060,1603207,整行,1.0/44.0/44.0,,537,,
5月,（一）手术室,缺失行,DMD光源1号-1/W905060,1603207,整行,1.0/22.0/22.0,,538,,
5月,（一）手术室,缺失行,DMD刨刀-1/Z2550,1603207,整行,1.0/30.0/30.0,,539,,
5月,（一）手术室,缺失行,旧2刨刀-1/Z3040,1603207,整行,1.0/35.0/35.0,,540,,
5月,（一）手术室,缺失行,史赛克无线摆锯-4/Z2030,1603207,整行,1.0/88.0/88.0,,541,,
5月,（一）手术室,缺失行,DMD6号镜头-1件,1603207,整行,1.0/35.0/35.0,,542,,
5月,（一）手术室,缺失行,德美新1镜头-1件（盒1）,1603207,整行,1.0/35.0/35.0,,543,,
5月,（一）手术室,缺失行,AR新3镜头-3件 盒1/W605060,1603207,整行,1.0/66.0/66.0,,549,,
5月,（一）手术室,缺失行,德美4K光源（1号）-1/W905060,1603207,整行,1.0/35.0/35.0,,550,,
5月,（一）手术室,缺失行,德美4K光源（2号）-1/W905060,1603207,整行,1.0/35.0/35.0,,551,,
5月,（一）手术室,缺失行,德美新3镜头-1件/W605060,1603207,整行,1.0/35.0/35.0,,552,,
5月,（一）手术室,缺失行,新3光源-1（带盒两件）/W12050,1603207,整行,1.0/35.0/35.0,,553,,
5月,（一）手术室,缺失行,骨四（一）兰青常备光源线-1件/Z2530,1603402,整行,1.0/30.0/30.0,,566,,
5月,（一）手术室,缺失行,骨四（一）兰青磨头-1件/Z1026,1603402,整行,1.0/22.0/22.0,,567,,
5月,（一）手术室,缺失行,373机器人-7件（带盒8件）,1603402,整行,1.0/132.0/132.0,,568,,
5月,（一）手术室,缺失行,475机器人-7件（带盒8件）,1603402,整行,1.0/132.0/132.0,,569,,
5月,（一）手术室,缺失行,348机器人-8件（带盒9件）,1603409,整行,1.0/154.0/154.0,,586,,
5月,（一）手术室,缺失行,光源线-膝镜通用-1/Z2540,1603464,整行,1.0/30.0/30.0,,595,,
5月,（一）手术室,缺失行,刨刀-房玉立/Z2545,1603464,整行,1.0/30.0/30.0,,596,,
5月,（一）手术室,缺失行,0261机器人-8件（带盒9件）,1603464,整行,1.0/154.0/154.0,,598,,
5月,（一）手术室,缺失行,DMD2号镜头3件/W705060,1603464,整行,1.0/66.0/66.0,,599,,
5月,（一）手术室,缺失行,DMD3号镜头3件/W705060,1603464,整行,1.0/66.0/66.0,,600,,
5月,（一）手术室,缺失行,新1光源-1（带盒两件）/W12050,1603464,整行,1.0/35.0/35.0,,601,,
5月,（一）手术室,字段不一致-单价,西山骨动力1号-1/双/Z2530,1603473,单价,26.5,16.5,606,447,原始按器械数×基础单价(26.5)计费；处理后按标准价(16.5)计费
5月,（一）手术室,字段不一致-总价,西山骨动力1号-1/双/Z2530,1603473,总价,26.5,16.5,606,447,原始按器械数×基础单价(26.5)计费；处理后按标准价(16.5)计费
5月,（一）手术室,缺失行,动力转换器-1/Z1526,1603516,整行,1.0/25.0/25.0,,640,,
5月,（一）手术室,缺失行,骨四（一）兰青常备光源线-1件/Z2530,1603516,整行,1.0/30.0/30.0,,641,,
5月,（一）手术室,缺失行,史赛克无线摆锯-4/Z2030,1603516,整行,1.0/88.0/88.0,,642,,
5月,（一）手术室,缺失行,213机器人-8件（带盒9件）,1603516,整行,1.0/154.0/154.0,,643,,
5月,（一）手术室,缺失行,218机器人-7件（带盒8件）,1603516,整行,1.0/132.0/132.0,,644,,
5月,（一）手术室,缺失行,骨四（一）兰青磨头-1件/Z1026,1603568,整行,1.0/22.0/22.0,,650,,
5月,（一）手术室,缺失行,骨四（一）宋晓辉光源线-1/Z2540,1603568,整行,1.0/30.0/30.0,,651,,
5月,（一）手术室,缺失行,0261机器人-8件（带盒9件）,1603568,整行,1.0/154.0/154.0,,652,,
5月,（一）手术室,缺失行,348机器人-8件（带盒9件）,1603568,整行,1.0/154.0/154.0,,653,,
5月,（一）手术室,缺失行,475机器人-7件（带盒8件）,1603568,整行,1.0/132.0/132.0,,654,,
5月,（一）手术室,缺失行,椎间孔镜头2号-1/W905060,1603568,整行,1.0/35.0/35.0,,657,,
5月,（一）手术室,字段不一致-单价,西山骨动力1号-1/双/Z2530,1603773,单价,26.5,16.5,672,502,原始按器械数×基础单价(26.5)计费；处理后按标准价(16.5)计费
5月,（一）手术室,字段不一致-总价,西山骨动力1号-1/双/Z2530,1603773,总价,26.5,16.5,672,502,原始按器械数×基础单价(26.5)计费；处理后按标准价(16.5)计费
5月,（一）手术室,缺失行,骨四（2）邹天彪磨头-4件/Z1026,1603776,整行,1.0/38.5/38.5,,686,,
5月,（一）手术室,缺失行,骨四二邹天彪光源线1件/Z2550,1603776,整行,1.0/30.0/30.0,,687,,
5月,（一）手术室,缺失行,光源线-膝镜通用-1/Z2540,1603776,整行,1.0/30.0/30.0,,688,,
5月,（一）手术室,缺失行,胸外盖冠男电钩2线1/Z2050,1603776,整行,1.0/66.0/66.0,,689,,
5月,（一）手术室,缺失行,胸外镜头-1（盒1）W905060,1603776,整行,1.0/35.0/35.0,,690,,
5月,（一）手术室,缺失行,旧2刨刀-1/Z3040,1603910,整行,1.0/35.0/35.0,,700,,
5月,（一）手术室,缺失行,刨刀-房玉立/Z2545,1603910,整行,1.0/30.0/30.0,,701,,
5月,（一）手术室,缺失行,0261机器人-8件（带盒9件）,1603910,整行,1.0/154.0/154.0,,702,,
5月,（一）手术室,缺失行,348机器人-8件（带盒9件）,1603910,整行,1.0/154.0/154.0,,703,,
5月,（一）手术室,缺失行,AR新3镜头-3件 盒1/W605060,1603910,整行,1.0/66.0/66.0,,704,,
5月,（一）手术室,缺失行,新4光源-1（带盒两件）/W12050,1603910,整行,1.0/35.0/35.0,,705,,
5月,（一）手术室,缺失行,213机器人-8件（带盒9件）,1603963,整行,1.0/154.0/154.0,,714,,
5月,（一）手术室,缺失行,DMD光源1号-1/W905060,1604014,整行,1.0/22.0/22.0,,729,,
5月,（一）手术室,缺失行,骨四（一）兰青常备光源线-1件/Z2530,1604014,整行,1.0/30.0/30.0,,730,,
5月,（一）手术室,缺失行,骨四（一）兰青磨头-1件/Z1026,1604014,整行,1.0/22.0/22.0,,731,,
5月,（一）手术室,缺失行,刨刀线-膝关节-旧1/Z2545,1604014,整行,1.0/44.0/44.0,,732,,
5月,（一）手术室,缺失行,0261机器人-8件（带盒9件）,1604014,整行,1.0/154.0/154.0,,733,,
5月,（一）手术室,缺失行,348机器人-8件（带盒9件）,1604014,整行,1.0/154.0/154.0,,734,,
5月,（一）手术室,缺失行,DMD2号镜头3件/W705060,1604014,整行,1.0/66.0/66.0,,735,,
5月,（一）手术室,缺失行,DMD刨刀-1/Z2550,1604036,整行,1.0/30.0/30.0,,747,,
5月,（一）手术室,缺失行,鞠超杰-肩钩-5件/Z1030,1604036,整行,1.0/88.0/88.0,,748,,
5月,（一）手术室,缺失行,213机器人-8件（带盒9件）,1604036,整行,1.0/154.0/154.0,,749,,
5月,（一）手术室,缺失行,218机器人-7件（带盒8件）,1604036,整行,1.0/132.0/132.0,,750,,
5月,（一）手术室,缺失行,DMD3号镜头3件/W705060,1604036,整行,1.0/66.0/66.0,,752,,
5月,（一）手术室,缺失行,DMD光源3号-1/W905060,1604036,整行,1.0/28.0/28.0,,753,,
5月,（一）手术室,字段不一致-单价,西山骨动力1号-1/双/Z2530,1604048,单价,26.5,16.5,762,567,原始按器械数×基础单价(26.5)计费；处理后按标准价(16.5)计费
5月,（一）手术室,字段不一致-总价,西山骨动力1号-1/双/Z2530,1604048,总价,26.5,16.5,762,567,原始按器械数×基础单价(26.5)计费；处理后按标准价(16.5)计费
5月,（一）手术室,缺失行,安速康超声刀手柄1线1/Z2530,1604108,整行,1.0/44.0/44.0,,780,,
5月,（一）手术室,缺失行,胸外电钩线-1件/Z2030,1604108,整行,1.0/28.0/28.0,,781,,
5月,（一）手术室,缺失行,胸外盖冠男电钩2线1/Z2050,1604108,整行,1.0/66.0/66.0,,782,,
5月,（一）手术室,缺失行,胸外光源线-1件/Z2530,1604108,整行,1.0/30.0/30.0,,783,,
5月,（一）手术室,缺失行,胸外镜头-1（盒1）W905060,1604108,整行,1.0/35.0/35.0,,784,,
5月,（一）手术室,缺失行,373机器人-7件（带盒8件）,1604108,整行,1.0/132.0/132.0,,785,,
5月,（一）手术室,缺失行,475机器人-7件（带盒8件）,1604108,整行,1.0/132.0/132.0,,786,,
5月,（一）手术室,缺失行,0261机器人-8件（带盒9件）,1604320,整行,1.0/154.0/154.0,,804,,
5月,（一）手术室,缺失行,348机器人-8件（带盒9件）,1604320,整行,1.0/154.0/154.0,,805,,
5月,（一）手术室,缺失行,光源线-膝镜通用-1/Z2540,1604409,整行,1.0/30.0/30.0,,824,,
5月,（一）手术室,缺失行,刨刀-房玉立/Z2545,1604409,整行,1.0/30.0/30.0,,825,,
5月,（一）手术室,缺失行,213机器人-8件（带盒9件）,1604409,整行,1.0/154.0/154.0,,826,,
5月,（一）手术室,缺失行,AR新3镜头-3件 盒1/W605060,1604409,整行,1.0/66.0/66.0,,828,,
5月,（一）手术室,缺失行,新3光源-1（带盒两件）/W12050,1604409,整行,1.0/35.0/35.0,,829,,
5月,（一）手术室,缺失行,DMD刨刀-1/Z2550,1604468,整行,1.0/30.0/30.0,,856,,
5月,（一）手术室,缺失行,373机器人-7件（带盒8件）,1604468,整行,1.0/132.0/132.0,,857,,
5月,（一）手术室,缺失行,DMD1号镜头3件（盒1）/W705060,1604468,整行,1.0/66.0/66.0,,858,,
5月,（一）手术室,缺失行,DMD光源4号-1/W905060,1604468,整行,1.0/35.0/35.0,,859,,
5月,（一）手术室,缺失行,475机器人-7件（带盒8件）,1604476,整行,1.0/132.0/132.0,,875,,
5月,（一）手术室,缺失行,218机器人-7件（带盒8件）,1604678,整行,1.0/132.0/132.0,,878,,
5月,（一）手术室,缺失行,373机器人-7件（带盒8件）,1604678,整行,1.0/132.0/132.0,,879,,
5月,（一）手术室,缺失行,475机器人-7件（带盒8件）,1604678,整行,1.0/132.0/132.0,,880,,
5月,（一）手术室,字段不一致-单价,西山骨动力1号-1/双/Z2530,1604680,单价,26.5,16.5,889,672,原始按器械数×基础单价(26.5)计费；处理后按标准价(16.5)计费
5月,（一）手术室,字段不一致-总价,西山骨动力1号-1/双/Z2530,1604680,总价,26.5,16.5,889,672,原始按器械数×基础单价(26.5)计费；处理后按标准价(16.5)计费
5月,（一）手术室,缺失行,史赛克无线摆锯-4/Z2030,1604682,整行,1.0/88.0/88.0,,900,,
5月,（一）手术室,缺失行,348机器人-8件（带盒9件）,1604682,整行,1.0/154.0/154.0,,901,,
5月,（一）手术室,缺失行,光源线-膝镜通用-1/Z2540,1604755,整行,1.0/30.0/30.0,,919,,
5月,（一）手术室,缺失行,0261机器人-8件（带盒9件）,1604755,整行,1.0/154.0/154.0,,920,,
5月,（一）手术室,缺失行,新史赛克手控加件-1,1604808,整行,1.0/22.0/22.0,,944,,
5月,（一）手术室,缺失行,213机器人-8件（带盒9件）,1604808,整行,1.0/154.0/154.0,,945,,
5月,（一）手术室,缺失行,348机器人-8件（带盒9件）,1604808,整行,1.0/154.0/154.0,,946,,
5月,（一）手术室,缺失行,0261机器人-8件（带盒9件）,1604845,整行,1.0/154.0/154.0,,954,,
5月,（一）手术室,缺失行,475机器人-7件（带盒8件）,1604845,整行,1.0/132.0/132.0,,955,,
5月,（一）手术室,缺失行,李娜刨刀/Z2550,1605059,整行,2.0/30.0/60.0,,976,,
5月,（一）手术室,缺失行,0261机器人-8件（带盒9件）,1605059,整行,1.0/154.0/154.0,,977,,
5月,（一）手术室,缺失行,213机器人-8件（带盒9件）,1605059,整行,1.0/154.0/154.0,,978,,
5月,（一）手术室,缺失行,348机器人-8件（带盒9件）,1605059,整行,1.0/154.0/154.0,,979,,
5月,（一）手术室,缺失行,气腹管1单极线1/Z3045,1605062,整行,1.0/44.0/44.0,,988,,
5月,（一）手术室,缺失行,外妇通用光源线-1/Z2545,1605062,整行,1.0/30.0/30.0,,989,,
5月,（一）手术室,缺失行,德美新1镜头-1件（盒1）,1605062,整行,1.0/35.0/35.0,,990,,
5月,（一）手术室,缺失行,外腹镜(一)13件(铁帽4胶帽2),1605062,整行,1.0/231.0/231.0,,991,,
5月,（一）手术室,缺失行,德美4K光源（3号）-1/W905060,1605062,整行,1.0/35.0/35.0,,992,,
5月,（一）手术室,缺失行,镜头-腹腔镜30°-1/W9050,1605062,整行,1.0/35.0/35.0,,993,,
5月,（一）手术室,缺失行,外腹镜戳卡-10件/W1205060,1605062,整行,1.0/165.0/165.0,,994,,
5月,（一）手术室,缺失行,DMD6号水管-2件/W505060,1605095,整行,1.0/44.0/44.0,,1004,,
5月,（一）手术室,缺失行,DMD光源1号-1/W905060,1605095,整行,1.0/22.0/22.0,,1005,,
5月,（一）手术室,缺失行,DMD刨刀-1/Z2550,1605095,整行,1.0/30.0/30.0,,1006,,
5月,（一）手术室,缺失行,新4刨刀-1件/Z2550,1605095,整行,1.0/30.0/30.0,,1007,,
5月,（一）手术室,缺失行,DMD6号镜头-1件,1605095,整行,1.0/35.0/35.0,,1008,,
5月,（一）手术室,缺失行,妇科腔镜-17（铁帽3胶帽7）,1605095,整行,1.0/300.0/300.0,,1009,,
5月,（一）手术室,缺失行,新5光源-1件（盒1）/W905060,1605095,整行,1.0/35.0/35.0,,1010,,
5月,（一）手术室,缺失行,AR新3镜头-3件 盒1/W605060,1605095,整行,1.0/66.0/66.0,,1011,,
5月,（一）手术室,字段不一致-单价,骨六业皋电钻-2件/W705060,1605123,单价,11.0,16.5,1016,771,原始按器械数×基础单价(11)计费；处理后按标准价(16.5)计费
5月,（一）手术室,字段不一致-总价,骨六业皋电钻-2件/W705060,1605123,总价,11.0,16.5,1016,771,原始按器械数×基础单价(11)计费；处理后按标准价(16.5)计费
5月,（一）手术室,缺失行,骨四（一）宋晓辉光源线-1/Z2540,1605140,整行,1.0/30.0/30.0,,1021,,
5月,（一）手术室,缺失行,新3刨刀-1件/Z2550,1605140,整行,1.0/30.0/30.0,,1022,,
5月,（一）手术室,缺失行,348机器人-8件（带盒9件）,1605140,整行,1.0/154.0/154.0,,1023,,
5月,（一）手术室,缺失行,DMD2号镜头3件/W705060,1605140,整行,1.0/66.0/66.0,,1024,,
5月,（一）手术室,缺失行,德美4K光源（2号）-1/W905060,1605140,整行,1.0/35.0/35.0,,1025,,
5月,（一）手术室,缺失行,德美新2镜头-1件/W605060,1605140,整行,1.0/35.0/35.0,,1026,,
5月,（一）手术室,缺失行,新4光源-1（带盒两件）/W12050,1605140,整行,1.0/35.0/35.0,,1027,,
5月,（一）手术室,缺失行,刨刀-房玉立/Z2545,1605162,整行,1.0/30.0/30.0,,1039,,
5月,（一）手术室,缺失行,213机器人-8件（带盒9件）,1605162,整行,1.0/154.0/154.0,,1040,,
5月,（一）手术室,缺失行,DMD5号镜头-3件,1605162,整行,1.0/66.0/66.0,,1041,,
5月,（一）手术室,缺失行,DMD光源2号-1（带盒）,1605162,整行,1.0/35.0/35.0,,1042,,
5月,（一）手术室,缺失行,椎间孔镜头2号-1/W905060,1605162,整行,1.0/35.0/35.0,,1043,,
5月,（一）手术室,缺失行,骨四（一）兰青常备光源线-1件/Z2530,1605217,整行,1.0/30.0/30.0,,1059,,
5月,（一）手术室,缺失行,新4刨刀-1/Z2545,1605217,整行,1.0/30.0/30.0,,1060,,
5月,（一）手术室,缺失行,0261机器人-8件（带盒9件）,1605217,整行,1.0/154.0/154.0,,1061,,
5月,（一）手术室,缺失行,373机器人-7件（带盒8件）,1605217,整行,1.0/132.0/132.0,,1062,,
5月,（一）手术室,缺失行,DMD1号镜头3件（盒1）/W705060,1605217,整行,1.0/66.0/66.0,,1063,,
5月,（一）手术室,缺失行,新1光源-1（带盒两件）/W12050,1605217,整行,1.0/35.0/35.0,,1064,,
5月,（一）手术室,缺失行,218机器人-7件（带盒8件）,1605243,整行,1.0/132.0/132.0,,1083,,
5月,（一）手术室,缺失行,348机器人-8件（带盒9件）,1605243,整行,1.0/154.0/154.0,,1084,,
5月,（一）手术室,缺失行,DMD3号镜头3件/W705060,1605243,整行,1.0/66.0/66.0,,1085,,
5月,（一）手术室,缺失行,DMD光源3号-1/W905060,1605243,整行,1.0/28.0/28.0,,1086,,
5月,（一）手术室,缺失行,DMD6号水管-2件/W505060,1605244,整行,1.0/44.0/44.0,,1087,,
5月,（一）手术室,缺失行,刨刀线-膝关节-旧1/Z2545,1605244,整行,1.0/44.0/44.0,,1088,,
5月,（一）手术室,缺失行,新4刨刀-1/Z2545,1605244,整行,1.0/30.0/30.0,,1089,,
5月,（一）手术室,缺失行,213机器人-8件（带盒9件）,1605244,整行,1.0/154.0/154.0,,1090,,
5月,（一）手术室,缺失行,DMD6号镜头-1件,1605244,整行,1.0/35.0/35.0,,1091,,
5月,（一）手术室,缺失行,德美新1镜头-1件（盒1）,1605244,整行,1.0/35.0/35.0,,1092,,
5月,（一）手术室,缺失行,新5光源-1件（盒1）/W905060,1605244,整行,1.0/35.0/35.0,,1093,,
5月,（一）手术室,缺失行,DMD2号镜头3件/W705060,1605244,整行,1.0/66.0/66.0,,1094,,
5月,（一）手术室,缺失行,DMD光源4号-1/W905060,1605244,整行,1.0/35.0/35.0,,1095,,
5月,（一）手术室,缺失行,德美4K光源（1号）-1/W905060,1605244,整行,1.0/35.0/35.0,,1096,,
5月,（一）手术室,缺失行,德美4K镜头（3号）-3/W705060,1605244,整行,1.0/66.0/66.0,,1097,,
5月,（一）手术室,字段不一致-单价,德美2号刨刀-1/双/Z2550,1605259,单价,26.5,16.5,1121,843,原始按器械数×基础单价(26.5)计费；处理后按标准价(16.5)计费
5月,（一）手术室,字段不一致-总价,德美2号刨刀-1/双/Z2550,1605259,总价,26.5,16.5,1121,843,原始按器械数×基础单价(26.5)计费；处理后按标准价(16.5)计费
5月,（一）手术室,字段不一致-单价,半月板缝合器械-4/Z1020,1605451,单价,24.5,22.0,1122,844,原始按器械数×基础单价(24.5)计费；处理后按标准价(22)计费
5月,（一）手术室,字段不一致-总价,半月板缝合器械-4/Z1020,1605451,总价,24.5,22.0,1122,844,原始按器械数×基础单价(24.5)计费；处理后按标准价(22)计费
5月,（一）手术室,字段不一致-单价,德美4K1号刨刀-1/W6050,1605451,单价,35.0,16.5,1133,855,原始按器械数×基础单价(35)计费；处理后按标准价(16.5)计费
5月,（一）手术室,字段不一致-总价,德美4K1号刨刀-1/W6050,1605451,总价,35.0,16.5,1133,855,原始按器械数×基础单价(35)计费；处理后按标准价(16.5)计费
5月,（一）手术室,缺失行,德美4K光源（4号）-1/Z2550,1605452,整行,1.0/30.0/30.0,,1139,,
5月,（一）手术室,缺失行,德美4号刨刀-1/Z2035,1605452,整行,1.0/30.0/30.0,,1140,,
5月,（一）手术室,缺失行,新1 刨刀-1件/Z2545,1605452,整行,1.0/30.0/30.0,,1142,,
5月,（一）手术室,缺失行,0261机器人-8件（带盒9件）,1605452,整行,1.0/154.0/154.0,,1143,,
5月,（一）手术室,缺失行,AR新3镜头-3件 盒1/W605060,1605452,整行,1.0/66.0/66.0,,1144,,
5月,（一）手术室,缺失行,德美4K光源（2号）-1/W905060,1605452,整行,1.0/35.0/35.0,,1145,,
5月,（一）手术室,缺失行,德美4K光源（3号）-1/W905060,1605452,整行,1.0/35.0/35.0,,1146,,
5月,（一）手术室,缺失行,德美4K镜头（2号）-4/W705060,1605452,整行,1.0/88.0/88.0,,1147,,
5月,（一）手术室,缺失行,德美4K镜头（3号）-3/W705060,1605452,整行,1.0/66.0/66.0,,1148,,
5月,（一）手术室,缺失行,德美新2镜头-1件/W605060,1605452,整行,1.0/35.0/35.0,,1149,,
5月,（一）手术室,缺失行,新3光源-1（带盒两件）/W12050,1605452,整行,1.0/35.0/35.0,,1150,,
5月,（一）手术室,缺失行,213机器人-8件（带盒9件）,1605454,整行,1.0/154.0/154.0,,1158,,
5月,（一）手术室,缺失行,348机器人-8件（带盒9件）,1605454,整行,1.0/154.0/154.0,,1159,,
5月,（一）手术室,缺失行,475机器人-7件（带盒8件）,1605454,整行,1.0/132.0/132.0,,1160,,
5月,（一）手术室,缺失行,DMD光源1号-1/W905060,1605496,整行,1.0/22.0/22.0,,1178,,
5月,（一）手术室,缺失行,DMD刨刀-1/Z2550,1605496,整行,1.0/30.0/30.0,,1179,,
5月,（一）手术室,缺失行,旧2刨刀-1/Z3040,1605496,整行,1.0/35.0/35.0,,1180,,
5月,（一）手术室,缺失行,218机器人-7件（带盒8件）,1605496,整行,1.0/132.0/132.0,,1181,,
5月,（一）手术室,缺失行,DMD1号镜头3件（盒1）/W705060,1605496,整行,1.0/66.0/66.0,,1182,,
5月,（一）手术室,缺失行,DMD2号镜头3件/W705060,1605496,整行,1.0/66.0/66.0,,1183,,
5月,（一）手术室,缺失行,DMD光源4号-1/W905060,1605496,整行,1.0/35.0/35.0,,1184,,
5月,（一）手术室,缺失行,213机器人-8件（带盒9件）,1605588,整行,1.0/154.0/154.0,,1210,,
5月,（一）手术室,缺失行,348机器人-8件（带盒9件）,1605588,整行,1.0/154.0/154.0,,1211,,
5月,（一）手术室,缺失行,刨刀-房玉立/Z2545,1605616,整行,1.0/30.0/30.0,,1217,,
5月,（一）手术室,缺失行,新史赛克手控加件-1,1605616,整行,1.0/22.0/22.0,,1218,,
5月,（一）手术室,缺失行,373机器人-7件（带盒8件）,1605616,整行,1.0/132.0/132.0,,1219,,
5月,（一）手术室,缺失行,DMD5号镜头-3件,1605616,整行,1.0/66.0/66.0,,1220,,
5月,（一）手术室,缺失行,DMD光源2号-1（带盒）,1605616,整行,1.0/35.0/35.0,,1221,,
5月,（一）手术室,缺失行,348机器人-8件（带盒9件）,1605635,整行,1.0/154.0/154.0,,1222,,
5月,（一）手术室,缺失行,骨四（一）兰青常备光源线-1件/Z2530,1605819,整行,1.0/30.0/30.0,,1230,,
5月,（一）手术室,缺失行,机器人器械-2件,1605827,整行,1.0/44.0/44.0,,1258,,
5月,（一）手术室,缺失行,213机器人-8件（带盒9件）,1605827,整行,1.0/154.0/154.0,,1259,,
5月,（一）手术室,缺失行,348机器人-8件（带盒9件）,1605827,整行,1.0/154.0/154.0,,1260,,
5月,（一）手术室,缺失行,475机器人-7件（带盒8件）,1605827,整行,1.0/132.0/132.0,,1261,,
5月,（一）手术室,缺失行,0261机器人-8件（带盒9件）,1605929,整行,1.0/154.0/154.0,,1271,,
5月,（一）手术室,缺失行,0261机器人-8件（带盒9件）,1605990,整行,1.0/154.0/154.0,,1278,,
5月,（一）手术室,缺失行,213机器人-8件（带盒9件）,1605990,整行,1.0/154.0/154.0,,1279,,
5月,（一）手术室,缺失行,218机器人-7件（带盒8件）,1606026,整行,1.0/132.0/132.0,,1284,,
5月,（一）手术室,缺失行,348机器人-8件（带盒9件）,1606026,整行,1.0/154.0/154.0,,1285,,
5月,（一）手术室,缺失行,0261机器人-8件（带盒9件）,1606073,整行,1.0/154.0/154.0,,1295,,
5月,（一）手术室,缺失行,213机器人-8件（带盒9件）,1606073,整行,1.0/154.0/154.0,,1296,,
5月,（一）手术室,字段不一致-单价,试用肩镜-2件/双/Z2030,1606169,单价,29.0,16.5,1330,1011,原始按器械数×基础单价(29)计费；处理后按标准价(16.5)计费
5月,（一）手术室,字段不一致-总价,试用肩镜-2件/双/Z2030,1606169,总价,29.0,16.5,1330,1011,原始按器械数×基础单价(29)计费；处理后按标准价(16.5)计费
5月,（一）手术室,缺失行,DMD光源1号-1/W905060,1606169,整行,1.0/22.0/22.0,,1331,,
5月,（一）手术室,缺失行,DMD刨刀-1/Z2550,1606169,整行,1.0/30.0/30.0,,1332,,
5月,（一）手术室,缺失行,胸外盖冠男电钩2线1/Z2050,1606169,整行,1.0/66.0/66.0,,1333,,
5月,（一）手术室,缺失行,胸外光源线-1件/Z2530,1606169,整行,1.0/30.0/30.0,,1334,,
5月,（一）手术室,缺失行,胸外镜头-1（盒1）W905060,1606169,整行,1.0/35.0/35.0,,1335,,
5月,（一）手术室,缺失行,218机器人-7件（带盒8件）,1606169,整行,1.0/132.0/132.0,,1336,,
5月,（一）手术室,缺失行,DMD3号镜头3件/W705060,1606169,整行,1.0/66.0/66.0,,1341,,
5月,（一）手术室,缺失行,348机器人-8件（带盒9件）,1606172,整行,1.0/154.0/154.0,,1353,,
5月,（一）手术室,缺失行,脑外颅骨钻洗钻-4件/W905060,1606373,整行,1.0/88.0/88.0,,1356,,
5月,（一）手术室,缺失行,脑外西山磨钻-3件/W705060,1606373,整行,1.0/66.0/66.0,,1357,,
5月,（一）手术室,缺失行,373机器人-7件（带盒8件）,1606373,整行,1.0/132.0/132.0,,1358,,
5月,（一）手术室,缺失行,475机器人-7件（带盒8件）,1606373,整行,1.0/132.0/132.0,,1359,,
5月,（一）手术室,缺失行,218机器人-7件（带盒8件）,1606430,整行,1.0/132.0/132.0,,1377,,
5月,（一）手术室,缺失行,骨四（一）兰青常备光源线-1件/Z2530,1606473,整行,1.0/30.0/30.0,,1384,,
5月,（一）手术室,缺失行,刨刀-房玉立/Z2545,1606473,整行,1.0/30.0/30.0,,1385,,
5月,（一）手术室,缺失行,475机器人-7件（带盒8件）,1606473,整行,1.0/132.0/132.0,,1386,,
5月,（一）手术室,缺失行,DMD5号镜头-3件,1606473,整行,1.0/66.0/66.0,,1387,,
5月,（一）手术室,缺失行,德美4K光源（2号）-1/W905060,1606473,整行,1.0/35.0/35.0,,1388,,
5月,（一）手术室,缺失行,德美4K镜头（3号）-3/W705060,1606473,整行,1.0/66.0/66.0,,1389,,
5月,（一）手术室,缺失行,新3光源-1（带盒两件）/W12050,1606473,整行,1.0/35.0/35.0,,1390,,
5月,（一）手术室,字段不一致-单价,德美2号刨刀-1/双/Z2550,1606508,单价,26.5,16.5,1401,1062,原始按器械数×基础单价(26.5)计费；处理后按标准价(16.5)计费
5月,（一）手术室,字段不一致-总价,德美2号刨刀-1/双/Z2550,1606508,总价,26.5,16.5,1401,1062,原始按器械数×基础单价(26.5)计费；处理后按标准价(16.5)计费
5月,（一）手术室,缺失行,新史赛克手控加件-1,1606566,整行,1.0/22.0/22.0,,1430,,
5月,（一）手术室,缺失行,0261机器人-8件（带盒9件）,1606566,整行,1.0/154.0/154.0,,1431,,
5月,（一）手术室,缺失行,373机器人-7件（带盒8件）,1606566,整行,1.0/132.0/132.0,,1432,,
5月,（一）手术室,缺失行,218机器人-7件（带盒8件）,1606765,整行,1.0/132.0/132.0,,1448,,
5月,（一）手术室,缺失行,475机器人-7件（带盒8件）,1606765,整行,1.0/132.0/132.0,,1449,,
5月,（一）手术室,缺失行,0261机器人-8件（带盒9件）,1606766,整行,1.0/154.0/154.0,,1455,,
5月,（一）手术室,缺失行,348机器人-8件（带盒9件）,1606766,整行,1.0/154.0/154.0,,1456,,
5月,（一）手术室,缺失行,刨刀-房玉立/Z2545,1606831,整行,1.0/30.0/30.0,,1471,,
5月,（一）手术室,缺失行,213机器人-8件（带盒9件）,1606831,整行,1.0/154.0/154.0,,1472,,
5月,（一）手术室,缺失行,DMD5号镜头-3件,1606831,整行,1.0/66.0/66.0,,1473,,
5月,（一）手术室,缺失行,德美4K光源（2号）-1/W905060,1606831,整行,1.0/35.0/35.0,,1474,,
5月,（一）手术室,缺失行,德美4K镜头（3号）-3/W705060,1606831,整行,1.0/66.0/66.0,,1475,,
5月,（一）手术室,缺失行,新4光源-1（带盒两件）/W12050,1606831,整行,1.0/35.0/35.0,,1476,,
5月,（一）手术室,字段不一致-单价,德美2号刨刀-1/双/Z2550,1606842,单价,26.5,16.5,1477,1125,原始按器械数×基础单价(26.5)计费；处理后按标准价(16.5)计费
5月,（一）手术室,字段不一致-总价,德美2号刨刀-1/双/Z2550,1606842,总价,26.5,16.5,1477,1125,原始按器械数×基础单价(26.5)计费；处理后按标准价(16.5)计费
5月,（一）手术室,缺失行,旧2刨刀-1/Z3040,1606861,整行,1.0/35.0/35.0,,1486,,
5月,（一）手术室,缺失行,0261机器人-8件（带盒9件）,1606861,整行,1.0/154.0/154.0,,1487,,
5月,（一）手术室,缺失行,德美新1镜头-1件（盒1）,1606861,整行,1.0/35.0/35.0,,1488,,
5月,（一）手术室,缺失行,AR新3镜头-3件 盒1/W605060,1606861,整行,1.0/66.0/66.0,,1489,,
5月,（一）手术室,缺失行,德美4K光源（3号）-1/W905060,1606861,整行,1.0/35.0/35.0,,1490,,
5月,（一）手术室,缺失行,新3光源-1（带盒两件）/W12050,1606861,整行,1.0/35.0/35.0,,1491,,
5月,（一）手术室,缺失行,地吸-1/Z2545,1606919,整行,1.0/30.0/30.0,,1521,,
5月,（一）手术室,缺失行,348机器人-8件（带盒9件）,1606919,整行,1.0/154.0/154.0,,1522,,
5月,（一）手术室,缺失行,213机器人-8件（带盒9件）,1607099,整行,1.0/154.0/154.0,,1532,,
5月,（一）手术室,缺失行,373机器人-7件（带盒8件）,1607099,整行,1.0/132.0/132.0,,1533,,
5月,（一）手术室,缺失行,DMD光源1号-1/W905060,1607100,整行,1.0/22.0/22.0,,1534,,
5月,（一）手术室,缺失行,DMD刨刀-1/Z2550,1607100,整行,1.0/30.0/30.0,,1535,,
5月,（一）手术室,缺失行,新史赛克手控加件-1,1607100,整行,1.0/22.0/22.0,,1536,,
5月,（一）手术室,缺失行,218机器人-7件（带盒8件）,1607100,整行,1.0/132.0/132.0,,1537,,
5月,（一）手术室,缺失行,DMD1号镜头3件（盒1）/W705060,1607100,整行,1.0/66.0/66.0,,1538,,
5月,（一）手术室,缺失行,373机器人-7件（带盒8件）,1607105,整行,1.0/132.0/132.0,,1551,,
5月,（一）手术室,缺失行,创伤161机器人-4件（带盒5件）,1607105,整行,1.0/88.0/88.0,,1552,,
5月,（一）手术室,缺失行,光源线-膝镜通用-1/Z2540,1607175,整行,1.0/30.0/30.0,,1569,,
5月,（一）手术室,缺失行,348机器人-8件（带盒9件）,1607175,整行,1.0/154.0/154.0,,1570,,
5月,（一）手术室,缺失行,475机器人-7件（带盒8件）,1607175,整行,1.0/132.0/132.0,,1571,,
5月,（一）手术室,缺失行,椎间孔镜头2号-1/W905060,1607175,整行,1.0/35.0/35.0,,1572,,
5月,（一）手术室,缺失行,DMD光源1号-1/W905060,1607246,整行,1.0/22.0/22.0,,1596,,
5月,（一）手术室,缺失行,DMD刨刀-1/Z2550,1607246,整行,1.0/30.0/30.0,,1597,,
5月,（一）手术室,缺失行,刨刀-房玉立/Z2545,1607246,整行,1.0/30.0/30.0,,1598,,
5月,（一）手术室,缺失行,腕肘-7件/Z1530,1607246,整行,1.0/132.0/132.0,,1599,,
5月,（一）手术室,缺失行,218机器人-7件（带盒8件）,1607246,整行,1.0/132.0/132.0,,1600,,
5月,（一）手术室,缺失行,DMD3号镜头3件/W705060,1607246,整行,1.0/66.0/66.0,,1601,,
5月,（一）手术室,缺失行,新3光源-1（带盒两件）/W12050,1607246,整行,1.0/35.0/35.0,,1602,,
5月,（一）手术室,缺失行,肘踝通用镜头-1/W6050,1607246,整行,1.0/35.0/35.0,,1603,,
5月,（一）手术室,缺失行,0261机器人-8件（带盒9件）,1607496,整行,1.0/154.0/154.0,,1633,,
5月,（一）手术室,缺失行,德美4K光源（2号）-1/W905060,1607496,整行,1.0/35.0/35.0,,1634,,
5月,（一）手术室,缺失行,德美4K镜头（3号）-3/W705060,1607496,整行,1.0/66.0/66.0,,1635,,
5月,（一）手术室,字段不一致-单价,德美2号刨刀-1/双/Z2550,1607499,单价,26.5,16.5,1638,1254,原始按器械数×基础单价(26.5)计费；处理后按标准价(16.5)计费
5月,（一）手术室,字段不一致-总价,德美2号刨刀-1/双/Z2550,1607499,总价,26.5,16.5,1638,1254,原始按器械数×基础单价(26.5)计费；处理后按标准价(16.5)计费
5月,（一）手术室,缺失行,机器人器械-2件,1607499,整行,1.0/44.0/44.0,,1639,,
5月,（一）手术室,缺失行,0261机器人-8件（带盒9件）,1607499,整行,1.0/154.0/154.0,,1640,,
5月,（一）手术室,缺失行,213机器人-8件（带盒9件）,1607499,整行,1.0/154.0/154.0,,1641,,
5月,（一）手术室,缺失行,348机器人-8件（带盒9件）,1607574,整行,1.0/154.0/154.0,,1658,,
5月,（一）手术室,缺失行,骨四（一）兰青常备光源线-1件/Z2530,1607662,整行,1.0/30.0/30.0,,1700,,
5月,（一）手术室,缺失行,213机器人-8件（带盒9件）,1607662,整行,1.0/154.0/154.0,,1701,,
5月,（一）手术室,缺失行,218机器人-7件（带盒8件）,1607662,整行,1.0/132.0/132.0,,1702,,
5月,（一）手术室,缺失行,348机器人-8件（带盒9件）,1607662,整行,1.0/154.0/154.0,,1703,,
5月,（一）手术室,缺失行,光源线-膝镜通用-1/Z2540,1607874,整行,1.0/30.0/30.0,,1709,,
5月,（一）手术室,缺失行,0261机器人-8件（带盒9件）,1607874,整行,1.0/154.0/154.0,,1710,,
5月,（一）手术室,缺失行,椎间孔镜头2号-1/W905060,1607874,整行,1.0/35.0/35.0,,1715,,
5月,（一）手术室,缺失行,213机器人-8件（带盒9件）,1608011,整行,1.0/154.0/154.0,,1741,,
5月,（一）手术室,缺失行,373机器人-7件（带盒8件）,1608011,整行,1.0/132.0/132.0,,1742,,
5月,（一）手术室,缺失行,DMD光源1号-1/W905060,1608112,整行,1.0/22.0/22.0,,1754,,
5月,（一）手术室,缺失行,DMD刨刀-1/Z2550,1608112,整行,1.0/30.0/30.0,,1755,,
5月,（一）手术室,缺失行,0261机器人-8件（带盒9件）,1608112,整行,1.0/154.0/154.0,,1756,,
5月,（一）手术室,缺失行,218机器人-7件（带盒8件）,1608112,整行,1.0/132.0/132.0,,1757,,
5月,（一）手术室,缺失行,DMD5号镜头-3件,1608112,整行,1.0/66.0/66.0,,1758,,
5月,（一）手术室,缺失行,刨刀-房玉立/Z2545,1608151,整行,1.0/30.0/30.0,,1797,,
5月,（一）手术室,缺失行,新史赛克手控加件-1,1608151,整行,1.0/22.0/22.0,,1798,,
5月,（一）手术室,缺失行,475机器人-7件（带盒8件）,1608151,整行,1.0/132.0/132.0,,1799,,
5月,（一）手术室,缺失行,AR新3镜头-3件 盒1/W605060,1608151,整行,1.0/66.0/66.0,,1801,,
5月,（一）手术室,缺失行,新3光源-1（带盒两件）/W12050,1608151,整行,1.0/35.0/35.0,,1802,,
5月,（一）手术室,缺失行,DMD光源1号-1/W905060,1608407,整行,1.0/22.0/22.0,,1808,,
5月,（一）手术室,缺失行,安速康超声刀手柄1线1/Z2530,1608407,整行,1.0/44.0/44.0,,1809,,
5月,（一）手术室,缺失行,胸外盖冠男电钩2线1/Z2050,1608407,整行,1.0/66.0/66.0,,1812,,
5月,（一）手术室,缺失行,373机器人-7件（带盒8件）,1608407,整行,1.0/132.0/132.0,,1813,,
5月,（一）手术室,缺失行,DMD5号镜头-3件,1608407,整行,1.0/66.0/66.0,,1814,,
5月,（一）手术室,字段不一致-单价,骨六房玉利肩钩常备器械,1608407,单价,110.0,132.0,1815,1403,原始按器械数×基础单价(110)计费；处理后按标准价(132)计费
5月,（一）手术室,字段不一致-总价,骨六房玉利肩钩常备器械,1608407,总价,110.0,132.0,1815,1403,原始按器械数×基础单价(110)计费；处理后按标准价(132)计费
5月,（一）手术室,缺失行,胸外镜头-1（盒1）/W906050,1608407,整行,1.0/11.0/11.0,,1816,,
5月,（一）手术室,字段不一致-单价,西山骨动力1号-1/双/Z2530,1608411,单价,26.5,16.5,1823,1410,原始按器械数×基础单价(26.5)计费；处理后按标准价(16.5)计费
5月,（一）手术室,字段不一致-总价,西山骨动力1号-1/双/Z2530,1608411,总价,26.5,16.5,1823,1410,原始按器械数×基础单价(26.5)计费；处理后按标准价(16.5)计费
5月,（一）手术室,缺失行,348机器人-8件（带盒9件）,1608427,整行,1.0/154.0/154.0,,1839,,
5月,（一）手术室,缺失行,DMD刨刀-1/Z2550,1608491,整行,1.0/30.0/30.0,,1848,,
5月,（一）手术室,缺失行,213机器人-8件（带盒9件）,1608491,整行,1.0/154.0/154.0,,1849,,
5月,（一）手术室,缺失行,DMD1号镜头3件（盒1）/W705060,1608491,整行,1.0/66.0/66.0,,1850,,
5月,（一）手术室,缺失行,德美4K光源（2号）-1/W905060,1608491,整行,1.0/35.0/35.0,,1851,,
5月,（一）手术室,缺失行,德美新2镜头-1件/W605060,1608491,整行,1.0/35.0/35.0,,1852,,
5月,（一）手术室,缺失行,新4光源-1（带盒两件）/W12050,1608491,整行,1.0/35.0/35.0,,1853,,
5月,（一）手术室,缺失行,0103机器人（低温）-5件盒1,1608492,整行,1.0/88.0/88.0,,1854,,
5月,（一）手术室,缺失行,0138机器人（低温）-5件盒1,1608492,整行,1.0/88.0/88.0,,1855,,
5月,（一）手术室,缺失行,0261机器人-8件（带盒9件）,1608492,整行,1.0/154.0/154.0,,1856,,
5月,（一）手术室,缺失行,218机器人-7件（带盒8件）,1608492,整行,1.0/132.0/132.0,,1857,,
5月,（一）手术室,字段不一致-单价,德美2号刨刀-1/双/Z2550,1608506,单价,26.5,16.5,1866,1442,原始按器械数×基础单价(26.5)计费；处理后按标准价(16.5)计费
5月,（一）手术室,字段不一致-总价,德美2号刨刀-1/双/Z2550,1608506,总价,26.5,16.5,1866,1442,原始按器械数×基础单价(26.5)计费；处理后按标准价(16.5)计费
5月,（一）手术室,字段不一致-单价,试用肩镜-2件/双/Z2030,1608506,单价,29.0,16.5,1868,1444,原始按器械数×基础单价(29)计费；处理后按标准价(16.5)计费
5月,（一）手术室,字段不一致-总价,试用肩镜-2件/双/Z2030,1608506,总价,29.0,16.5,1868,1444,原始按器械数×基础单价(29)计费；处理后按标准价(16.5)计费
5月,（一）手术室,缺失行,DMD6号水管-2件/W505060,1608517,整行,1.0/44.0/44.0,,1872,,
5月,（一）手术室,缺失行,475机器人-7件（带盒8件）,1608517,整行,1.0/132.0/132.0,,1873,,
5月,（一）手术室,缺失行,DMD6号镜头-1件,1608517,整行,1.0/35.0/35.0,,1874,,
5月,（一）手术室,缺失行,新1光源-1（带盒两件）/W12050,1608517,整行,1.0/35.0/35.0,,1875,,
5月,（一）手术室,缺失行,旧2刨刀-1/Z3040,1608541,整行,1.0/35.0/35.0,,1895,,
5月,（一）手术室,缺失行,刨刀线-膝关节-旧1/Z2545,1608541,整行,1.0/44.0/44.0,,1896,,
5月,（一）手术室,缺失行,348机器人-8件（带盒9件）,1608541,整行,1.0/154.0/154.0,,1897,,
5月,（一）手术室,缺失行,新5光源-1件（盒1）/W905060,1608541,整行,1.0/35.0/35.0,,1898,,
5月,（一）手术室,缺失行,DMD2号镜头3件/W705060,1608541,整行,1.0/66.0/66.0,,1900,,
5月,（一）手术室,缺失行,刨刀-房玉立/Z2545,1608582,整行,1.0/30.0/30.0,,1933,,
5月,（一）手术室,缺失行,213机器人-8件（带盒9件）,1608582,整行,1.0/154.0/154.0,,1934,,
5月,（一）手术室,缺失行,373机器人-7件（带盒8件）,1608582,整行,1.0/132.0/132.0,,1935,,
5月,（一）手术室,缺失行,AR新3镜头-3件 盒1/W605060,1608582,整行,1.0/66.0/66.0,,1936,,
5月,（一）手术室,缺失行,新3光源-1（带盒两件）/W12050,1608582,整行,1.0/35.0/35.0,,1937,,
5月,（一）手术室,缺失行,DMD刨刀-1/Z2550,1608793,整行,1.0/30.0/30.0,,1946,,
5月,（一）手术室,缺失行,218机器人-7件（带盒8件）,1608793,整行,1.0/132.0/132.0,,1947,,
5月,（一）手术室,缺失行,DMD1号镜头3件（盒1）/W705060,1608793,整行,1.0/66.0/66.0,,1948,,
5月,（一）手术室,缺失行,DMD光源4号-1/W905060,1608793,整行,1.0/35.0/35.0,,1949,,
5月,（一）手术室,缺失行,0261机器人-8件（带盒9件）,1608794,整行,1.0/154.0/154.0,,1950,,
5月,（一）手术室,缺失行,348机器人-8件（带盒9件）,1608794,整行,1.0/154.0/154.0,,1951,,
5月,（一）手术室,缺失行,475机器人-7件（带盒8件）,1608794,整行,1.0/132.0/132.0,,1952,,
5月,（一）手术室,缺失行,德美4K光源（3号）-1/W905060,1608794,整行,1.0/35.0/35.0,,1953,,
5月,（一）手术室,缺失行,德美新2镜头-1件/W605060,1608794,整行,1.0/35.0/35.0,,1954,,
5月,（一）手术室,字段不一致-单价,德美2号刨刀-1/双/Z2550,1608796,单价,26.5,16.5,1958,1511,原始按器械数×基础单价(26.5)计费；处理后按标准价(16.5)计费
5月,（一）手术室,字段不一致-总价,德美2号刨刀-1/双/Z2550,1608796,总价,26.5,16.5,1958,1511,原始按器械数×基础单价(26.5)计费；处理后按标准价(16.5)计费
5月,（一）手术室,缺失行,213机器人-8件（带盒9件）,1608837,整行,1.0/154.0/154.0,,1978,,
5月,（一）手术室,缺失行,德美4K光源（4号）-1/Z2550,1608884,整行,1.0/30.0/30.0,,1980,,
5月,（一）手术室,缺失行,骨九史铁成0161低温-4件盒1,1608884,整行,1.0/88.0/88.0,,1981,,
5月,（一）手术室,缺失行,骨四（一）宋晓辉光源线-1/Z2540,1608898,整行,1.0/30.0/30.0,,1994,,
5月,（一）手术室,缺失行,0261机器人-8件（带盒9件）,1608898,整行,1.0/154.0/154.0,,1995,,
5月,（一）手术室,缺失行,373机器人-7件（带盒8件）,1608898,整行,1.0/132.0/132.0,,1996,,
5月,（一）手术室,缺失行,DMD6号水管-2件/W505060,1608917,整行,1.0/44.0/44.0,,2018,,
5月,（一）手术室,缺失行,新1 刨刀-1件/Z2545,1608917,整行,1.0/30.0/30.0,,2019,,
5月,（一）手术室,缺失行,348机器人-8件（带盒9件）,1608917,整行,1.0/154.0/154.0,,2020,,
5月,（一）手术室,缺失行,DMD6号镜头-1件,1608917,整行,1.0/35.0/35.0,,2021,,
5月,（一）手术室,缺失行,德美新1镜头-1件（盒1）,1608917,整行,1.0/35.0/35.0,,2022,,
5月,（一）手术室,缺失行,德美4K光源（3号）-1/W905060,1608917,整行,1.0/35.0/35.0,,2023,,
5月,（一）手术室,缺失行,新1光源-1（带盒两件）/W12050,1608917,整行,1.0/35.0/35.0,,2024,,
5月,（一）手术室,字段不一致-单价,西山骨动力1号-1/双/Z2530,1608937,单价,26.5,16.5,2032,1572,原始按器械数×基础单价(26.5)计费；处理后按标准价(16.5)计费
5月,（一）手术室,字段不一致-总价,西山骨动力1号-1/双/Z2530,1608937,总价,26.5,16.5,2032,1572,原始按器械数×基础单价(26.5)计费；处理后按标准价(16.5)计费
5月,（一）手术室,缺失行,0261机器人-8件（带盒9件）,1608937,整行,1.0/154.0/154.0,,2034,,
5月,（一）手术室,缺失行,213机器人-8件（带盒9件）,1608937,整行,1.0/154.0/154.0,,2035,,
5月,（一）手术室,缺失行,DMD刨刀-1/Z2550,1609157,整行,1.0/30.0/30.0,,2048,,
5月,（一）手术室,缺失行,骨四（一）宋晓辉光源线-1/Z2540,1609157,整行,1.0/30.0/30.0,,2049,,
5月,（一）手术室,缺失行,旧2刨刀-1/Z3040,1609157,整行,1.0/35.0/35.0,,2050,,
5月,（一）手术室,缺失行,0261机器人-8件（带盒9件）,1609157,整行,1.0/154.0/154.0,,2051,,
5月,（一）手术室,缺失行,AR新3镜头-3件 盒1/W605060,1609157,整行,1.0/66.0/66.0,,2055,,
5月,（一）手术室,缺失行,DMD2号镜头3件/W705060,1609157,整行,1.0/66.0/66.0,,2056,,
5月,（一）手术室,缺失行,新3光源-1（带盒两件）/W12050,1609157,整行,1.0/35.0/35.0,,2057,,
5月,（一）手术室,缺失行,新4光源-1（带盒两件）/W12050,1609157,整行,1.0/35.0/35.0,,2058,,
5月,（一）手术室,缺失行,椎间孔镜头2号-1/W905060,1609157,整行,1.0/35.0/35.0,,2059,,
5月,（一）手术室,缺失行,德美4K光源（1号）-1/W905060,1609267,整行,1.0/35.0/35.0,,2099,,
5月,（一）手术室,缺失行,德美4K镜头（3号）-3/W705060,1609267,整行,1.0/66.0/66.0,,2100,,
5月,（一）手术室,缺失行,0103机器人（低温）-5件盒1,1609297,整行,1.0/88.0/88.0,,2128,,
5月,（一）手术室,缺失行,213机器人-8件（带盒9件）,1609297,整行,1.0/154.0/154.0,,2129,,
5月,（一）手术室,缺失行,348机器人-8件（带盒9件）,1609297,整行,1.0/154.0/154.0,,2130,,
5月,（一）手术室,字段不一致-单价,创伤1号机器人-4件（盒1）,1609297,单价,27.5,88.0,2131,1655,原始按器械数×基础单价(27.5)计费；处理后按标准价(88)计费
5月,（一）手术室,字段不一致-总价,创伤1号机器人-4件（盒1）,1609297,总价,27.5,88.0,2131,1655,原始按器械数×基础单价(27.5)计费；处理后按标准价(88)计费
5月,（一）手术室,缺失行,德美新1镜头-1件（盒1）,1609297,整行,1.0/35.0/35.0,,2132,,
5月,（一）手术室,缺失行,德美4K光源（2号）-1/W905060,1609297,整行,1.0/35.0/35.0,,2133,,
5月,（一）手术室,缺失行,新1光源-1（带盒两件）/W12050,1609297,整行,1.0/35.0/35.0,,2134,,
5月,（一）手术室,字段不一致-单价,德美2号刨刀-1/双/Z2550,1609303,单价,26.5,16.5,2140,1661,原始按器械数×基础单价(26.5)计费；处理后按标准价(16.5)计费
5月,（一）手术室,字段不一致-总价,德美2号刨刀-1/双/Z2550,1609303,总价,26.5,16.5,2140,1661,原始按器械数×基础单价(26.5)计费；处理后按标准价(16.5)计费
5月,（一）手术室,缺失行,德美4K光源（4号）-1/Z2550,1609561,整行,1.0/30.0/30.0,,2158,,
5月,（一）手术室,缺失行,新4刨刀-1/Z2545,1609561,整行,1.0/30.0/30.0,,2159,,
5月,（一）手术室,缺失行,DMD2号镜头3件/W705060,1609561,整行,1.0/66.0/66.0,,2162,,
5月,（一）手术室,缺失行,DMD光源4号-1/W905060,1609561,整行,1.0/35.0/35.0,,2163,,
5月,（一）手术室,缺失行,德美新2镜头-1件/W605060,1609561,整行,1.0/35.0/35.0,,2164,,
5月,（一）手术室,缺失行,0261机器人-8件（带盒9件）,1609563,整行,1.0/154.0/154.0,,2170,,
5月,（一）手术室,缺失行,213机器人-8件（带盒9件）,1609563,整行,1.0/154.0/154.0,,2171,,
5月,（一）手术室,缺失行,348机器人-8件（带盒9件）,1609563,整行,1.0/154.0/154.0,,2172,,
5月,（一）手术室,缺失行,创伤2号机器人-4件（盒1）,1609563,整行,1.0/88.0/88.0,,2173,,
5月,（一）手术室,缺失行,DMD6号水管-2件/W505060,1609610,整行,1.0/44.0/44.0,,2187,,
5月,（一）手术室,缺失行,DMD刨刀-1/Z2550,1609610,整行,1.0/30.0/30.0,,2188,,
5月,（一）手术室,缺失行,旧2刨刀-1/Z3040,1609610,整行,1.0/35.0/35.0,,2189,,
5月,（一）手术室,缺失行,DMD1号镜头3件（盒1）/W705060,1609610,整行,1.0/66.0/66.0,,2190,,
5月,（一）手术室,缺失行,DMD5号镜头-3件,1609610,整行,1.0/66.0/66.0,,2191,,
5月,（一）手术室,缺失行,DMD光源2号-1（带盒）,1609610,整行,1.0/35.0/35.0,,2192,,
5月,（一）手术室,缺失行,DMD光源3号-1/W905060,1609610,整行,1.0/28.0/28.0,,2193,,
5月,（一）手术室,缺失行,光源线-膝镜通用-1/Z2540,1609644,整行,1.0/30.0/30.0,,2194,,
5月,（一）手术室,缺失行,创伤1号机器人-4件（盒1）,1609644,整行,1.0/27.5/27.5,,2195,,
5月,（一）手术室,缺失行,椎间孔镜头2号-1/W905060,1609644,整行,1.0/35.0/35.0,,2196,,
5月,（一）手术室,缺失行,DMD光源1号-1/W905060,1609672,整行,1.0/22.0/22.0,,2208,,
5月,（一）手术室,缺失行,刨刀-房玉立/Z2545,1609672,整行,1.0/30.0/30.0,,2209,,
5月,（一）手术室,缺失行,213机器人-8件（带盒9件）,1609672,整行,1.0/154.0/154.0,,2210,,
5月,（一）手术室,缺失行,348机器人-8件（带盒9件）,1609672,整行,1.0/154.0/154.0,,2211,,
5月,（一）手术室,缺失行,DMD3号镜头3件/W705060,1609672,整行,1.0/66.0/66.0,,2212,,
5月,（一）手术室,缺失行,骨四（一）兰青常备光源线-1件/Z2530,1609734,整行,1.0/30.0/30.0,,2234,,
5月,（一）手术室,缺失行,骨四（一）兰青磨头-1件/Z1026,1609734,整行,1.0/22.0/22.0,,2235,,
5月,（一）手术室,缺失行,德美新2镜头-1件/W605060,1609734,整行,1.0/35.0/35.0,,2236,,
5月,（一）手术室,缺失行,髋关节器械-10件,1609734,整行,1.0/165.0/165.0,,2237,,
5月,（一）手术室,缺失行,胸外镜头-1（盒1）/W906050,1609734,整行,1.0/11.0/11.0,,2238,,
5月,（一）手术室,字段不一致-单价,西山骨动力1号-1/双/Z2530,1609740,单价,26.5,16.5,2243,1735,原始按器械数×基础单价(26.5)计费；处理后按标准价(16.5)计费
5月,（一）手术室,字段不一致-总价,西山骨动力1号-1/双/Z2530,1609740,总价,26.5,16.5,2243,1735,原始按器械数×基础单价(26.5)计费；处理后按标准价(16.5)计费
5月,（一）手术室,缺失行,0261机器人-8件（带盒9件）,1609985,整行,1.0/154.0/154.0,,2286,,
5月,（一）手术室,缺失行,213机器人-8件（带盒9件）,1609985,整行,1.0/154.0/154.0,,2287,,
5月,（一）手术室,缺失行,348机器人-8件（带盒9件）,1609985,整行,1.0/154.0/154.0,,2288,,
5月,（一）手术室,缺失行,373机器人-7件（带盒8件）,1609985,整行,1.0/132.0/132.0,,2289,,
5月,（一）手术室,缺失行,475机器人-7件（带盒8件）,1609985,整行,1.0/132.0/132.0,,2290,,
5月,（一）手术室,缺失行,创伤2号机器人-4件（盒1）,1609985,整行,1.0/88.0/88.0,,2291,,
5月,（一）手术室,缺失行,外科内镜30度-1/W9050,1609985,整行,1.0/35.0/35.0,,2294,,
5月,（一）手术室,缺失行,外妇通用光源线-1/Z2545,1610097,整行,1.0/30.0/30.0,,2314,,
5月,（一）手术室,缺失行,0261机器人-8件（带盒9件）,1610097,整行,1.0/154.0/154.0,,2315,,
5月,（一）手术室,缺失行,213机器人-8件（带盒9件）,1610097,整行,1.0/154.0/154.0,,2316,,
5月,（一）手术室,缺失行,外科内镜30度-1/W9050,1610097,整行,1.0/35.0/35.0,,2317,,
5月,（一）手术室,缺失行,胸外镜头-1（盒1）/W906050,1610097,整行,1.0/11.0/11.0,,2318,,
5月,（一）手术室,缺失行,218机器人-7件（带盒8件）,1610142,整行,1.0/132.0/132.0,,2323,,
5月,（一）手术室,字段不一致-单价,西山骨动力1号-1/双/Z2530,1610163,单价,26.5,16.5,2325,1804,原始按器械数×基础单价(26.5)计费；处理后按标准价(16.5)计费
5月,（一）手术室,字段不一致-总价,西山骨动力1号-1/双/Z2530,1610163,总价,26.5,16.5,2325,1804,原始按器械数×基础单价(26.5)计费；处理后按标准价(16.5)计费
5月,（一）手术室,缺失行,光源线-膝镜通用-1/Z2540,1610214,整行,1.0/30.0/30.0,,2331,,
5月,（一）手术室,缺失行,旧2刨刀-1/Z3040,1610214,整行,1.0/35.0/35.0,,2332,,
5月,（一）手术室,缺失行,348机器人-8件（带盒9件）,1610214,整行,1.0/154.0/154.0,,2333,,
5月,（一）手术室,缺失行,新5光源-1件（盒1）/W905060,1610214,整行,1.0/35.0/35.0,,2334,,
5月,（一）手术室,缺失行,AR新3镜头-3件 盒1/W605060,1610214,整行,1.0/66.0/66.0,,2335,,
5月,（一）手术室,缺失行,刨刀线-膝关节-旧1/Z2545,1610241,整行,1.0/44.0/44.0,,2338,,
5月,（一）手术室,缺失行,0261机器人-8件（带盒9件）,1610241,整行,1.0/154.0/154.0,,2339,,
5月,（一）手术室,缺失行,DMD1号镜头3件（盒1）/W705060,1610241,整行,1.0/66.0/66.0,,2340,,
5月,（一）手术室,缺失行,德美新1镜头-1件（盒1）,1610241,整行,1.0/35.0/35.0,,2341,,
5月,（一）手术室,缺失行,德美4K光源（2号）-1/W905060,1610241,整行,1.0/35.0/35.0,,2346,,
5月,（一）手术室,缺失行,新3光源-1（带盒两件）/W12050,1610241,整行,1.0/35.0/35.0,,2347,,
5月,（一）手术室,缺失行,DMD刨刀-1/Z2550,1610323,整行,1.0/30.0/30.0,,2372,,
5月,（一）手术室,缺失行,骨4（2）邹天彪光源-1件/Z2540,1610323,整行,1.0/30.0/30.0,,2373,,
5月,（一）手术室,缺失行,骨4（2）邹天彪磨头-4件/Z7520,1610323,整行,1.0/88.0/88.0,,2374,,
5月,（一）手术室,缺失行,新史赛克手控加件-1,1610323,整行,1.0/22.0/22.0,,2375,,
5月,（一）手术室,缺失行,213机器人-8件（带盒9件）,1610323,整行,1.0/154.0/154.0,,2376,,
5月,（一）手术室,缺失行,348机器人-8件（带盒9件）,1610323,整行,1.0/154.0/154.0,,2377,,
5月,（一）手术室,缺失行,373机器人-7件（带盒8件）,1610323,整行,1.0/132.0/132.0,,2378,,
5月,（一）手术室,缺失行,475机器人-7件（带盒8件）,1610323,整行,1.0/132.0/132.0,,2379,,
5月,（一）手术室,缺失行,DMD光源2号-1（带盒）,1610323,整行,1.0/35.0/35.0,,2380,,
5月,（一）手术室,缺失行,DMD3号镜头3件/W705060,1610323,整行,1.0/66.0/66.0,,2382,,
5月,（一）手术室,缺失行,德美4K光源（1号）-1/W905060,1610323,整行,1.0/35.0/35.0,,2383,,
5月,（一）手术室,缺失行,德美4K镜头（3号）-3/W705060,1610323,整行,1.0/66.0/66.0,,2384,,
5月,（一）手术室,缺失行,骨四二邹天彪镜头-2/W905060,1610323,整行,1.0/44.0/44.0,,2385,,
5月,（一）手术室,汇总不一致-总价,（一）手术室,,总价,311017.5,269167.5,8,8,
5月,（二）手术室,缺失行,聂广辰专用剪刀-1/Z1029,1601874,整行,1.0/8.0/8.0,,62,,
5月,（二）手术室,缺失行,聂广辰专用剪刀-1/Z1029,1602460,整行,2.0/8.0/16.0,,136,,
5月,（二）手术室,缺失行,聂广辰专用剪刀-1/Z1029,1603179,整行,1.0/8.0/8.0,,230,,
5月,（二）手术室,缺失行,聂广辰专用剪刀-1/Z1029,1603511,整行,1.0/8.0/8.0,,272,,
5月,（二）手术室,缺失行,聂广辰专用剪刀-1/Z1029,1603912,整行,1.0/8.0/8.0,,340,,
5月,（二）手术室,缺失行,骨一薛岩撑开器-1/Z1526,1604712,整行,2.0/11.0/22.0,,408,,
5月,（二）手术室,缺失行,聂广辰专用剪刀-1/Z1029,1604844,整行,1.0/8.0/8.0,,432,,
5月,（二）手术室,缺失行,聂广辰专用剪刀-1/Z1029,1605220,整行,1.0/8.0/8.0,,480,,
5月,（二）手术室,缺失行,骨一薛岩撑开器-1/Z1526,1605257,整行,1.0/11.0/11.0,,491,,
5月,（二）手术室,缺失行,聂广辰专用剪刀-1/Z1029,1605924,整行,1.0/8.0/8.0,,571,,
5月,（二）手术室,缺失行,聂广辰专用剪刀-1/Z1029,1606109,整行,1.0/8.0/8.0,,599,,
5月,（二）手术室,缺失行,聂广辰专用剪刀-1/Z1029,1606550,整行,2.0/8.0/16.0,,641,,
5月,（二）手术室,缺失行,薛岩手科凿子-5/Z6050,1606878,整行,1.0/27.5/27.5,,687,,
5月,（二）手术室,缺失行,骨一薛岩撑开器-1/Z1526,1607652,整行,1.0/11.0/11.0,,761,,
5月,（二）手术室,缺失行,薛岩手科凿子-5/Z6050,1607869,整行,1.0/27.5/27.5,,795,,
5月,（二）手术室,缺失行,聂广辰专用剪刀-1/Z1029,1607960,整行,1.0/8.0/8.0,,801,,
5月,（二）手术室,字段不一致-单价,旧轧皮机（2号）-2件盒1/W12050,1608149,单价,22.0,16.5,848,831,原始按器械数×基础单价(22)计费；处理后按标准价(16.5)计费
5月,（二）手术室,字段不一致-总价,旧轧皮机（2号）-2件盒1/W12050,1608149,总价,22.0,16.5,848,831,原始按器械数×基础单价(22)计费；处理后按标准价(16.5)计费
5月,（二）手术室,缺失行,薛岩手科凿子-5/Z6050,1608581,整行,1.0/27.5/27.5,,899,,
5月,（二）手术室,汇总不一致-总价,（二）手术室,,总价,89488.5,89252.5,11,10,
