sheet	row	orderNo	packName	packCount	unitPrice	ruleUnit	status	pricingRule
NICU（9楼 新生儿）	12	1605991	喉镜片-1（低温）/Z1026	1	13.2	13.2	warning	special_only 未命中特色规则
NICU（9楼 新生儿）	13	1609252	呼吸机管路（高温）-1/z3040	1	9.6	9.6	warning	special_only 未命中特色规则
NICU（9楼 新生儿）	14	1609252	模肺-1/W6050	1	9.9	9.9	warning	special_only 未命中特色规则
NICU（9楼 新生儿）	15	1609564	喉镜片-1（低温）/Z1026	1	13.2	13.2	warning	special_only 未命中特色规则
NICU（9楼 新生儿）	16	1609906	复苏气囊1面罩2/Z3060	1	39.6	39.6	warning	special_only 未命中特色规则
NICU（9楼 新生儿）	17	1610883	呼吸管路-1/z3040	1	21.0	21.0	warning	special_only 未命中特色规则
NICU（9楼 新生儿）	18	1611009	呼吸机管路（高温）-1/z3040	1	9.6	9.6	warning	special_only 未命中特色规则
NICU（9楼 新生儿）	19	1611218	呼吸气囊1面罩2/Z3040	1	26.4	26.4	warning	special_only 未命中特色规则
NICU（9楼 新生儿）	20	1613632	正压通气管路-1/z3040	1	21.0	21.0	warning	special_only 未命中特色规则
伤口造口	9	1605074	止血钳-3/z1530	2	9.9	9.9	warning	special_only 未命中特色规则
伤口造口	10	1605074	剪刀镊子缸-3件/W6050	1	9.9	9.9	warning	special_only 未命中特色规则
伤口造口	11	1605460	止血钳-3/z1530	4	9.9	9.9	warning	special_only 未命中特色规则
伤口造口	12	1605460	剪刀镊子缸-3件/W6050	1	9.9	9.9	warning	special_only 未命中特色规则
伤口造口	13	1605905	止血钳-3/z1530	5	9.9	9.9	warning	special_only 未命中特色规则
伤口造口	14	1605905	剪刀镊子缸-3件/W6050	3	9.9	9.9	warning	special_only 未命中特色规则
伤口造口	15	1606007	止血钳-3/z1530	1	9.9	9.9	warning	special_only 未命中特色规则
伤口造口	16	1606007	剪刀镊子缸-3件/W6050	1	9.9	9.9	warning	special_only 未命中特色规则
伤口造口	17	1606397	剪刀-1/Z1029	1	4.8	4.8	warning	special_only 未命中特色规则
伤口造口	18	1606397	止血钳-3/z1530	5	9.9	9.9	warning	special_only 未命中特色规则
伤口造口	19	1606397	剪刀镊子缸-3件/W6050	2	9.9	9.9	warning	special_only 未命中特色规则
伤口造口	20	1606773	止血钳-3/z1530	3	9.9	9.9	warning	special_only 未命中特色规则
伤口造口	21	1606773	剪刀镊子缸-3件/W6050	2	9.9	9.9	warning	special_only 未命中特色规则
伤口造口	22	1607111	剪刀-1/Z1029	3	4.8	4.8	warning	special_only 未命中特色规则
伤口造口	23	1607111	止血钳-3/z1530	6	9.9	9.9	warning	special_only 未命中特色规则
伤口造口	24	1607111	剪刀镊子缸-3件/W6050	1	9.9	9.9	warning	special_only 未命中特色规则
伤口造口	25	1607509	剪刀-1/Z1029	1	4.8	4.8	warning	special_only 未命中特色规则
伤口造口	26	1607509	止血钳-3/z1530	6	9.9	9.9	warning	special_only 未命中特色规则
伤口造口	27	1607509	剪刀镊子缸-3件/W6050	1	9.9	9.9	warning	special_only 未命中特色规则
伤口造口	28	1607944	剪刀-1/Z1029	1	4.8	4.8	warning	special_only 未命中特色规则
伤口造口	29	1607944	止血钳-3/z1530	9	9.9	9.9	warning	special_only 未命中特色规则
伤口造口	30	1607944	剪刀镊子缸-3件/W6050	3	9.9	9.9	warning	special_only 未命中特色规则
伤口造口	31	1608014	止血钳-3/z1530	2	9.9	9.9	warning	special_only 未命中特色规则
伤口造口	32	1608014	剪刀镊子缸-3件/W6050	1	9.9	9.9	warning	special_only 未命中特色规则
伤口造口	33	1608420	剪刀-1/Z1029	2	4.8	4.8	warning	special_only 未命中特色规则
伤口造口	34	1608420	止血钳-3/z1530	8	9.9	9.9	warning	special_only 未命中特色规则
伤口造口	35	1608420	剪刀镊子缸-3件/W6050	2	9.9	9.9	warning	special_only 未命中特色规则
伤口造口	36	1608808	止血钳-3/z1530	2	9.9	9.9	warning	special_only 未命中特色规则
伤口造口	37	1608808	剪刀镊子缸-3件/W6050	2	9.9	9.9	warning	special_only 未命中特色规则
伤口造口	38	1609168	剪刀-1/Z1029	1	4.8	4.8	warning	special_only 未命中特色规则
伤口造口	39	1609168	止血钳-3/z1530	4	9.9	9.9	warning	special_only 未命中特色规则
伤口造口	40	1609168	剪刀镊子缸-3件/W6050	1	9.9	9.9	warning	special_only 未命中特色规则
伤口造口	41	1609571	剪刀-1/Z1029	1	4.8	4.8	warning	special_only 未命中特色规则
伤口造口	42	1609571	止血钳-3/z1530	6	9.9	9.9	warning	special_only 未命中特色规则
伤口造口	43	1609571	剪刀镊子缸-3件/W6050	1	9.9	9.9	warning	special_only 未命中特色规则
伤口造口	44	1610017	剪刀-1/Z1029	1	4.8	4.8	warning	special_only 未命中特色规则
伤口造口	45	1610017	止血钳-3/z1530	7	9.9	9.9	warning	special_only 未命中特色规则
伤口造口	46	1610017	剪刀镊子缸-3件/W6050	3	9.9	9.9	warning	special_only 未命中特色规则
伤口造口	47	1610112	止血钳-3/z1530	1	9.9	9.9	warning	special_only 未命中特色规则
伤口造口	48	1610112	剪刀镊子缸-3件/W6050	1	9.9	9.9	warning	special_only 未命中特色规则
伤口造口	49	1610543	剪刀-1/Z1029	1	4.8	4.8	warning	special_only 未命中特色规则
伤口造口	50	1610543	止血钳-3/z1530	4	9.9	9.9	warning	special_only 未命中特色规则
伤口造口	51	1610543	剪刀镊子缸-3件/W6050	2	9.9	9.9	warning	special_only 未命中特色规则
伤口造口	52	1610924	止血钳-3/z1530	6	9.9	9.9	warning	special_only 未命中特色规则
伤口造口	53	1610924	剪刀镊子缸-3件/W6050	2	9.9	9.9	warning	special_only 未命中特色规则
伤口造口	54	1611276	剪刀-1/Z1029	1	4.8	4.8	warning	special_only 未命中特色规则
伤口造口	55	1611276	止血钳-3/z1530	3	9.9	9.9	warning	special_only 未命中特色规则
伤口造口	56	1611276	剪刀镊子缸-3件/W6050	1	9.9	9.9	warning	special_only 未命中特色规则
伤口造口	57	1611682	剪刀-1/Z1029	3	4.8	4.8	warning	special_only 未命中特色规则
伤口造口	58	1611682	切开包-7件/z2032	2	23.1	23.1	warning	special_only 未命中特色规则
伤口造口	59	1611682	止血钳-3/z1530	6	9.9	9.9	warning	special_only 未命中特色规则
伤口造口	60	1611682	剪刀镊子缸-3件/W6050	1	9.9	9.9	warning	special_only 未命中特色规则
伤口造口	61	1612053	剪刀-1/Z1029	1	4.8	4.8	warning	special_only 未命中特色规则
伤口造口	62	1612053	止血钳-3/z1530	8	9.9	9.9	warning	special_only 未命中特色规则
伤口造口	63	1612053	剪刀镊子缸-3件/W6050	3	9.9	9.9	warning	special_only 未命中特色规则
伤口造口	64	1612135	止血钳-3/z1530	1	9.9	9.9	warning	special_only 未命中特色规则
伤口造口	65	1612135	剪刀镊子缸-3件/W6050	1	9.9	9.9	warning	special_only 未命中特色规则
伤口造口	66	1612555	剪刀-1/Z1029	1	4.8	4.8	warning	special_only 未命中特色规则
伤口造口	67	1612555	止血钳-3/z1530	7	9.9	9.9	warning	special_only 未命中特色规则
伤口造口	68	1612555	剪刀镊子缸-3件/W6050	2	9.9	9.9	warning	special_only 未命中特色规则
伤口造口	69	1612919	止血钳-3/z1530	1	9.9	9.9	warning	special_only 未命中特色规则
伤口造口	70	1612919	剪刀镊子缸-3件/W6050	1	9.9	9.9	warning	special_only 未命中特色规则
伤口造口	71	1613350	剪刀-1/Z1029	1	4.8	4.8	warning	special_only 未命中特色规则
伤口造口	72	1613350	止血钳-3/z1530	4	9.9	9.9	warning	special_only 未命中特色规则
伤口造口	73	1613350	剪刀镊子缸-3件/W6050	1	9.9	9.9	warning	special_only 未命中特色规则
伤口造口	74	1613738	剪刀-1/Z1029	1	4.8	4.8	warning	special_only 未命中特色规则
伤口造口	75	1613738	止血钳-3/z1530	8	9.9	9.9	warning	special_only 未命中特色规则
伤口造口	76	1613738	剪刀镊子缸-3件/W6050	2	9.9	9.9	warning	special_only 未命中特色规则
供应室	9	1605225	切开5件/Z2032	2	16.5	16.5	warning	special_only 未命中特色规则
供应室	10	1605664	切开5件/Z2032	2	16.5	16.5	warning	special_only 未命中特色规则
供应室	11	1606488	切开5件/Z2032	3	16.5	16.5	warning	special_only 未命中特色规则
供应室	12	1607228	切开5件/Z2032	3	16.5	16.5	warning	special_only 未命中特色规则
供应室	13	1607247	切开5件/Z2032	2	16.5	16.5	warning	special_only 未命中特色规则
供应室	14	1607247	切开包-5件	2	16.5	16.5	warning	special_only 未命中特色规则
供应室	15	1607694	切开5件/Z2032	3	16.5	16.5	warning	special_only 未命中特色规则
供应室	16	1608128	切开5件/Z2032	1	16.5	16.5	warning	special_only 未命中特色规则
供应室	17	1608128	切开包-5件	1	16.5	16.5	warning	special_only 未命中特色规则
供应室	18	1608908	切开5件/Z2032	5	16.5	16.5	warning	special_only 未命中特色规则
供应室	19	1608908	切开包-5件	2	16.5	16.5	warning	special_only 未命中特色规则
供应室	20	1609368	切开5件/Z2032	1	16.5	16.5	warning	special_only 未命中特色规则
供应室	21	1609368	切开包-5件	1	16.5	16.5	warning	special_only 未命中特色规则
供应室	22	1609728	切开5件/Z2032	3	16.5	16.5	warning	special_only 未命中特色规则
供应室	23	1609767	切开包-6件/z2032	1	19.8	19.8	warning	special_only 未命中特色规则
供应室	24	1610230	切开5件/Z2032	2	16.5	16.5	warning	special_only 未命中特色规则
供应室	25	1611000	切开5件/Z2032	3	16.5	16.5	warning	special_only 未命中特色规则
供应室	26	1611000	切开包-5件	1	16.5	16.5	warning	special_only 未命中特色规则
供应室	27	1611780	切开5件/Z2032	2	16.5	16.5	warning	special_only 未命中特色规则
供应室	28	1612063	气切包-23件	1	75.9	75.9	warning	special_only 未命中特色规则
供应室	29	1612281	切开5件/Z2032	1	16.5	16.5	warning	special_only 未命中特色规则
供应室	30	1613083	切开5件/Z2032	3	16.5	16.5	warning	special_only 未命中特色规则
儿科门诊	9	1605791	简易呼吸器（呼吸气囊）EO-1套/z3060	1	21.0	21.0	warning	special_only 未命中特色规则
六顺口腔科	9	1613416	拔牙钳-1/z1029	3	4.8	4.8	warning	special_only 未命中特色规则
六顺口腔科	10	1613416	车针盒-1/Z1526	2	6.6	6.6	warning	special_only 未命中特色规则
六顺口腔科	11	1613416	成型夹-1/z7520	1	4.8	4.8	warning	special_only 未命中特色规则
六顺口腔科	12	1613416	充填器-1/Z7526	3	4.8	4.8	warning	special_only 未命中特色规则
六顺口腔科	13	1613416	雕刀-1/Z7526	1	4.8	4.8	warning	special_only 未命中特色规则
六顺口腔科	14	1613416	刮治器-1/Z7526	1	4.8	4.8	warning	special_only 未命中特色规则
六顺口腔科	15	1613416	剪刀-1/Z1029	1	4.8	4.8	warning	special_only 未命中特色规则
六顺口腔科	16	1613416	排龈刀-1/Z7526	1	4.8	4.8	warning	special_only 未命中特色规则
六顺口腔科	17	1613416	手机-1/Z7526	8	4.8	4.8	warning	special_only 未命中特色规则
六顺口腔科	18	1613416	挖勺-1/z7530	2	4.8	4.8	warning	special_only 未命中特色规则
六顺口腔科	19	1613416	弯机头-1/Z7520	1	4.8	4.8	warning	special_only 未命中特色规则
六顺口腔科	20	1613416	小剪刀-1/z7526	1	4.8	4.8	warning	special_only 未命中特色规则
六顺口腔科	21	1613416	钥匙-1/Z7520	4	4.8	4.8	warning	special_only 未命中特色规则
六顺口腔科	22	1613416	注射器-1/Z7526	2	4.8	4.8	warning	special_only 未命中特色规则
内分泌	9	1609369	止血钳-1/z1029	1	4.8	4.8	warning	special_only 未命中特色规则
分娩室	9	1605094	卵圆钳-1/z1535	1	6.6	6.6	warning	special_only 未命中特色规则
分娩室	10	1605094	正常产包-8件	2	26.4	26.4	warning	special_only 未命中特色规则
分娩室	11	1606770	刮宫包-13件	1	42.9	42.9	warning	special_only 未命中特色规则
分娩室	12	1607128	正常产包-8件	2	26.4	26.4	warning	special_only 未命中特色规则
分娩室	13	1607504	正常产包-8件	1	26.4	26.4	warning	special_only 未命中特色规则
分娩室	14	1608414	开口器-1/z1026	1	4.8	4.8	warning	special_only 未命中特色规则
分娩室	15	1608414	压舌板-1/z7526	1	4.8	4.8	warning	special_only 未命中特色规则
分娩室	16	1610015	正常产包-8件	3	26.4	26.4	warning	special_only 未命中特色规则
分娩室	17	1610125	正常产包-8件	2	26.4	26.4	warning	special_only 未命中特色规则
分娩室	18	1610535	正常产包-8件	1	26.4	26.4	warning	special_only 未命中特色规则
分娩室	19	1611680	正常产包-8件	1	26.4	26.4	warning	special_only 未命中特色规则
分娩室	20	1612551	流产包-17件	1	56.1	56.1	warning	special_only 未命中特色规则
分娩室	22	1613275	吸耳球-1/z1530	1	15.0	15.0	warning	special_only 未命中特色规则
分娩室	23	1613382	开口器-1/z1026	3	4.8	4.8	warning	special_only 未命中特色规则
分娩室	24	1613382	卵圆钳-2/z2035	1	9.9	9.9	warning	special_only 未命中特色规则
分娩室	25	1613382	镊子-1/z7530	1	4.8	4.8	warning	special_only 未命中特色规则
分娩室	26	1613382	取环-3件/Z1535	1	9.9	9.9	warning	special_only 未命中特色规则
分娩室	27	1613382	压舌板-1/z7526	1	4.8	4.8	warning	special_only 未命中特色规则
分娩室	28	1613382	阴道拉钩-1/z2032	1	7.8	7.8	warning	special_only 未命中特色规则
发热门诊	9	1612474	简易呼吸器（呼吸气囊）EO-1套/z3060	1	21.0	21.0	warning	special_only 未命中特色规则
妇科宫腔镜	9	1605291	扩棒 4.5  5 -2件/Z7526	1	8.1	8.1	warning	special_only 未命中特色规则
妇科宫腔镜	10	1605291	扩棒（5.5 6 6.5 7）-4件/z1026	1	13.2	13.2	warning	special_only 未命中特色规则
妇科宫腔镜	11	1605291	扩棒（7.5 8 8.5 9 9.5）-5件/z1026	1	16.5	16.5	warning	special_only 未命中特色规则
妇科宫腔镜	12	1605291	取物钳-1/z2060	1	7.8	7.8	warning	special_only 未命中特色规则
妇科宫腔镜	13	1605291	吸头（6号）-1/z7534	1	4.8	4.8	warning	special_only 未命中特色规则
妇科宫腔镜	14	1605291	电切镜套管-4件/z2045	1	52.8	52.8	warning	special_only 未命中特色规则
妇科宫腔镜	15	1605291	镜鞘-2件/z1550	2	26.4	26.4	warning	special_only 未命中特色规则
妇科宫腔镜	16	1605291	镜头-2（盒1）/Z2060	2	26.4	26.4	warning	special_only 未命中特色规则
妇科宫腔镜	17	1605291	水管-1/w7050	2	21.0	21.0	warning	special_only 未命中特色规则
妇科宫腔镜	18	1605291	宫腔镜-7/w9050	3	23.1	23.1	warning	special_only 未命中特色规则
妇科宫腔镜	19	1605590	宫颈钳-1/z1535	1	6.6	6.6	warning	special_only 未命中特色规则
妇科宫腔镜	20	1605590	吸头（5号）-1/z7534	2	4.8	4.8	warning	special_only 未命中特色规则
妇科宫腔镜	21	1605590	镜鞘-2件/z1550	4	26.4	26.4	warning	special_only 未命中特色规则
妇科宫腔镜	22	1605590	镜头-1（盒1）/Z2060	3	16.8	16.8	warning	special_only 未命中特色规则
妇科宫腔镜	23	1605590	镜头-2（盒1）/Z2060	3	26.4	26.4	warning	special_only 未命中特色规则
妇科宫腔镜	24	1605590	水管-1/w7050	1	21.0	21.0	warning	special_only 未命中特色规则
妇科宫腔镜	25	1605590	宫腔镜-7/w9050	4	23.1	23.1	warning	special_only 未命中特色规则
妇科宫腔镜	26	1606098	电切镜套管-4件/z2045	2	52.8	52.8	warning	special_only 未命中特色规则
妇科宫腔镜	27	1606098	镜鞘-2件/z1550	4	26.4	26.4	warning	special_only 未命中特色规则
妇科宫腔镜	28	1606098	镜头-1（盒1）/Z2060	2	16.8	16.8	warning	special_only 未命中特色规则
妇科宫腔镜	29	1606098	镜头-2（盒1）/Z2060	2	26.4	26.4	warning	special_only 未命中特色规则
妇科宫腔镜	30	1606098	水管-1/w7050	2	21.0	21.0	warning	special_only 未命中特色规则
妇科宫腔镜	31	1606181	宫腔镜-7/w9050	5	23.1	23.1	warning	special_only 未命中特色规则
妇科宫腔镜	32	1606561	剪刀-1/Z1029	1	4.8	4.8	warning	special_only 未命中特色规则
妇科宫腔镜	33	1606561	卵圆钳-1/z1535	2	6.6	6.6	warning	special_only 未命中特色规则
妇科宫腔镜	34	1606561	电切镜套管-4件/z2045	2	52.8	52.8	warning	special_only 未命中特色规则
妇科宫腔镜	35	1606561	镜鞘-2件/z1550	5	26.4	26.4	warning	special_only 未命中特色规则
妇科宫腔镜	36	1606561	镜头-1（盒1）/Z2060	1	16.8	16.8	warning	special_only 未命中特色规则
妇科宫腔镜	37	1606561	镜头-2（盒1）/Z2060	3	26.4	26.4	warning	special_only 未命中特色规则
妇科宫腔镜	38	1606561	水管-1/w7050	3	21.0	21.0	warning	special_only 未命中特色规则
妇科宫腔镜	39	1606561	宫腔镜-7/w9050	7	23.1	23.1	warning	special_only 未命中特色规则
妇科宫腔镜	40	1606947	电切镜套管-4件/z2045	1	52.8	52.8	warning	special_only 未命中特色规则
妇科宫腔镜	41	1606947	镜鞘-2件/z1550	3	26.4	26.4	warning	special_only 未命中特色规则
妇科宫腔镜	42	1606947	镜头-1（盒1）/Z2060	2	16.8	16.8	warning	special_only 未命中特色规则
妇科宫腔镜	43	1606947	镜头-2（盒1）/Z2060	1	26.4	26.4	warning	special_only 未命中特色规则
妇科宫腔镜	44	1606947	水管-1/w7050	1	21.0	21.0	warning	special_only 未命中特色规则
妇科宫腔镜	45	1606947	宫腔镜-7/w9050	4	23.1	23.1	warning	special_only 未命中特色规则
妇科宫腔镜	46	1607340	剪刀-1/Z1029	3	4.8	4.8	warning	special_only 未命中特色规则
妇科宫腔镜	47	1607340	扩棒（7.5 8 8.5 9 9.5）-5件/z1026	1	16.5	16.5	warning	special_only 未命中特色规则
妇科宫腔镜	48	1607340	取物钳-1/z2060	1	7.8	7.8	warning	special_only 未命中特色规则
妇科宫腔镜	49	1607340	止血钳-1/z1029	1	4.8	4.8	warning	special_only 未命中特色规则
妇科宫腔镜	50	1607340	电切镜套管-4件/z2045	3	52.8	52.8	warning	special_only 未命中特色规则
妇科宫腔镜	51	1607340	镜鞘-2件/z1550	2	26.4	26.4	warning	special_only 未命中特色规则
妇科宫腔镜	52	1607340	镜头-1（盒1）/Z2060	3	16.8	16.8	warning	special_only 未命中特色规则
妇科宫腔镜	53	1607340	镜头-2（盒1）/Z2060	1	26.4	26.4	warning	special_only 未命中特色规则
妇科宫腔镜	54	1607340	水管-1/w7050	1	21.0	21.0	warning	special_only 未命中特色规则
妇科宫腔镜	55	1607340	宫腔镜（紫）5号-2件/W905050	1	26.4	26.4	warning	special_only 未命中特色规则
妇科宫腔镜	56	1607340	宫腔镜-7/w9050	6	23.1	23.1	warning	special_only 未命中特色规则
妇科宫腔镜	57	1607650	镜鞘-2件/z1550	2	26.4	26.4	warning	special_only 未命中特色规则
妇科宫腔镜	58	1607650	镜头-2（盒1）/Z2060	2	26.4	26.4	warning	special_only 未命中特色规则
妇科宫腔镜	59	1607650	水管-1/w7050	1	21.0	21.0	warning	special_only 未命中特色规则
妇科宫腔镜	60	1607693	大镊子-1/z7534	1	4.8	4.8	warning	special_only 未命中特色规则
妇科宫腔镜	61	1607693	剪刀-1/Z1029	1	4.8	4.8	warning	special_only 未命中特色规则
妇科宫腔镜	62	1607693	取物钳-1/z2060	1	7.8	7.8	warning	special_only 未命中特色规则
妇科宫腔镜	63	1607693	吸头（6号）-1/z7534	1	4.8	4.8	warning	special_only 未命中特色规则
妇科宫腔镜	64	1607693	宫腔镜-7/w9050	3	23.1	23.1	warning	special_only 未命中特色规则
妇科宫腔镜	65	1608168	取物钳-1/z2060	1	7.8	7.8	warning	special_only 未命中特色规则
妇科宫腔镜	66	1608168	吸头（6号）-1/z7534	2	4.8	4.8	warning	special_only 未命中特色规则
妇科宫腔镜	67	1608168	镜鞘-2件/z1550	4	26.4	26.4	warning	special_only 未命中特色规则
妇科宫腔镜	68	1608168	镜头-2（盒1）/Z2060	2	26.4	26.4	warning	special_only 未命中特色规则
妇科宫腔镜	69	1608168	水管-1/w7050	1	21.0	21.0	warning	special_only 未命中特色规则
妇科宫腔镜	70	1608168	宫腔镜-7/w9050	4	23.1	23.1	warning	special_only 未命中特色规则
妇科宫腔镜	71	1608534	镜头-1（盒1）/Z2060	2	16.8	16.8	warning	special_only 未命中特色规则
妇科宫腔镜	72	1608534	镜头-2（盒1）/Z2060	4	26.4	26.4	warning	special_only 未命中特色规则
妇科宫腔镜	73	1608543	剪刀-1/Z1029	2	4.8	4.8	warning	special_only 未命中特色规则
妇科宫腔镜	74	1608543	扩棒（7.5 8 8.5 9 9.5）-5件/z1026	1	16.5	16.5	warning	special_only 未命中特色规则
妇科宫腔镜	75	1608543	取物钳-1/z2060	1	7.8	7.8	warning	special_only 未命中特色规则
妇科宫腔镜	76	1608543	吸头（6号）-1/z7534	1	4.8	4.8	warning	special_only 未命中特色规则
妇科宫腔镜	77	1608543	电切镜套管-4件/z2045	2	52.8	52.8	warning	special_only 未命中特色规则
妇科宫腔镜	78	1608543	镜鞘-2件/z1550	6	26.4	26.4	warning	special_only 未命中特色规则
妇科宫腔镜	79	1608543	宫腔镜-7/w9050	9	23.1	23.1	warning	special_only 未命中特色规则
妇科宫腔镜	80	1608556	镜鞘-2件/z1550	1	26.4	26.4	warning	special_only 未命中特色规则
妇科宫腔镜	81	1608995	扩棒（5.5 6 6.5 7）-4件/z1026	1	13.2	13.2	warning	special_only 未命中特色规则
妇科宫腔镜	82	1608995	扩棒（7.5 8 8.5 9 9.5）-5件/z1026	1	16.5	16.5	warning	special_only 未命中特色规则
妇科宫腔镜	83	1608995	扩棒（8 8.5 9 9.5）-4件/z1026	1	13.2	13.2	warning	special_only 未命中特色规则
妇科宫腔镜	84	1608995	卵圆钳-1/z1535	1	6.6	6.6	warning	special_only 未命中特色规则
妇科宫腔镜	85	1608995	取物钳-1/z2060	2	7.8	7.8	warning	special_only 未命中特色规则
妇科宫腔镜	86	1608995	吸头（6号）-1/z7534	1	4.8	4.8	warning	special_only 未命中特色规则
妇科宫腔镜	87	1608995	止血钳-1/z1029	1	4.8	4.8	warning	special_only 未命中特色规则
妇科宫腔镜	88	1608995	电切镜套管-4件/z2045	3	52.8	52.8	warning	special_only 未命中特色规则
妇科宫腔镜	89	1608995	接头-1/z1026	1	13.2	13.2	warning	special_only 未命中特色规则
妇科宫腔镜	90	1608995	镜鞘-2件/z1550	3	26.4	26.4	warning	special_only 未命中特色规则
妇科宫腔镜	91	1608995	镜头-1（盒1）/Z2060	3	16.8	16.8	warning	special_only 未命中特色规则
妇科宫腔镜	92	1608995	镜头-2（盒1）/Z2060	2	26.4	26.4	warning	special_only 未命中特色规则
妇科宫腔镜	93	1608995	水管-1/w7050	3	21.0	21.0	warning	special_only 未命中特色规则
妇科宫腔镜	94	1608995	宫腔镜（紫）5号-2件/W905050	1	26.4	26.4	warning	special_only 未命中特色规则
妇科宫腔镜	95	1608995	宫腔镜-7/w9050	7	23.1	23.1	warning	special_only 未命中特色规则
妇科宫腔镜	96	1609367	取环钩-1/z7537	1	4.8	4.8	warning	special_only 未命中特色规则
妇科宫腔镜	97	1609367	取物钳-1/z2060	3	7.8	7.8	warning	special_only 未命中特色规则
妇科宫腔镜	98	1609367	探针-1/z7537	1	4.8	4.8	warning	special_only 未命中特色规则
妇科宫腔镜	99	1609367	电切镜套管-4件/z2045	1	52.8	52.8	warning	special_only 未命中特色规则
妇科宫腔镜	100	1609367	镜鞘-2件/z1550	4	26.4	26.4	warning	special_only 未命中特色规则
妇科宫腔镜	101	1609367	镜头-1（盒1）/Z2060	1	16.8	16.8	warning	special_only 未命中特色规则
妇科宫腔镜	102	1609367	镜头-2（盒1）/Z2060	2	26.4	26.4	warning	special_only 未命中特色规则
妇科宫腔镜	103	1609367	水管-1/w7050	1	21.0	21.0	warning	special_only 未命中特色规则
妇科宫腔镜	104	1609367	宫腔镜-7/w9050	5	23.1	23.1	warning	special_only 未命中特色规则
妇科宫腔镜	105	1609766	镜鞘-2件/z1550	2	26.4	26.4	warning	special_only 未命中特色规则
妇科宫腔镜	106	1609766	镜头-2（盒1）/Z2060	1	26.4	26.4	warning	special_only 未命中特色规则
妇科宫腔镜	107	1609766	水管-1/w7050	1	21.0	21.0	warning	special_only 未命中特色规则
妇科宫腔镜	108	1609766	宫腔镜-7/w9050	2	23.1	23.1	warning	special_only 未命中特色规则
妇科宫腔镜	109	1610314	扩棒（5.5 6 6.5 7）-4件/z1026	1	13.2	13.2	warning	special_only 未命中特色规则
妇科宫腔镜	110	1610314	扩棒（7.5 8 8.5 9 ）-4件/z1026	1	13.2	13.2	warning	special_only 未命中特色规则
妇科宫腔镜	111	1610314	扩棒（8 8.5 9 9.5）-4件/z1026	1	13.2	13.2	warning	special_only 未命中特色规则
妇科宫腔镜	112	1610314	吸头（5号）-1/z7534	1	4.8	4.8	warning	special_only 未命中特色规则
妇科宫腔镜	113	1610314	电切镜套管-4件/z2045	1	52.8	52.8	warning	special_only 未命中特色规则
妇科宫腔镜	114	1610314	镜鞘-2件/z1550	7	26.4	26.4	warning	special_only 未命中特色规则
妇科宫腔镜	115	1610314	镜头-1（盒1）/Z2060	1	16.8	16.8	warning	special_only 未命中特色规则
妇科宫腔镜	116	1610314	镜头-2（盒1）/Z2060	4	26.4	26.4	warning	special_only 未命中特色规则
妇科宫腔镜	117	1610314	水管-1/w7050	1	21.0	21.0	warning	special_only 未命中特色规则
妇科宫腔镜	118	1610314	宫腔镜-7/w9050	4	23.1	23.1	warning	special_only 未命中特色规则
妇科宫腔镜	119	1610324	宫腔镜-7/w9050	4	23.1	23.1	warning	special_only 未命中特色规则
妇科宫腔镜	120	1610660	镜头-1（盒1）/Z2060	2	16.8	16.8	warning	special_only 未命中特色规则
妇科宫腔镜	121	1610660	镜头-2（盒1）/Z2060	3	26.4	26.4	warning	special_only 未命中特色规则
妇科宫腔镜	122	1610769	刮勺-1/z7530	1	4.8	4.8	warning	special_only 未命中特色规则
妇科宫腔镜	123	1610769	扩棒（5.5 6 6.5 7）-4件/z1026	1	13.2	13.2	warning	special_only 未命中特色规则
妇科宫腔镜	124	1610769	扩棒（7.5 8 8.5 9 ）-4件/z1026	1	13.2	13.2	warning	special_only 未命中特色规则
妇科宫腔镜	125	1610769	止血钳-1/z1029	1	4.8	4.8	warning	special_only 未命中特色规则
妇科宫腔镜	126	1610769	电切镜套管-4件/z2045	3	52.8	52.8	warning	special_only 未命中特色规则
妇科宫腔镜	127	1610769	镜鞘-2件/z1550	7	26.4	26.4	warning	special_only 未命中特色规则
妇科宫腔镜	128	1610769	水管-1/w7050	1	21.0	21.0	warning	special_only 未命中特色规则
妇科宫腔镜	129	1610769	宫腔镜-7/w9050	8	23.1	23.1	warning	special_only 未命中特色规则
妇科宫腔镜	130	1611089	扩棒（5.5 6 6.5 7）-4件/z1026	1	13.2	13.2	warning	special_only 未命中特色规则
妇科宫腔镜	131	1611089	扩棒（7.5 8 8.5 9 ）-4件/z1026	1	13.2	13.2	warning	special_only 未命中特色规则
妇科宫腔镜	132	1611089	扩棒（8 8.5 9 9.5）-4件/z1026	1	13.2	13.2	warning	special_only 未命中特色规则
妇科宫腔镜	133	1611089	探针-1/z7537	1	4.8	4.8	warning	special_only 未命中特色规则
妇科宫腔镜	134	1611089	吸头（5号）-1/z7534	1	4.8	4.8	warning	special_only 未命中特色规则
妇科宫腔镜	135	1611089	止血钳-1/z1029	1	4.8	4.8	warning	special_only 未命中特色规则
妇科宫腔镜	136	1611089	电切镜套管-4件/z2045	2	52.8	52.8	warning	special_only 未命中特色规则
妇科宫腔镜	137	1611089	镜鞘-2件/z1550	5	26.4	26.4	warning	special_only 未命中特色规则
妇科宫腔镜	138	1611089	镜头-1（盒1）/Z2060	2	16.8	16.8	warning	special_only 未命中特色规则
妇科宫腔镜	139	1611089	镜头-2（盒1）/Z2060	3	26.4	26.4	warning	special_only 未命中特色规则
妇科宫腔镜	140	1611089	水管-1/w7050	1	21.0	21.0	warning	special_only 未命中特色规则
妇科宫腔镜	141	1611089	宫腔镜-7/w9050	6	23.1	23.1	warning	special_only 未命中特色规则
妇科宫腔镜	142	1611470	刮勺-1/z7530	1	4.8	4.8	warning	special_only 未命中特色规则
妇科宫腔镜	143	1611470	剪刀-1/Z1029	1	4.8	4.8	warning	special_only 未命中特色规则
妇科宫腔镜	144	1611470	扩棒（7.5 8 8.5 9 ）-4件/z1026	1	13.2	13.2	warning	special_only 未命中特色规则
妇科宫腔镜	145	1611470	取物钳-1/z2060	3	7.8	7.8	warning	special_only 未命中特色规则
妇科宫腔镜	146	1611470	探针-1/z7537	1	4.8	4.8	warning	special_only 未命中特色规则
妇科宫腔镜	147	1611470	止血钳-1/z1029	1	4.8	4.8	warning	special_only 未命中特色规则
妇科宫腔镜	148	1611470	电切镜套管-4件/z2045	4	52.8	52.8	warning	special_only 未命中特色规则
妇科宫腔镜	149	1611470	镜鞘-2件/z1550	4	26.4	26.4	warning	special_only 未命中特色规则
妇科宫腔镜	150	1611470	镜头-1（盒1）/Z2060	4	16.8	16.8	warning	special_only 未命中特色规则
妇科宫腔镜	151	1611470	镜头-2（盒1）/Z2060	2	26.4	26.4	warning	special_only 未命中特色规则
妇科宫腔镜	152	1611470	水管-1/w7050	2	21.0	21.0	warning	special_only 未命中特色规则
妇科宫腔镜	153	1611470	宫腔镜-7/w9050	8	23.1	23.1	warning	special_only 未命中特色规则
妇科宫腔镜	154	1611779	宫颈钳-1/z1535	2	6.6	6.6	warning	special_only 未命中特色规则
妇科宫腔镜	155	1611779	扩棒（7.5 8 8.5 9 ）-4件/z1026	1	13.2	13.2	warning	special_only 未命中特色规则
妇科宫腔镜	156	1611779	扩棒（8 8.5 9 9.5）-4件/z1026	1	13.2	13.2	warning	special_only 未命中特色规则
妇科宫腔镜	157	1611779	取物钳-1/z2060	1	7.8	7.8	warning	special_only 未命中特色规则
妇科宫腔镜	158	1611779	吸头（5号）-1/z7534	1	4.8	4.8	warning	special_only 未命中特色规则
妇科宫腔镜	159	1611779	宫腔镜-7/w9050	8	23.1	23.1	warning	special_only 未命中特色规则
妇科宫腔镜	160	1611847	电切镜套管-4件/z2045	2	52.8	52.8	warning	special_only 未命中特色规则
妇科宫腔镜	161	1611847	镜鞘-2件/z1550	5	26.4	26.4	warning	special_only 未命中特色规则
妇科宫腔镜	162	1611847	镜头-1（盒1）/Z2060	2	16.8	16.8	warning	special_only 未命中特色规则
妇科宫腔镜	163	1611847	镜头-2（盒1）/Z2060	3	26.4	26.4	warning	special_only 未命中特色规则
妇科宫腔镜	164	1611847	水管-1/w7050	1	21.0	21.0	warning	special_only 未命中特色规则
妇科宫腔镜	165	1612239	电切镜套管-4件/z2045	3	52.8	52.8	warning	special_only 未命中特色规则
妇科宫腔镜	166	1612239	镜鞘-2件/z1550	2	26.4	26.4	warning	special_only 未命中特色规则
妇科宫腔镜	167	1612239	镜头-1（盒1）/Z2060	4	16.8	16.8	warning	special_only 未命中特色规则
妇科宫腔镜	168	1612239	镜头-2（盒1）/Z2060	1	26.4	26.4	warning	special_only 未命中特色规则
妇科宫腔镜	169	1612239	水管-1/w7050	2	21.0	21.0	warning	special_only 未命中特色规则
妇科宫腔镜	170	1612280	扩棒（7.5 8 8.5 9 ）-4件/z1026	1	13.2	13.2	warning	special_only 未命中特色规则
妇科宫腔镜	171	1612280	扩棒（7.5 8 8.5 9 9.5）-5件/z1026	2	16.5	16.5	warning	special_only 未命中特色规则
妇科宫腔镜	172	1612280	止血钳-1/z1029	1	4.8	4.8	warning	special_only 未命中特色规则
妇科宫腔镜	173	1612280	宫腔镜-7/w9050	5	23.1	23.1	warning	special_only 未命中特色规则
妇科宫腔镜	174	1612645	电切镜套管-4件/z2045	2	52.8	52.8	warning	special_only 未命中特色规则
妇科宫腔镜	175	1612645	镜鞘-2件/z1550	2	26.4	26.4	warning	special_only 未命中特色规则
妇科宫腔镜	176	1612645	镜头-1（盒1）/Z2060	3	16.8	16.8	warning	special_only 未命中特色规则
妇科宫腔镜	177	1612645	水管-1/w7050	1	21.0	21.0	warning	special_only 未命中特色规则
妇科宫腔镜	178	1612688	吸头（6号）-1/z7534	1	4.8	4.8	warning	special_only 未命中特色规则
妇科宫腔镜	179	1612688	吸头（8号）-1/z7534	1	4.8	4.8	warning	special_only 未命中特色规则
妇科宫腔镜	180	1612688	宫腔镜-7/w9050	4	23.1	23.1	warning	special_only 未命中特色规则
妇科宫腔镜	181	1613081	取环钩-1/z7537	1	4.8	4.8	warning	special_only 未命中特色规则
妇科宫腔镜	182	1613081	取物钳-1/z2060	3	7.8	7.8	warning	special_only 未命中特色规则
妇科宫腔镜	183	1613081	镜鞘-2件/z1550	5	26.4	26.4	warning	special_only 未命中特色规则
妇科宫腔镜	184	1613081	镜头-1（盒1）/Z2060	1	16.8	16.8	warning	special_only 未命中特色规则
妇科宫腔镜	185	1613081	镜头-2（盒1）/Z2060	2	26.4	26.4	warning	special_only 未命中特色规则
妇科宫腔镜	186	1613081	水管-1/w7050	1	21.0	21.0	warning	special_only 未命中特色规则
妇科宫腔镜	187	1613081	宫腔镜（紫）5号-2件/W905050	1	26.4	26.4	warning	special_only 未命中特色规则
妇科宫腔镜	188	1613081	宫腔镜-7/w9050	5	23.1	23.1	warning	special_only 未命中特色规则
妇科宫腔镜	189	1613414	电切镜套管-4件/z2045	2	52.8	52.8	warning	special_only 未命中特色规则
妇科宫腔镜	190	1613414	镜鞘-2件/z1550	2	26.4	26.4	warning	special_only 未命中特色规则
妇科宫腔镜	191	1613414	镜头-1（盒1）/Z2060	2	16.8	16.8	warning	special_only 未命中特色规则
妇科宫腔镜	192	1613414	镜头-2（盒1）/Z2060	1	26.4	26.4	warning	special_only 未命中特色规则
妇科宫腔镜	193	1613414	水管-1/w7050	1	21.0	21.0	warning	special_only 未命中特色规则
妇科宫腔镜	194	1613481	取环钩-1/z7537	1	4.8	4.8	warning	special_only 未命中特色规则
妇科宫腔镜	195	1613481	取物钳-1/z2060	1	7.8	7.8	warning	special_only 未命中特色规则
妇科宫腔镜	196	1613481	宫腔镜-7/w9050	5	23.1	23.1	warning	special_only 未命中特色规则
妇科病房	9	1605090	剪刀-1/Z1029	1	4.8	4.8	warning	special_only 未命中特色规则
妇科病房	10	1605090	取物钳-1/z2060	1	7.8	7.8	warning	special_only 未命中特色规则
妇科病房	11	1605090	人流包	2	39.6	39.6	warning	special_only 未命中特色规则
妇科病房	12	1605996	大镊子-1/z7534	3	4.8	4.8	warning	special_only 未命中特色规则
妇科病房	13	1605996	剪刀-1/Z1029	1	4.8	4.8	warning	special_only 未命中特色规则
妇科病房	14	1605996	人流包	1	39.6	39.6	warning	special_only 未命中特色规则
妇科病房	15	1606771	大镊子-1/z7534	2	4.8	4.8	warning	special_only 未命中特色规则
妇科病房	16	1606771	宫颈钳-1/z1535	1	6.6	6.6	warning	special_only 未命中特色规则
妇科病房	17	1606771	宫颈治疗	1	16.5	16.5	warning	special_only 未命中特色规则
妇科病房	18	1607127	大镊子-1/z7534	5	4.8	4.8	warning	special_only 未命中特色规则
妇科病房	19	1607127	宫颈钳-1/z1535	1	6.6	6.6	warning	special_only 未命中特色规则
妇科病房	20	1607127	卵圆钳-1/z1535	1	6.6	6.6	warning	special_only 未命中特色规则
妇科病房	21	1607127	人流包	1	39.6	39.6	warning	special_only 未命中特色规则
妇科病房	22	1607505	剪刀-1/Z1029	1	4.8	4.8	warning	special_only 未命中特色规则
妇科病房	23	1607505	宫颈治疗	1	16.5	16.5	warning	special_only 未命中特色规则
妇科病房	24	1607505	切开-8件/W6050	2	26.4	26.4	warning	special_only 未命中特色规则
妇科病房	25	1607505	人流包	2	39.6	39.6	warning	special_only 未命中特色规则
妇科病房	26	1608041	剪刀-1/Z1029	1	4.8	4.8	warning	special_only 未命中特色规则
妇科病房	27	1608041	扩棒（3号）-1件/z7526	1	4.8	4.8	warning	special_only 未命中特色规则
妇科病房	28	1608041	扩棒（4号）-1件/z7526	1	4.8	4.8	warning	special_only 未命中特色规则
妇科病房	29	1608041	人流包	2	39.6	39.6	warning	special_only 未命中特色规则
妇科病房	30	1608415	大镊子-1/z7534	3	4.8	4.8	warning	special_only 未命中特色规则
妇科病房	31	1608415	剪刀-1/Z1029	1	4.8	4.8	warning	special_only 未命中特色规则
妇科病房	32	1608415	扩棒（4号）-1件/z7526	1	4.8	4.8	warning	special_only 未命中特色规则
妇科病房	33	1608415	人流包	2	39.6	39.6	warning	special_only 未命中特色规则
妇科病房	34	1609176	大镊子-1/z7534	3	4.8	4.8	warning	special_only 未命中特色规则
妇科病房	35	1609176	宫颈钳-1/z1535	2	6.6	6.6	warning	special_only 未命中特色规则
妇科病房	36	1609176	扩棒（4号）-1件/z7526	1	4.8	4.8	warning	special_only 未命中特色规则
妇科病房	37	1609176	宫颈治疗	1	16.5	16.5	warning	special_only 未命中特色规则
妇科病房	38	1609176	人流包	2	39.6	39.6	warning	special_only 未命中特色规则
妇科病房	39	1610123	剪刀-1/Z1029	2	4.8	4.8	warning	special_only 未命中特色规则
妇科病房	40	1610123	人流包	2	39.6	39.6	warning	special_only 未命中特色规则
妇科病房	41	1610536	大镊子-1/z7534	3	4.8	4.8	warning	special_only 未命中特色规则
妇科病房	42	1610536	宫颈钳-1/z1535	2	6.6	6.6	warning	special_only 未命中特色规则
妇科病房	43	1610536	扩棒（4号）-1件/z7526	1	4.8	4.8	warning	special_only 未命中特色规则
妇科病房	44	1610928	大镊子-1/z7534	1	4.8	4.8	warning	special_only 未命中特色规则
妇科病房	45	1610928	宫颈钳-1/z1535	1	6.6	6.6	warning	special_only 未命中特色规则
妇科病房	46	1610928	宫颈治疗	1	16.5	16.5	warning	special_only 未命中特色规则
妇科病房	47	1611681	扩棒（4号）-1件/z7526	1	4.8	4.8	warning	special_only 未命中特色规则
妇科病房	48	1611681	宫颈治疗	2	16.5	16.5	warning	special_only 未命中特色规则
妇科病房	49	1611681	切开-8件/W6050	1	26.4	26.4	warning	special_only 未命中特色规则
妇科病房	50	1611681	人流包	1	39.6	39.6	warning	special_only 未命中特色规则
妇科病房	51	1612153	大镊子-1/z7534	3	4.8	4.8	warning	special_only 未命中特色规则
妇科病房	52	1612153	窥器-1/z1526	1	6.6	6.6	warning	special_only 未命中特色规则
妇科病房	53	1612552	大镊子-1/z7534	2	4.8	4.8	warning	special_only 未命中特色规则
妇科病房	54	1612552	宫颈钳-1/z1535	1	6.6	6.6	warning	special_only 未命中特色规则
妇科病房	55	1612552	扩棒（4号）-1件/z7526	1	4.8	4.8	warning	special_only 未命中特色规则
妇科病房	56	1612552	宫颈治疗	1	16.5	16.5	warning	special_only 未命中特色规则
妇科病房	57	1612552	人流包	1	39.6	39.6	warning	special_only 未命中特色规则
妇科病房	58	1612916	切开-8件/W6050	1	26.4	26.4	warning	special_only 未命中特色规则
妇科病房	59	1613373	宫颈钳-1/z1535	2	6.6	6.6	warning	special_only 未命中特色规则
妇科病房	60	1613373	扩棒（3号）-1件/z7526	1	4.8	4.8	warning	special_only 未命中特色规则
妇科病房	61	1613373	扩棒（4号）-1件/z7526	1	4.8	4.8	warning	special_only 未命中特色规则
妇科病房	62	1613373	镊子-1/z7530	2	4.8	4.8	warning	special_only 未命中特色规则
妇科病房	63	1613373	宫颈治疗	1	16.5	16.5	warning	special_only 未命中特色规则
妇科病房	64	1613373	人流包	1	39.6	39.6	warning	special_only 未命中特色规则
妇科门诊	9	1605072	大直钳-1/z1035	1	4.8	4.8	warning	special_only 未命中特色规则
妇科门诊	10	1605072	取环钩-1/z7537	1	4.8	4.8	warning	special_only 未命中特色规则
妇科门诊	11	1605072	取物钳-1/Z1026	2	4.8	4.8	warning	special_only 未命中特色规则
妇科门诊	12	1605072	换药缸-8/w9050	1	26.4	26.4	warning	special_only 未命中特色规则
妇科门诊	13	1605072	取环包（8件）	3	26.4	26.4	warning	special_only 未命中特色规则
妇科门诊	14	1605072	人流包（9件）	4	29.7	29.7	warning	special_only 未命中特色规则
妇科门诊	15	1605072	方盘1镊子6/w9050	1	23.1	23.1	warning	special_only 未命中特色规则
妇科门诊	16	1605997	扩棒（5.5 6 6.5）-3件/z7526	1	9.9	9.9	warning	special_only 未命中特色规则
妇科门诊	17	1605997	换药缸-8/w9050	1	26.4	26.4	warning	special_only 未命中特色规则
妇科门诊	18	1605997	取环包（8件）	1	26.4	26.4	warning	special_only 未命中特色规则
妇科门诊	19	1605997	人流包（9件）	1	29.7	29.7	warning	special_only 未命中特色规则
妇科门诊	20	1605997	方盘-1/w9050	1	9.9	9.9	warning	special_only 未命中特色规则
妇科门诊	21	1606398	扩棒（5 5.5 6）-3件/z7526	1	9.9	9.9	warning	special_only 未命中特色规则
妇科门诊	22	1606398	取物钳-1/z2060	1	7.8	7.8	warning	special_only 未命中特色规则
妇科门诊	23	1606398	止血钳-1/z1029	2	4.8	4.8	warning	special_only 未命中特色规则
妇科门诊	24	1606772	牵开器内窥镜-1/Z7520	1	4.8	4.8	warning	special_only 未命中特色规则
妇科门诊	25	1606772	取物钳-1/z2060	1	7.8	7.8	warning	special_only 未命中特色规则
妇科门诊	26	1606772	治疗手具-1/Z7520	1	4.8	4.8	warning	special_only 未命中特色规则
妇科门诊	27	1606772	取环包（8件）	4	26.4	26.4	warning	special_only 未命中特色规则
妇科门诊	28	1606772	人流包（9件）	2	29.7	29.7	warning	special_only 未命中特色规则
妇科门诊	29	1607109	大镊子-3/Z1029	3	9.9	9.9	warning	special_only 未命中特色规则
妇科门诊	30	1607109	换药缸-8/w9050	1	26.4	26.4	warning	special_only 未命中特色规则
妇科门诊	31	1607109	人流包（9件）	2	29.7	29.7	warning	special_only 未命中特色规则
妇科门诊	32	1607109	方盘-1/w9050	1	9.9	9.9	warning	special_only 未命中特色规则
妇科门诊	33	1608028	大直钳-1/z1035	1	4.8	4.8	warning	special_only 未命中特色规则
妇科门诊	34	1608028	取物钳-1/Z1026	1	4.8	4.8	warning	special_only 未命中特色规则
妇科门诊	35	1608028	换药缸-8/w9050	1	26.4	26.4	warning	special_only 未命中特色规则
妇科门诊	36	1608028	取环包（8件）	3	26.4	26.4	warning	special_only 未命中特色规则
妇科门诊	37	1608028	大镊子5盘1/w9050	1	19.8	19.8	warning	special_only 未命中特色规则
妇科门诊	38	1609167	大镊子-3/Z1029	3	9.9	9.9	warning	special_only 未命中特色规则
妇科门诊	39	1609167	大直钳-1/z1035	1	4.8	4.8	warning	special_only 未命中特色规则
妇科门诊	40	1609167	牵开器内窥镜-1/Z7520	1	4.8	4.8	warning	special_only 未命中特色规则
妇科门诊	41	1609167	阴道牵开器-1/Z1526	1	6.6	6.6	warning	special_only 未命中特色规则
妇科门诊	42	1609167	换药缸-8/w9050	1	26.4	26.4	warning	special_only 未命中特色规则
妇科门诊	43	1609167	取环包（8件）	4	26.4	26.4	warning	special_only 未命中特色规则
妇科门诊	44	1609167	人流包（9件）	3	29.7	29.7	warning	special_only 未命中特色规则
妇科门诊	45	1609167	方盘1镊子6/w9050	1	23.1	23.1	warning	special_only 未命中特色规则
妇科门诊	46	1610113	窥器1活检钳1大镊子2宫颈钳1/Z2044	1	16.5	16.5	warning	special_only 未命中特色规则
妇科门诊	47	1610113	取物钳-1/Z1026	2	4.8	4.8	warning	special_only 未命中特色规则
妇科门诊	48	1610113	吸头（8号）-1/z7534	1	4.8	4.8	warning	special_only 未命中特色规则
妇科门诊	49	1610113	小剪刀-1/z7526	1	4.8	4.8	warning	special_only 未命中特色规则
妇科门诊	50	1610113	换药缸-8/w9050	1	26.4	26.4	warning	special_only 未命中特色规则
妇科门诊	51	1610113	取环包（8件）	2	26.4	26.4	warning	special_only 未命中特色规则
妇科门诊	52	1610113	人流包（9件）	3	29.7	29.7	warning	special_only 未命中特色规则
妇科门诊	53	1610113	方盘1镊子8/w9050	1	29.7	29.7	warning	special_only 未命中特色规则
妇科门诊	54	1610537	扩棒-1件/z7526	1	4.8	4.8	warning	special_only 未命中特色规则
妇科门诊	55	1610537	止血钳-1/z1029	1	4.8	4.8	warning	special_only 未命中特色规则
妇科门诊	56	1610537	取环包（8件）	1	26.4	26.4	warning	special_only 未命中特色规则
妇科门诊	57	1610537	人流包（9件）	4	29.7	29.7	warning	special_only 未命中特色规则
妇科门诊	58	1611274	大镊子-3/Z1029	2	9.9	9.9	warning	special_only 未命中特色规则
妇科门诊	59	1611274	取物钳-1/Z1026	3	4.8	4.8	warning	special_only 未命中特色规则
妇科门诊	60	1611274	上环叉-1/z7537	1	4.8	4.8	warning	special_only 未命中特色规则
妇科门诊	61	1611274	换药缸-8/w9050	1	26.4	26.4	warning	special_only 未命中特色规则
妇科门诊	62	1611274	取环包（8件）	3	26.4	26.4	warning	special_only 未命中特色规则
妇科门诊	63	1611274	人流包（9件）	4	29.7	29.7	warning	special_only 未命中特色规则
妇科门诊	64	1611274	方盘1镊子8/w9050	1	29.7	29.7	warning	special_only 未命中特色规则
妇科门诊	65	1611329	取环包（8件）	1	26.4	26.4	warning	special_only 未命中特色规则
妇科门诊	66	1612140	棉球缸-9件/w9050	1	29.7	29.7	warning	special_only 未命中特色规则
妇科门诊	67	1612140	方盘-1/w9050	1	9.9	9.9	warning	special_only 未命中特色规则
妇科门诊	68	1612553	宫颈钳-1/z1535	2	6.6	6.6	warning	special_only 未命中特色规则
妇科门诊	69	1612553	剪刀-1/Z1029	1	4.8	4.8	warning	special_only 未命中特色规则
妇科门诊	70	1612553	扩棒（5 5.5 6）-3件/z7526	1	9.9	9.9	warning	special_only 未命中特色规则
妇科门诊	71	1612553	止血钳-1/z1029	1	4.8	4.8	warning	special_only 未命中特色规则
妇科门诊	72	1612917	大镊子-3/Z1029	5	9.9	9.9	warning	special_only 未命中特色规则
妇科门诊	73	1612917	扩棒（5 5.5 6）-3件/z7526	1	9.9	9.9	warning	special_only 未命中特色规则
妇科门诊	74	1612917	取环包（8件）	2	26.4	26.4	warning	special_only 未命中特色规则
妇科门诊	75	1612917	人流包（9件）	5	29.7	29.7	warning	special_only 未命中特色规则
妇科门诊	76	1612917	方盘1大镊子2/w9050	1	9.9	9.9	warning	special_only 未命中特色规则
妇科门诊	77	1613318	换药缸-8/w9050	1	26.4	26.4	warning	special_only 未命中特色规则
妇科阴道镜	9	1605091	刮勺-1/z7530	1	4.8	4.8	warning	special_only 未命中特色规则
妇科阴道镜	10	1605091	活检钳-1/z2032	3	7.8	7.8	warning	special_only 未命中特色规则
妇科阴道镜	11	1605998	玻璃瓶（带盖）-1/Z1026	1	4.8	4.8	warning	special_only 未命中特色规则
妇科阴道镜	12	1605998	刮勺-1/z7530	2	4.8	4.8	warning	special_only 未命中特色规则
妇科阴道镜	13	1605998	活检钳-1/z2032	6	7.8	7.8	warning	special_only 未命中特色规则
妇科阴道镜	14	1606948	活检钳-1/z2032	8	7.8	7.8	warning	special_only 未命中特色规则
妇科阴道镜	15	1606948	小刮棒-1/z7537	3	4.8	4.8	warning	special_only 未命中特色规则
妇科阴道镜	16	1608040	刮勺-1/z7530	1	4.8	4.8	warning	special_only 未命中特色规则
妇科阴道镜	17	1608040	活检钳-1/z2032	3	7.8	7.8	warning	special_only 未命中特色规则
妇科阴道镜	18	1609177	活检钳-1/z2032	5	7.8	7.8	warning	special_only 未命中特色规则
妇科阴道镜	19	1610124	活检钳-1/z2032	4	7.8	7.8	warning	special_only 未命中特色规则
妇科阴道镜	20	1610124	小刮棒-1/z7537	2	4.8	4.8	warning	special_only 未命中特色规则
妇科阴道镜	21	1610926	刮勺-1/z7530	3	4.8	4.8	warning	special_only 未命中特色规则
妇科阴道镜	22	1610926	活检钳-1/z2032	5	7.8	7.8	warning	special_only 未命中特色规则
妇科阴道镜	23	1610926	小刮棒-1/z7537	1	4.8	4.8	warning	special_only 未命中特色规则
妇科阴道镜	24	1612152	活检钳-1/z2032	5	7.8	7.8	warning	special_only 未命中特色规则
妇科阴道镜	25	1612152	小刮棒-1/z7537	2	4.8	4.8	warning	special_only 未命中特色规则
妇科阴道镜	26	1613359	刮勺-1/z7530	2	4.8	4.8	warning	special_only 未命中特色规则
妇科阴道镜	27	1613359	活检钳-1/z2032	4	7.8	7.8	warning	special_only 未命中特色规则
导管室	9	1605993	止血钳-1/z1029	4	4.8	4.8	warning	special_only 未命中特色规则
导管室	10	1610109	持针器-1/z1026	2	4.8	4.8	warning	special_only 未命中特色规则
导管室	11	1610109	止血钳-1/z1029	2	4.8	4.8	warning	special_only 未命中特色规则
导管室	12	1612131	器械包-14件	1	46.2	46.2	warning	special_only 未命中特色规则
康复科	9	1611683	气管套管-3件/z1026	1	9.9	9.9	warning	special_only 未命中特色规则
心血管内科	9	1608430	喉镜片-1（低温）/Z1026	1	13.2	13.2	warning	special_only 未命中特色规则
心血管内科	10	1608759	储氧袋（EO)-1/z1530	1	15.0	15.0	warning	special_only 未命中特色规则
心血管内科	11	1608759	简易呼吸器（呼吸气囊）EO-1套/z3060	1	21.0	21.0	warning	special_only 未命中特色规则
心血管内科	12	1608759	面罩-1/z2032	1	16.8	16.8	warning	special_only 未命中特色规则
急诊科	9	1605073	缝合包-3件/z1526	4	9.9	9.9	warning	special_only 未命中特色规则
急诊科	10	1605073	缝合包-5件/z1530	4	16.5	16.5	warning	special_only 未命中特色规则
急诊科	11	1605073	简易呼吸器（呼吸气囊）低温-1套/z3060	1	21.0	21.0	warning	special_only 未命中特色规则
急诊科	12	1605073	无菌缸-6	1	19.8	19.8	warning	special_only 未命中特色规则
急诊科	13	1605903	缝合包-3件/z1526	3	9.9	9.9	warning	special_only 未命中特色规则
急诊科	14	1605903	缝合包-5件/z1530	4	16.5	16.5	warning	special_only 未命中特色规则
急诊科	15	1606001	缝合包-3件/z1526	1	9.9	9.9	warning	special_only 未命中特色规则
急诊科	16	1606001	缝合包-5件/z1530	1	16.5	16.5	warning	special_only 未命中特色规则
急诊科	17	1606001	无菌缸-6	1	19.8	19.8	warning	special_only 未命中特色规则
急诊科	18	1607110	缝合包-3件/z1526	3	9.9	9.9	warning	special_only 未命中特色规则
急诊科	19	1607110	缝合包-5件/z1530	3	16.5	16.5	warning	special_only 未命中特色规则
急诊科	20	1607110	无菌缸-6	1	19.8	19.8	warning	special_only 未命中特色规则
急诊科	21	1607508	缝合包-3件/z1526	4	9.9	9.9	warning	special_only 未命中特色规则
急诊科	22	1607508	缝合包-5件/z1530	1	16.5	16.5	warning	special_only 未命中特色规则
急诊科	23	1607940	缝合包-3件/z1526	5	9.9	9.9	warning	special_only 未命中特色规则
急诊科	24	1607940	缝合包-5件/z1530	3	16.5	16.5	warning	special_only 未命中特色规则
急诊科	25	1607940	镊子-1/z7530	1	4.8	4.8	warning	special_only 未命中特色规则
急诊科	26	1608016	缝合包-3件/z1526	1	9.9	9.9	warning	special_only 未命中特色规则
急诊科	27	1608016	缝合包-5件/z1530	5	16.5	16.5	warning	special_only 未命中特色规则
急诊科	28	1608016	无菌缸-6	1	19.8	19.8	warning	special_only 未命中特色规则
急诊科	29	1609179	缝合包-3件/z1526	4	9.9	9.9	warning	special_only 未命中特色规则
急诊科	30	1609179	缝合包-5件/z1530	4	16.5	16.5	warning	special_only 未命中特色规则
急诊科	31	1609179	整形包-5（小）/Z1526	1	16.5	16.5	warning	special_only 未命中特色规则
急诊科	32	1609179	简易呼吸器（呼吸气囊）低温-1套/z3060	1	21.0	21.0	warning	special_only 未命中特色规则
急诊科	33	1609179	无菌缸-6	1	19.8	19.8	warning	special_only 未命中特色规则
急诊科	34	1610111	缝合包-3件/z1526	4	9.9	9.9	warning	special_only 未命中特色规则
急诊科	35	1610111	缝合包-5件/z1530	2	16.5	16.5	warning	special_only 未命中特色规则
急诊科	36	1610111	骨挫-1/Z7526	1	4.8	4.8	warning	special_only 未命中特色规则
急诊科	37	1610111	克氏钳-1/双/z1029	1	9.9	8.1	warning	校正价8.1
急诊科	38	1610111	克氏针-1/Z7534	2	4.8	4.8	warning	special_only 未命中特色规则
急诊科	39	1610111	拉钩-1/Z1029	1	4.8	4.8	warning	special_only 未命中特色规则
急诊科	40	1610111	拉钩-2/Z1026	1	8.1	8.1	warning	special_only 未命中特色规则
急诊科	41	1610111	钻钥匙-1/z1020	1	4.8	4.8	warning	special_only 未命中特色规则
急诊科	42	1610111	简易呼吸器（呼吸气囊）低温-1套/z3060	1	21.0	21.0	warning	special_only 未命中特色规则
急诊科	43	1610111	无菌缸-6	1	19.8	19.8	warning	special_only 未命中特色规则
急诊科	44	1610111	骨钻-1/w7050	1	9.9	9.9	warning	special_only 未命中特色规则
急诊科	45	1611275	缝合包-5件/z1530	3	16.5	16.5	warning	special_only 未命中特色规则
急诊科	46	1611275	无菌缸-6	1	19.8	19.8	warning	special_only 未命中特色规则
急诊科	47	1612048	缝合包-3件/z1526	5	9.9	9.9	warning	special_only 未命中特色规则
急诊科	48	1612048	缝合包-5件/z1530	4	16.5	16.5	warning	special_only 未命中特色规则
急诊科	49	1612048	咬骨钳-1/双/z2032	1	9.9	9.9	warning	special_only 未命中特色规则
急诊科	50	1612048	简易呼吸器（呼吸气囊）低温-1套/z3060	1	21.0	21.0	warning	special_only 未命中特色规则
急诊科	51	1612137	缝合包-5件/z1530	2	16.5	16.5	warning	special_only 未命中特色规则
急诊科	52	1612137	镊子-1/z7530	1	4.8	4.8	warning	special_only 未命中特色规则
急诊科	53	1612137	无菌缸-6	1	19.8	19.8	warning	special_only 未命中特色规则
急诊科	54	1613375	缝合包-3件/z1526	5	9.9	9.9	warning	special_only 未命中特色规则
急诊科	55	1613375	缝合包-5件/z1530	3	16.5	16.5	warning	special_only 未命中特色规则
急诊科	56	1613375	简易呼吸器（呼吸气囊）低温-1套/z3060	1	21.0	21.0	warning	special_only 未命中特色规则
急诊科	57	1613375	无菌缸-6	1	19.8	19.8	warning	special_only 未命中特色规则
急诊科	58	1613737	缝合包-3件/z1526	3	9.9	9.9	warning	special_only 未命中特色规则
急诊科	59	1613737	缝合包-5件/z1530	1	16.5	16.5	warning	special_only 未命中特色规则
手术室	9	1605006	康多机器人-4件（无纺布）	1	16.5	16.5	warning	special_only 未命中特色规则
手术室	10	1605006	机器人双极钳-1/Z2080	1	7.8	7.8	warning	special_only 未命中特色规则
手术室	11	1605006	康多机器人附件-9筐1/W1205060	1	33.0	33.0	warning	special_only 未命中特色规则
手术室	12	1605061	腹腔镜 (无纺布)	2	85.8	85.8	warning	special_only 未命中特色规则
手术室	13	1605061	基础包(无纺布)	1	102.3	102.3	warning	special_only 未命中特色规则
手术室	14	1605061	开腹（无纺布)	1	207.9	207.9	warning	special_only 未命中特色规则
手术室	15	1605061	空心钻-4件（筐1）/w9050	1	16.5	16.5	warning	special_only 未命中特色规则
手术室	16	1605061	拉钩-2/Z1026	2	8.1	8.1	warning	special_only 未命中特色规则
手术室	17	1605061	吸引器1吸引器芯1/z7530	1	8.1	8.1	warning	special_only 未命中特色规则
手术室	18	1605061	小S钩-2/z2044	1	9.9	9.9	warning	special_only 未命中特色规则
手术室	19	1605061	等离子镜-13件（筐1）/w12050	1	138.6	138.6	warning	special_only 未命中特色规则
手术室	20	1605061	整形包 (无纺布)-18件	1	62.7	62.7	warning	special_only 未命中特色规则
手术室	21	1605061	整形11件(无纺布)	1	36.3	36.3	warning	special_only 未命中特色规则
手术室	22	1605061	痔疮包（无纺布）	1	75.9	75.9	warning	special_only 未命中特色规则
手术室	23	1605061	持物钳罐2 钳2/w9050	5	13.2	13.2	warning	special_only 未命中特色规则
手术室	24	1605227	腹腔镜 (无纺布)	2	85.8	85.8	warning	special_only 未命中特色规则
手术室	25	1605227	骨科下肢(无纺布)	1	89.1	89.1	warning	special_only 未命中特色规则
手术室	26	1605227	基础包(无纺布)	4	102.3	102.3	warning	special_only 未命中特色规则
手术室	27	1605227	空心钻  4件  筐1	1	16.5	16.5	warning	special_only 未命中特色规则
手术室	28	1605227	剖宫产(无纺布)	2	155.1	155.1	warning	special_only 未命中特色规则
手术室	29	1605227	中隔包(无纺布)	1	82.5	82.5	warning	special_only 未命中特色规则
手术室	30	1605227	空心钻-4件（筐1）/w9050	3	16.5	16.5	warning	special_only 未命中特色规则
手术室	31	1605227	剥离子-1/z7530	1	4.8	4.8	warning	special_only 未命中特色规则
手术室	32	1605227	骨刀-1/z7530	1	4.8	4.8	warning	special_only 未命中特色规则
手术室	33	1605227	克氏钳（平头）-1/双/z1029	1	9.9	8.1	warning	校正价8.1
手术室	34	1605227	植骨棒-1/z7530	1	4.8	4.8	warning	special_only 未命中特色规则
手术室	35	1605227	戳卡-2件/z1530	1	26.4	26.4	warning	special_only 未命中特色规则
手术室	36	1605227	剪刀（低温）-1/Z2060	1	16.8	16.8	warning	special_only 未命中特色规则
手术室	37	1605227	直角钳-1/z2060	1	16.8	16.8	warning	special_only 未命中特色规则
手术室	38	1605227	膀胱镜-8件（筐1）/w12050	1	92.4	92.4	warning	special_only 未命中特色规则
手术室	39	1605227	鼻内镜-3/W9050	1	39.6	39.6	warning	special_only 未命中特色规则
手术室	40	1605227	等离子镜-13件（筐1）/w12050	1	138.6	138.6	warning	special_only 未命中特色规则
手术室	41	1605227	好镜-26筐1/W12050	1	246.0	180.0	warning	校正价180.0
手术室	42	1605227	举宫杯-9件/W12050	1	99.0	99.0	warning	special_only 未命中特色规则
手术室	43	1605227	普镜-26（筐1）/W12050	1	246.0	180.0	warning	校正价180.0
手术室	44	1605227	输尿硬镜-4件（筐1）/w12050	1	52.8	52.8	warning	special_only 未命中特色规则
手术室	45	1605227	外二26筐1/w12050	1	246.0	180.0	warning	校正价180.0
手术室	46	1605227	外三 26筐1/W12050	1	246.0	180.0	warning	校正价180.0
手术室	47	1605227	外三27	1	259.2	180.0	warning	校正价180.0
手术室	48	1605227	腹腔镜(无纺布)	3	85.8	85.8	warning	special_only 未命中特色规则
手术室	49	1605227	取钢板(无纺布)	1	72.6	72.6	warning	special_only 未命中特色规则
手术室	50	1605227	4K镜头-1 光源线-1/W12050	1	26.4	26.4	warning	special_only 未命中特色规则
手术室	51	1605227	骨科器械-2（黄志主任用）/W7050	1	9.9	9.9	warning	special_only 未命中特色规则
手术室	52	1605254	输尿硬镜-4件（筐1）/w12050	2	52.8	52.8	warning	special_only 未命中特色规则
手术室	53	1605267	洗手衣	7	15.0	15.0	warning	敷料包(无纺布包)——未识别规格
手术室	54	1605289	5号（无纺布）	1	36.3	36.3	warning	special_only 未命中特色规则
手术室	55	1605289	电切包(无纺布)	1	105.6	105.6	warning	special_only 未命中特色规则
手术室	56	1605289	关节镜(无纺布)	1	112.2	112.2	warning	special_only 未命中特色规则
手术室	57	1605289	基础包(无纺布)	3	102.3	102.3	warning	special_only 未命中特色规则
手术室	58	1605289	阑尾(无纺布)	2	155.1	155.1	warning	special_only 未命中特色规则
手术室	59	1605289	整形包-28件(无纺布)	3	99.0	99.0	warning	special_only 未命中特色规则
手术室	60	1605289	整形号包 (无纺布)	1	85.8	85.8	warning	special_only 未命中特色规则
手术室	61	1605289	骨电钻 -4件（筐1）/w9050	1	16.5	16.5	warning	special_only 未命中特色规则
手术室	62	1605289	空心钻-4件（筐1）/w9050	1	16.5	16.5	warning	special_only 未命中特色规则
手术室	63	1605289	剥离子-1/z7530	5	4.8	4.8	warning	special_only 未命中特色规则
手术室	64	1605289	刀柄-1/z7526	1	4.8	4.8	warning	special_only 未命中特色规则
手术室	65	1605289	肛门镜-2件/z1530	1	9.9	9.9	warning	special_only 未命中特色规则
手术室	66	1605289	拉钩-2/Z1026	2	8.1	8.1	warning	special_only 未命中特色规则
手术室	67	1605289	驱血带-1/z2032	2	7.8	7.8	warning	special_only 未命中特色规则
手术室	68	1605289	羊角勾-1/z1530	1	6.6	6.6	warning	special_only 未命中特色规则
手术室	69	1605289	咬骨钳-1/双/z2032	1	9.9	9.9	warning	special_only 未命中特色规则
手术室	70	1605289	持针器-1/z1560	2	15.0	15.0	warning	special_only 未命中特色规则
手术室	71	1605289	戳卡-2件/z1530	2	26.4	26.4	warning	special_only 未命中特色规则
手术室	72	1605289	光纤-1/z2030	1	16.8	16.8	warning	special_only 未命中特色规则
手术室	73	1605289	夹钳-1/z2060	1	16.8	16.8	warning	special_only 未命中特色规则
手术室	74	1605289	剪刀（低温）-1/Z2060	1	16.8	16.8	warning	special_only 未命中特色规则
手术室	75	1605289	软钳-1/Z1570	1	15.0	15.0	warning	special_only 未命中特色规则
手术室	76	1605289	水管-1/w7050	1	21.0	21.0	warning	special_only 未命中特色规则
手术室	77	1605289	水管-2/W7050	1	26.4	26.4	warning	special_only 未命中特色规则
手术室	78	1605289	3D高清腹腔镜2件	1	26.4	26.4	warning	special_only 未命中特色规则
手术室	79	1605289	等离子镜-11件（筐1）/w12050	1	112.2	112.2	warning	special_only 未命中特色规则
手术室	80	1605289	妇科-31	2	292.2	180.0	warning	校正价180.0
手术室	81	1605289	关节镜-13件（筐1）/w12050	1	138.6	138.6	warning	special_only 未命中特色规则
手术室	82	1605289	关节镜器械7件	1	92.4	92.4	warning	special_only 未命中特色规则
手术室	83	1605289	举宫杯-7件/W12050	1	79.2	79.2	warning	special_only 未命中特色规则
手术室	84	1605289	普镜-24件（筐1）/w12050	1	232.8	180.0	warning	校正价180.0
手术室	85	1605289	输尿硬镜-4件（筐1）/w12050	2	52.8	52.8	warning	special_only 未命中特色规则
手术室	86	1605289	外一27件筐1/W12050	1	259.2	180.0	warning	校正价180.0
手术室	87	1605289	腹腔镜(无纺布)	2	85.8	85.8	warning	special_only 未命中特色规则
手术室	88	1605289	痔疮包（无纺布）	1	75.9	75.9	warning	special_only 未命中特色规则
手术室	89	1605289	25°镜头1件 盒1/z2060	1	16.8	16.8	warning	special_only 未命中特色规则
手术室	90	1605289	胸腔镜-23件（筐1）/w12050	1	206.4	180.0	warning	校正价180.0
手术室	91	1605289	持物钳罐2 钳2/w9050	3	13.2	13.2	warning	special_only 未命中特色规则
手术室	92	1605448	软钳-1/Z1570	1	15.0	15.0	warning	special_only 未命中特色规则
手术室	93	1605448	水管-1/w7050	1	21.0	21.0	warning	special_only 未命中特色规则
手术室	94	1605448	输尿硬镜-4件（筐1）/w12050	1	52.8	52.8	warning	special_only 未命中特色规则
手术室	95	1605450	水管-1/w7050	1	21.0	21.0	warning	special_only 未命中特色规则
手术室	96	1605453	腹腔镜 (无纺布)	1	85.8	85.8	warning	special_only 未命中特色规则
手术室	97	1605453	基础包(无纺布)	3	102.3	102.3	warning	special_only 未命中特色规则
手术室	98	1605453	剖宫产(无纺布)	2	155.1	155.1	warning	special_only 未命中特色规则
手术室	99	1605453	整形包-28件(无纺布)	1	99.0	99.0	warning	special_only 未命中特色规则
手术室	100	1605453	骨挫-1/Z7526	1	4.8	4.8	warning	special_only 未命中特色规则
手术室	101	1605453	刮勺-1/z7530	1	4.8	4.8	warning	special_only 未命中特色规则
手术室	102	1605453	剪刀-1/Z1029	1	4.8	4.8	warning	special_only 未命中特色规则
手术室	103	1605453	挖勺-1/z7530	1	4.8	4.8	warning	special_only 未命中特色规则
手术室	104	1605453	吸引器1吸引器芯1/z7530	1	8.1	8.1	warning	special_only 未命中特色规则
手术室	105	1605453	咬骨钳-1/双/z2032	1	9.9	9.9	warning	special_only 未命中特色规则
手术室	106	1605453	喉镜-1/Z2030	1	16.8	16.8	warning	special_only 未命中特色规则
手术室	107	1605453	等离子镜-11件（筐1）/w12050	1	112.2	112.2	warning	special_only 未命中特色规则
手术室	108	1605453	腹腔镜(无纺布)	2	85.8	85.8	warning	special_only 未命中特色规则
手术室	109	1605453	取钢板(无纺布)	1	72.6	72.6	warning	special_only 未命中特色规则
手术室	110	1605453	整形11件(无纺布)	1	36.3	36.3	warning	special_only 未命中特色规则
手术室	111	1605453	痔疮包（无纺布）	1	75.9	75.9	warning	special_only 未命中特色规则
手术室	112	1605453	持物钳罐2 钳2/w9050	3	13.2	13.2	warning	special_only 未命中特色规则
手术室	113	1605453	锤子-1/w6050	1	9.9	9.9	warning	special_only 未命中特色规则
手术室	114	1605466	剖宫产(无纺布)	1	155.1	155.1	warning	special_only 未命中特色规则
手术室	115	1605466	支撑喉镜(无纺布)	1	59.4	59.4	warning	special_only 未命中特色规则
手术室	116	1605466	持物钳罐2 钳2/w9050	5	13.2	13.2	warning	special_only 未命中特色规则
手术室	117	1605519	软钳-1/Z1570	1	15.0	15.0	warning	special_only 未命中特色规则
手术室	118	1605519	等离子镜-13件（筐1）/w12050	1	138.6	138.6	warning	special_only 未命中特色规则
手术室	119	1605519	输尿硬镜-4件（筐1）/w12050	2	52.8	52.8	warning	special_only 未命中特色规则
手术室	120	1605577	基础包(无纺布)	3	102.3	102.3	warning	special_only 未命中特色规则
手术室	121	1605577	剖宫产(无纺布)	3	155.1	155.1	warning	special_only 未命中特色规则
手术室	122	1605577	整形包--11件（无纺布）	1	36.3	36.3	warning	special_only 未命中特色规则
手术室	123	1605577	中弯包(无纺布)	1	105.6	105.6	warning	special_only 未命中特色规则
手术室	124	1605577	钻孔包(无纺布)	1	188.1	188.1	warning	special_only 未命中特色规则
手术室	125	1605577	剥离子-1/z7530	1	4.8	4.8	warning	special_only 未命中特色规则
手术室	126	1605577	肛管-1/Z7545	2	4.8	4.8	warning	special_only 未命中特色规则
手术室	127	1605577	剪刀-1/Z1029	2	4.8	4.8	warning	special_only 未命中特色规则
手术室	128	1605577	拉钩-2/Z1026	2	8.1	8.1	warning	special_only 未命中特色规则
手术室	129	1605577	造瘘器-4/z1526	2	13.2	13.2	warning	special_only 未命中特色规则
手术室	130	1605577	针头-1/z7526	1	4.8	4.8	warning	special_only 未命中特色规则
手术室	131	1605577	手架-1/z2030	1	16.8	16.8	warning	special_only 未命中特色规则
手术室	132	1605577	等离子镜-11件（筐1）/w12050	1	112.2	112.2	warning	special_only 未命中特色规则
手术室	133	1605577	等离子镜-13件（筐1）/w12050	1	138.6	138.6	warning	special_only 未命中特色规则
手术室	134	1605577	关节镜器械7件	1	92.4	92.4	warning	special_only 未命中特色规则
手术室	135	1605577	输尿硬镜-4件（筐1）/w12050	1	52.8	52.8	warning	special_only 未命中特色规则
手术室	136	1605577	整形包 (无纺布)-18件	1	62.7	62.7	warning	special_only 未命中特色规则
手术室	137	1605577	腹腔镜(无纺布)	1	85.8	85.8	warning	special_only 未命中特色规则
手术室	138	1605577	切肋7件（无纺布）	1	26.4	26.4	warning	special_only 未命中特色规则
手术室	139	1605577	整形11件(无纺布)	1	36.3	36.3	warning	special_only 未命中特色规则
手术室	140	1605577	25°镜头1件 盒1/z2060	1	16.8	16.8	warning	special_only 未命中特色规则
手术室	141	1605577	胸腔镜-23件（筐1）/w12050	1	206.4	180.0	warning	校正价180.0
手术室	142	1605577	持物钳罐2 钳2/w9050	5	13.2	13.2	warning	special_only 未命中特色规则
手术室	143	1605675	洗手衣	6	15.0	15.0	warning	敷料包(无纺布包)——未识别规格
手术室	144	1605686	腹腔镜 (无纺布)	1	85.8	85.8	warning	special_only 未命中特色规则
手术室	145	1605686	基础包(无纺布)	2	102.3	102.3	warning	special_only 未命中特色规则
手术室	146	1605686	开腹（无纺布)	1	207.9	207.9	warning	special_only 未命中特色规则
手术室	147	1605686	空心钻  4件  筐1	1	16.5	16.5	warning	special_only 未命中特色规则
手术室	148	1605686	阑尾(无纺布)	1	155.1	155.1	warning	special_only 未命中特色规则
手术室	149	1605686	整形包-28件(无纺布)	3	99.0	99.0	warning	special_only 未命中特色规则
手术室	150	1605686	整形号包 (无纺布)	1	85.8	85.8	warning	special_only 未命中特色规则
手术室	151	1605686	骨电钻 -4件（筐1）/w9050	1	16.5	16.5	warning	special_only 未命中特色规则
手术室	152	1605686	剥离子-1/z7530	2	4.8	4.8	warning	special_only 未命中特色规则
手术室	153	1605686	骨刀-1/z7530	1	4.8	4.8	warning	special_only 未命中特色规则
手术室	154	1605686	克氏钳（平头）-1/双/z1029	1	9.9	8.1	warning	校正价8.1
手术室	155	1605686	拉钩-2/Z1026	2	8.1	8.1	warning	special_only 未命中特色规则
手术室	156	1605686	咬骨钳-1/双/z2032	1	9.9	9.9	warning	special_only 未命中特色规则
手术室	157	1605686	长刀柄-1/Z1060	1	13.2	13.2	warning	special_only 未命中特色规则
手术室	158	1605686	磨钻-10件/z2530	1	99.0	99.0	warning	special_only 未命中特色规则
手术室	159	1605686	软钳-1/Z1570	1	15.0	15.0	warning	special_only 未命中特色规则
手术室	160	1605686	水管-1/w7050	2	21.0	21.0	warning	special_only 未命中特色规则
手术室	161	1605686	直角钳-1/z2060	1	16.8	16.8	warning	special_only 未命中特色规则
手术室	162	1605686	输尿硬镜-4件（筐1）/w12050	2	52.8	52.8	warning	special_only 未命中特色规则
手术室	163	1605686	外二26筐1/w12050	1	246.0	180.0	warning	校正价180.0
手术室	164	1605686	外三 26筐1/W12050	1	246.0	180.0	warning	校正价180.0
手术室	165	1605686	胸腔镜-21	1	193.2	180.0	warning	校正价180.0
手术室	166	1605686	整形包 (无纺布)-18件	2	62.7	62.7	warning	special_only 未命中特色规则
手术室	167	1605686	腹腔镜(无纺布)	1	85.8	85.8	warning	special_only 未命中特色规则
手术室	168	1605686	弯盘1小弯10/W6050	1	36.3	36.3	warning	special_only 未命中特色规则
手术室	169	1605686	输尿硬镜-1件（筐1）/w12050	1	21.0	21.0	warning	special_only 未命中特色规则
手术室	170	1605686	持物钳罐2 钳2/w9050	8	13.2	13.2	warning	special_only 未命中特色规则
手术室	171	1605686	锤子-1/w6050	1	9.9	9.9	warning	special_only 未命中特色规则
手术室	172	1605693	关节镜(无纺布)	1	112.2	112.2	warning	special_only 未命中特色规则
手术室	173	1605693	关节镜器械7件	1	92.4	92.4	warning	special_only 未命中特色规则
手术室	174	1605914	AO配套(无纺布)	1	62.7	62.7	warning	special_only 未命中特色规则
手术室	175	1605914	X号-52件	1	174.9	174.9	warning	special_only 未命中特色规则
手术室	176	1605914	基础包(无纺布)	3	102.3	102.3	warning	special_only 未命中特色规则
手术室	177	1605914	开腹（无纺布)	1	207.9	207.9	warning	special_only 未命中特色规则
手术室	178	1605914	阑尾(无纺布)	1	155.1	155.1	warning	special_only 未命中特色规则
手术室	179	1605914	剖宫产(无纺布)	1	155.1	155.1	warning	special_only 未命中特色规则
手术室	180	1605914	腰间盘(无纺布)	1	155.1	155.1	warning	special_only 未命中特色规则
手术室	181	1605914	空心钻-4件（筐1）/w9050	1	16.5	16.5	warning	special_only 未命中特色规则
手术室	182	1605914	克氏钳（平头）-1/双/z1029	1	9.9	8.1	warning	校正价8.1
手术室	183	1605914	髓核钳-1/z2032	1	7.8	7.8	warning	special_only 未命中特色规则
手术室	184	1605914	挖勺-1/z7530	2	4.8	4.8	warning	special_only 未命中特色规则
手术室	185	1605914	吸引器（无芯）-1/z7530	2	4.8	4.8	warning	special_only 未命中特色规则
手术室	186	1605914	小S钩-2/z2044	1	9.9	9.9	warning	special_only 未命中特色规则
手术室	187	1605914	椎板钳-1/双2032	1	9.9	9.9	warning	special_only 未命中特色规则
手术室	188	1605914	超声刀线-1/z3040	1	21.0	21.0	warning	special_only 未命中特色规则
手术室	189	1605914	持针器-1/z1560	1	15.0	15.0	warning	special_only 未命中特色规则
手术室	190	1605914	吸引器-1/z1560	1	15.0	15.0	warning	special_only 未命中特色规则
手术室	191	1605914	关节镜器械7件	1	92.4	92.4	warning	special_only 未命中特色规则
手术室	192	1605914	磨钻-4件（筐1）/w9050	1	52.8	52.8	warning	special_only 未命中特色规则
手术室	193	1605914	外三27	1	259.2	180.0	warning	校正价180.0
手术室	194	1605914	整形包 (无纺布)-18件	1	62.7	62.7	warning	special_only 未命中特色规则
手术室	195	1605914	腹腔镜(无纺布)	1	85.8	85.8	warning	special_only 未命中特色规则
手术室	196	1605914	持物钳罐2 钳2/w9050	6	13.2	13.2	warning	special_only 未命中特色规则
手术室	197	1605920	关节镜(无纺布)	1	112.2	112.2	warning	special_only 未命中特色规则
手术室	198	1605920	缝合器-1/Z1530	3	6.6	6.6	warning	special_only 未命中特色规则
手术室	199	1605920	锤子-1/w6050	1	9.9	9.9	warning	special_only 未命中特色规则
手术室	200	1605958	洗手衣	9	15.0	15.0	warning	敷料包(无纺布包)——未识别规格
手术室	201	1605989	开腹（无纺布)	1	207.9	207.9	warning	special_only 未命中特色规则
手术室	202	1605989	脑微创(无纺布)	1	82.5	82.5	warning	special_only 未命中特色规则
手术室	203	1605989	整形包-28件(无纺布)	1	99.0	99.0	warning	special_only 未命中特色规则
手术室	204	1605989	脑电钻- 10件（筐1）/w9050	1	36.3	36.3	warning	special_only 未命中特色规则
手术室	205	1605989	缝合器-1/Z1530	3	6.6	6.6	warning	special_only 未命中特色规则
手术室	206	1605989	超声刀线-1/z3040	1	21.0	21.0	warning	special_only 未命中特色规则
手术室	207	1605989	分离钳-1/z2060	1	16.8	16.8	warning	special_only 未命中特色规则
手术室	208	1605989	双极电凝1双极导线1/z2060	1	26.4	26.4	warning	special_only 未命中特色规则
手术室	209	1605989	关节镜器械7件	1	92.4	92.4	warning	special_only 未命中特色规则
手术室	210	1605989	外一27件筐1/W12050	1	259.2	180.0	warning	校正价180.0
手术室	211	1605989	持物钳罐2 钳2/w9050	3	13.2	13.2	warning	special_only 未命中特色规则
手术室	212	1605989	锤子-1/w6050	1	9.9	9.9	warning	special_only 未命中特色规则
手术室	213	1606027	戳卡-2件/z1530	3	26.4	26.4	warning	special_only 未命中特色规则
手术室	214	1606027	等离子镜-13件（筐1）/w12050	2	138.6	138.6	warning	special_only 未命中特色规则
手术室	215	1606027	普镜-26（筐1）/W12050	1	246.0	180.0	warning	校正价180.0
手术室	216	1606027	外三27	1	259.2	180.0	warning	校正价180.0
手术室	217	1606083	造瘘器-4/z1526	1	13.2	13.2	warning	special_only 未命中特色规则
手术室	218	1606083	分离钳-1/z2060	1	16.8	16.8	warning	special_only 未命中特色规则
手术室	219	1606083	软钳-1/Z1570	2	15.0	15.0	warning	special_only 未命中特色规则
手术室	220	1606083	双极电凝1双极导线1/z2060	1	26.4	26.4	warning	special_only 未命中特色规则
手术室	221	1606083	水管-1/w7050	2	21.0	21.0	warning	special_only 未命中特色规则
手术室	222	1606083	胃钳-1/z2060	1	16.8	16.8	warning	special_only 未命中特色规则
手术室	223	1606083	4K-23件	1	219.6	180.0	warning	校正价180.0
手术室	224	1606083	输尿硬镜-4件（筐1）/w12050	2	52.8	52.8	warning	special_only 未命中特色规则
手术室	225	1606083	外二26筐1/w12050	1	246.0	180.0	warning	校正价180.0
手术室	226	1606083	整形包 (无纺布)-18件	1	62.7	62.7	warning	special_only 未命中特色规则
手术室	227	1606083	腹腔镜(无纺布)	3	85.8	85.8	warning	special_only 未命中特色规则
手术室	228	1606083	痔疮包（无纺布）	1	75.9	75.9	warning	special_only 未命中特色规则
手术室	229	1606083	持物钳罐2 钳2/w9050	1	13.2	13.2	warning	special_only 未命中特色规则
手术室	230	1606101	腹腔镜 (无纺布)	1	85.8	85.8	warning	special_only 未命中特色规则
手术室	231	1606101	开腹（无纺布)	1	207.9	207.9	warning	special_only 未命中特色规则
手术室	232	1606101	阑尾(无纺布)	1	155.1	155.1	warning	special_only 未命中特色规则
手术室	233	1606101	剖宫产(无纺布)	2	155.1	155.1	warning	special_only 未命中特色规则
手术室	234	1606101	镊子-1/z7530	1	4.8	4.8	warning	special_only 未命中特色规则
手术室	235	1606101	夹钳-1/z2060	2	16.8	16.8	warning	special_only 未命中特色规则
手术室	236	1606101	胸腔镜-21	1	193.2	180.0	warning	校正价180.0
手术室	237	1606101	S拉钩（大）-2/w7050	1	9.9	9.9	warning	special_only 未命中特色规则
手术室	238	1606101	S拉钩（小）-2/w6050	1	9.9	9.9	warning	special_only 未命中特色规则
手术室	239	1606101	持物钳罐2 钳2/w9050	3	13.2	13.2	warning	special_only 未命中特色规则
手术室	240	1606184	腹腔镜 (无纺布)	1	85.8	85.8	warning	special_only 未命中特色规则
手术室	241	1606184	基础包(无纺布)	1	102.3	102.3	warning	special_only 未命中特色规则
手术室	242	1606184	全髋(无纺布)	1	72.6	72.6	warning	special_only 未命中特色规则
手术室	243	1606184	剪刀-1/Z1029	1	4.8	4.8	warning	special_only 未命中特色规则
手术室	244	1606184	外三 26筐1/W12050	1	246.0	180.0	warning	校正价180.0
手术室	245	1606184	外三27	1	259.2	180.0	warning	校正价180.0
手术室	246	1606184	整形包 (无纺布)-18件	1	62.7	62.7	warning	special_only 未命中特色规则
手术室	247	1606184	腹腔镜(无纺布)	1	85.8	85.8	warning	special_only 未命中特色规则
手术室	248	1606184	痔疮包（无纺布）	3	75.9	75.9	warning	special_only 未命中特色规则
手术室	249	1606184	4K镜头-1 光源线-1/W12050	1	26.4	26.4	warning	special_only 未命中特色规则
手术室	250	1606184	持物钳罐2 钳2/w9050	5	13.2	13.2	warning	special_only 未命中特色规则
手术室	251	1606201	洗手衣	6	15.0	15.0	warning	敷料包(无纺布包)——未识别规格
手术室	252	1606417	普镜-26（筐1）/W12050	1	246.0	180.0	warning	校正价180.0
手术室	253	1606417	输尿硬镜-4件（筐1）/w12050	1	52.8	52.8	warning	special_only 未命中特色规则
手术室	254	1606417	外三 26筐1/W12050	1	246.0	180.0	warning	校正价180.0
手术室	255	1606417	外三27	1	259.2	180.0	warning	校正价180.0
手术室	256	1606417	胸腔镜-21	1	193.2	180.0	warning	校正价180.0
手术室	257	1606422	腹腔镜 (无纺布)	1	85.8	85.8	warning	special_only 未命中特色规则
手术室	258	1606422	骨科下肢(无纺布)	1	89.1	89.1	warning	special_only 未命中特色规则
手术室	259	1606422	基础包(无纺布)	1	102.3	102.3	warning	special_only 未命中特色规则
手术室	260	1606422	空心钻  4件  筐1	1	16.5	16.5	warning	special_only 未命中特色规则
手术室	261	1606422	骨电钻 -4件（筐1）/w9050	1	16.5	16.5	warning	special_only 未命中特色规则
手术室	262	1606422	空心钻-4件（筐1）/w9050	1	16.5	16.5	warning	special_only 未命中特色规则
手术室	263	1606422	腹腔镜(无纺布)	2	85.8	85.8	warning	special_only 未命中特色规则
手术室	264	1606422	持物钳罐2 钳2/w9050	4	13.2	13.2	warning	special_only 未命中特色规则
手术室	265	1606422	骨科大剪刀-1/w905060	1	9.9	9.9	warning	special_only 未命中特色规则
手术室	266	1606460	剪刀（低温）-1/Z2060	1	16.8	16.8	warning	special_only 未命中特色规则
手术室	267	1606460	磨钻-10件/z2530	1	99.0	99.0	warning	special_only 未命中特色规则
手术室	268	1606460	吸引器-4/Z1530	1	52.8	52.8	warning	special_only 未命中特色规则
手术室	269	1606460	直角钳-1/z2060	1	16.8	16.8	warning	special_only 未命中特色规则
手术室	270	1606460	膀胱镜-8件（筐1）/w12050	2	92.4	92.4	warning	special_only 未命中特色规则
手术室	271	1606460	妇科-31	1	292.2	180.0	warning	校正价180.0
手术室	272	1606460	举宫杯-7件/W12050	1	79.2	79.2	warning	special_only 未命中特色规则
手术室	273	1606460	普镜-24件（筐1）/w12050	1	232.8	180.0	warning	校正价180.0
手术室	274	1606460	外二26筐1/w12050	1	246.0	180.0	warning	校正价180.0
手术室	275	1606460	外一27件筐1/W12050	1	259.2	180.0	warning	校正价180.0
手术室	276	1606460	4K镜头-1 光源线-1/W12050	1	26.4	26.4	warning	special_only 未命中特色规则
手术室	277	1606513	腹腔镜 (无纺布)	1	85.8	85.8	warning	special_only 未命中特色规则
手术室	278	1606513	基础包(无纺布)	1	102.3	102.3	warning	special_only 未命中特色规则
手术室	279	1606513	剖宫产(无纺布)	1	155.1	155.1	warning	special_only 未命中特色规则
手术室	280	1606513	全髋(无纺布)	1	72.6	72.6	warning	special_only 未命中特色规则
手术室	281	1606513	整形包-28件(无纺布)	1	99.0	99.0	warning	special_only 未命中特色规则
手术室	282	1606513	整形号包 (无纺布)	1	85.8	85.8	warning	special_only 未命中特色规则
手术室	283	1606513	空心钻-4件（筐1）/w9050	1	16.5	16.5	warning	special_only 未命中特色规则
手术室	284	1606513	等离子镜-13件（筐1）/w12050	1	138.6	138.6	warning	special_only 未命中特色规则
手术室	285	1606513	泌腹腔镜-25件（筐1）/w12050	1	232.8	180.0	warning	校正价180.0
手术室	286	1606513	斯道斯电切镜-13件（筐1）/w12050	1	138.6	138.6	warning	special_only 未命中特色规则
手术室	287	1606513	腹腔镜(无纺布)	2	85.8	85.8	warning	special_only 未命中特色规则
手术室	288	1606513	25°镜头1件 盒1/z2060	1	16.8	16.8	warning	special_only 未命中特色规则
手术室	289	1606586	腹腔镜 (无纺布)	2	85.8	85.8	warning	special_only 未命中特色规则
手术室	290	1606586	基础包(无纺布)	3	102.3	102.3	warning	special_only 未命中特色规则
手术室	291	1606586	开腹（无纺布)	1	207.9	207.9	warning	special_only 未命中特色规则
手术室	292	1606586	阴式（无纺布）	1	171.6	171.6	warning	special_only 未命中特色规则
手术室	293	1606586	钻孔包(无纺布)	1	188.1	188.1	warning	special_only 未命中特色规则
手术室	294	1606586	空心钻-4件（筐1）/w9050	1	16.5	16.5	warning	special_only 未命中特色规则
手术室	295	1606586	剥离子-1/z7530	1	4.8	4.8	warning	special_only 未命中特色规则
手术室	296	1606586	持针器-1/z1026	1	4.8	4.8	warning	special_only 未命中特色规则
手术室	297	1606586	刮勺-1/z7530	1	4.8	4.8	warning	special_only 未命中特色规则
手术室	298	1606586	针头-1/z7526	1	4.8	4.8	warning	special_only 未命中特色规则
手术室	299	1606586	戳卡-2件/z1530	1	26.4	26.4	warning	special_only 未命中特色规则
手术室	300	1606586	软钳-1/Z1570	1	15.0	15.0	warning	special_only 未命中特色规则
手术室	301	1606586	水管-1/w7050	1	21.0	21.0	warning	special_only 未命中特色规则
手术室	302	1606586	3D高清腹腔镜2件	1	26.4	26.4	warning	special_only 未命中特色规则
手术室	303	1606586	4K-23件	1	219.6	180.0	warning	校正价180.0
手术室	304	1606586	等离子镜-13件（筐1）/w12050	1	138.6	138.6	warning	special_only 未命中特色规则
手术室	305	1606586	好镜-26筐1/W12050	1	246.0	180.0	warning	校正价180.0
手术室	306	1606586	输尿硬镜-4件（筐1）/w12050	1	52.8	52.8	warning	special_only 未命中特色规则
手术室	307	1606586	整形包 (无纺布)-18件	1	62.7	62.7	warning	special_only 未命中特色规则
手术室	308	1606586	腹腔镜(无纺布)	2	85.8	85.8	warning	special_only 未命中特色规则
手术室	309	1606586	整形11件(无纺布)	1	36.3	36.3	warning	special_only 未命中特色规则
手术室	310	1606586	痔疮包（无纺布）	3	75.9	75.9	warning	special_only 未命中特色规则
手术室	311	1606586	持物钳罐2 钳2/w9050	8	13.2	13.2	warning	special_only 未命中特色规则
手术室	312	1606586	骨科大剪刀-1/w905060	1	9.9	9.9	warning	special_only 未命中特色规则
手术室	313	1606586	尿道探子-8件/W6050	1	26.4	26.4	warning	special_only 未命中特色规则
手术室	314	1606603	洗手衣	4	15.0	15.0	warning	敷料包(无纺布包)——未识别规格
手术室	315	1606778	基础包(无纺布)	3	102.3	102.3	warning	special_only 未命中特色规则
手术室	316	1606778	骨电钻 -4件（筐1）/w9050	1	16.5	16.5	warning	special_only 未命中特色规则
手术室	317	1606778	空心钻-4件（筐1）/w9050	1	16.5	16.5	warning	special_only 未命中特色规则
手术室	318	1606778	剥离子-1/z7530	1	4.8	4.8	warning	special_only 未命中特色规则
手术室	319	1606778	刮勺-1/z7530	3	4.8	4.8	warning	special_only 未命中特色规则
手术室	320	1606778	咬骨钳-1/双/z2032	1	9.9	9.9	warning	special_only 未命中特色规则
手术室	321	1606778	妇科-31	1	292.2	180.0	warning	校正价180.0
手术室	322	1606778	输尿硬镜-4件（筐1）/w12050	1	52.8	52.8	warning	special_only 未命中特色规则
手术室	323	1606778	整形包 (无纺布)-18件	1	62.7	62.7	warning	special_only 未命中特色规则
手术室	324	1606778	全髋-6件/w9050	1	23.1	23.1	warning	special_only 未命中特色规则
手术室	325	1606778	持物钳罐2 钳2/w9050	2	13.2	13.2	warning	special_only 未命中特色规则
手术室	326	1606874	扁桃(无纺布)	1	75.9	75.9	warning	special_only 未命中特色规则
手术室	327	1606874	腹腔镜 (无纺布)	2	85.8	85.8	warning	special_only 未命中特色规则
手术室	328	1606874	基础包(无纺布)	1	102.3	102.3	warning	special_only 未命中特色规则
手术室	329	1606874	外一 拉钩-10件（无纺布）	1	36.3	36.3	warning	special_only 未命中特色规则
手术室	330	1606874	外一 拉钩-6件（无纺布）	1	23.1	23.1	warning	special_only 未命中特色规则
手术室	331	1606874	整形包--11件（无纺布）	1	36.3	36.3	warning	special_only 未命中特色规则
手术室	332	1606874	整形包-28件(无纺布)	2	99.0	99.0	warning	special_only 未命中特色规则
手术室	333	1606874	中隔包(无纺布)	1	82.5	82.5	warning	special_only 未命中特色规则
手术室	334	1606874	剥离子-1/z7530	2	4.8	4.8	warning	special_only 未命中特色规则
手术室	335	1606874	克氏钳（尖头）-1/双z1029	1	9.9	8.1	warning	校正价8.1
手术室	336	1606874	咬骨钳-1/双/z2032	1	9.9	9.9	warning	special_only 未命中特色规则
手术室	337	1606874	软钳-1/Z1570	1	15.0	15.0	warning	special_only 未命中特色规则
手术室	338	1606874	鼻内镜-3/W9050	1	39.6	39.6	warning	special_only 未命中特色规则
手术室	339	1606874	等离子镜-13件（筐1）/w12050	1	138.6	138.6	warning	special_only 未命中特色规则
手术室	340	1606874	好镜-26筐1/W12050	1	246.0	180.0	warning	校正价180.0
手术室	341	1606874	普镜-24件（筐1）/w12050	1	232.8	180.0	warning	校正价180.0
手术室	342	1606874	输尿硬镜-4件（筐1）/w12050	2	52.8	52.8	warning	special_only 未命中特色规则
手术室	343	1606874	整形包 (无纺布)-18件	3	62.7	62.7	warning	special_only 未命中特色规则
手术室	344	1606874	腹腔镜(无纺布)	1	85.8	85.8	warning	special_only 未命中特色规则
手术室	345	1606874	切肋7件（无纺布）	1	26.4	26.4	warning	special_only 未命中特色规则
手术室	346	1606874	25°镜头1件 盒1/z2060	1	16.8	16.8	warning	special_only 未命中特色规则
手术室	347	1606874	胸腔镜-23件（筐1）/w12050	1	206.4	180.0	warning	校正价180.0
手术室	348	1606874	锤子-1/w6050	1	9.9	9.9	warning	special_only 未命中特色规则
手术室	349	1606883	剥离子-1/z7530	1	4.8	4.8	warning	special_only 未命中特色规则
手术室	350	1606928	洗手衣	7	15.0	15.0	warning	敷料包(无纺布包)——未识别规格
手术室	351	1606951	腹腔镜 (无纺布)	2	85.8	85.8	warning	special_only 未命中特色规则
手术室	352	1606951	基础包(无纺布)	2	102.3	102.3	warning	special_only 未命中特色规则
手术室	353	1606951	甲状腺包(无纺布)	1	165.0	165.0	warning	special_only 未命中特色规则
手术室	354	1606951	开腹（无纺布)	1	207.9	207.9	warning	special_only 未命中特色规则
手术室	355	1606951	阑尾(无纺布)	1	155.1	155.1	warning	special_only 未命中特色规则
手术室	356	1606951	空心钻-4件（筐1）/w9050	1	16.5	16.5	warning	special_only 未命中特色规则
手术室	357	1606951	剥离子-1/z7530	1	4.8	4.8	warning	special_only 未命中特色规则
手术室	358	1606951	超声刀线-1/z3040	3	21.0	21.0	warning	special_only 未命中特色规则
手术室	359	1606951	戳卡-2件/z1530	2	26.4	26.4	warning	special_only 未命中特色规则
手术室	360	1606951	单极线-1/z2030	1	16.8	16.8	warning	special_only 未命中特色规则
手术室	361	1606951	剪刀（低温）-1/Z2060	1	16.8	16.8	warning	special_only 未命中特色规则
手术室	362	1606951	软钳-1/Z1570	1	15.0	15.0	warning	special_only 未命中特色规则
手术室	363	1606951	双极电凝1双极导线1/z2060	1	26.4	26.4	warning	special_only 未命中特色规则
手术室	364	1606951	水管-1/w7050	1	21.0	21.0	warning	special_only 未命中特色规则
手术室	365	1606951	中空钳-1/Z2060	1	16.8	16.8	warning	special_only 未命中特色规则
手术室	366	1606951	4K-23件	1	219.6	180.0	warning	校正价180.0
手术室	367	1606951	妇科-31	1	292.2	180.0	warning	校正价180.0
手术室	368	1606951	输尿硬镜-4件（筐1）/w12050	2	52.8	52.8	warning	special_only 未命中特色规则
手术室	369	1606951	外二26筐1/w12050	1	246.0	180.0	warning	校正价180.0
手术室	370	1606951	外三 26筐1/W12050	1	246.0	180.0	warning	校正价180.0
手术室	371	1606951	外三27	1	259.2	180.0	warning	校正价180.0
手术室	372	1606951	外一27件筐1/W12050	1	259.2	180.0	warning	校正价180.0
手术室	373	1606951	整形包 (无纺布)-18件	1	62.7	62.7	warning	special_only 未命中特色规则
手术室	374	1606951	腹腔镜(无纺布)	1	85.8	85.8	warning	special_only 未命中特色规则
手术室	375	1606951	痔疮包（无纺布）	3	75.9	75.9	warning	special_only 未命中特色规则
手术室	376	1606951	4K镜头-1 光源线-1/W12050	1	26.4	26.4	warning	special_only 未命中特色规则
手术室	377	1606951	持物钳罐2 钳2/w9050	6	13.2	13.2	warning	special_only 未命中特色规则
手术室	378	1607101	腹腔镜 (无纺布)	1	85.8	85.8	warning	special_only 未命中特色规则
手术室	379	1607101	拉钩-2/Z1026	1	8.1	8.1	warning	special_only 未命中特色规则
手术室	380	1607101	好镜-26筐1/W12050	1	246.0	180.0	warning	校正价180.0
手术室	381	1607101	腹腔镜(无纺布)	2	85.8	85.8	warning	special_only 未命中特色规则
手术室	382	1607101	痔疮包（无纺布）	2	75.9	75.9	warning	special_only 未命中特色规则
手术室	383	1607101	持物钳罐2 钳2/w9050	5	13.2	13.2	warning	special_only 未命中特色规则
手术室	384	1607147	18号（无纺布）	1	108.9	108.9	warning	special_only 未命中特色规则
手术室	385	1607147	腹腔镜 (无纺布)	1	85.8	85.8	warning	special_only 未命中特色规则
手术室	386	1607147	基础包(无纺布)	1	102.3	102.3	warning	special_only 未命中特色规则
手术室	387	1607147	开腹（无纺布)	1	207.9	207.9	warning	special_only 未命中特色规则
手术室	388	1607147	腹腔镜(无纺布)	2	85.8	85.8	warning	special_only 未命中特色规则
手术室	389	1607151	等离子镜-11件（筐1）/w12050	1	112.2	112.2	warning	special_only 未命中特色规则
手术室	390	1607151	等离子镜-13件（筐1）/w12050	1	138.6	138.6	warning	special_only 未命中特色规则
手术室	391	1607151	普镜-26（筐1）/W12050	1	246.0	180.0	warning	校正价180.0
手术室	392	1607151	输尿硬镜-4件（筐1）/w12050	1	52.8	52.8	warning	special_only 未命中特色规则
手术室	393	1607195	电凝钩-1/Z7550	1	13.2	13.2	warning	special_only 未命中特色规则
手术室	394	1607195	夹钳-1/z2060	1	16.8	16.8	warning	special_only 未命中特色规则
手术室	395	1607195	妇科-31	1	292.2	180.0	warning	校正价180.0
手术室	396	1607195	泌腹腔镜-25件（筐1）/w12050	1	232.8	180.0	warning	校正价180.0
手术室	397	1607195	输尿硬镜-4件（筐1）/w12050	1	52.8	52.8	warning	special_only 未命中特色规则
手术室	398	1607195	外二26筐1/w12050	1	246.0	180.0	warning	校正价180.0
手术室	399	1607195	外三27	1	259.2	180.0	warning	校正价180.0
手术室	400	1607195	4K镜头-1 光源线-1/W12050	1	26.4	26.4	warning	special_only 未命中特色规则
手术室	401	1607231	持针器（低温）-1/z1560	1	15.0	15.0	warning	special_only 未命中特色规则
手术室	402	1607231	普镜-24件（筐1）/w12050	1	232.8	180.0	warning	校正价180.0
手术室	403	1607231	输尿硬镜-4件（筐1）/w12050	1	52.8	52.8	warning	special_only 未命中特色规则
手术室	404	1607231	外三 26筐1/W12050	1	246.0	180.0	warning	校正价180.0
手术室	405	1607231	外一27件筐1/W12050	1	259.2	180.0	warning	校正价180.0
手术室	406	1607249	夹钳-1/z2060	1	16.8	16.8	warning	special_only 未命中特色规则
手术室	407	1607249	剪刀（低温）-1/Z2060	1	16.8	16.8	warning	special_only 未命中特色规则
手术室	408	1607249	直角钳-1/z2060	1	16.8	16.8	warning	special_only 未命中特色规则
手术室	409	1607250	妇儿(无纺布)	1	181.5	181.5	warning	special_only 未命中特色规则
手术室	410	1607250	腹腔镜 (无纺布)	3	85.8	85.8	warning	special_only 未命中特色规则
手术室	411	1607250	基础包(无纺布)	2	102.3	102.3	warning	special_only 未命中特色规则
手术室	412	1607250	金院长器械10件（盒1）	1	36.3	36.3	warning	special_only 未命中特色规则
手术室	413	1607250	阑尾(无纺布)	1	155.1	155.1	warning	special_only 未命中特色规则
手术室	414	1607250	全髋(无纺布)	1	72.6	72.6	warning	special_only 未命中特色规则
手术室	415	1607250	整形包-28件(无纺布)	2	99.0	99.0	warning	special_only 未命中特色规则
手术室	416	1607250	整形包 (无纺布)-18件	1	62.7	62.7	warning	special_only 未命中特色规则
手术室	417	1607250	腹腔镜(无纺布)	1	85.8	85.8	warning	special_only 未命中特色规则
手术室	418	1607250	痔疮包（无纺布）	1	75.9	75.9	warning	special_only 未命中特色规则
手术室	419	1607250	持物钳罐2 钳2/w9050	1	13.2	13.2	warning	special_only 未命中特色规则
手术室	420	1607250	锤子-1/w6050	1	9.9	9.9	warning	special_only 未命中特色规则
手术室	421	1607319	洗手衣	6	15.0	15.0	warning	敷料包(无纺布包)——未识别规格
手术室	422	1607343	腹腔镜 (无纺布)	1	85.8	85.8	warning	special_only 未命中特色规则
手术室	423	1607343	关节镜(无纺布)	1	112.2	112.2	warning	special_only 未命中特色规则
手术室	424	1607343	基础包(无纺布)	2	102.3	102.3	warning	special_only 未命中特色规则
手术室	425	1607343	截肢包(无纺布)	1	42.9	42.9	warning	special_only 未命中特色规则
手术室	426	1607343	空心钻-4件（筐1）/w9050	1	16.5	16.5	warning	special_only 未命中特色规则
手术室	427	1607343	刀柄-1/z7526	1	4.8	4.8	warning	special_only 未命中特色规则
手术室	428	1607343	缝合钩-1/Z1035	3	4.8	4.8	warning	special_only 未命中特色规则
手术室	429	1607343	肛门镜-2件/z1530	2	9.9	9.9	warning	special_only 未命中特色规则
手术室	430	1607343	肛门牵开器-1/Z7526	1	4.8	4.8	warning	special_only 未命中特色规则
手术室	431	1607343	探针-1/z7537	2	4.8	4.8	warning	special_only 未命中特色规则
手术室	432	1607343	软钳-1/Z1570	1	15.0	15.0	warning	special_only 未命中特色规则
手术室	433	1607343	水管-1/w7050	2	21.0	21.0	warning	special_only 未命中特色规则
手术室	434	1607343	直角钳-1/z2060	1	16.8	16.8	warning	special_only 未命中特色规则
手术室	435	1607343	4K-23件	1	219.6	180.0	warning	校正价180.0
手术室	436	1607343	等离子镜-13件（筐1）/w12050	2	138.6	138.6	warning	special_only 未命中特色规则
手术室	437	1607343	关节镜器械7件	1	92.4	92.4	warning	special_only 未命中特色规则
手术室	438	1607343	好镜-26筐1/W12050	1	246.0	180.0	warning	校正价180.0
手术室	439	1607343	普镜-26（筐1）/W12050	1	246.0	180.0	warning	校正价180.0
手术室	440	1607343	输尿硬镜-4件（筐1）/w12050	2	52.8	52.8	warning	special_only 未命中特色规则
手术室	441	1607343	胸腔镜-21	1	193.2	180.0	warning	校正价180.0
手术室	442	1607343	整形包 (无纺布)-18件	1	62.7	62.7	warning	special_only 未命中特色规则
手术室	443	1607343	腹腔镜(无纺布)	3	85.8	85.8	warning	special_only 未命中特色规则
手术室	444	1607343	痔疮包（无纺布）	3	75.9	75.9	warning	special_only 未命中特色规则
手术室	445	1607343	25°镜头1件 盒1/z2060	1	16.8	16.8	warning	special_only 未命中特色规则
手术室	446	1607343	胸腔镜-23件（筐1）/w12050	1	206.4	180.0	warning	校正价180.0
手术室	447	1607343	持物钳罐2 钳2/w9050	6	13.2	13.2	warning	special_only 未命中特色规则
手术室	448	1607343	锤子-1/w6050	1	9.9	9.9	warning	special_only 未命中特色规则
手术室	449	1607497	腹腔镜 (无纺布)	2	85.8	85.8	warning	special_only 未命中特色规则
手术室	450	1607497	基础包(无纺布)	2	102.3	102.3	warning	special_only 未命中特色规则
手术室	451	1607497	刮勺-1/z7530	1	4.8	4.8	warning	special_only 未命中特色规则
手术室	452	1607497	窥肛器-1/Z1530	1	6.6	6.6	warning	special_only 未命中特色规则
手术室	453	1607497	镊子-1/z7530	1	4.8	4.8	warning	special_only 未命中特色规则
手术室	454	1607497	气管钳-2/Z1530	1	9.9	9.9	warning	special_only 未命中特色规则
手术室	455	1607497	外三 26筐1/W12050	1	246.0	180.0	warning	校正价180.0
手术室	456	1607497	整形包 (无纺布)-18件	1	62.7	62.7	warning	special_only 未命中特色规则
手术室	457	1607497	整形包（小）-11件（无纺布）	1	36.3	36.3	warning	special_only 未命中特色规则
手术室	458	1607497	持物钳罐2 钳2/w9050	5	13.2	13.2	warning	special_only 未命中特色规则
手术室	459	1607559	低温组件-2/z1530	1	26.4	26.4	warning	special_only 未命中特色规则
手术室	460	1607559	软钳-1/Z1570	1	15.0	15.0	warning	special_only 未命中特色规则
手术室	461	1607559	手架-1/z2030	1	16.8	16.8	warning	special_only 未命中特色规则
手术室	462	1607559	4K-23件	1	219.6	180.0	warning	校正价180.0
手术室	463	1607559	等离子镜-13件（筐1）/w12050	1	138.6	138.6	warning	special_only 未命中特色规则
手术室	464	1607559	关节镜器械7件	1	92.4	92.4	warning	special_only 未命中特色规则
手术室	465	1607559	输尿硬镜-4件（筐1）/w12050	1	52.8	52.8	warning	special_only 未命中特色规则
手术室	466	1607570	电凝钩-1/Z7550	1	13.2	13.2	warning	special_only 未命中特色规则
手术室	467	1607570	外二26筐1/w12050	1	246.0	180.0	warning	校正价180.0
手术室	468	1607570	胸腔镜-23件（筐1）/w12050	1	206.4	180.0	warning	校正价180.0
手术室	469	1607598	电切包(无纺布)	1	105.6	105.6	warning	special_only 未命中特色规则
手术室	470	1607598	腹腔镜 (无纺布)	3	85.8	85.8	warning	special_only 未命中特色规则
手术室	471	1607598	基础包(无纺布)	2	102.3	102.3	warning	special_only 未命中特色规则
手术室	472	1607598	整形包-28件(无纺布)	1	99.0	99.0	warning	special_only 未命中特色规则
手术室	473	1607598	剥离子-1/z7530	1	4.8	4.8	warning	special_only 未命中特色规则
手术室	474	1607598	刮勺-1/z7530	1	4.8	4.8	warning	special_only 未命中特色规则
手术室	475	1607598	咬骨钳-1/双/z2032	1	9.9	9.9	warning	special_only 未命中特色规则
手术室	476	1607598	整形包 (无纺布)-18件	1	62.7	62.7	warning	special_only 未命中特色规则
手术室	477	1607646	普镜-26（筐1）/W12050	1	246.0	180.0	warning	校正价180.0
手术室	478	1607646	外三27	1	259.2	180.0	warning	校正价180.0
手术室	479	1607646	4K镜头1气腹管1光源1/W12050	1	13.2	39.6	warning	校正价39.6
手术室	480	1607649	外一27件筐1/W12050	1	259.2	180.0	warning	校正价180.0
手术室	481	1607649	胸腔镜-21	1	193.2	180.0	warning	校正价180.0
手术室	482	1607679	14号(无纺布)	1	138.6	138.6	warning	special_only 未命中特色规则
手术室	483	1607679	8号(无纺布)	1	138.6	138.6	warning	special_only 未命中特色规则
手术室	484	1607679	腹腔镜 (无纺布)	1	85.8	85.8	warning	special_only 未命中特色规则
手术室	485	1607679	基础包(无纺布)	2	102.3	102.3	warning	special_only 未命中特色规则
手术室	486	1607679	颈动脉剥脱器械-27件（无纺布）	1	92.4	92.4	warning	special_only 未命中特色规则
手术室	487	1607679	开腹（无纺布)	1	207.9	207.9	warning	special_only 未命中特色规则
手术室	488	1607679	剖宫产(无纺布)	1	155.1	155.1	warning	special_only 未命中特色规则
手术室	489	1607679	手科显微器械包(无纺布)	1	56.1	56.1	warning	special_only 未命中特色规则
手术室	490	1607679	空心钻-4件（筐1）/w9050	2	16.5	16.5	warning	special_only 未命中特色规则
手术室	491	1607679	吸引器（无芯）-1/z7530	1	4.8	4.8	warning	special_only 未命中特色规则
手术室	492	1607679	显微剪刀-1/z1026	1	4.8	4.8	warning	special_only 未命中特色规则
手术室	493	1607679	专家器械镜头1件/W7050	1	21.0	21.0	warning	special_only 未命中特色规则
手术室	494	1607679	整形包 (无纺布)-18件	1	62.7	62.7	warning	special_only 未命中特色规则
手术室	495	1607679	腹腔镜(无纺布)	3	85.8	85.8	warning	special_only 未命中特色规则
手术室	496	1607679	痔疮包（无纺布）	2	75.9	75.9	warning	special_only 未命中特色规则
手术室	497	1607679	持物钳罐2 钳2/w9050	5	13.2	13.2	warning	special_only 未命中特色规则
手术室	498	1607679	专家器械12件/W9050	1	39.6	39.6	warning	special_only 未命中特色规则
手术室	499	1607679	专家器械19件/W9050	1	62.7	62.7	warning	special_only 未命中特色规则
手术室	500	1607702	基础包(无纺布)	1	102.3	102.3	warning	special_only 未命中特色规则
手术室	501	1607702	剥离子-1/z7530	1	4.8	4.8	warning	special_only 未命中特色规则
手术室	502	1607702	大牙钳-2/z1535	1	9.9	9.9	warning	special_only 未命中特色规则
手术室	503	1607702	复位钳-1/z1530	2	6.6	6.6	warning	special_only 未命中特色规则
手术室	504	1607702	肛门镜-2件/z1530	1	9.9	9.9	warning	special_only 未命中特色规则
手术室	505	1607702	驱血带-1/z2032	1	7.8	7.8	warning	special_only 未命中特色规则
手术室	506	1607702	超声刀线-1/z3040	1	21.0	21.0	warning	special_only 未命中特色规则
手术室	507	1607702	戳卡-2件/z1530	1	26.4	26.4	warning	special_only 未命中特色规则
手术室	508	1607702	低温组件-9/z1570	1	99.0	99.0	warning	special_only 未命中特色规则
手术室	509	1607702	电凝钩-1/Z7550	1	13.2	13.2	warning	special_only 未命中特色规则
手术室	510	1607702	光纤-1/z2030	1	16.8	16.8	warning	special_only 未命中特色规则
手术室	511	1607702	双极电凝1双极导线1/z2060	1	26.4	26.4	warning	special_only 未命中特色规则
手术室	512	1607702	4K-23件	1	219.6	180.0	warning	校正价180.0
手术室	513	1607702	妇科-31	1	292.2	180.0	warning	校正价180.0
手术室	514	1607702	关节镜器械7件	1	92.4	92.4	warning	special_only 未命中特色规则
手术室	515	1607702	举宫杯-9件/W12050	1	99.0	99.0	warning	special_only 未命中特色规则
手术室	516	1607702	磨钻-4件（筐1）/w9050	1	52.8	52.8	warning	special_only 未命中特色规则
手术室	517	1607702	外二26筐1/w12050	1	246.0	180.0	warning	校正价180.0
手术室	519	1607702	痔疮包（无纺布）	1	75.9	75.9	warning	special_only 未命中特色规则
手术室	520	1607702	持物钳罐2 钳2/w9050	1	13.2	13.2	warning	special_only 未命中特色规则
手术室	521	1607709	洗手衣	6	15.0	15.0	warning	敷料包(无纺布包)——未识别规格
手术室	522	1607951	超声-3件/Z3040	2	39.6	39.6	warning	special_only 未命中特色规则
手术室	523	1607951	低温组件-1/Z1570	1	15.0	15.0	warning	special_only 未命中特色规则
手术室	524	1607951	吸引器-1/z1560	1	15.0	15.0	warning	special_only 未命中特色规则
手术室	525	1607951	新脑钻-3件（筐1）/w9050	1	39.6	39.6	warning	special_only 未命中特色规则
手术室	526	1607951	胸腔镜-32件（筐1）/w12050	1	305.4	180.0	warning	校正价180.0
手术室	527	1607951	脑钻-10件	1	99.0	99.0	warning	special_only 未命中特色规则
手术室	528	1607951	胸腔镜-23件（筐1）/w12050	1	206.4	180.0	warning	校正价180.0
手术室	529	1607952	18号（无纺布）	1	108.9	108.9	warning	special_only 未命中特色规则
手术室	530	1607952	腹腔镜 (无纺布)	2	85.8	85.8	warning	special_only 未命中特色规则
手术室	531	1607952	关节镜(无纺布)	1	112.2	112.2	warning	special_only 未命中特色规则
手术室	532	1607952	基础包(无纺布)	1	102.3	102.3	warning	special_only 未命中特色规则
手术室	533	1607952	交叉韧带-18件（无纺布）	1	62.7	62.7	warning	special_only 未命中特色规则
手术室	534	1607952	脑微创(无纺布)	1	82.5	82.5	warning	special_only 未命中特色规则
手术室	535	1607952	剖宫产(无纺布)	1	155.1	155.1	warning	special_only 未命中特色规则
手术室	536	1607952	钻孔包(无纺布)	3	188.1	188.1	warning	special_only 未命中特色规则
手术室	537	1607952	钻孔引流包-63件(无纺布)	1	214.5	214.5	warning	special_only 未命中特色规则
手术室	538	1607952	空心钻-4件（筐1）/w9050	1	16.5	16.5	warning	special_only 未命中特色规则
手术室	539	1607952	脑电钻- 10件（筐1）/w9050	1	36.3	36.3	warning	special_only 未命中特色规则
手术室	540	1607952	剥离子-1/z7530	2	4.8	4.8	warning	special_only 未命中特色规则
手术室	541	1607952	大牙钳-2/z1535	1	9.9	9.9	warning	special_only 未命中特色规则
手术室	542	1607952	刀柄-1/z7526	1	4.8	4.8	warning	special_only 未命中特色规则
手术室	543	1607952	复位钳-1/z1530	1	6.6	6.6	warning	special_only 未命中特色规则
手术室	544	1607952	肛门镜-2件/z1530	1	9.9	9.9	warning	special_only 未命中特色规则
手术室	545	1607952	克氏钳（尖头）-1/双z1029	1	9.9	8.1	warning	校正价8.1
手术室	546	1607952	驱血带-1/z2032	1	7.8	7.8	warning	special_only 未命中特色规则
手术室	547	1607952	吸头-1/Z7534	2	4.8	4.8	warning	special_only 未命中特色规则
手术室	548	1607952	腹腔镜(无纺布)	3	85.8	85.8	warning	special_only 未命中特色规则
手术室	549	1607952	痔疮包（无纺布）	1	75.9	75.9	warning	special_only 未命中特色规则
手术室	550	1607952	持物钳罐2 钳2/w9050	10	13.2	13.2	warning	special_only 未命中特色规则
手术室	552	1607994	洗手衣	7	15.0	15.0	warning	敷料包(无纺布包)——未识别规格
手术室	553	1608088	腹腔镜 (无纺布)	1	85.8	85.8	warning	special_only 未命中特色规则
手术室	554	1608088	戳卡-2件/z1530	1	26.4	26.4	warning	special_only 未命中特色规则
手术室	555	1608088	电凝钩-1/Z7550	1	13.2	13.2	warning	special_only 未命中特色规则
手术室	556	1608088	软钳-1/Z1570	1	15.0	15.0	warning	special_only 未命中特色规则
手术室	557	1608088	水管-1/w7050	1	21.0	21.0	warning	special_only 未命中特色规则
手术室	558	1608088	输尿硬镜-4件（筐1）/w12050	3	52.8	52.8	warning	special_only 未命中特色规则
手术室	559	1608088	外二26筐1/w12050	1	246.0	180.0	warning	校正价180.0
手术室	560	1608088	外三27	1	259.2	180.0	warning	校正价180.0
手术室	561	1608088	痔疮包（无纺布）	1	75.9	75.9	warning	special_only 未命中特色规则
手术室	562	1608088	胸腔镜-23件（筐1）/w12050	1	206.4	180.0	warning	校正价180.0
手术室	563	1608088	持物钳罐2 钳2/w9050	2	13.2	13.2	warning	special_only 未命中特色规则
手术室	564	1608129	妇儿(无纺布)	1	181.5	181.5	warning	special_only 未命中特色规则
手术室	565	1608129	腹腔镜 (无纺布)	2	85.8	85.8	warning	special_only 未命中特色规则
手术室	566	1608129	基础包(无纺布)	4	102.3	102.3	warning	special_only 未命中特色规则
手术室	567	1608129	空心钻-4件（筐1）/w9050	1	16.5	16.5	warning	special_only 未命中特色规则
手术室	568	1608129	克氏钳（平头）-1/双/z1029	1	9.9	8.1	warning	校正价8.1
手术室	569	1608129	驱血带-1/z2032	1	7.8	7.8	warning	special_only 未命中特色规则
手术室	570	1608129	全髋-6件/w9050	1	23.1	23.1	warning	special_only 未命中特色规则
手术室	571	1608129	膝关节置换(无纺布)	1	69.3	69.3	warning	special_only 未命中特色规则
手术室	572	1608129	痔疮包（无纺布）	1	75.9	75.9	warning	special_only 未命中特色规则
手术室	573	1608129	持物钳罐2 钳2/w9050	3	13.2	13.2	warning	special_only 未命中特色规则
手术室	574	1608129	钢丝剪-1/w6050	1	9.9	9.9	warning	special_only 未命中特色规则
手术室	575	1608205	关节镜(无纺布)	1	112.2	112.2	warning	special_only 未命中特色规则
手术室	576	1608205	基础包(无纺布)	2	102.3	102.3	warning	special_only 未命中特色规则
手术室	577	1608205	剖宫产(无纺布)	1	155.1	155.1	warning	special_only 未命中特色规则
手术室	578	1608205	整形包--11件（无纺布）	1	36.3	36.3	warning	special_only 未命中特色规则
手术室	579	1608205	半月板拉钩-2/z2044	1	9.9	9.9	warning	special_only 未命中特色规则
手术室	580	1608205	剥离子-1/z7530	1	4.8	4.8	warning	special_only 未命中特色规则
手术室	581	1608205	大牙钳-2/z1535	1	9.9	9.9	warning	special_only 未命中特色规则
手术室	582	1608205	骨刀-1/z7530	1	4.8	4.8	warning	special_only 未命中特色规则
手术室	583	1608205	驱血带-1/z2032	2	7.8	7.8	warning	special_only 未命中特色规则
手术室	584	1608205	咬骨钳-1/双/z2032	1	9.9	9.9	warning	special_only 未命中特色规则
手术室	585	1608205	软钳-1/Z1570	1	15.0	15.0	warning	special_only 未命中特色规则
手术室	586	1608205	水管-1/w7050	1	21.0	21.0	warning	special_only 未命中特色规则
手术室	587	1608205	水管-2/W7050	1	26.4	26.4	warning	special_only 未命中特色规则
手术室	588	1608205	吸引器-1/z1560	1	15.0	15.0	warning	special_only 未命中特色规则
手术室	589	1608205	中空钳-1/Z2060	1	16.8	16.8	warning	special_only 未命中特色规则
手术室	590	1608205	妇科-31	1	292.2	180.0	warning	校正价180.0
手术室	591	1608205	关节镜器械7件	1	92.4	92.4	warning	special_only 未命中特色规则
手术室	592	1608205	输尿硬镜-4件（筐1）/w12050	1	52.8	52.8	warning	special_only 未命中特色规则
手术室	593	1608205	外三 26筐1/W12050	1	246.0	180.0	warning	校正价180.0
手术室	594	1608205	腹腔镜(无纺布)	2	85.8	85.8	warning	special_only 未命中特色规则
手术室	595	1608205	持物钳罐2 钳2/w9050	5	13.2	13.2	warning	special_only 未命中特色规则
手术室	596	1608205	锤子-1/w6050	1	9.9	9.9	warning	special_only 未命中特色规则
手术室	597	1608222	洗手衣	5	15.0	15.0	warning	敷料包(无纺布包)——未识别规格
手术室	598	1608428	基础包(无纺布)	1	102.3	102.3	warning	special_only 未命中特色规则
手术室	599	1608428	空心钻-4件（筐1）/w9050	1	16.5	16.5	warning	special_only 未命中特色规则
手术室	600	1608428	剥离子-1/z7530	1	4.8	4.8	warning	special_only 未命中特色规则
手术室	601	1608428	大牙钳-2/z1535	1	9.9	9.9	warning	special_only 未命中特色规则
手术室	602	1608428	克氏钳（尖头）-1/双z1029	1	9.9	8.1	warning	校正价8.1
手术室	603	1608428	挖勺-1/z7530	1	4.8	4.8	warning	special_only 未命中特色规则
手术室	604	1608428	咬骨钳-1/双/z2032	1	9.9	9.9	warning	special_only 未命中特色规则
手术室	605	1608428	膀胱镜-8件（筐1）/w12050	1	92.4	92.4	warning	special_only 未命中特色规则
手术室	606	1608428	鼻内镜-3/W9050	1	39.6	39.6	warning	special_only 未命中特色规则
手术室	607	1608428	等离子镜-13件（筐1）/w12050	1	138.6	138.6	warning	special_only 未命中特色规则
手术室	608	1608428	持物钳罐2 钳2/w9050	2	13.2	13.2	warning	special_only 未命中特色规则
手术室	609	1608428	钢丝剪-1/w6050	1	9.9	9.9	warning	special_only 未命中特色规则
手术室	610	1608428	通条-16件/w12050	1	52.8	52.8	warning	special_only 未命中特色规则
手术室	611	1608459	关节镜(无纺布)	1	112.2	112.2	warning	special_only 未命中特色规则
手术室	612	1608459	中隔包(无纺布)	1	82.5	82.5	warning	special_only 未命中特色规则
手术室	613	1608459	关节镜器械7件	1	92.4	92.4	warning	special_only 未命中特色规则
手术室	614	1608477	肛门镜-2件/z1530	1	9.9	9.9	warning	special_only 未命中特色规则
手术室	615	1608477	软钳-1/Z1570	1	15.0	15.0	warning	special_only 未命中特色规则
手术室	616	1608477	输尿硬镜-4件（筐1）/w12050	2	52.8	52.8	warning	special_only 未命中特色规则
手术室	617	1608507	基础包(无纺布)	2	102.3	102.3	warning	special_only 未命中特色规则
手术室	618	1608507	剖宫产(无纺布)	2	155.1	155.1	warning	special_only 未命中特色规则
手术室	619	1608507	全髋(无纺布)	1	72.6	72.6	warning	special_only 未命中特色规则
手术室	620	1608507	手科显微器械包(无纺布)	1	56.1	56.1	warning	special_only 未命中特色规则
手术室	621	1608507	拉钩-2/Z1026	1	8.1	8.1	warning	special_only 未命中特色规则
手术室	622	1608507	驱血带-1/z2032	1	7.8	7.8	warning	special_only 未命中特色规则
手术室	623	1608507	戳卡-2件/z1530	1	26.4	26.4	warning	special_only 未命中特色规则
手术室	624	1608507	剪刀（低温）-1/Z2060	1	16.8	16.8	warning	special_only 未命中特色规则
手术室	625	1608507	妇科-31	1	292.2	180.0	warning	校正价180.0
手术室	626	1608507	举宫杯-9件/W12050	1	99.0	99.0	warning	special_only 未命中特色规则
手术室	627	1608507	整形包 (无纺布)-18件	1	62.7	62.7	warning	special_only 未命中特色规则
手术室	628	1608507	痔疮包（无纺布）	2	75.9	75.9	warning	special_only 未命中特色规则
手术室	629	1608536	8号(无纺布)	1	138.6	138.6	warning	special_only 未命中特色规则
手术室	630	1608536	颈动脉剥脱器械-27件（无纺布）	1	92.4	92.4	warning	special_only 未命中特色规则
手术室	631	1608536	空心钻-4件（筐1）/w9050	1	16.5	16.5	warning	special_only 未命中特色规则
手术室	632	1608536	吸引器（无芯）-1/z7530	1	4.8	4.8	warning	special_only 未命中特色规则
手术室	633	1608536	显微剪刀-1/z1026	1	4.8	4.8	warning	special_only 未命中特色规则
手术室	634	1608536	组织钳-1/z1029	1	4.8	4.8	warning	special_only 未命中特色规则
手术室	635	1608536	水管-1/w7050	1	21.0	21.0	warning	special_only 未命中特色规则
手术室	636	1608536	外三 26筐1/W12050	1	246.0	180.0	warning	校正价180.0
手术室	637	1608536	整形包 (无纺布)-18件	1	62.7	62.7	warning	special_only 未命中特色规则
手术室	638	1608536	腹腔镜(无纺布)	2	85.8	85.8	warning	special_only 未命中特色规则
手术室	639	1608537	等离子镜-13件（筐1）/w12050	1	138.6	138.6	warning	special_only 未命中特色规则
手术室	640	1608537	输尿硬镜-4件（筐1）/w12050	1	52.8	52.8	warning	special_only 未命中特色规则
手术室	641	1608537	胸腔镜-21	1	193.2	180.0	warning	校正价180.0
手术室	642	1608617	腹腔镜 (无纺布)	1	85.8	85.8	warning	special_only 未命中特色规则
手术室	643	1608617	基础包(无纺布)	4	102.3	102.3	warning	special_only 未命中特色规则
手术室	644	1608617	阑尾(无纺布)	2	155.1	155.1	warning	special_only 未命中特色规则
手术室	645	1608617	切痂(无纺布)	1	118.8	118.8	warning	special_only 未命中特色规则
手术室	646	1608617	整形包--11件（无纺布）	1	36.3	36.3	warning	special_only 未命中特色规则
手术室	647	1608617	空心钻-4件（筐1）/w9050	1	16.5	16.5	warning	special_only 未命中特色规则
手术室	648	1608617	剥离子-1/z7530	1	4.8	4.8	warning	special_only 未命中特色规则
手术室	649	1608617	复位钳-1/z1530	1	6.6	6.6	warning	special_only 未命中特色规则
手术室	650	1608617	驱血带-1/z2032	1	7.8	7.8	warning	special_only 未命中特色规则
手术室	651	1608617	挖勺-1/z7530	2	4.8	4.8	warning	special_only 未命中特色规则
手术室	652	1608617	咬骨钳-1/双/z2032	1	9.9	9.9	warning	special_only 未命中特色规则
手术室	653	1608617	组织钳-1/z1029	1	4.8	4.8	warning	special_only 未命中特色规则
手术室	654	1608617	电凝钩-1/Z7550	1	13.2	13.2	warning	special_only 未命中特色规则
手术室	655	1608617	软钳-1/Z1570	1	15.0	15.0	warning	special_only 未命中特色规则
手术室	656	1608617	手架-1/z2030	1	16.8	16.8	warning	special_only 未命中特色规则
手术室	657	1608617	水管-1/w7050	2	21.0	21.0	warning	special_only 未命中特色规则
手术室	658	1608617	等离子镜-13件（筐1）/w12050	1	138.6	138.6	warning	special_only 未命中特色规则
手术室	659	1608617	妇科-31	1	292.2	180.0	warning	校正价180.0
手术室	660	1608617	关节镜器械7件	1	92.4	92.4	warning	special_only 未命中特色规则
手术室	661	1608617	输尿硬镜-4件（筐1）/w12050	2	52.8	52.8	warning	special_only 未命中特色规则
手术室	662	1608617	外三27	1	259.2	180.0	warning	校正价180.0
手术室	664	1608617	胸腔镜-21	1	193.2	180.0	warning	校正价180.0
手术室	665	1608617	整形包 (无纺布)-18件	2	62.7	62.7	warning	special_only 未命中特色规则
手术室	666	1608617	腹腔镜(无纺布)	2	85.8	85.8	warning	special_only 未命中特色规则
手术室	667	1608617	25°镜头1件 盒1/z2060	1	16.8	16.8	warning	special_only 未命中特色规则
手术室	668	1608617	胸腔镜-23件（筐1）/w12050	1	206.4	180.0	warning	校正价180.0
手术室	669	1608617	持骨器-2/w6050	1	9.9	9.9	warning	special_only 未命中特色规则
手术室	670	1608617	持物钳罐2 钳2/w9050	7	13.2	13.2	warning	special_only 未命中特色规则
手术室	671	1608624	洗手衣	3	15.0	15.0	warning	敷料包(无纺布包)——未识别规格
手术室	672	1608797	（脑一用）气管切开包（无纺布）	1	49.5	49.5	warning	special_only 未命中特色规则
手术室	673	1608797	腹腔镜 (无纺布)	2	85.8	85.8	warning	special_only 未命中特色规则
手术室	674	1608797	关节镜(无纺布)	1	112.2	112.2	warning	special_only 未命中特色规则
手术室	675	1608797	基础包(无纺布)	1	102.3	102.3	warning	special_only 未命中特色规则
手术室	676	1608797	交叉韧带-18件（无纺布）	1	62.7	62.7	warning	special_only 未命中特色规则
手术室	677	1608797	空心钻-4件（筐1）/w9050	1	16.5	16.5	warning	special_only 未命中特色规则
手术室	678	1608797	缝合器-1/Z1530	3	6.6	6.6	warning	special_only 未命中特色规则
手术室	679	1608797	克氏钳（平头）-1/双/z1029	1	9.9	8.1	warning	校正价8.1
手术室	680	1608797	持针器（低温）-1/z1560	1	15.0	15.0	warning	special_only 未命中特色规则
手术室	681	1608797	外三 26筐1/W12050	1	246.0	180.0	warning	校正价180.0
手术室	682	1608797	腹腔镜(无纺布)	2	85.8	85.8	warning	special_only 未命中特色规则
手术室	683	1608797	持物钳罐2 钳2/w9050	5	13.2	13.2	warning	special_only 未命中特色规则
手术室	684	1608797	锤子-1/w6050	1	9.9	9.9	warning	special_only 未命中特色规则
手术室	685	1608814	输尿硬镜-4件（筐1）/w12050	1	52.8	52.8	warning	special_only 未命中特色规则
手术室	686	1608886	18号（无纺布）	1	108.9	108.9	warning	special_only 未命中特色规则
手术室	687	1608886	基础包(无纺布)	1	102.3	102.3	warning	special_only 未命中特色规则
手术室	688	1608886	支撑喉镜(无纺布)	1	59.4	59.4	warning	special_only 未命中特色规则
手术室	689	1608886	戳卡-2件/z1530	3	26.4	26.4	warning	special_only 未命中特色规则
手术室	690	1608886	喉镜-1/Z2030	1	16.8	16.8	warning	special_only 未命中特色规则
手术室	691	1608886	夹钳-1/z2060	1	16.8	16.8	warning	special_only 未命中特色规则
手术室	692	1608886	等离子镜-13件（筐1）/w12050	2	138.6	138.6	warning	special_only 未命中特色规则
手术室	693	1608886	妇科-31	1	292.2	180.0	warning	校正价180.0
手术室	694	1608886	举宫杯-9件/W12050	1	99.0	99.0	warning	special_only 未命中特色规则
手术室	695	1608886	普镜-24件（筐1）/w12050	1	232.8	180.0	warning	校正价180.0
手术室	696	1608886	输尿硬镜-4件（筐1）/w12050	3	52.8	52.8	warning	special_only 未命中特色规则
手术室	697	1608886	持物钳罐2 钳2/w9050	1	13.2	13.2	warning	special_only 未命中特色规则
手术室	698	1608896	妇科-31	1	292.2	180.0	warning	校正价180.0
手术室	699	1608896	整形包 (无纺布)-18件	1	62.7	62.7	warning	special_only 未命中特色规则
手术室	700	1608896	4K镜头1气腹管1光源1/W12050	1	13.2	39.6	warning	校正价39.6
手术室	701	1608911	腹腔镜 (无纺布)	2	85.8	85.8	warning	special_only 未命中特色规则
手术室	702	1608911	基础包(无纺布)	4	102.3	102.3	warning	special_only 未命中特色规则
手术室	703	1608911	剖宫产(无纺布)	1	155.1	155.1	warning	special_only 未命中特色规则
手术室	704	1608911	钻孔包(无纺布)	1	188.1	188.1	warning	special_only 未命中特色规则
手术室	705	1608911	空心钻-4件（筐1）/w9050	2	16.5	16.5	warning	special_only 未命中特色规则
手术室	706	1608911	脑电钻- 10件（筐1）/w9050	1	36.3	36.3	warning	special_only 未命中特色规则
手术室	707	1608911	脑电钻-9件（筐1）/w9050	1	33.0	33.0	warning	special_only 未命中特色规则
手术室	708	1608911	剥离子-1/z7530	1	4.8	4.8	warning	special_only 未命中特色规则
手术室	709	1608911	大牙钳-2/z1535	1	9.9	9.9	warning	special_only 未命中特色规则
手术室	710	1608911	造瘘器-4/z1526	1	13.2	13.2	warning	special_only 未命中特色规则
手术室	711	1608911	整形包 (无纺布)-18件	1	62.7	62.7	warning	special_only 未命中特色规则
手术室	712	1608911	腹腔镜(无纺布)	2	85.8	85.8	warning	special_only 未命中特色规则
手术室	713	1608911	切肋7件（无纺布）	1	26.4	26.4	warning	special_only 未命中特色规则
手术室	714	1608911	全髋-6件/w9050	1	23.1	23.1	warning	special_only 未命中特色规则
手术室	715	1608911	持物钳罐2 钳2/w9050	1	13.2	13.2	warning	special_only 未命中特色规则
手术室	716	1608993	洗手衣	7	15.0	15.0	warning	敷料包(无纺布包)——未识别规格
手术室	717	1609008	腹腔镜 (无纺布)	1	85.8	85.8	warning	special_only 未命中特色规则
手术室	718	1609008	关节镜(无纺布)	1	112.2	112.2	warning	special_only 未命中特色规则
手术室	719	1609008	基础包(无纺布)	1	102.3	102.3	warning	special_only 未命中特色规则
手术室	720	1609008	交叉韧带-18件（无纺布）	1	62.7	62.7	warning	special_only 未命中特色规则
手术室	721	1609008	开腹（无纺布)	1	207.9	207.9	warning	special_only 未命中特色规则
手术室	722	1609008	空心钻  4件  筐1	1	16.5	16.5	warning	special_only 未命中特色规则
手术室	723	1609008	手科显微器械包(无纺布)	1	56.1	56.1	warning	special_only 未命中特色规则
手术室	724	1609008	空心钻-4件（筐1）/w9050	1	16.5	16.5	warning	special_only 未命中特色规则
手术室	725	1609008	剥离子-1/z7530	1	4.8	4.8	warning	special_only 未命中特色规则
手术室	726	1609008	缝合器-1/Z1530	3	6.6	6.6	warning	special_only 未命中特色规则
手术室	727	1609008	荷包钳-1/双/z1535	1	9.9	9.9	warning	special_only 未命中特色规则
手术室	728	1609008	超声刀线-1/z3040	1	21.0	21.0	warning	special_only 未命中特色规则
手术室	729	1609008	持针器（低温）-1/z1560	1	15.0	15.0	warning	special_only 未命中特色规则
手术室	730	1609008	戳卡-2件/z1530	2	26.4	26.4	warning	special_only 未命中特色规则
手术室	731	1609008	电凝钩-1/Z7550	1	13.2	13.2	warning	special_only 未命中特色规则
手术室	732	1609008	夹钳-1/z2060	2	16.8	16.8	warning	special_only 未命中特色规则
手术室	733	1609008	可吸收夹钳-1/Z2035	1	16.8	16.8	warning	special_only 未命中特色规则
手术室	734	1609008	连发夹钳-1/保/Z2060	1	16.8	16.8	warning	special_only 未命中特色规则
手术室	735	1609008	软钳-1/Z1570	2	15.0	15.0	warning	special_only 未命中特色规则
手术室	736	1609008	水管-1/w7050	2	21.0	21.0	warning	special_only 未命中特色规则
手术室	737	1609008	吸引器-1/z1560	1	15.0	15.0	warning	special_only 未命中特色规则
手术室	738	1609008	组件-8/z1560	1	92.4	92.4	warning	special_only 未命中特色规则
手术室	739	1609008	3D高清腹腔镜2件	1	26.4	26.4	warning	special_only 未命中特色规则
手术室	740	1609008	4K-23件	1	219.6	180.0	warning	校正价180.0
手术室	741	1609008	关节镜器械7件	1	92.4	92.4	warning	special_only 未命中特色规则
手术室	742	1609008	普镜-26（筐1）/W12050	1	246.0	180.0	warning	校正价180.0
手术室	743	1609008	肾镜-12件	1	125.4	125.4	warning	special_only 未命中特色规则
手术室	744	1609008	输尿硬镜-4件（筐1）/w12050	3	52.8	52.8	warning	special_only 未命中特色规则
手术室	745	1609008	外三 26筐1/W12050	1	246.0	180.0	warning	校正价180.0
手术室	746	1609008	外三27	1	259.2	180.0	warning	校正价180.0
手术室	747	1609008	外一27件筐1/W12050	1	259.2	180.0	warning	校正价180.0
手术室	748	1609008	整形包 (无纺布)-18件	1	62.7	62.7	warning	special_only 未命中特色规则
手术室	749	1609008	痔疮包（无纺布）	2	75.9	75.9	warning	special_only 未命中特色规则
手术室	750	1609008	3D高清腹腔镜-2（筐1）/w12050	1	26.4	26.4	warning	special_only 未命中特色规则
手术室	751	1609008	胸腔镜-23件（筐1）/w12050	1	206.4	180.0	warning	校正价180.0
手术室	752	1609008	持物钳罐2 钳2/w9050	4	13.2	13.2	warning	special_only 未命中特色规则
手术室	753	1609008	锤子-1/w6050	1	9.9	9.9	warning	special_only 未命中特色规则
手术室	754	1609008	尿道探子-8件/W6050	1	26.4	26.4	warning	special_only 未命中特色规则
手术室	755	1609156	腹腔镜 (无纺布)	4	85.8	85.8	warning	special_only 未命中特色规则
手术室	756	1609156	基础包(无纺布)	4	102.3	102.3	warning	special_only 未命中特色规则
手术室	757	1609156	开胸 心按(无纺布)	1	108.9	108.9	warning	special_only 未命中特色规则
手术室	758	1609156	剖宫产(无纺布)	1	155.1	155.1	warning	special_only 未命中特色规则
手术室	759	1609156	空心钻-4件（筐1）/w9050	1	16.5	16.5	warning	special_only 未命中特色规则
手术室	760	1609156	直角钳-1/z2060	1	16.8	16.8	warning	special_only 未命中特色规则
手术室	761	1609156	中空钳-1/Z2060	1	16.8	16.8	warning	special_only 未命中特色规则
手术室	762	1609156	外二26筐1/w12050	1	246.0	180.0	warning	校正价180.0
手术室	763	1609156	外三27	1	259.2	180.0	warning	校正价180.0
手术室	764	1609156	整形包 (无纺布)-18件	1	62.7	62.7	warning	special_only 未命中特色规则
手术室	765	1609156	腹腔镜(无纺布)	2	85.8	85.8	warning	special_only 未命中特色规则
手术室	766	1609156	痔疮包（无纺布）	2	75.9	75.9	warning	special_only 未命中特色规则
手术室	767	1609156	持物钳罐2 钳2/w9050	6	13.2	13.2	warning	special_only 未命中特色规则
手术室	769	1609220	关节镜(无纺布)	1	112.2	112.2	warning	special_only 未命中特色规则
手术室	770	1609220	交叉韧带-18件（无纺布）	1	62.7	62.7	warning	special_only 未命中特色规则
手术室	771	1609220	剥离子-1/z7530	1	4.8	4.8	warning	special_only 未命中特色规则
手术室	772	1609220	复位钳-1/z1530	1	6.6	6.6	warning	special_only 未命中特色规则
手术室	773	1609220	咬骨钳-1/双/z2032	1	9.9	9.9	warning	special_only 未命中特色规则
手术室	774	1609220	等离子镜-13件（筐1）/w12050	1	138.6	138.6	warning	special_only 未命中特色规则
手术室	775	1609220	关节镜器械7件	1	92.4	92.4	warning	special_only 未命中特色规则
手术室	776	1609220	普镜-26（筐1）/W12050	1	246.0	180.0	warning	校正价180.0
手术室	777	1609251	咬骨剪-1/双/z2032	1	7.8	7.8	warning	special_only 未命中特色规则
手术室	778	1609251	戳卡-2件/z1530	3	26.4	26.4	warning	special_only 未命中特色规则
手术室	779	1609251	双极电凝1双极导线1/z2060	1	26.4	26.4	warning	special_only 未命中特色规则
手术室	780	1609251	膀胱镜-8件（筐1）/w12050	1	92.4	92.4	warning	special_only 未命中特色规则
手术室	781	1609251	好镜-26筐1/W12050	1	246.0	180.0	warning	校正价180.0
手术室	782	1609251	泌腹腔镜-25件（筐1）/w12050	1	232.8	180.0	warning	校正价180.0
手术室	783	1609251	输尿硬镜-4件（筐1）/w12050	1	52.8	52.8	warning	special_only 未命中特色规则
手术室	784	1609251	外三 26筐1/W12050	1	246.0	180.0	warning	校正价180.0
手术室	785	1609251	整形包 (无纺布)-18件	1	62.7	62.7	warning	special_only 未命中特色规则
手术室	786	1609251	痔疮包（无纺布）	1	75.9	75.9	warning	special_only 未命中特色规则
手术室	787	1609251	25°镜头1件 盒1/z2060	1	16.8	16.8	warning	special_only 未命中特色规则
手术室	788	1609291	腹腔镜 (无纺布)	1	85.8	85.8	warning	special_only 未命中特色规则
手术室	789	1609291	空心钻-4件（筐1）/w9050	1	16.5	16.5	warning	special_only 未命中特色规则
手术室	790	1609291	夹钳1配件2/z2060	1	39.6	39.6	warning	special_only 未命中特色规则
手术室	791	1609291	3D高清腹腔镜2件	1	26.4	26.4	warning	special_only 未命中特色规则
手术室	792	1609291	妇科-31	1	292.2	180.0	warning	校正价180.0
手术室	793	1609291	举宫杯-9件/W12050	1	99.0	99.0	warning	special_only 未命中特色规则
手术室	794	1609291	外三27	1	259.2	180.0	warning	校正价180.0
手术室	795	1609291	腹腔镜(无纺布)	3	85.8	85.8	warning	special_only 未命中特色规则
手术室	796	1609291	痔疮包（无纺布）	1	75.9	75.9	warning	special_only 未命中特色规则
手术室	797	1609291	持物钳罐2 钳2/w9050	1	13.2	13.2	warning	special_only 未命中特色规则
手术室	798	1609372	18号（无纺布）	1	108.9	108.9	warning	special_only 未命中特色规则
手术室	799	1609372	电切包(无纺布)	1	105.6	105.6	warning	special_only 未命中特色规则
手术室	800	1609372	腹腔镜 (无纺布)	1	85.8	85.8	warning	special_only 未命中特色规则
手术室	801	1609372	关节镜(无纺布)	1	112.2	112.2	warning	special_only 未命中特色规则
手术室	802	1609372	基础包(无纺布)	3	102.3	102.3	warning	special_only 未命中特色规则
手术室	803	1609372	交叉韧带-18件（无纺布）	1	62.7	62.7	warning	special_only 未命中特色规则
手术室	804	1609372	阑尾(无纺布)	1	155.1	155.1	warning	special_only 未命中特色规则
手术室	805	1609372	泌尿包（无纺布）	1	79.2	79.2	warning	special_only 未命中特色规则
手术室	806	1609372	剖宫产(无纺布)	1	155.1	155.1	warning	special_only 未命中特色规则
手术室	807	1609372	空心钻-4件（筐1）/w9050	2	16.5	16.5	warning	special_only 未命中特色规则
手术室	808	1609372	剥离子-1/z7530	2	4.8	4.8	warning	special_only 未命中特色规则
手术室	809	1609372	驱血带-1/z2032	2	7.8	7.8	warning	special_only 未命中特色规则
手术室	810	1609372	挖勺-1/z7530	1	4.8	4.8	warning	special_only 未命中特色规则
手术室	811	1609372	造瘘器-4/z1526	1	13.2	13.2	warning	special_only 未命中特色规则
手术室	812	1609372	戳卡-2件/z1530	1	26.4	26.4	warning	special_only 未命中特色规则
手术室	813	1609372	软钳-1/Z1570	2	15.0	15.0	warning	special_only 未命中特色规则
手术室	814	1609372	水管-1/w7050	1	21.0	21.0	warning	special_only 未命中特色规则
手术室	815	1609372	等离子镜-13件（筐1）/w12050	1	138.6	138.6	warning	special_only 未命中特色规则
手术室	816	1609372	关节镜器械7件	1	92.4	92.4	warning	special_only 未命中特色规则
手术室	817	1609372	输尿硬镜-4件（筐1）/w12050	2	52.8	52.8	warning	special_only 未命中特色规则
手术室	818	1609372	整形包 (无纺布)-18件	1	62.7	62.7	warning	special_only 未命中特色规则
手术室	819	1609372	腹腔镜(无纺布)	2	85.8	85.8	warning	special_only 未命中特色规则
手术室	820	1609372	膝关节置换(无纺布)	1	69.3	69.3	warning	special_only 未命中特色规则
手术室	821	1609372	胸腔镜-23件（筐1）/w12050	1	206.4	180.0	warning	校正价180.0
手术室	822	1609372	持骨器-2/w6050	1	9.9	9.9	warning	special_only 未命中特色规则
手术室	823	1609372	持物钳罐2 钳2/w9050	6	13.2	13.2	warning	special_only 未命中特色规则
手术室	824	1609372	复位钳-2/W6050	2	9.9	9.9	warning	special_only 未命中特色规则
手术室	825	1609372	钢丝剪-1/w6050	2	9.9	9.9	warning	special_only 未命中特色规则
手术室	826	1609376	洗手衣	7	15.0	15.0	warning	敷料包(无纺布包)——未识别规格
手术室	827	1609560	4K-23件	1	219.6	180.0	warning	校正价180.0
手术室	828	1609560	外三 26筐1/W12050	1	246.0	180.0	warning	校正价180.0
手术室	829	1609562	腹腔镜 (无纺布)	1	85.8	85.8	warning	special_only 未命中特色规则
手术室	830	1609562	基础包(无纺布)	3	102.3	102.3	warning	special_only 未命中特色规则
手术室	831	1609562	空心钻  4件  筐1	1	16.5	16.5	warning	special_only 未命中特色规则
手术室	832	1609562	空心钻-4件（筐1）/w9050	1	16.5	16.5	warning	special_only 未命中特色规则
手术室	833	1609562	剥离子-1/z7530	1	4.8	4.8	warning	special_only 未命中特色规则
手术室	834	1609562	驱血带-1/z2032	1	7.8	7.8	warning	special_only 未命中特色规则
手术室	835	1609562	输尿硬镜-4件（筐1）/w12050	1	52.8	52.8	warning	special_only 未命中特色规则
手术室	836	1609562	腹腔镜(无纺布)	1	85.8	85.8	warning	special_only 未命中特色规则
手术室	837	1609562	切肋7件（无纺布）	1	26.4	26.4	warning	special_only 未命中特色规则
手术室	838	1609562	持物钳罐2 钳2/w9050	3	13.2	13.2	warning	special_only 未命中特色规则
手术室	839	1609590	关节镜(无纺布)	1	112.2	112.2	warning	special_only 未命中特色规则
手术室	840	1609590	等离子镜-13件（筐1）/w12050	1	138.6	138.6	warning	special_only 未命中特色规则
手术室	841	1609590	关节镜器械7件	1	92.4	92.4	warning	special_only 未命中特色规则
手术室	842	1609590	输尿硬镜-4件（筐1）/w12050	1	52.8	52.8	warning	special_only 未命中特色规则
手术室	843	1609590	4K镜头1气腹管1光源1/W12050	1	13.2	39.6	warning	校正价39.6
手术室	844	1609627	普镜-26（筐1）/W12050	1	246.0	180.0	warning	校正价180.0
手术室	845	1609627	输尿硬镜-4件（筐1）/w12050	1	52.8	52.8	warning	special_only 未命中特色规则
手术室	846	1609732	腹腔镜 (无纺布)	4	85.8	85.8	warning	special_only 未命中特色规则
手术室	847	1609732	基础包(无纺布)	3	102.3	102.3	warning	special_only 未命中特色规则
手术室	848	1609732	剖宫产(无纺布)	1	155.1	155.1	warning	special_only 未命中特色规则
手术室	849	1609732	空心钻-4件（筐1）/w9050	1	16.5	16.5	warning	special_only 未命中特色规则
手术室	850	1609732	剥离子-1/z7530	1	4.8	4.8	warning	special_only 未命中特色规则
手术室	851	1609732	爪钩-2/z1029	1	8.1	8.1	warning	special_only 未命中特色规则
手术室	852	1609732	超声刀线-1/z3040	1	21.0	21.0	warning	special_only 未命中特色规则
手术室	853	1609732	持针器-1/z1560	1	15.0	15.0	warning	special_only 未命中特色规则
手术室	854	1609732	低温组件-1件/z1060	1	13.2	13.2	warning	special_only 未命中特色规则
手术室	855	1609732	分离钳-1/z2060	1	16.8	16.8	warning	special_only 未命中特色规则
手术室	856	1609732	软钳-1/Z1570	1	15.0	15.0	warning	special_only 未命中特色规则
手术室	857	1609732	水管-1/w7050	1	21.0	21.0	warning	special_only 未命中特色规则
手术室	858	1609732	好镜-26筐1/W12050	1	246.0	180.0	warning	校正价180.0
手术室	859	1609732	输尿硬镜-4件（筐1）/w12050	2	52.8	52.8	warning	special_only 未命中特色规则
手术室	860	1609732	外三27	1	259.2	180.0	warning	校正价180.0
手术室	861	1609732	外一27件筐1/W12050	1	259.2	180.0	warning	校正价180.0
手术室	862	1609732	整形包（小）-11件（无纺布）	1	36.3	36.3	warning	special_only 未命中特色规则
手术室	863	1609732	痔疮包（无纺布）	1	75.9	75.9	warning	special_only 未命中特色规则
手术室	864	1609732	输尿硬镜-1件（筐1）/w12050	1	21.0	21.0	warning	special_only 未命中特色规则
手术室	865	1609732	胸腔镜-23件（筐1）/w12050	1	206.4	180.0	warning	校正价180.0
手术室	866	1609732	持骨器-2/w6050	1	9.9	9.9	warning	special_only 未命中特色规则
手术室	867	1609732	持物钳罐2 钳2/w9050	2	13.2	13.2	warning	special_only 未命中特色规则
手术室	868	1609736	阑尾(无纺布)	1	155.1	155.1	warning	special_only 未命中特色规则
手术室	869	1609771	腹腔镜 (无纺布)	1	85.8	85.8	warning	special_only 未命中特色规则
手术室	870	1609771	关节镜(无纺布)	1	112.2	112.2	warning	special_only 未命中特色规则
手术室	871	1609771	基础包(无纺布)	1	102.3	102.3	warning	special_only 未命中特色规则
手术室	872	1609771	空心钻-4件（筐1）/w9050	1	16.5	16.5	warning	special_only 未命中特色规则
手术室	873	1609771	剥离子-1/z7530	1	4.8	4.8	warning	special_only 未命中特色规则
手术室	874	1609771	造瘘器-4/z1526	1	13.2	13.2	warning	special_only 未命中特色规则
手术室	875	1609771	软钳-1/Z1570	1	15.0	15.0	warning	special_only 未命中特色规则
手术室	876	1609771	水管-2/W7050	1	26.4	26.4	warning	special_only 未命中特色规则
手术室	877	1609771	4K-23件	1	219.6	180.0	warning	校正价180.0
手术室	878	1609771	等离子镜-13件（筐1）/w12050	1	138.6	138.6	warning	special_only 未命中特色规则
手术室	879	1609771	关节镜器械7件	1	92.4	92.4	warning	special_only 未命中特色规则
手术室	880	1609771	普镜-24件（筐1）/w12050	1	232.8	180.0	warning	校正价180.0
手术室	881	1609771	普镜-26（筐1）/W12050	1	246.0	180.0	warning	校正价180.0
手术室	882	1609771	输尿硬镜-4件（筐1）/w12050	2	52.8	52.8	warning	special_only 未命中特色规则
手术室	883	1609771	外二26筐1/w12050	1	246.0	180.0	warning	校正价180.0
手术室	884	1609771	外三 26筐1/W12050	1	246.0	180.0	warning	校正价180.0
手术室	885	1609771	腹腔镜(无纺布)	2	85.8	85.8	warning	special_only 未命中特色规则
手术室	886	1609771	切肋7件（无纺布）	1	26.4	26.4	warning	special_only 未命中特色规则
手术室	887	1609771	4K镜头1气腹管1光源1/W12050	1	13.2	39.6	warning	校正价39.6
手术室	888	1609771	持物钳罐2 钳2/w9050	9	13.2	13.2	warning	special_only 未命中特色规则
手术室	889	1609782	洗手衣	7	15.0	15.0	warning	敷料包(无纺布包)——未识别规格
手术室	890	1610025	妇儿(无纺布)	1	181.5	181.5	warning	special_only 未命中特色规则
手术室	891	1610025	腹腔镜 (无纺布)	2	85.8	85.8	warning	special_only 未命中特色规则
手术室	892	1610025	开腹（无纺布)	1	207.9	207.9	warning	special_only 未命中特色规则
手术室	893	1610025	剖宫产(无纺布)	1	155.1	155.1	warning	special_only 未命中特色规则
手术室	894	1610025	新脑显微器械（无纺布）	1	105.6	105.6	warning	special_only 未命中特色规则
手术室	895	1610025	钻孔包(无纺布)	2	188.1	188.1	warning	special_only 未命中特色规则
手术室	896	1610025	脑电钻-9件（筐1）/w9050	1	33.0	33.0	warning	special_only 未命中特色规则
手术室	897	1610025	肌钩-2/z1029	1	8.1	8.1	warning	special_only 未命中特色规则
手术室	898	1610025	拉钩-2/Z1026	1	8.1	8.1	warning	special_only 未命中特色规则
手术室	899	1610025	镊子-1/z7530	1	4.8	4.8	warning	special_only 未命中特色规则
手术室	900	1610025	显微剪刀-1/z1026	1	4.8	4.8	warning	special_only 未命中特色规则
手术室	901	1610025	直角钳-2/z1535	1	9.9	9.9	warning	special_only 未命中特色规则
手术室	902	1610025	超声-3件/Z3040	1	39.6	39.6	warning	special_only 未命中特色规则
手术室	903	1610025	泌腹腔镜-25件（筐1）/w12050	1	232.8	180.0	warning	校正价180.0
手术室	904	1610025	磨钻-4件（筐1）/w9050	1	52.8	52.8	warning	special_only 未命中特色规则
手术室	905	1610025	自动拉钩-2件	1	9.9	9.9	warning	special_only 未命中特色规则
手术室	906	1610025	持物钳罐2 钳2/w9050	6	13.2	13.2	warning	special_only 未命中特色规则
手术室	907	1610055	洗手衣	8	15.0	15.0	warning	敷料包(无纺布包)——未识别规格
手术室	908	1610195	腹腔镜 (无纺布)	1	85.8	85.8	warning	special_only 未命中特色规则
手术室	909	1610195	基础包(无纺布)	2	102.3	102.3	warning	special_only 未命中特色规则
手术室	910	1610195	脑微创(无纺布)	1	82.5	82.5	warning	special_only 未命中特色规则
手术室	911	1610195	空心钻-4件（筐1）/w9050	1	16.5	16.5	warning	special_only 未命中特色规则
手术室	912	1610195	脑电钻-9件（筐1）/w9050	1	33.0	33.0	warning	special_only 未命中特色规则
手术室	913	1610195	好镜-26筐1/W12050	1	246.0	180.0	warning	校正价180.0
手术室	914	1610195	外三27	1	259.2	180.0	warning	校正价180.0
手术室	915	1610195	痔疮包（无纺布）	1	75.9	75.9	warning	special_only 未命中特色规则
手术室	916	1610195	持物钳罐2 钳2/w9050	3	13.2	13.2	warning	special_only 未命中特色规则
手术室	917	1610232	腹腔镜 (无纺布)	1	85.8	85.8	warning	special_only 未命中特色规则
手术室	918	1610232	手科显微器械包(无纺布)	1	56.1	56.1	warning	special_only 未命中特色规则
手术室	919	1610232	手科显微器械包-16件（无纺布）	1	56.1	56.1	warning	special_only 未命中特色规则
手术室	920	1610232	整形包-28件(无纺布)	1	99.0	99.0	warning	special_only 未命中特色规则
手术室	921	1610232	镊子-1/z7530	1	4.8	4.8	warning	special_only 未命中特色规则
手术室	922	1610232	整形包 (无纺布)-18件	4	62.7	62.7	warning	special_only 未命中特色规则
手术室	923	1610232	痔疮包（无纺布）	2	75.9	75.9	warning	special_only 未命中特色规则
手术室	924	1610232	持物钳罐2 钳2/w9050	2	13.2	13.2	warning	special_only 未命中特色规则
手术室	925	1610232	锤子-1/w6050	1	9.9	9.9	warning	special_only 未命中特色规则
手术室	926	1610233	等离子镜-13件（筐1）/w12050	1	138.6	138.6	warning	special_only 未命中特色规则
手术室	927	1610233	输尿硬镜-4件（筐1）/w12050	2	52.8	52.8	warning	special_only 未命中特色规则
手术室	928	1610335	腹腔镜 (无纺布)	3	85.8	85.8	warning	special_only 未命中特色规则
手术室	929	1610335	基础包(无纺布)	1	102.3	102.3	warning	special_only 未命中特色规则
手术室	930	1610335	金院长器械10件（盒1）	1	36.3	36.3	warning	special_only 未命中特色规则
手术室	931	1610335	开胸 心按(无纺布)	1	108.9	108.9	warning	special_only 未命中特色规则
手术室	932	1610335	戳卡-2件/z1530	2	26.4	26.4	warning	special_only 未命中特色规则
手术室	933	1610335	低温组件-1/Z1570	1	15.0	15.0	warning	special_only 未命中特色规则
手术室	934	1610335	电凝钩-1/Z7550	2	13.2	13.2	warning	special_only 未命中特色规则
手术室	935	1610335	剪刀（低温）-1/Z2060	1	16.8	16.8	warning	special_only 未命中特色规则
手术室	936	1610335	软钳-1/Z1570	1	15.0	15.0	warning	special_only 未命中特色规则
手术室	937	1610335	水管-1/w7050	1	21.0	21.0	warning	special_only 未命中特色规则
手术室	938	1610335	直角钳-1/z2060	1	16.8	16.8	warning	special_only 未命中特色规则
手术室	939	1610335	转换器-1/Z7520	1	13.2	13.2	warning	special_only 未命中特色规则
手术室	940	1610335	普镜-24件（筐1）/w12050	1	232.8	180.0	warning	校正价180.0
手术室	941	1610335	普镜-26（筐1）/W12050	1	246.0	180.0	warning	校正价180.0
手术室	942	1610335	输尿硬镜-4件（筐1）/w12050	1	52.8	52.8	warning	special_only 未命中特色规则
手术室	943	1610335	外二26筐1/w12050	1	246.0	180.0	warning	校正价180.0
手术室	944	1610335	外三 26筐1/W12050	1	246.0	180.0	warning	校正价180.0
手术室	945	1610335	外三27	1	259.2	180.0	warning	校正价180.0
手术室	946	1610335	外一27件筐1/W12050	1	259.2	180.0	warning	校正价180.0
手术室	947	1610335	腹腔镜(无纺布)	2	85.8	85.8	warning	special_only 未命中特色规则
手术室	948	1610335	弯盘1蚊式10/W6050	1	36.3	36.3	warning	special_only 未命中特色规则
手术室	949	1610335	胸腔镜-23件（筐1）/w12050	1	206.4	180.0	warning	校正价180.0
手术室	950	1610335	持物钳罐2 钳2/w9050	3	13.2	13.2	warning	special_only 未命中特色规则
手术室	952	1610342	洗手衣	4	15.0	15.0	warning	敷料包(无纺布包)——未识别规格
手术室	953	1610531	胆囊包(无纺布)	1	36.3	36.3	warning	special_only 未命中特色规则
手术室	954	1610531	腹腔镜 (无纺布)	2	85.8	85.8	warning	special_only 未命中特色规则
手术室	955	1610531	尺-1/Z7526	1	4.8	4.8	warning	special_only 未命中特色规则
手术室	956	1610531	阻断带-1/z7526	1	4.8	4.8	warning	special_only 未命中特色规则
手术室	957	1610531	钳子-1/z2060	1	16.8	16.8	warning	special_only 未命中特色规则
手术室	958	1610531	等离子镜-13件（筐1）/w12050	1	138.6	138.6	warning	special_only 未命中特色规则
手术室	959	1610531	输尿硬镜-4件（筐1）/w12050	2	52.8	52.8	warning	special_only 未命中特色规则
手术室	960	1610531	持物钳罐2 钳2/w9050	1	13.2	13.2	warning	special_only 未命中特色规则
手术室	961	1610609	缝合针/Z7520	1	4.8	4.8	warning	special_only 未命中特色规则
手术室	962	1610609	戳卡-2件/z1530	1	26.4	26.4	warning	special_only 未命中特色规则
手术室	963	1610609	直角钳-1/z2060	1	16.8	16.8	warning	special_only 未命中特色规则
手术室	964	1610609	妇科-31	1	292.2	180.0	warning	校正价180.0
手术室	965	1610609	举宫杯-7件/W12050	1	79.2	79.2	warning	special_only 未命中特色规则
手术室	966	1610609	普镜-26（筐1）/W12050	1	246.0	180.0	warning	校正价180.0
手术室	967	1610632	直角钳-1/z2060	1	16.8	16.8	warning	special_only 未命中特色规则
手术室	968	1610632	3D高清腹腔镜2件	1	26.4	26.4	warning	special_only 未命中特色规则
手术室	969	1610632	输尿硬镜-4件（筐1）/w12050	1	52.8	52.8	warning	special_only 未命中特色规则
手术室	970	1610632	外二26筐1/w12050	1	246.0	180.0	warning	校正价180.0
手术室	971	1610632	外三 26筐1/W12050	1	246.0	180.0	warning	校正价180.0
手术室	972	1610646	水管-2/W7050	1	26.4	26.4	warning	special_only 未命中特色规则
手术室	973	1610646	等离子镜-11件（筐1）/w12050	1	112.2	112.2	warning	special_only 未命中特色规则
手术室	974	1610646	关节镜器械7件	1	92.4	92.4	warning	special_only 未命中特色规则
手术室	975	1610646	输尿硬镜-4件（筐1）/w12050	1	52.8	52.8	warning	special_only 未命中特色规则
手术室	976	1610661	超声-3件/Z3040	1	39.6	39.6	warning	special_only 未命中特色规则
手术室	977	1610661	低温组件-1/Z1570	1	15.0	15.0	warning	special_only 未命中特色规则
手术室	978	1610661	镜头70°-1/W6050	1	16.8	16.8	warning	special_only 未命中特色规则
手术室	979	1610661	双极电凝1双极导线1/z2060	1	26.4	26.4	warning	special_only 未命中特色规则
手术室	980	1610661	中空钳-1/Z2060	2	16.8	16.8	warning	special_only 未命中特色规则
手术室	981	1610661	泌腹腔镜-25件（筐1）/w12050	1	232.8	180.0	warning	校正价180.0
手术室	982	1610662	腹腔镜 (无纺布)	3	85.8	85.8	warning	special_only 未命中特色规则
手术室	983	1610662	关节镜(无纺布)	1	112.2	112.2	warning	special_only 未命中特色规则
手术室	984	1610662	基础包(无纺布)	2	102.3	102.3	warning	special_only 未命中特色规则
手术室	985	1610662	交叉韧带-18件（无纺布）	1	62.7	62.7	warning	special_only 未命中特色规则
手术室	986	1610662	空心钻-4件（筐1）/w9050	2	16.5	16.5	warning	special_only 未命中特色规则
手术室	987	1610662	造瘘器-4/z1526	1	13.2	13.2	warning	special_only 未命中特色规则
手术室	988	1610662	腹腔镜(无纺布)	1	85.8	85.8	warning	special_only 未命中特色规则
手术室	989	1610662	整形包（小）-11件（无纺布）	1	36.3	36.3	warning	special_only 未命中特色规则
手术室	990	1610662	持物钳罐2 钳2/w9050	1	13.2	13.2	warning	special_only 未命中特色规则
手术室	991	1610662	锤子-1/w6050	2	9.9	9.9	warning	special_only 未命中特色规则
手术室	992	1610665	骨科大剪刀-1/w905060	1	9.9	9.9	warning	special_only 未命中特色规则
手术室	993	1610761	洗手衣	3	15.0	15.0	warning	敷料包(无纺布包)——未识别规格
手术室	994	1610778	扁桃(无纺布)	1	75.9	75.9	warning	special_only 未命中特色规则
手术室	995	1610778	基础包(无纺布)	5	102.3	102.3	warning	special_only 未命中特色规则
手术室	996	1610778	开腹（无纺布)	2	207.9	207.9	warning	special_only 未命中特色规则
手术室	997	1610778	整形包-28件(无纺布)	1	99.0	99.0	warning	special_only 未命中特色规则
手术室	998	1610778	整形号包 (无纺布)	1	85.8	85.8	warning	special_only 未命中特色规则
手术室	999	1610778	支撑喉镜(无纺布)	1	59.4	59.4	warning	special_only 未命中特色规则
手术室	1000	1610778	中弯包(无纺布)	1	105.6	105.6	warning	special_only 未命中特色规则
手术室	1001	1610778	剥离子-1/z7530	1	4.8	4.8	warning	special_only 未命中特色规则
手术室	1002	1610778	肛门镜-2件/z1530	1	9.9	9.9	warning	special_only 未命中特色规则
手术室	1003	1610778	超声-3件/Z3040	1	39.6	39.6	warning	special_only 未命中特色规则
手术室	1004	1610778	超声刀线-1/z3040	1	21.0	21.0	warning	special_only 未命中特色规则
手术室	1005	1610778	戳卡-2件/z1530	2	26.4	26.4	warning	special_only 未命中特色规则
手术室	1006	1610778	喉镜-1/Z2030	1	16.8	16.8	warning	special_only 未命中特色规则
手术室	1007	1610778	剪刀（低温）-1/Z2060	2	16.8	16.8	warning	special_only 未命中特色规则
手术室	1008	1610778	软钳-1/Z1570	1	15.0	15.0	warning	special_only 未命中特色规则
手术室	1009	1610778	水管-2/W7050	1	26.4	26.4	warning	special_only 未命中特色规则
手术室	1010	1610778	胃钳-1/z2060	1	16.8	16.8	warning	special_only 未命中特色规则
手术室	1011	1610778	有齿抓钳-1/Z2060	1	16.8	16.8	warning	special_only 未命中特色规则
手术室	1012	1610778	3D高清腹腔镜2件	1	26.4	26.4	warning	special_only 未命中特色规则
手术室	1013	1610778	4K-23件	1	219.6	180.0	warning	校正价180.0
手术室	1014	1610778	等离子镜-13件（筐1）/w12050	2	138.6	138.6	warning	special_only 未命中特色规则
手术室	1015	1610778	妇科-31	2	292.2	180.0	warning	校正价180.0
手术室	1016	1610778	好镜-26筐1/W12050	1	246.0	180.0	warning	校正价180.0
手术室	1017	1610778	举宫杯-7件/W12050	1	79.2	79.2	warning	special_only 未命中特色规则
手术室	1018	1610778	举宫杯-9件/W12050	1	99.0	99.0	warning	special_only 未命中特色规则
手术室	1019	1610778	普镜-24件（筐1）/w12050	1	232.8	180.0	warning	校正价180.0
手术室	1020	1610778	输尿硬镜-4件（筐1）/w12050	5	52.8	52.8	warning	special_only 未命中特色规则
手术室	1021	1610778	斯道斯电切镜-13件（筐1）/w12050	1	138.6	138.6	warning	special_only 未命中特色规则
手术室	1022	1610778	外二26筐1/w12050	1	246.0	180.0	warning	校正价180.0
手术室	1023	1610778	外三27	1	259.2	180.0	warning	校正价180.0
手术室	1024	1610778	外一27件筐1/W12050	1	259.2	180.0	warning	校正价180.0
手术室	1025	1610778	整形包 (无纺布)-18件	1	62.7	62.7	warning	special_only 未命中特色规则
手术室	1026	1610778	腹腔镜(无纺布)	3	85.8	85.8	warning	special_only 未命中特色规则
手术室	1027	1610778	痔疮包（无纺布）	4	75.9	75.9	warning	special_only 未命中特色规则
手术室	1028	1610778	25°镜头1件 盒1/z2060	1	16.8	16.8	warning	special_only 未命中特色规则
手术室	1029	1610778	3D高清腹腔镜-2（筐1）/w12050	1	26.4	26.4	warning	special_only 未命中特色规则
手术室	1030	1610778	4K镜头1气腹管1光源1/W12050	1	13.2	39.6	warning	校正价39.6
手术室	1031	1610778	持物钳罐2 钳2/w9050	5	13.2	13.2	warning	special_only 未命中特色规则
手术室	1032	1610778	锤子-1/w6050	1	9.9	9.9	warning	special_only 未命中特色规则
手术室	1033	1610911	腹腔镜 (无纺布)	1	85.8	85.8	warning	special_only 未命中特色规则
手术室	1034	1610911	基础包(无纺布)	1	102.3	102.3	warning	special_only 未命中特色规则
手术室	1035	1610911	开腹（无纺布)	2	207.9	207.9	warning	special_only 未命中特色规则
手术室	1036	1610911	钻孔包(无纺布)	1	188.1	188.1	warning	special_only 未命中特色规则
手术室	1037	1610911	吸引器（无芯）-1/z7530	1	4.8	4.8	warning	special_only 未命中特色规则
手术室	1038	1610911	显微剪刀-1/z1026	1	4.8	4.8	warning	special_only 未命中特色规则
手术室	1039	1610911	造瘘器-4/z1526	1	13.2	13.2	warning	special_only 未命中特色规则
手术室	1040	1610911	软钳-1/Z1570	1	15.0	15.0	warning	special_only 未命中特色规则
手术室	1041	1610911	水管-1/w7050	2	21.0	21.0	warning	special_only 未命中特色规则
手术室	1042	1610911	磨钻-4件（筐1）/w9050	1	52.8	52.8	warning	special_only 未命中特色规则
手术室	1043	1610911	输尿硬镜-4件（筐1）/w12050	1	52.8	52.8	warning	special_only 未命中特色规则
手术室	1044	1610911	腹腔镜(无纺布)	2	85.8	85.8	warning	special_only 未命中特色规则
手术室	1045	1610911	弯盘1蚊式10/W6050	1	36.3	36.3	warning	special_only 未命中特色规则
手术室	1046	1610911	整形11件(无纺布)	1	36.3	36.3	warning	special_only 未命中特色规则
手术室	1047	1610911	持物钳罐2 钳2/w9050	9	13.2	13.2	warning	special_only 未命中特色规则
手术室	1048	1610911	尿道探子-8件/W6050	1	26.4	26.4	warning	special_only 未命中特色规则
手术室	1049	1610917	普镜-26（筐1）/W12050	1	246.0	180.0	warning	校正价180.0
手术室	1050	1610917	输尿硬镜-4件（筐1）/w12050	2	52.8	52.8	warning	special_only 未命中特色规则
手术室	1051	1610951	夹钳-1/z2060	1	16.8	16.8	warning	special_only 未命中特色规则
手术室	1052	1610951	钳子-1/z2060	1	16.8	16.8	warning	special_only 未命中特色规则
手术室	1053	1610951	妇科-31	1	292.2	180.0	warning	校正价180.0
手术室	1054	1610951	泌腹腔镜-25件（筐1）/w12050	1	232.8	180.0	warning	校正价180.0
手术室	1055	1610951	4K镜头1气腹管1光源1/W12050	1	13.2	39.6	warning	校正价39.6
手术室	1056	1611001	超声-3件/Z3040	1	39.6	39.6	warning	special_only 未命中特色规则
手术室	1057	1611001	持针器-1/z1560	1	15.0	15.0	warning	special_only 未命中特色规则
手术室	1058	1611001	戳卡-2件/z1530	1	26.4	26.4	warning	special_only 未命中特色规则
手术室	1059	1611001	光纤-1/z2030	1	16.8	16.8	warning	special_only 未命中特色规则
手术室	1060	1611001	喉镜-1/Z2030	1	16.8	16.8	warning	special_only 未命中特色规则
手术室	1061	1611001	夹钳-1/z2060	1	16.8	16.8	warning	special_only 未命中特色规则
手术室	1062	1611001	中空钳-1/Z2060	1	16.8	16.8	warning	special_only 未命中特色规则
手术室	1063	1611001	4K-23件	1	219.6	180.0	warning	校正价180.0
手术室	1064	1611001	膀胱镜-8件（筐1）/w12050	1	92.4	92.4	warning	special_only 未命中特色规则
手术室	1065	1611001	膀胱碎石-7（筐1）/w12050	1	79.2	79.2	warning	special_only 未命中特色规则
手术室	1066	1611001	妇科-31	1	292.2	180.0	warning	校正价180.0
手术室	1067	1611001	举宫杯-9件/W12050	1	99.0	99.0	warning	special_only 未命中特色规则
手术室	1068	1611001	外三 26筐1/W12050	1	246.0	180.0	warning	校正价180.0
手术室	1069	1611001	25°镜头1件 盒1/z2060	1	16.8	16.8	warning	special_only 未命中特色规则
手术室	1070	1611026	（脑一用）气管切开包（无纺布）	1	49.5	49.5	warning	special_only 未命中特色规则
手术室	1071	1611026	18号（无纺布）	1	108.9	108.9	warning	special_only 未命中特色规则
手术室	1072	1611026	鼻骨骨折（无纺布）	1	33.0	33.0	warning	special_only 未命中特色规则
手术室	1073	1611026	扁桃(无纺布)	1	75.9	75.9	warning	special_only 未命中特色规则
手术室	1074	1611026	电切包(无纺布)	1	105.6	105.6	warning	special_only 未命中特色规则
手术室	1075	1611026	腹腔镜 (无纺布)	3	85.8	85.8	warning	special_only 未命中特色规则
手术室	1076	1611026	基础包(无纺布)	2	102.3	102.3	warning	special_only 未命中特色规则
手术室	1077	1611026	开腹（无纺布)	2	207.9	207.9	warning	special_only 未命中特色规则
手术室	1078	1611026	气管切开包（无纺布）	1	49.5	49.5	warning	special_only 未命中特色规则
手术室	1079	1611026	外一 拉钩-10件（无纺布）	1	36.3	36.3	warning	special_only 未命中特色规则
手术室	1080	1611026	外一 拉钩-6件（无纺布）	1	23.1	23.1	warning	special_only 未命中特色规则
手术室	1081	1611026	支撑喉镜(无纺布)	1	59.4	59.4	warning	special_only 未命中特色规则
手术室	1082	1611026	剥离子-1/z7530	1	4.8	4.8	warning	special_only 未命中特色规则
手术室	1083	1611026	克氏钳（平头）-1/双/z1029	1	9.9	8.1	warning	校正价8.1
手术室	1084	1611026	腹腔镜(无纺布)	3	85.8	85.8	warning	special_only 未命中特色规则
手术室	1085	1611026	整形包（小）-11件（无纺布）	1	36.3	36.3	warning	special_only 未命中特色规则
手术室	1086	1611026	痔疮包（无纺布）	1	75.9	75.9	warning	special_only 未命中特色规则
手术室	1087	1611026	持物钳罐2 钳2/w9050	3	13.2	13.2	warning	special_only 未命中特色规则
手术室	1088	1611029	好镜-26筐1/W12050	1	246.0	180.0	warning	校正价180.0
手术室	1089	1611029	输尿硬镜-4件（筐1）/w12050	1	52.8	52.8	warning	special_only 未命中特色规则
手术室	1090	1611102	腹腔镜 (无纺布)	3	85.8	85.8	warning	special_only 未命中特色规则
手术室	1091	1611102	手科显微器械包-16件（无纺布）	1	56.1	56.1	warning	special_only 未命中特色规则
手术室	1092	1611102	肛门镜-2件/z1530	1	9.9	9.9	warning	special_only 未命中特色规则
手术室	1093	1611102	镜头12°-1/z2060	1	16.8	16.8	warning	special_only 未命中特色规则
手术室	1094	1611102	可吸收夹钳-1/Z2035	1	16.8	16.8	warning	special_only 未命中特色规则
手术室	1095	1611102	软钳-1/Z1570	2	15.0	15.0	warning	special_only 未命中特色规则
手术室	1096	1611102	水管-1/w7050	2	21.0	21.0	warning	special_only 未命中特色规则
手术室	1097	1611102	水管-2/W7050	2	26.4	26.4	warning	special_only 未命中特色规则
手术室	1098	1611102	有齿抓钳-1/Z2060	2	16.8	16.8	warning	special_only 未命中特色规则
手术室	1099	1611102	等离子镜-13件（筐1）/w12050	2	138.6	138.6	warning	special_only 未命中特色规则
手术室	1100	1611102	泌腹腔镜-25件（筐1）/w12050	1	232.8	180.0	warning	校正价180.0
手术室	1101	1611102	普镜-24件（筐1）/w12050	1	232.8	180.0	warning	校正价180.0
手术室	1102	1611102	输尿硬镜-4件（筐1）/w12050	3	52.8	52.8	warning	special_only 未命中特色规则
手术室	1103	1611102	外二26筐1/w12050	1	246.0	180.0	warning	校正价180.0
手术室	1104	1611102	外三27	1	259.2	180.0	warning	校正价180.0
手术室	1105	1611102	外一27件筐1/W12050	1	259.2	180.0	warning	校正价180.0
手术室	1106	1611102	整形包 (无纺布)-18件	1	62.7	62.7	warning	special_only 未命中特色规则
手术室	1107	1611102	腹腔镜(无纺布)	1	85.8	85.8	warning	special_only 未命中特色规则
手术室	1108	1611102	痔疮包（无纺布）	1	75.9	75.9	warning	special_only 未命中特色规则
手术室	1109	1611102	4K镜头1气腹管1光源1/W12050	1	13.2	39.6	warning	校正价39.6
手术室	1110	1611102	胸腔镜-23件（筐1）/w12050	1	206.4	180.0	warning	校正价180.0
手术室	1111	1611102	持物钳罐2 钳2/w9050	6	13.2	13.2	warning	special_only 未命中特色规则
手术室	1112	1611102	尿道探子-8件/W6050	1	26.4	26.4	warning	special_only 未命中特色规则
手术室	1113	1611106	洗手衣	7	15.0	15.0	warning	敷料包(无纺布包)——未识别规格
手术室	1114	1611265	开腹（无纺布)	1	207.9	207.9	warning	special_only 未命中特色规则
手术室	1115	1611265	腹腔镜(无纺布)	2	85.8	85.8	warning	special_only 未命中特色规则
手术室	1116	1611265	持物钳罐2 钳2/w9050	4	13.2	13.2	warning	special_only 未命中特色规则
手术室	1117	1611350	低温组件-1/Z1570	1	15.0	15.0	warning	special_only 未命中特色规则
手术室	1118	1611350	镜头70°-1/W6050	1	16.8	16.8	warning	special_only 未命中特色规则
手术室	1119	1611350	软钳-1/Z1570	1	15.0	15.0	warning	special_only 未命中特色规则
手术室	1120	1611350	鼻内镜-3/W9050	1	39.6	39.6	warning	special_only 未命中特色规则
手术室	1121	1611350	妇科-31	1	292.2	180.0	warning	校正价180.0
手术室	1122	1611350	输尿硬镜-4件（筐1）/w12050	1	52.8	52.8	warning	special_only 未命中特色规则
手术室	1123	1611350	4K镜头1气腹管1光源1/W12050	1	13.2	39.6	warning	校正价39.6
手术室	1124	1611393	戳卡-2件/z1530	1	26.4	26.4	warning	special_only 未命中特色规则
手术室	1125	1611393	4K-23件	1	219.6	180.0	warning	校正价180.0
手术室	1126	1611393	等离子镜-13件（筐1）/w12050	1	138.6	138.6	warning	special_only 未命中特色规则
手术室	1127	1611393	举宫杯-9件/W12050	1	99.0	99.0	warning	special_only 未命中特色规则
手术室	1128	1611393	输尿硬镜-4件（筐1）/w12050	1	52.8	52.8	warning	special_only 未命中特色规则
手术室	1129	1611393	外三27	1	259.2	180.0	warning	校正价180.0
手术室	1130	1611393	胸腔镜-21	1	193.2	180.0	warning	校正价180.0
手术室	1131	1611393	胸腔镜-23件（筐1）/w12050	1	206.4	180.0	warning	校正价180.0
手术室	1132	1611394	扁桃(无纺布)	1	75.9	75.9	warning	special_only 未命中特色规则
手术室	1133	1611394	电切包(无纺布)	1	105.6	105.6	warning	special_only 未命中特色规则
手术室	1134	1611394	腹腔镜 (无纺布)	1	85.8	85.8	warning	special_only 未命中特色规则
手术室	1135	1611394	基础包(无纺布)	2	102.3	102.3	warning	special_only 未命中特色规则
手术室	1136	1611394	阑尾(无纺布)	2	155.1	155.1	warning	special_only 未命中特色规则
手术室	1137	1611394	剖宫产(无纺布)	1	155.1	155.1	warning	special_only 未命中特色规则
手术室	1138	1611394	全髋(无纺布)	1	72.6	72.6	warning	special_only 未命中特色规则
手术室	1139	1611394	微骨折器械-6件（无纺布）（无纺布）	1	23.1	23.1	warning	special_only 未命中特色规则
手术室	1140	1611394	整形包-28件(无纺布)	1	99.0	99.0	warning	special_only 未命中特色规则
手术室	1141	1611394	空心钻-4件（筐1）/w9050	1	16.5	16.5	warning	special_only 未命中特色规则
手术室	1142	1611394	复位钳-1/z1530	1	6.6	6.6	warning	special_only 未命中特色规则
手术室	1143	1611394	骨刀-1/z7530	1	4.8	4.8	warning	special_only 未命中特色规则
手术室	1144	1611394	刮勺-1/z7530	2	4.8	4.8	warning	special_only 未命中特色规则
手术室	1145	1611394	吸头-1/Z7534	2	4.8	4.8	warning	special_only 未命中特色规则
手术室	1146	1611394	针头-1/z7526	1	4.8	4.8	warning	special_only 未命中特色规则
手术室	1147	1611394	钻头-1（列冠）/Z7520	1	4.8	4.8	warning	special_only 未命中特色规则
手术室	1148	1611394	整形包 (无纺布)-18件	1	62.7	62.7	warning	special_only 未命中特色规则
手术室	1149	1611394	整形11件(无纺布)	1	36.3	36.3	warning	special_only 未命中特色规则
手术室	1150	1611405	基础包(无纺布)	1	102.3	102.3	warning	special_only 未命中特色规则
手术室	1151	1611486	腹腔镜 (无纺布)	3	85.8	85.8	warning	special_only 未命中特色规则
手术室	1152	1611486	基础包(无纺布)	4	102.3	102.3	warning	special_only 未命中特色规则
手术室	1153	1611486	甲状腺包(无纺布)	1	165.0	165.0	warning	special_only 未命中特色规则
手术室	1154	1611486	开腹（无纺布)	1	207.9	207.9	warning	special_only 未命中特色规则
手术室	1155	1611486	阑尾(无纺布)	1	155.1	155.1	warning	special_only 未命中特色规则
手术室	1156	1611486	剖宫产(无纺布)	1	155.1	155.1	warning	special_only 未命中特色规则
手术室	1157	1611486	普外血管器械（无纺布）	1	59.4	59.4	warning	special_only 未命中特色规则
手术室	1158	1611486	外一 拉钩-10件（无纺布）	1	36.3	36.3	warning	special_only 未命中特色规则
手术室	1159	1611486	外一 拉钩-6件（无纺布）	1	23.1	23.1	warning	special_only 未命中特色规则
手术室	1160	1611486	整形包-28件(无纺布)	2	99.0	99.0	warning	special_only 未命中特色规则
手术室	1161	1611486	空心钻-4件（筐1）/w9050	1	16.5	16.5	warning	special_only 未命中特色规则
手术室	1162	1611486	剥离子-1/z7530	3	4.8	4.8	warning	special_only 未命中特色规则
手术室	1163	1611486	大直钳-1/z1035	1	4.8	4.8	warning	special_only 未命中特色规则
手术室	1164	1611486	肛门镜-2件/z1530	1	9.9	9.9	warning	special_only 未命中特色规则
手术室	1165	1611486	骨刀-1/z7530	3	4.8	4.8	warning	special_only 未命中特色规则
手术室	1166	1611486	后颅凹拉钩-1/双/z1530	1	9.9	9.9	warning	special_only 未命中特色规则
手术室	1167	1611486	黄主任扳手-1/双/Z1029	2	8.1	8.1	warning	special_only 未命中特色规则
手术室	1168	1611486	克氏钳（尖头）-1/双z1029	1	9.9	8.1	warning	校正价8.1
手术室	1169	1611486	驱血带-1/z2032	2	7.8	7.8	warning	special_only 未命中特色规则
手术室	1170	1611486	探针-1/z7537	1	4.8	4.8	warning	special_only 未命中特色规则
手术室	1171	1611486	咬骨钳-1/双/z2032	2	9.9	9.9	warning	special_only 未命中特色规则
手术室	1172	1611486	超声刀线-1/z3040	2	21.0	21.0	warning	special_only 未命中特色规则
手术室	1173	1611486	夹钳-1/z2060	2	16.8	16.8	warning	special_only 未命中特色规则
手术室	1174	1611486	水管-1/w7050	1	21.0	21.0	warning	special_only 未命中特色规则
手术室	1175	1611486	直角钳-1/z2060	1	16.8	16.8	warning	special_only 未命中特色规则
手术室	1176	1611486	等离子镜-11件（筐1）/w12050	1	112.2	112.2	warning	special_only 未命中特色规则
手术室	1177	1611486	好镜-26筐1/W12050	1	246.0	180.0	warning	校正价180.0
手术室	1178	1611486	磨钻-4件（筐1）/w9050	1	52.8	52.8	warning	special_only 未命中特色规则
手术室	1179	1611486	普镜-26（筐1）/W12050	1	246.0	180.0	warning	校正价180.0
手术室	1180	1611486	外三 26筐1/W12050	1	246.0	180.0	warning	校正价180.0
手术室	1182	1611486	整形包 (无纺布)-18件	2	62.7	62.7	warning	special_only 未命中特色规则
手术室	1183	1611486	腹腔镜(无纺布)	5	85.8	85.8	warning	special_only 未命中特色规则
手术室	1184	1611486	取钢板(无纺布)	1	72.6	72.6	warning	special_only 未命中特色规则
手术室	1185	1611486	弯盘1蚊式10/W6050	1	36.3	36.3	warning	special_only 未命中特色规则
手术室	1186	1611486	整形11件(无纺布)	1	36.3	36.3	warning	special_only 未命中特色规则
手术室	1187	1611486	痔疮包（无纺布）	4	75.9	75.9	warning	special_only 未命中特色规则
手术室	1188	1611486	25°镜头1件 盒1/z2060	1	16.8	16.8	warning	special_only 未命中特色规则
手术室	1189	1611486	4K镜头1气腹管1光源1/W12050	1	13.2	39.6	warning	校正价39.6
手术室	1190	1611486	持物钳罐2 钳2/w9050	13	13.2	13.2	warning	special_only 未命中特色规则
手术室	1191	1611486	锤子-1/w6050	1	9.9	9.9	warning	special_only 未命中特色规则
手术室	1192	1611499	洗手衣	6	15.0	15.0	warning	敷料包(无纺布包)——未识别规格
手术室	1193	1611763	水管-1/w7050	1	21.0	21.0	warning	special_only 未命中特色规则
手术室	1194	1611763	膀胱镜-8件（筐1）/w12050	2	92.4	92.4	warning	special_only 未命中特色规则
手术室	1195	1611763	妇科-31	1	292.2	180.0	warning	校正价180.0
手术室	1196	1611763	磨钻-4件（筐1）/w9050	1	52.8	52.8	warning	special_only 未命中特色规则
手术室	1197	1611763	普镜-24件（筐1）/w12050	1	232.8	180.0	warning	校正价180.0
手术室	1198	1611763	输尿硬镜-4件（筐1）/w12050	1	52.8	52.8	warning	special_only 未命中特色规则
手术室	1199	1611763	外二26筐1/w12050	1	246.0	180.0	warning	校正价180.0
手术室	1200	1611763	外三 26筐1/W12050	1	246.0	180.0	warning	校正价180.0
手术室	1202	1611782	动脉瘤器械 -10件(无纺布)	1	36.3	36.3	warning	special_only 未命中特色规则
手术室	1203	1611782	腹腔镜 (无纺布)	2	85.8	85.8	warning	special_only 未命中特色规则
手术室	1204	1611782	基础包(无纺布)	6	102.3	102.3	warning	special_only 未命中特色规则
手术室	1205	1611782	开腹（无纺布)	1	207.9	207.9	warning	special_only 未命中特色规则
手术室	1206	1611782	手科显微器械包(无纺布)	1	56.1	56.1	warning	special_only 未命中特色规则
手术室	1207	1611782	新脑显微器械（无纺布）	1	105.6	105.6	warning	special_only 未命中特色规则
手术室	1208	1611782	钻孔引流包-63件(无纺布)	1	214.5	214.5	warning	special_only 未命中特色规则
手术室	1209	1611782	空心钻-4件（筐1）/w9050	1	16.5	16.5	warning	special_only 未命中特色规则
手术室	1210	1611782	骨刀-1/z7530	3	4.8	4.8	warning	special_only 未命中特色规则
手术室	1211	1611782	刮勺-1/z7530	1	4.8	4.8	warning	special_only 未命中特色规则
手术室	1212	1611782	脑板-1/Z7530	1	4.8	4.8	warning	special_only 未命中特色规则
手术室	1213	1611782	驱血带-1/z2032	1	7.8	7.8	warning	special_only 未命中特色规则
手术室	1214	1611782	吸引器（无芯）-1/z7530	1	4.8	4.8	warning	special_only 未命中特色规则
手术室	1215	1611782	显微剪刀-1/z1026	1	4.8	4.8	warning	special_only 未命中特色规则
手术室	1216	1611782	咬骨钳-1/双/z2032	1	9.9	9.9	warning	special_only 未命中特色规则
手术室	1217	1611782	造瘘器-4/z1526	1	13.2	13.2	warning	special_only 未命中特色规则
手术室	1218	1611782	植骨棒-1/z7530	1	4.8	4.8	warning	special_only 未命中特色规则
手术室	1219	1611782	整形包 (无纺布)-18件	1	62.7	62.7	warning	special_only 未命中特色规则
手术室	1220	1611782	腹腔镜(无纺布)	3	85.8	85.8	warning	special_only 未命中特色规则
手术室	1221	1611782	取钢板(无纺布)	1	72.6	72.6	warning	special_only 未命中特色规则
手术室	1222	1611782	整形11件(无纺布)	1	36.3	36.3	warning	special_only 未命中特色规则
手术室	1223	1611782	痔疮包（无纺布）	1	75.9	75.9	warning	special_only 未命中特色规则
手术室	1224	1611782	持物钳罐2 钳2/w9050	3	13.2	13.2	warning	special_only 未命中特色规则
手术室	1225	1611782	锤子-1/w6050	2	9.9	9.9	warning	special_only 未命中特色规则
手术室	1226	1611816	软钳-1/Z1570	1	15.0	15.0	warning	special_only 未命中特色规则
手术室	1227	1611816	3D高清腹腔镜2件	1	26.4	26.4	warning	special_only 未命中特色规则
手术室	1228	1611816	普镜-26（筐1）/W12050	1	246.0	180.0	warning	校正价180.0
手术室	1229	1611855	洗手衣	9	15.0	15.0	warning	敷料包(无纺布包)——未识别规格
手术室	1230	1611858	腹腔镜 (无纺布)	1	85.8	85.8	warning	special_only 未命中特色规则
手术室	1231	1611858	基础包(无纺布)	1	102.3	102.3	warning	special_only 未命中特色规则
手术室	1232	1611858	阑尾(无纺布)	1	155.1	155.1	warning	special_only 未命中特色规则
手术室	1233	1611858	整形包-28件(无纺布)	1	99.0	99.0	warning	special_only 未命中特色规则
手术室	1234	1611858	钻孔包(无纺布)	1	188.1	188.1	warning	special_only 未命中特色规则
手术室	1235	1611858	剥离子-1/z7530	1	4.8	4.8	warning	special_only 未命中特色规则
手术室	1236	1611858	持针器-1/z1026	2	4.8	4.8	warning	special_only 未命中特色规则
手术室	1237	1611858	骨刀-1/z7530	1	4.8	4.8	warning	special_only 未命中特色规则
手术室	1238	1611858	刮勺-1/z7530	1	4.8	4.8	warning	special_only 未命中特色规则
手术室	1239	1611858	咬骨钳-1/双/z2032	1	9.9	9.9	warning	special_only 未命中特色规则
手术室	1240	1611858	肠钳子-1/z2060	1	16.8	16.8	warning	special_only 未命中特色规则
手术室	1241	1611858	超声刀线-1/z3040	2	21.0	21.0	warning	special_only 未命中特色规则
手术室	1242	1611858	分离钳-1/z2060	1	16.8	16.8	warning	special_only 未命中特色规则
手术室	1243	1611858	光纤-1/z2030	1	16.8	16.8	warning	special_only 未命中特色规则
手术室	1244	1611858	夹钳-1/z2060	2	16.8	16.8	warning	special_only 未命中特色规则
手术室	1245	1611858	剪刀（低温）-1/Z2060	2	16.8	16.8	warning	special_only 未命中特色规则
手术室	1246	1611858	取石钳-1/z2060	1	16.8	16.8	warning	special_only 未命中特色规则
手术室	1247	1611858	软钳-1/Z1570	1	15.0	15.0	warning	special_only 未命中特色规则
手术室	1248	1611858	水管-1/w7050	1	21.0	21.0	warning	special_only 未命中特色规则
手术室	1249	1611858	水管-2/W7050	1	26.4	26.4	warning	special_only 未命中特色规则
手术室	1250	1611858	胃钳-1/z2060	2	16.8	16.8	warning	special_only 未命中特色规则
手术室	1251	1611858	有齿抓钳-1/Z2060	1	16.8	16.8	warning	special_only 未命中特色规则
手术室	1252	1611858	直角钳-1/z2060	2	16.8	16.8	warning	special_only 未命中特色规则
手术室	1253	1611858	4K-23件	1	219.6	180.0	warning	校正价180.0
手术室	1254	1611858	等离子镜-13件（筐1）/w12050	1	138.6	138.6	warning	special_only 未命中特色规则
手术室	1255	1611858	好镜-26筐1/W12050	1	246.0	180.0	warning	校正价180.0
手术室	1256	1611858	输尿硬镜-4件（筐1）/w12050	3	52.8	52.8	warning	special_only 未命中特色规则
手术室	1257	1611858	外三27	1	259.2	180.0	warning	校正价180.0
手术室	1258	1611858	外一27件筐1/W12050	1	259.2	180.0	warning	校正价180.0
手术室	1259	1611858	腹腔镜(无纺布)	1	85.8	85.8	warning	special_only 未命中特色规则
手术室	1260	1611858	3D高清腹腔镜-2（筐1）/w12050	1	26.4	26.4	warning	special_only 未命中特色规则
手术室	1261	1611858	持物钳罐2 钳2/w9050	4	13.2	13.2	warning	special_only 未命中特色规则
手术室	1262	1611858	锤子-1/w6050	1	9.9	9.9	warning	special_only 未命中特色规则
手术室	1263	1612064	腹腔镜 (无纺布)	3	85.8	85.8	warning	special_only 未命中特色规则
手术室	1264	1612064	基础包(无纺布)	1	102.3	102.3	warning	special_only 未命中特色规则
手术室	1265	1612064	开腹（无纺布)	2	207.9	207.9	warning	special_only 未命中特色规则
手术室	1266	1612064	阑尾(无纺布)	2	155.1	155.1	warning	special_only 未命中特色规则
手术室	1267	1612064	剖宫产(无纺布)	1	155.1	155.1	warning	special_only 未命中特色规则
手术室	1268	1612064	造瘘器-4/z1526	1	13.2	13.2	warning	special_only 未命中特色规则
手术室	1269	1612064	夹钳-1/z2060	1	16.8	16.8	warning	special_only 未命中特色规则
手术室	1270	1612064	外二26筐1/w12050	1	246.0	180.0	warning	校正价180.0
手术室	1271	1612064	外三 26筐1/W12050	1	246.0	180.0	warning	校正价180.0
手术室	1272	1612064	外三27	1	259.2	180.0	warning	校正价180.0
手术室	1273	1612064	外一27件筐1/W12050	1	259.2	180.0	warning	校正价180.0
手术室	1274	1612064	整形包 (无纺布)-18件	1	62.7	62.7	warning	special_only 未命中特色规则
手术室	1275	1612064	腹腔镜(无纺布)	1	85.8	85.8	warning	special_only 未命中特色规则
手术室	1276	1612064	全髋-6件/w9050	1	23.1	23.1	warning	special_only 未命中特色规则
手术室	1277	1612064	持物钳罐2 钳2/w9050	8	13.2	13.2	warning	special_only 未命中特色规则
手术室	1278	1612099	敷料包（无纺布）/w12050	7	21.0	35.0	warning	敷料包(无纺布包)——1.2
手术室	1279	1612158	动脉瘤器械 -10件(无纺布)	1	36.3	36.3	warning	special_only 未命中特色规则
手术室	1280	1612158	阑尾(无纺布)	1	155.1	155.1	warning	special_only 未命中特色规则
手术室	1281	1612158	剖宫产(无纺布)	3	155.1	155.1	warning	special_only 未命中特色规则
手术室	1282	1612158	新脑显微器械（无纺布）	1	105.6	105.6	warning	special_only 未命中特色规则
手术室	1283	1612158	钻孔包(无纺布)	1	188.1	188.1	warning	special_only 未命中特色规则
手术室	1284	1612158	钻头-10件/Z1029	1	33.0	33.0	warning	special_only 未命中特色规则
手术室	1285	1612158	超声-3件/Z3040	1	39.6	39.6	warning	special_only 未命中特色规则
手术室	1286	1612158	戳卡-2件/z1530	4	26.4	26.4	warning	special_only 未命中特色规则
手术室	1287	1612158	好镜-26筐1/W12050	1	246.0	180.0	warning	校正价180.0
手术室	1288	1612158	磨钻-4件（筐1）/w9050	1	52.8	52.8	warning	special_only 未命中特色规则
手术室	1289	1612158	普镜-26（筐1）/W12050	1	246.0	180.0	warning	校正价180.0
手术室	1290	1612158	腹腔镜(无纺布)	2	85.8	85.8	warning	special_only 未命中特色规则
手术室	1291	1612158	痔疮包（无纺布）	1	75.9	75.9	warning	special_only 未命中特色规则
手术室	1292	1612158	持物钳罐2 钳2/w9050	2	13.2	13.2	warning	special_only 未命中特色规则
手术室	1293	1612158	王主任器械-7件/W12050	1	26.4	26.4	warning	special_only 未命中特色规则
手术室	1294	1612240	5号（无纺布）	1	52.8	52.8	warning	special_only 未命中特色规则
手术室	1295	1612240	基础包(无纺布)	3	102.3	102.3	warning	special_only 未命中特色规则
手术室	1296	1612240	中弯包(无纺布)	1	105.6	105.6	warning	special_only 未命中特色规则
手术室	1297	1612240	空心钻-4件（筐1）/w9050	1	16.5	16.5	warning	special_only 未命中特色规则
手术室	1298	1612240	剪刀-1/Z1029	1	4.8	4.8	warning	special_only 未命中特色规则
手术室	1299	1612240	拉钩-2/Z1026	1	8.1	8.1	warning	special_only 未命中特色规则
手术室	1300	1612240	软钳-1/Z1570	1	15.0	15.0	warning	special_only 未命中特色规则
手术室	1301	1612240	水管-1/w7050	2	21.0	21.0	warning	special_only 未命中特色规则
手术室	1302	1612240	等离子镜-13件（筐1）/w12050	1	138.6	138.6	warning	special_only 未命中特色规则
手术室	1303	1612240	输尿硬镜-4件（筐1）/w12050	4	52.8	52.8	warning	special_only 未命中特色规则
手术室	1304	1612240	外三 26筐1/W12050	1	246.0	180.0	warning	校正价180.0
手术室	1305	1612240	整形包 (无纺布)-18件	1	62.7	62.7	warning	special_only 未命中特色规则
手术室	1306	1612240	胸腔镜-23件（筐1）/w12050	1	206.4	180.0	warning	校正价180.0
手术室	1307	1612240	持物钳罐2 钳2/w9050	2	13.2	13.2	warning	special_only 未命中特色规则
手术室	1308	1612305	腹腔镜 (无纺布)	2	85.8	85.8	warning	special_only 未命中特色规则
手术室	1309	1612305	基础包(无纺布)	1	102.3	102.3	warning	special_only 未命中特色规则
手术室	1310	1612305	空心钻-4件（筐1）/w9050	1	16.5	16.5	warning	special_only 未命中特色规则
手术室	1311	1612305	剥离子-1/z7530	1	4.8	4.8	warning	special_only 未命中特色规则
手术室	1312	1612305	软钳-1/Z1570	1	15.0	15.0	warning	special_only 未命中特色规则
手术室	1313	1612305	水管-1/w7050	1	21.0	21.0	warning	special_only 未命中特色规则
手术室	1314	1612305	水管-2/W7050	1	26.4	26.4	warning	special_only 未命中特色规则
手术室	1315	1612305	直角钳-1/z2060	1	16.8	16.8	warning	special_only 未命中特色规则
手术室	1316	1612305	好镜-26筐1/W12050	1	246.0	180.0	warning	校正价180.0
手术室	1317	1612305	输尿硬镜-4件（筐1）/w12050	1	52.8	52.8	warning	special_only 未命中特色规则
手术室	1318	1612305	外二26筐1/w12050	1	246.0	180.0	warning	校正价180.0
手术室	1319	1612305	外三27	1	259.2	180.0	warning	校正价180.0
手术室	1320	1612305	腹腔镜(无纺布)	1	85.8	85.8	warning	special_only 未命中特色规则
手术室	1321	1612305	3D高清腹腔镜-2（筐1）/w12050	1	26.4	26.4	warning	special_only 未命中特色规则
手术室	1322	1612305	持物钳罐2 钳2/w9050	5	13.2	13.2	warning	special_only 未命中特色规则
手术室	1323	1612343	洗手衣	6	15.0	15.0	warning	敷料包(无纺布包)——未识别规格
手术室	1324	1612573	腹腔镜 (无纺布)	1	85.8	85.8	warning	special_only 未命中特色规则
手术室	1325	1612573	基础包(无纺布)	1	102.3	102.3	warning	special_only 未命中特色规则
手术室	1326	1612573	开腹（无纺布)	1	207.9	207.9	warning	special_only 未命中特色规则
手术室	1327	1612573	腰间盘(无纺布)	1	155.1	155.1	warning	special_only 未命中特色规则
手术室	1328	1612573	空心钻-4件（筐1）/w9050	1	16.5	16.5	warning	special_only 未命中特色规则
手术室	1329	1612573	剥离子-1/z7530	1	4.8	4.8	warning	special_only 未命中特色规则
手术室	1330	1612573	刮勺-1/z7530	5	4.8	4.8	warning	special_only 未命中特色规则
手术室	1331	1612573	拉钩-2/Z1026	2	8.1	8.1	warning	special_only 未命中特色规则
手术室	1332	1612573	镊子-1/z7530	1	4.8	4.8	warning	special_only 未命中特色规则
手术室	1333	1612573	椎板钳-1/双2032	4	9.9	9.9	warning	special_only 未命中特色规则
手术室	1334	1612573	超声刀线-1/z3040	1	21.0	21.0	warning	special_only 未命中特色规则
手术室	1335	1612573	分离钳-1/z2060	1	16.8	16.8	warning	special_only 未命中特色规则
手术室	1336	1612573	胃钳-1/z2060	1	16.8	16.8	warning	special_only 未命中特色规则
手术室	1337	1612573	输尿硬镜-4件（筐1）/w12050	1	52.8	52.8	warning	special_only 未命中特色规则
手术室	1338	1612573	外一27件筐1/W12050	1	259.2	180.0	warning	校正价180.0
手术室	1339	1612573	整形包 (无纺布)-18件	1	62.7	62.7	warning	special_only 未命中特色规则
手术室	1340	1612573	腹腔镜(无纺布)	1	85.8	85.8	warning	special_only 未命中特色规则
手术室	1341	1612573	持物钳罐2 钳2/w9050	3	13.2	13.2	warning	special_only 未命中特色规则
手术室	1342	1612573	王主任器械-7件/W12050	1	26.4	26.4	warning	special_only 未命中特色规则
手术室	1343	1612611	全髋(无纺布)	1	72.6	72.6	warning	special_only 未命中特色规则
手术室	1344	1612611	直角钳-1/z2060	1	16.8	16.8	warning	special_only 未命中特色规则
手术室	1345	1612611	等离子镜-11件（筐1）/w12050	1	112.2	112.2	warning	special_only 未命中特色规则
手术室	1346	1612611	等离子镜-13件（筐1）/w12050	2	138.6	138.6	warning	special_only 未命中特色规则
手术室	1347	1612611	普镜-26（筐1）/W12050	1	246.0	180.0	warning	校正价180.0
手术室	1348	1612611	斯道斯电切镜-13件（筐1）/w12050	1	138.6	138.6	warning	special_only 未命中特色规则
手术室	1349	1612611	整形包 (无纺布)-18件	1	62.7	62.7	warning	special_only 未命中特色规则
手术室	1350	1612611	整形11件(无纺布)	1	36.3	36.3	warning	special_only 未命中特色规则
手术室	1351	1612611	25°镜头1件 盒1/z2060	1	16.8	16.8	warning	special_only 未命中特色规则
手术室	1352	1612690	18号（无纺布）	1	108.9	108.9	warning	special_only 未命中特色规则
手术室	1353	1612690	腹腔镜 (无纺布)	1	85.8	85.8	warning	special_only 未命中特色规则
手术室	1354	1612690	基础包(无纺布)	2	102.3	102.3	warning	special_only 未命中特色规则
手术室	1355	1612690	颈动脉剥脱器械-27件（无纺布）	1	92.4	92.4	warning	special_only 未命中特色规则
手术室	1356	1612690	整形包-28件(无纺布)	1	99.0	99.0	warning	special_only 未命中特色规则
手术室	1357	1612690	剥离子-1/z7530	2	4.8	4.8	warning	special_only 未命中特色规则
手术室	1358	1612690	剪刀-1/Z1029	1	4.8	4.8	warning	special_only 未命中特色规则
手术室	1359	1612690	克氏钳（尖头）-1/双z1029	1	9.9	8.1	warning	校正价8.1
手术室	1360	1612690	驱血带-1/z2032	1	7.8	7.8	warning	special_only 未命中特色规则
手术室	1361	1612690	吸引器（无芯）-1/z7530	1	4.8	4.8	warning	special_only 未命中特色规则
手术室	1362	1612690	显微剪刀-1/z1026	1	4.8	4.8	warning	special_only 未命中特色规则
手术室	1363	1612690	椎板钳-1/双2032	2	9.9	9.9	warning	special_only 未命中特色规则
手术室	1364	1612690	软钳-1/Z1570	1	15.0	15.0	warning	special_only 未命中特色规则
手术室	1365	1612690	水管-1/w7050	1	21.0	21.0	warning	special_only 未命中特色规则
手术室	1366	1612690	膀胱镜-8件（筐1）/w12050	1	92.4	92.4	warning	special_only 未命中特色规则
手术室	1367	1612690	输尿硬镜-4件（筐1）/w12050	1	52.8	52.8	warning	special_only 未命中特色规则
手术室	1368	1612690	整形包 (无纺布)-18件	1	62.7	62.7	warning	special_only 未命中特色规则
手术室	1369	1612690	整形11件(无纺布)	1	36.3	36.3	warning	special_only 未命中特色规则
手术室	1370	1612690	痔疮包（无纺布）	1	75.9	75.9	warning	special_only 未命中特色规则
手术室	1371	1612690	持物钳罐2 钳2/w9050	3	13.2	13.2	warning	special_only 未命中特色规则
手术室	1372	1612690	锤子-1/w6050	1	9.9	9.9	warning	special_only 未命中特色规则
手术室	1373	1612719	开腹（无纺布)	1	207.9	207.9	warning	special_only 未命中特色规则
手术室	1374	1612719	手科显微器械包(无纺布)	1	56.1	56.1	warning	special_only 未命中特色规则
手术室	1375	1612719	超声刀线-1/z3040	1	21.0	21.0	warning	special_only 未命中特色规则
手术室	1376	1612719	连发夹钳-1/保/Z2060	1	16.8	16.8	warning	special_only 未命中特色规则
手术室	1377	1612719	软钳-1/Z1570	1	15.0	15.0	warning	special_only 未命中特色规则
手术室	1378	1612719	水管-2/W7050	1	26.4	26.4	warning	special_only 未命中特色规则
手术室	1379	1612719	胃钳-1/z2060	2	16.8	16.8	warning	special_only 未命中特色规则
手术室	1380	1612719	4K-23件	1	219.6	180.0	warning	校正价180.0
手术室	1381	1612719	膀胱镜-8件（筐1）/w12050	1	92.4	92.4	warning	special_only 未命中特色规则
手术室	1382	1612719	泌腹腔镜-25件（筐1）/w12050	1	232.8	180.0	warning	校正价180.0
手术室	1383	1612719	输尿硬镜-4件（筐1）/w12050	2	52.8	52.8	warning	special_only 未命中特色规则
手术室	1384	1612719	外三27	1	259.2	180.0	warning	校正价180.0
手术室	1385	1612719	整形包 (无纺布)-18件	2	62.7	62.7	warning	special_only 未命中特色规则
手术室	1386	1612719	腹腔镜(无纺布)	1	85.8	85.8	warning	special_only 未命中特色规则
手术室	1387	1612719	整形包（小）-11件（无纺布）	1	36.3	36.3	warning	special_only 未命中特色规则
手术室	1389	1612719	持物钳罐2 钳2/w9050	4	13.2	13.2	warning	special_only 未命中特色规则
手术室	1390	1612725	洗手衣	4	15.0	15.0	warning	敷料包(无纺布包)——未识别规格
手术室	1391	1612904	基础包(无纺布)	2	102.3	102.3	warning	special_only 未命中特色规则
手术室	1392	1612904	整形包-28件(无纺布)	1	99.0	99.0	warning	special_only 未命中特色规则
手术室	1393	1612904	钻孔包(无纺布)	2	188.1	188.1	warning	special_only 未命中特色规则
手术室	1394	1612904	等离子镜-13件（筐1）/w12050	1	138.6	138.6	warning	special_only 未命中特色规则
手术室	1395	1612904	磨钻-4件（筐1）/w9050	1	52.8	52.8	warning	special_only 未命中特色规则
手术室	1396	1612904	整形包 (无纺布)-18件	1	62.7	62.7	warning	special_only 未命中特色规则
手术室	1397	1612904	整形11件(无纺布)	1	36.3	36.3	warning	special_only 未命中特色规则
手术室	1398	1612904	持物钳罐2 钳2/w9050	2	13.2	13.2	warning	special_only 未命中特色规则
手术室	1399	1612994	超声刀线-1/z3040	2	21.0	21.0	warning	special_only 未命中特色规则
手术室	1400	1612994	喉镜-1/Z2030	1	16.8	16.8	warning	special_only 未命中特色规则
手术室	1401	1612994	胃钳-1/z2060	1	16.8	16.8	warning	special_only 未命中特色规则
手术室	1402	1612994	好镜-26筐1/W12050	1	246.0	180.0	warning	校正价180.0
手术室	1403	1612994	输尿硬镜-4件（筐1）/w12050	2	52.8	52.8	warning	special_only 未命中特色规则
手术室	1404	1612994	斯道斯电切镜-13件（筐1）/w12050	1	138.6	138.6	warning	special_only 未命中特色规则
手术室	1405	1612994	3D高清腹腔镜-2（筐1）/w12050	1	26.4	26.4	warning	special_only 未命中特色规则
手术室	1406	1613026	鼻骨骨折（无纺布）	1	33.0	33.0	warning	special_only 未命中特色规则
手术室	1407	1613026	基础包(无纺布)	1	102.3	102.3	warning	special_only 未命中特色规则
手术室	1408	1613026	剖宫产(无纺布)	1	155.1	155.1	warning	special_only 未命中特色规则
手术室	1409	1613026	支喉-9件（无纺布）	1	33.0	33.0	warning	special_only 未命中特色规则
手术室	1410	1613034	甲状腺包(无纺布)	1	165.0	165.0	warning	special_only 未命中特色规则
手术室	1411	1613034	开腹（无纺布)	1	207.9	207.9	warning	special_only 未命中特色规则
手术室	1412	1613034	钳子-1/z2060	1	16.8	16.8	warning	special_only 未命中特色规则
手术室	1413	1613034	中空钳-1/Z2060	1	16.8	16.8	warning	special_only 未命中特色规则
手术室	1414	1613034	4K-23件	1	219.6	180.0	warning	校正价180.0
手术室	1415	1613034	普镜-26（筐1）/W12050	1	246.0	180.0	warning	校正价180.0
手术室	1416	1613034	输尿硬镜-4件（筐1）/w12050	1	52.8	52.8	warning	special_only 未命中特色规则
手术室	1417	1613034	整形11件(无纺布)	1	36.3	36.3	warning	special_only 未命中特色规则
手术室	1418	1613034	持物钳罐2 钳2/w9050	2	13.2	13.2	warning	special_only 未命中特色规则
手术室	1419	1613086	鼻息肉包(无纺布)	1	72.6	72.6	warning	special_only 未命中特色规则
手术室	1420	1613086	动脉瘤器械 -10件(无纺布)	1	36.3	36.3	warning	special_only 未命中特色规则
手术室	1421	1613086	腹腔镜 (无纺布)	1	85.8	85.8	warning	special_only 未命中特色规则
手术室	1422	1613086	基础包(无纺布)	1	102.3	102.3	warning	special_only 未命中特色规则
手术室	1423	1613086	开腹（无纺布)	1	207.9	207.9	warning	special_only 未命中特色规则
手术室	1424	1613086	剖宫产(无纺布)	2	155.1	155.1	warning	special_only 未命中特色规则
手术室	1425	1613086	手科显微器械包(无纺布)	1	56.1	56.1	warning	special_only 未命中特色规则
手术室	1426	1613086	新脑显微器械（无纺布）	1	105.6	105.6	warning	special_only 未命中特色规则
手术室	1427	1613086	整形包-28件(无纺布)	1	99.0	99.0	warning	special_only 未命中特色规则
手术室	1428	1613086	支撑喉镜(无纺布)	1	59.4	59.4	warning	special_only 未命中特色规则
手术室	1429	1613086	中隔包(无纺布)	1	82.5	82.5	warning	special_only 未命中特色规则
手术室	1430	1613086	钻孔包(无纺布)	1	188.1	188.1	warning	special_only 未命中特色规则
手术室	1431	1613086	剥离子-1/z7530	1	4.8	4.8	warning	special_only 未命中特色规则
手术室	1432	1613086	拉钩-2/Z1026	2	8.1	8.1	warning	special_only 未命中特色规则
手术室	1433	1613086	软管-1/Z1029	1	4.8	4.8	warning	special_only 未命中特色规则
手术室	1434	1613086	吸引器（无芯）-1/z7530	1	4.8	4.8	warning	special_only 未命中特色规则
手术室	1435	1613086	显微剪刀-1/z1026	1	4.8	4.8	warning	special_only 未命中特色规则
手术室	1436	1613086	咬骨钳-1/双/z2032	1	9.9	9.9	warning	special_only 未命中特色规则
手术室	1437	1613086	70度镜头-2（盒1）/W7050	1	26.4	26.4	warning	special_only 未命中特色规则
手术室	1438	1613086	长刀柄-1/Z1060	1	13.2	13.2	warning	special_only 未命中特色规则
手术室	1439	1613086	持针器（低温）-1/z1560	1	15.0	15.0	warning	special_only 未命中特色规则
手术室	1440	1613086	持针器-1/z1560	1	15.0	15.0	warning	special_only 未命中特色规则
手术室	1441	1613086	电凝钩-1/Z7550	1	13.2	13.2	warning	special_only 未命中特色规则
手术室	1442	1613086	光纤-1/z2030	2	16.8	16.8	warning	special_only 未命中特色规则
手术室	1443	1613086	软钳-1/Z1570	1	15.0	15.0	warning	special_only 未命中特色规则
手术室	1444	1613086	水管-2/W7050	1	26.4	26.4	warning	special_only 未命中特色规则
手术室	1445	1613086	3D高清腹腔镜2件	1	26.4	26.4	warning	special_only 未命中特色规则
手术室	1446	1613086	膀胱镜-8件（筐1）/w12050	1	92.4	92.4	warning	special_only 未命中特色规则
手术室	1447	1613086	鼻内镜-3/W9050	1	39.6	39.6	warning	special_only 未命中特色规则
手术室	1448	1613086	泌腹腔镜-25件（筐1）/w12050	1	232.8	180.0	warning	校正价180.0
手术室	1449	1613086	磨钻-4件（筐1）/w9050	1	52.8	52.8	warning	special_only 未命中特色规则
手术室	1450	1613086	输尿硬镜-4件（筐1）/w12050	1	52.8	52.8	warning	special_only 未命中特色规则
手术室	1451	1613086	外三 26筐1/W12050	1	246.0	180.0	warning	校正价180.0
手术室	1452	1613086	外三27	1	259.2	180.0	warning	校正价180.0
手术室	1453	1613086	整形包 (无纺布)-18件	3	62.7	62.7	warning	special_only 未命中特色规则
手术室	1454	1613086	腹腔镜(无纺布)	3	85.8	85.8	warning	special_only 未命中特色规则
手术室	1455	1613086	整形包（小）-11件（无纺布）	1	36.3	36.3	warning	special_only 未命中特色规则
手术室	1456	1613086	痔疮包（无纺布）	1	75.9	75.9	warning	special_only 未命中特色规则
手术室	1457	1613086	持物钳罐2 钳2/w9050	8	13.2	13.2	warning	special_only 未命中特色规则
手术室	1458	1613119	洗手衣	6	15.0	15.0	warning	敷料包(无纺布包)——未识别规格
手术室	1459	1613381	钻孔引流包-63件(无纺布)	1	214.5	214.5	warning	special_only 未命中特色规则
手术室	1460	1613381	脑电钻-9件（筐1）/w9050	1	33.0	33.0	warning	special_only 未命中特色规则
手术室	1461	1613381	驱血带-1/z2032	1	7.8	7.8	warning	special_only 未命中特色规则
手术室	1462	1613381	长刀柄-1/Z1060	1	13.2	13.2	warning	special_only 未命中特色规则
手术室	1463	1613381	整形包 (无纺布)-18件	1	62.7	62.7	warning	special_only 未命中特色规则
手术室	1464	1613381	持物钳罐2 钳2/w9050	1	13.2	13.2	warning	special_only 未命中特色规则
手术室	1465	1613381	通条-15件W9050	1	52.8	52.8	warning	special_only 未命中特色规则
手术室	1466	1613483	腹腔镜 (无纺布)	1	85.8	85.8	warning	special_only 未命中特色规则
手术室	1467	1613483	基础包(无纺布)	3	102.3	102.3	warning	special_only 未命中特色规则
手术室	1468	1613483	开腹（无纺布)	1	207.9	207.9	warning	special_only 未命中特色规则
手术室	1469	1613483	剖宫产(无纺布)	1	155.1	155.1	warning	special_only 未命中特色规则
手术室	1470	1613483	气管切开包（无纺布）	1	49.5	49.5	warning	special_only 未命中特色规则
手术室	1471	1613483	中弯包(无纺布)	1	105.6	105.6	warning	special_only 未命中特色规则
手术室	1472	1613483	空心钻-4件（筐1）/w9050	3	16.5	16.5	warning	special_only 未命中特色规则
手术室	1473	1613483	剥离子-1/z7530	1	4.8	4.8	warning	special_only 未命中特色规则
手术室	1474	1613483	骨刀-1/z7530	2	4.8	4.8	warning	special_only 未命中特色规则
手术室	1475	1613483	刮勺-1/z7530	1	4.8	4.8	warning	special_only 未命中特色规则
手术室	1476	1613483	镊子-1/z7530	2	4.8	4.8	warning	special_only 未命中特色规则
手术室	1477	1613483	驱血带-1/z2032	1	7.8	7.8	warning	special_only 未命中特色规则
手术室	1478	1613483	咬骨钳-1/双/z2032	1	9.9	9.9	warning	special_only 未命中特色规则
手术室	1479	1613483	超声-3件/Z3040	1	39.6	39.6	warning	special_only 未命中特色规则
手术室	1480	1613483	超声刀线-1/z3040	1	21.0	21.0	warning	special_only 未命中特色规则
手术室	1481	1613483	分离钳-1/z2060	1	16.8	16.8	warning	special_only 未命中特色规则
手术室	1482	1613483	直角钳-1/z2060	1	16.8	16.8	warning	special_only 未命中特色规则
手术室	1483	1613483	3D高清腹腔镜2件	1	26.4	26.4	warning	special_only 未命中特色规则
手术室	1484	1613483	4K-23件	1	219.6	180.0	warning	校正价180.0
手术室	1485	1613483	好镜-26筐1/W12050	1	246.0	180.0	warning	校正价180.0
手术室	1486	1613483	普镜-26（筐1）/W12050	1	246.0	180.0	warning	校正价180.0
手术室	1487	1613483	外二26筐1/w12050	1	246.0	180.0	warning	校正价180.0
手术室	1488	1613483	外三 26筐1/W12050	1	246.0	180.0	warning	校正价180.0
手术室	1489	1613483	外一27件筐1/W12050	1	259.2	180.0	warning	校正价180.0
手术室	1490	1613483	痔疮包（无纺布）	1	75.9	75.9	warning	special_only 未命中特色规则
手术室	1491	1613483	持物钳罐2 钳2/w9050	2	13.2	13.2	warning	special_only 未命中特色规则
手术室	1492	1613483	锤子-1/w6050	1	9.9	9.9	warning	special_only 未命中特色规则
手术室	1493	1613483	黄主任器械-3件/W705060	1	9.9	9.9	warning	special_only 未命中特色规则
手术室	1494	1613504	腹腔镜 (无纺布)	4	85.8	85.8	warning	special_only 未命中特色规则
手术室	1495	1613504	骨科下肢(无纺布)	1	89.1	89.1	warning	special_only 未命中特色规则
手术室	1496	1613504	基础包(无纺布)	3	102.3	102.3	warning	special_only 未命中特色规则
手术室	1497	1613504	甲状腺包(无纺布)	1	165.0	165.0	warning	special_only 未命中特色规则
手术室	1498	1613504	开腹（无纺布)	1	207.9	207.9	warning	special_only 未命中特色规则
手术室	1499	1613504	空心钻  4件  筐1	1	16.5	16.5	warning	special_only 未命中特色规则
手术室	1500	1613504	阑尾(无纺布)	1	155.1	155.1	warning	special_only 未命中特色规则
手术室	1501	1613504	手科显微器械包(无纺布)	1	56.1	56.1	warning	special_only 未命中特色规则
手术室	1502	1613504	整形包-28件(无纺布)	1	99.0	99.0	warning	special_only 未命中特色规则
手术室	1503	1613504	整形号包 (无纺布)	1	85.8	85.8	warning	special_only 未命中特色规则
手术室	1504	1613504	肛门镜-2件/z1530	2	9.9	9.9	warning	special_only 未命中特色规则
手术室	1505	1613504	刮勺-1/z7530	3	4.8	4.8	warning	special_only 未命中特色规则
手术室	1506	1613504	肌钩-2/z1029	1	8.1	8.1	warning	special_only 未命中特色规则
手术室	1507	1613504	剪刀-1/Z1029	1	4.8	4.8	warning	special_only 未命中特色规则
手术室	1508	1613504	镊子-1/z7530	1	4.8	4.8	warning	special_only 未命中特色规则
手术室	1509	1613504	持针器（低温）-1/z1560	1	15.0	15.0	warning	special_only 未命中特色规则
手术室	1510	1613504	磨钻-10件/z2530	1	99.0	99.0	warning	special_only 未命中特色规则
手术室	1511	1613504	水管-1/w7050	2	21.0	21.0	warning	special_only 未命中特色规则
手术室	1512	1613504	妇科-31	1	292.2	180.0	warning	校正价180.0
手术室	1513	1613504	普镜-24件（筐1）/w12050	1	232.8	180.0	warning	校正价180.0
手术室	1514	1613504	输尿硬镜-4件（筐1）/w12050	1	52.8	52.8	warning	special_only 未命中特色规则
手术室	1515	1613504	腹腔镜(无纺布)	2	85.8	85.8	warning	special_only 未命中特色规则
手术室	1516	1613504	痔疮包（无纺布）	4	75.9	75.9	warning	special_only 未命中特色规则
手术室	1517	1613504	S拉钩（大）-2/w7050	2	9.9	9.9	warning	special_only 未命中特色规则
手术室	1518	1613504	持物钳罐2 钳2/w9050	6	13.2	13.2	warning	special_only 未命中特色规则
手术室	1520	1613514	洗手衣	7	15.0	15.0	warning	敷料包(无纺布包)——未识别规格
手术室	1521	1613525	剥离子-1/z7530	1	4.8	4.8	warning	special_only 未命中特色规则
手术室	1522	1613525	长刀柄-1/Z1060	1	13.2	13.2	warning	special_only 未命中特色规则
手术室	1523	1613525	持针器（低温）-1/z1560	1	15.0	15.0	warning	special_only 未命中特色规则
手术室	1524	1613525	剪刀（低温）-1/Z2060	1	16.8	16.8	warning	special_only 未命中特色规则
手术室	1525	1613525	水管-1/w7050	1	21.0	21.0	warning	special_only 未命中特色规则
手术室	1526	1613525	外三27	1	259.2	180.0	warning	校正价180.0
手术室	1528	1613725	磨钻-4件（筐1）/w9050	1	52.8	52.8	warning	special_only 未命中特色规则
手术室	1529	1613725	新脑钻-3件（筐1）/w9050	1	39.6	39.6	warning	special_only 未命中特色规则
手术室	1530	1613746	（脑一用）气管切开包（无纺布）	1	49.5	49.5	warning	special_only 未命中特色规则
手术室	1531	1613746	腹腔镜 (无纺布)	1	85.8	85.8	warning	special_only 未命中特色规则
手术室	1532	1613746	基础包(无纺布)	2	102.3	102.3	warning	special_only 未命中特色规则
手术室	1533	1613746	阑尾(无纺布)	1	155.1	155.1	warning	special_only 未命中特色规则
手术室	1534	1613746	脑微创(无纺布)	1	82.5	82.5	warning	special_only 未命中特色规则
手术室	1535	1613746	气管切开包（无纺布）	1	49.5	49.5	warning	special_only 未命中特色规则
手术室	1536	1613746	钻孔包(无纺布)	1	188.1	188.1	warning	special_only 未命中特色规则
手术室	1537	1613746	剥离子-1/z7530	1	4.8	4.8	warning	special_only 未命中特色规则
手术室	1538	1613746	外三27	1	259.2	180.0	warning	校正价180.0
手术室	1539	1613746	腹腔镜(无纺布)	1	85.8	85.8	warning	special_only 未命中特色规则
手术室	1540	1613746	S拉钩（大）-2/w7050	1	9.9	9.9	warning	special_only 未命中特色规则
手术室	1541	1613746	S拉钩（小）-2/w6050	1	9.9	9.9	warning	special_only 未命中特色规则
手术室	1542	1613746	持物钳罐2 钳2/w9050	7	13.2	13.2	warning	special_only 未命中特色规则
手术室	1543	1613774	洗手衣	6	15.0	15.0	warning	敷料包(无纺布包)——未识别规格
手术室（备货）	9	1605228	上肢备货（锋润佳）1/1	1	23.1	23.1	warning	special_only 未命中特色规则
手术室（备货）	10	1605293	4.0+7.0空心钉 （国药科学）1/2	1	172.8	172.8	warning	special_only 未命中特色规则
手术室（备货）	11	1605293	4.0+7.0空心钉 （国药科学）2/2	1	92.7	92.7	warning	special_only 未命中特色规则
手术室（备货）	12	1605293	下肢器械（锋润佳）1/1	1	225.6	225.6	warning	special_only 未命中特色规则
手术室（备货）	13	1605293	上肢取出（国药科学）1/1	1	9.9	9.9	warning	special_only 未命中特色规则
手术室（备货）	14	1605293	膝关节镜器械（国药科学）4/5	1	82.5	82.5	warning	special_only 未命中特色规则
手术室（备货）	15	1605293	膝关节镜器械（国药科学）5/5	1	66.0	66.0	warning	special_only 未命中特色规则
手术室（备货）	16	1605293	膝关节镜器械（国药科学）1/5	1	26.4	26.4	warning	special_only 未命中特色规则
手术室（备货）	17	1605293	膝关节镜器械（国药科学）2/5	1	18.3	18.3	warning	special_only 未命中特色规则
手术室（备货）	18	1605293	膝关节镜器械（国药科学）3/5	1	16.8	16.8	warning	special_only 未命中特色规则
手术室（备货）	19	1605578	环抱器工具-1（列冠）/双/z1526	1	9.9	9.9	warning	special_only 未命中特色规则
手术室（备货）	20	1605578	螺丝刀-1件/z7526（冠庆）	1	9.9	9.9	warning	special_only 未命中特色规则
手术室（备货）	21	1605665	颈椎前路器械+融合器（国药科学）1/2	1	115.5	115.5	warning	special_only 未命中特色规则
手术室（备货）	22	1605665	颈椎前路器械+融合器（国药科学）2/2	1	278.4	278.4	warning	special_only 未命中特色规则
手术室（备货）	23	1605665	下肢器械（国药科学）1/3	1	232.2	232.2	warning	special_only 未命中特色规则
手术室（备货）	24	1605665	下肢器械（国药科学）2/3	1	49.5	49.5	warning	special_only 未命中特色规则
手术室（备货）	25	1605665	肩关节器械（国药科学）1/1	1	49.5	49.5	warning	special_only 未命中特色规则
手术室（备货）	26	1605665	下肢器械（国药科学）3/3	1	120.0	120.0	warning	special_only 未命中特色规则
手术室（备货）	27	1605921	上肢器械（锋润佳）1/2	1	288.3	288.3	warning	special_only 未命中特色规则
手术室（备货）	28	1605921	上肢器械+下肢器械（锋润佳）1/3	1	105.6	105.6	warning	special_only 未命中特色规则
手术室（备货）	29	1605921	上肢器械+下肢器械（锋润佳）2/3	1	120.0	120.0	warning	special_only 未命中特色规则
手术室（备货）	30	1605921	上肢器械+下肢器械（锋润佳）3/3	1	29.7	29.7	warning	special_only 未命中特色规则
手术室（备货）	31	1605921	肩关节器械（国药科学）1/1	1	49.5	49.5	warning	special_only 未命中特色规则
手术室（备货）	32	1605921	上肢2.4（锋润佳）2/2	1	23.1	23.1	warning	special_only 未命中特色规则
手术室（备货）	33	1605988	下肢器械（国药科学）1/1	1	29.7	29.7	warning	special_only 未命中特色规则
手术室（备货）	34	1606587	工具（国药耗材）-1件/双/Z7526	1	6.3	6.3	warning	special_only 未命中特色规则
手术室（备货）	35	1606587	上肢器械（国药科学）1/1	1	195.9	195.9	warning	special_only 未命中特色规则
手术室（备货）	36	1606875	环抱器工具-1（列冠）/双/z1526	1	9.9	9.9	warning	special_only 未命中特色规则
手术室（备货）	37	1606875	钛缆-1（国药伊春）/双Z7534	17	9.9	9.9	warning	special_only 未命中特色规则
手术室（备货）	38	1606875	上肢器械（国药科学）1/4	1	215.7	215.7	warning	special_only 未命中特色规则
手术室（备货）	39	1606875	上肢器械（国药科学）3/4	1	105.9	105.9	warning	special_only 未命中特色规则
手术室（备货）	40	1606875	上肢器械（国药科学）4/4	1	122.4	122.4	warning	special_only 未命中特色规则
手术室（备货）	41	1606875	上肢器械（国药科学）2/4	1	69.3	69.3	warning	special_only 未命中特色规则
手术室（备货）	42	1606875	钛缆器械（国药伊春）1/1	1	19.8	19.8	warning	special_only 未命中特色规则
手术室（备货）	43	1607148	4.0空心钉器械（耀旭）1/1	1	189.3	189.3	warning	special_only 未命中特色规则
手术室（备货）	44	1607344	胫骨髓内钉器械（国药科学） 1/4	1	199.2	199.2	warning	special_only 未命中特色规则
手术室（备货）	45	1607344	胫骨髓内钉器械（国药科学）2/4	1	120.0	120.0	warning	special_only 未命中特色规则
手术室（备货）	46	1607344	胫骨髓内钉器械（国药科学）3/4	1	66.0	66.0	warning	special_only 未命中特色规则
手术室（备货）	47	1607344	胫骨髓内钉器械（国药科学）4/4	1	79.2	79.2	warning	special_only 未命中特色规则
手术室（备货）	48	1607344	取出钉棒（国药伊春）1/2	1	36.3	36.3	warning	special_only 未命中特色规则
手术室（备货）	49	1607344	取出钉棒（国药伊春）2/2	1	9.9	9.9	warning	special_only 未命中特色规则
手术室（备货）	50	1607344	取出（国药伊春）-5件	2	16.5	16.5	warning	special_only 未命中特色规则
手术室（备货）	51	1608204	上肢器械（国药科学）1/1	1	228.9	228.9	warning	special_only 未命中特色规则
手术室（备货）	52	1608204	取出-5件（国药伊春）	1	16.5	16.5	warning	special_only 未命中特色规则
手术室（备货）	53	1608204	取出器械（国药伊春）1/1	1	9.9	9.9	warning	special_only 未命中特色规则
手术室（备货）	54	1608204	膝关节器械（国药科学）1/1	1	148.5	148.5	warning	special_only 未命中特色规则
手术室（备货）	55	1608204	膝关节镜器械（国药科学）-1/z2540	3	18.0	18.0	warning	special_only 未命中特色规则
手术室（备货）	56	1608208	肩关节镜器械（国药科学）1/1	1	49.5	49.5	warning	special_only 未命中特色规则
手术室（备货）	57	1608615	胫骨髓内钉器械+上肢（国药科学）1/2	1	199.2	199.2	warning	special_only 未命中特色规则
手术室（备货）	58	1608615	胫骨髓内钉器械+上肢（国药科学）2/2	1	125.7	125.7	warning	special_only 未命中特色规则
手术室（备货）	59	1608615	上肢器械（国药科学）1/1	1	222.3	222.3	warning	special_only 未命中特色规则
手术室（备货）	60	1608615	肩关节器械（国药科学）1/1	1	49.5	49.5	warning	special_only 未命中特色规则
手术室（备货）	61	1608615	胫骨髓内钉器械（国药科学）2/3	1	120.0	120.0	warning	special_only 未命中特色规则
手术室（备货）	62	1608615	胫骨髓内钉器械（国药科学）3/3	1	79.2	79.2	warning	special_only 未命中特色规则
手术室（备货）	63	1608615	胫骨髓内钉取出（国药科学）1/3	1	52.8	52.8	warning	special_only 未命中特色规则
手术室（备货）	64	1608856	取出器械（国药伊春）1/1	1	19.8	19.8	warning	special_only 未命中特色规则
手术室（备货）	65	1608894	环抱器工具-1（列冠）/双/z1526	1	9.9	9.9	warning	special_only 未命中特色规则
手术室（备货）	66	1608894	上肢器械  （锋润佳）1/1	1	19.8	19.8	warning	special_only 未命中特色规则
手术室（备货）	67	1609009	膝关节器械（国药科学）2/2	1	14.7	14.7	warning	special_only 未命中特色规则
手术室（备货）	68	1609009	上肢器械  （锋润佳）1/1	1	19.8	19.8	warning	special_only 未命中特色规则
手术室（备货）	69	1609009	膝关节器械（国药科学）1/2	1	99.0	99.0	warning	special_only 未命中特色规则
手术室（备货）	70	1609371	上肢器械器械（国药科学）2/7	1	72.6	72.6	warning	special_only 未命中特色规则
手术室（备货）	71	1609371	上肢器械器械（国药科学）3/7	1	120.0	120.0	warning	special_only 未命中特色规则
手术室（备货）	72	1609371	上肢器械器械（国药科学）7/7	1	112.5	112.5	warning	special_only 未命中特色规则
手术室（备货）	73	1609371	肩关节器械（国药科学）1/1	1	49.5	49.5	warning	special_only 未命中特色规则
手术室（备货）	74	1609371	上肢器械器械（国药科学）1/7	1	85.8	85.8	warning	special_only 未命中特色规则
手术室（备货）	75	1609371	上肢器械器械（国药科学）4/7	1	42.9	42.9	warning	special_only 未命中特色规则
手术室（备货）	76	1609371	上肢器械器械（国药科学）5/7	1	92.4	92.4	warning	special_only 未命中特色规则
手术室（备货）	77	1609371	上肢器械器械（国药科学）6/7	1	39.6	39.6	warning	special_only 未命中特色规则
手术室（备货）	78	1609578	环抱器工具-1（列冠）/双/z1526	1	9.9	9.9	warning	special_only 未命中特色规则
手术室（备货）	79	1609731	环抱器工具-1（列冠）/双/z1526	1	9.9	9.9	warning	special_only 未命中特色规则
手术室（备货）	80	1609768	股骨髓内钉器械（国药科学）1/4	1	120.0	120.0	warning	special_only 未命中特色规则
手术室（备货）	81	1609768	股骨髓内钉器械（国药科学）2/4	1	151.8	151.8	warning	special_only 未命中特色规则
手术室（备货）	82	1609768	股骨髓内钉器械（国药科学）3/4	1	66.0	66.0	warning	special_only 未命中特色规则
手术室（备货）	83	1609768	股骨髓内钉器械（国药科学）4/4	1	149.7	149.7	warning	special_only 未命中特色规则
手术室（备货）	84	1609768	上肢器械（国药伊春）1/1	1	19.8	19.8	warning	special_only 未命中特色规则
手术室（备货）	85	1610026	螺丝刀-1件/z7526（冠庆）	1	9.9	9.9	warning	special_only 未命中特色规则
手术室（备货）	86	1610234	半髋器械（国药科学） 1/2	1	122.1	122.1	warning	special_only 未命中特色规则
手术室（备货）	87	1610234	半髋器械（国药科学） 2/2	1	26.4	26.4	warning	special_only 未命中特色规则
手术室（备货）	88	1610234	上肢器械  （锋润佳）1/1	1	19.8	19.8	warning	special_only 未命中特色规则
手术室（备货）	89	1610325	微创钉棒器械  1/4（国药科学）	1	314.7	314.7	warning	special_only 未命中特色规则
手术室（备货）	90	1610325	半髋器械（国药科学）1/1	1	13.2	13.2	warning	special_only 未命中特色规则
手术室（备货）	91	1610325	肩关节镜器械（国药科学）1/1	1	49.5	49.5	warning	special_only 未命中特色规则
手术室（备货）	92	1610325	微创钉棒器械   2/4 （国药科学）	1	33.0	33.0	warning	special_only 未命中特色规则
手术室（备货）	93	1610325	微创钉棒器械  3/4（国药科学）	1	308.1	308.1	warning	special_only 未命中特色规则
手术室（备货）	94	1610325	微创钉棒器械  4/4（国药科学）	1	79.2	79.2	warning	special_only 未命中特色规则
手术室（备货）	95	1610334	肩关节镜器械（国药科学）-3件/Z1540	2	39.6	39.6	warning	special_only 未命中特色规则
手术室（备货）	96	1610768	外固定取出（国药伊春）-1/双/Z1026	1	8.1	8.1	warning	special_only 未命中特色规则
手术室（备货）	97	1611090	膝关节镜器械（国药科学）-1/Z2535	1	18.0	18.0	warning	special_only 未命中特色规则
手术室（备货）	98	1611090	膝关节镜器械（国药科学）-2件/z2060	1	23.4	23.4	warning	special_only 未命中特色规则
手术室（备货）	99	1611395	上肢取出（国药科学）-3件/双/Z1530	1	9.9	9.9	warning	special_only 未命中特色规则
手术室（备货）	100	1611783	国药耗材-1件/双/Z7526	1	6.3	6.3	warning	special_only 未命中特色规则
手术室（备货）	101	1612157	螺丝刀-1件/z7526（冠庆）	1	9.9	9.9	warning	special_only 未命中特色规则
手术室（备货）	102	1612283	取出器械（耀旭）1/1	1	9.9	9.9	warning	special_only 未命中特色规则
手术室（备货）	103	1612304	半髋器械/1/2（国药科学）	1	26.4	26.4	warning	special_only 未命中特色规则
手术室（备货）	104	1612304	半髋器械/2/2（国药科学）	1	135.3	135.3	warning	special_only 未命中特色规则
手术室（备货）	105	1612571	上肢取出（国药伊春） 1/1	1	9.9	9.9	warning	special_only 未命中特色规则
手术室（备货）	106	1612709	取出-1（国药伊春）/Z7526	1	4.8	4.8	warning	special_only 未命中特色规则
手术室（备货）	107	1612709	半髋器械（国药科学） 1/2	1	26.4	26.4	warning	special_only 未命中特色规则
手术室（备货）	108	1612709	半髋器械（国药科学） 2/2	1	135.3	135.3	warning	special_only 未命中特色规则
手术室（备货）	109	1612709	取出（国药伊春）1/1	1	19.8	19.8	warning	special_only 未命中特色规则
手术室（备货）	110	1613035	工具（国药耗材）-1件/双/Z7526	1	6.3	6.3	warning	special_only 未命中特色规则
手术室（备货）	111	1613747	工具（国药耗材）-1件/双/Z7526	1	6.3	6.3	warning	special_only 未命中特色规则
放射线	9	1605048	简易呼吸器（呼吸气囊）EO-1套/z3060	1	21.0	21.0	warning	special_only 未命中特色规则
放射线	10	1605048	面罩-1/z2032	1	16.8	16.8	warning	special_only 未命中特色规则
放射线	11	1605048	气囊袋-1/z3044	1	21.0	21.0	warning	special_only 未命中特色规则
放疗科	9	1608804	镊子缸-1/W6050	1	9.9	9.9	warning	special_only 未命中特色规则
放疗科	10	1608804	器械包-4件/W12050	1	16.2	16.2	warning	special_only 未命中特色规则
放疗科	11	1609568	器械包-4件/W12050	1	16.2	16.2	warning	special_only 未命中特色规则
放疗科	12	1610100	镊子缸-1/W6050	1	9.9	9.9	warning	special_only 未命中特色规则
放疗科	13	1610100	器械包-4件/W12050	1	16.2	16.2	warning	special_only 未命中特色规则
放疗科	14	1611679	器械包-4件/W12050	1	16.2	16.2	warning	special_only 未命中特色规则
放疗科	15	1612133	镊子缸-1/W6050	1	9.9	9.9	warning	special_only 未命中特色规则
放疗科	16	1612133	器械包-4件/W12050	1	16.2	16.2	warning	special_only 未命中特色规则
放疗科	17	1612914	器械包-4件/W12050	1	16.2	16.2	warning	special_only 未命中特色规则
整形病房	9	1605093	拆线（止血钳1剪刀1）-2件/z1526	1	9.9	9.9	warning	special_only 未命中特色规则
整形病房	10	1605093	缝合包-4/z1526	3	13.2	13.2	warning	special_only 未命中特色规则
整形病房	11	1605093	止血钳-1/z1029	1	4.8	4.8	warning	special_only 未命中特色规则
整形病房	12	1605093	换药缸-2/W6050	1	9.9	9.9	warning	special_only 未命中特色规则
整形病房	13	1605465	拆线（止血钳1剪刀1）-2件/z1526	2	9.9	9.9	warning	special_only 未命中特色规则
整形病房	14	1605465	缝合包-4/z1526	1	13.2	13.2	warning	special_only 未命中特色规则
整形病房	15	1605907	拆线（止血钳1剪刀1）-2件/z1526	5	9.9	9.9	warning	special_only 未命中特色规则
整形病房	16	1605907	缝合包-4/z1526	3	13.2	13.2	warning	special_only 未命中特色规则
整形病房	17	1605907	止血钳-1/z1029	1	4.8	4.8	warning	special_only 未命中特色规则
整形病房	18	1606014	拆线（止血钳1剪刀1）-2件/z1526	1	9.9	9.9	warning	special_only 未命中特色规则
整形病房	19	1606014	缝合包-4/z1526	4	13.2	13.2	warning	special_only 未命中特色规则
整形病房	20	1606014	换药缸-2/W6050	1	9.9	9.9	warning	special_only 未命中特色规则
整形病房	21	1606427	拆线（止血钳1剪刀1）-2件/z1526	2	9.9	9.9	warning	special_only 未命中特色规则
整形病房	22	1606427	缝合包-4/z1526	3	13.2	13.2	warning	special_only 未命中特色规则
整形病房	23	1606776	拆线（止血钳1剪刀1）-2件/z1526	1	9.9	9.9	warning	special_only 未命中特色规则
整形病房	24	1607129	拆线（止血钳1剪刀1）-2件/z1526	5	9.9	9.9	warning	special_only 未命中特色规则
整形病房	25	1607129	缝合包-4/z1526	1	13.2	13.2	warning	special_only 未命中特色规则
整形病房	26	1607129	换药缸-2/W6050	1	9.9	9.9	warning	special_only 未命中特色规则
整形病房	27	1607514	止血钳-1/z1029	2	4.8	4.8	warning	special_only 未命中特色规则
整形病房	28	1607946	拆线（止血钳1剪刀1）-2件/z1526	4	9.9	9.9	warning	special_only 未命中特色规则
整形病房	29	1607946	缝合包-4/z1526	3	13.2	13.2	warning	special_only 未命中特色规则
整形病房	30	1607946	止血钳-1/z1029	3	4.8	4.8	warning	special_only 未命中特色规则
整形病房	31	1608043	拆线（止血钳1剪刀1）-2件/z1526	1	9.9	9.9	warning	special_only 未命中特色规则
整形病房	32	1608043	缝合包-4/z1526	1	13.2	13.2	warning	special_only 未命中特色规则
整形病房	33	1608043	换药缸-2/W6050	1	9.9	9.9	warning	special_only 未命中特色规则
整形病房	34	1608425	拆线（止血钳1剪刀1）-2件/z1526	4	9.9	9.9	warning	special_only 未命中特色规则
整形病房	35	1608425	缝合包-4/z1526	2	13.2	13.2	warning	special_only 未命中特色规则
整形病房	36	1608425	止血钳-1/z1029	1	4.8	4.8	warning	special_only 未命中特色规则
整形病房	37	1608812	缝合包-4/z1526	3	13.2	13.2	warning	special_only 未命中特色规则
整形病房	38	1608812	止血钳-1/z1029	1	4.8	4.8	warning	special_only 未命中特色规则
整形病房	39	1609180	拆线（止血钳1剪刀1）-2件/z1526	2	9.9	9.9	warning	special_only 未命中特色规则
整形病房	40	1609180	缝合包-4/z1526	1	13.2	13.2	warning	special_only 未命中特色规则
整形病房	41	1609180	吸脂针-1/z7537	1	4.8	4.8	warning	special_only 未命中特色规则
整形病房	42	1609180	止血钳-1/z1029	1	4.8	4.8	warning	special_only 未命中特色规则
整形病房	43	1609180	换药缸-2/W6050	1	9.9	9.9	warning	special_only 未命中特色规则
整形病房	44	1609576	拆线（止血钳1剪刀1）-2件/z1526	1	9.9	9.9	warning	special_only 未命中特色规则
整形病房	45	1610020	拆线（止血钳1剪刀1）-2件/z1526	2	9.9	9.9	warning	special_only 未命中特色规则
整形病房	46	1610020	持针器-1/z1026	1	4.8	4.8	warning	special_only 未命中特色规则
整形病房	47	1610020	缝合包-4/z1526	3	13.2	13.2	warning	special_only 未命中特色规则
整形病房	48	1610126	缝合包-4/z1526	2	13.2	13.2	warning	special_only 未命中特色规则
整形病房	49	1610126	止血钳-1/z1029	2	4.8	4.8	warning	special_only 未命中特色规则
整形病房	50	1610126	换药缸-2/W6050	1	9.9	9.9	warning	special_only 未命中特色规则
整形病房	51	1610931	拆线（止血钳1剪刀1）-2件/z1526	1	9.9	9.9	warning	special_only 未命中特色规则
整形病房	52	1610931	缝合包-4/z1526	2	13.2	13.2	warning	special_only 未命中特色规则
整形病房	53	1611292	拆线（止血钳1剪刀1）-2件/z1526	1	9.9	9.9	warning	special_only 未命中特色规则
整形病房	54	1611292	缝合包-4/z1526	1	13.2	13.2	warning	special_only 未命中特色规则
整形病房	55	1611292	止血钳-1/z1029	1	4.8	4.8	warning	special_only 未命中特色规则
整形病房	56	1611292	换药缸-2/W6050	1	9.9	9.9	warning	special_only 未命中特色规则
整形病房	57	1611690	缝合包-4/z1526	1	13.2	13.2	warning	special_only 未命中特色规则
整形病房	58	1611690	止血钳-1/z1029	1	4.8	4.8	warning	special_only 未命中特色规则
整形病房	59	1612055	拆线（止血钳1剪刀1）-2件/z1526	2	9.9	9.9	warning	special_only 未命中特色规则
整形病房	60	1612055	缝合包-4/z1526	3	13.2	13.2	warning	special_only 未命中特色规则
整形病房	61	1612055	止血钳-1/z1029	1	4.8	4.8	warning	special_only 未命中特色规则
整形病房	62	1612154	拆线（止血钳1剪刀1）-2件/z1526	1	9.9	9.9	warning	special_only 未命中特色规则
整形病房	63	1612154	止血钳-1/z1029	1	4.8	4.8	warning	special_only 未命中特色规则
整形病房	64	1612154	换药缸-2/W6050	1	9.9	9.9	warning	special_only 未命中特色规则
整形病房	65	1612561	拆线（止血钳1剪刀1）-2件/z1526	1	9.9	9.9	warning	special_only 未命中特色规则
整形病房	66	1612561	止血钳-1/z1029	2	4.8	4.8	warning	special_only 未命中特色规则
整形病房	67	1612923	缝合包-4/z1526	1	13.2	13.2	warning	special_only 未命中特色规则
整形病房	68	1612923	止血钳-1/z1029	2	4.8	4.8	warning	special_only 未命中特色规则
整形病房	69	1613354	拆线（止血钳1剪刀1）-2件/z1526	2	9.9	9.9	warning	special_only 未命中特色规则
整形病房	70	1613354	缝合包-4/z1526	1	13.2	13.2	warning	special_only 未命中特色规则
整形病房	71	1613354	止血钳-1/z1029	1	4.8	4.8	warning	special_only 未命中特色规则
整形病房	72	1613354	换药缸-2/W6050	1	9.9	9.9	warning	special_only 未命中特色规则
整形病房	73	1613744	缝合包-4/z1526	3	13.2	13.2	warning	special_only 未命中特色规则
整形病房	74	1613744	止血钳-1/z1029	2	4.8	4.8	warning	special_only 未命中特色规则
整形门诊	9	1605076	剪刀-1/Z1029	1	4.8	4.8	warning	special_only 未命中特色规则
整形门诊	10	1605076	镊子-1/z7530	2	4.8	4.8	warning	special_only 未命中特色规则
整形门诊	11	1605076	器械包-4件（袋）/z1526	3	13.2	13.2	warning	special_only 未命中特色规则
整形门诊	12	1605076	止血钳-1/z1029	1	4.8	4.8	warning	special_only 未命中特色规则
整形门诊	13	1605076	换药缸-6/w9050	1	19.8	19.8	warning	special_only 未命中特色规则
整形门诊	14	1605464	器械包-5件/Z1526	3	16.5	16.5	warning	special_only 未命中特色规则
整形门诊	15	1605908	剪刀-1/Z1029	2	4.8	4.8	warning	special_only 未命中特色规则
整形门诊	16	1605908	镊子-1/z7530	2	4.8	4.8	warning	special_only 未命中特色规则
整形门诊	17	1605908	器械包-4件（袋）/z1526	1	13.2	13.2	warning	special_only 未命中特色规则
整形门诊	18	1605908	止血器-1/Z7530	2	4.8	4.8	warning	special_only 未命中特色规则
整形门诊	19	1606015	换药缸-6/w9050	1	19.8	19.8	warning	special_only 未命中特色规则
整形门诊	20	1606428	剪刀-1/Z1029	1	4.8	4.8	warning	special_only 未命中特色规则
整形门诊	21	1606428	镊子-1/z7530	1	4.8	4.8	warning	special_only 未命中特色规则
整形门诊	22	1606428	器械包-5件/Z1526	3	16.5	16.5	warning	special_only 未命中特色规则
整形门诊	23	1606777	镊子-1/z7530	1	4.8	4.8	warning	special_only 未命中特色规则
整形门诊	24	1606777	器械包-4件（袋）/z1526	1	13.2	13.2	warning	special_only 未命中特色规则
整形门诊	25	1606777	器械包-5件/Z1526	1	16.5	16.5	warning	special_only 未命中特色规则
整形门诊	26	1606777	止血钳-1/z1029	1	4.8	4.8	warning	special_only 未命中特色规则
整形门诊	27	1607113	器械包-4件（袋）/z1526	1	13.2	13.2	warning	special_only 未命中特色规则
整形门诊	28	1607113	止血钳-1/z1029	1	4.8	4.8	warning	special_only 未命中特色规则
整形门诊	29	1607113	换药缸-6/w9050	1	19.8	19.8	warning	special_only 未命中特色规则
整形门诊	30	1607515	剪刀-1/Z1029	1	4.8	4.8	warning	special_only 未命中特色规则
整形门诊	31	1607515	器械包-4件（袋）/z1526	1	13.2	13.2	warning	special_only 未命中特色规则
整形门诊	32	1607515	器械包-5件/Z1526	1	16.5	16.5	warning	special_only 未命中特色规则
整形门诊	33	1607515	小镊子-1/z7526	2	4.8	4.8	warning	special_only 未命中特色规则
整形门诊	34	1607947	剪刀-1/Z1029	1	4.8	4.8	warning	special_only 未命中特色规则
整形门诊	35	1607947	排针-1/z7526	1	4.8	4.8	warning	special_only 未命中特色规则
整形门诊	36	1607947	器械包-4件（袋）/z1526	4	13.2	13.2	warning	special_only 未命中特色规则
整形门诊	37	1607947	器械包-5件/Z1526	2	16.5	16.5	warning	special_only 未命中特色规则
整形门诊	38	1608018	换药缸-6/w9050	1	19.8	19.8	warning	special_only 未命中特色规则
整形门诊	39	1608426	剪刀-1/Z1029	1	4.8	4.8	warning	special_only 未命中特色规则
整形门诊	40	1608426	镊子-1/z7530	2	4.8	4.8	warning	special_only 未命中特色规则
整形门诊	41	1608426	器械包-4件（袋）/z1526	4	13.2	13.2	warning	special_only 未命中特色规则
整形门诊	42	1608426	器械包-5件/Z1526	1	16.5	16.5	warning	special_only 未命中特色规则
整形门诊	43	1608426	止血钳-1/z1029	1	4.8	4.8	warning	special_only 未命中特色规则
整形门诊	44	1608813	剪刀-1/Z1029	2	4.8	4.8	warning	special_only 未命中特色规则
整形门诊	45	1608813	镊子-1/z7530	1	4.8	4.8	warning	special_only 未命中特色规则
整形门诊	46	1608813	器械包-5件/Z1526	2	16.5	16.5	warning	special_only 未命中特色规则
整形门诊	47	1608813	止血钳-1/z1029	2	4.8	4.8	warning	special_only 未命中特色规则
整形门诊	48	1609162	换药缸-6/w9050	1	19.8	19.8	warning	special_only 未命中特色规则
整形门诊	49	1609577	剪刀-1/Z1029	1	4.8	4.8	warning	special_only 未命中特色规则
整形门诊	50	1609577	镊子-1/z7530	3	4.8	4.8	warning	special_only 未命中特色规则
整形门诊	51	1609577	器械包-4件（袋）/z1526	2	13.2	13.2	warning	special_only 未命中特色规则
整形门诊	52	1609577	器械包-5件/Z1526	2	16.5	16.5	warning	special_only 未命中特色规则
整形门诊	53	1610021	剪刀-1/Z1029	1	4.8	4.8	warning	special_only 未命中特色规则
整形门诊	54	1610021	器械包-4件（袋）/z1526	2	13.2	13.2	warning	special_only 未命中特色规则
整形门诊	55	1610106	换药缸-6/w9050	1	19.8	19.8	warning	special_only 未命中特色规则
整形门诊	56	1610550	刮勺-1/z7530	1	4.8	4.8	warning	special_only 未命中特色规则
整形门诊	57	1610550	器械包-5件/Z1526	1	16.5	16.5	warning	special_only 未命中特色规则
整形门诊	58	1610550	小镊子-1/z7526	1	4.8	4.8	warning	special_only 未命中特色规则
整形门诊	59	1610550	止血钳-1/z1029	2	4.8	4.8	warning	special_only 未命中特色规则
整形门诊	60	1610922	器械包-4件（袋）/z1526	4	13.2	13.2	warning	special_only 未命中特色规则
整形门诊	61	1610922	小剪刀-1/z7526	1	4.8	4.8	warning	special_only 未命中特色规则
整形门诊	62	1610922	止血钳-1/z1029	1	4.8	4.8	warning	special_only 未命中特色规则
整形门诊	63	1611291	换药缸-6/w9050	1	19.8	19.8	warning	special_only 未命中特色规则
整形门诊	64	1611691	排针-1/z7526	1	4.8	4.8	warning	special_only 未命中特色规则
整形门诊	65	1611691	器械包-4件（袋）/z1526	2	13.2	13.2	warning	special_only 未命中特色规则
整形门诊	66	1611691	小镊子-1/z7526	1	4.8	4.8	warning	special_only 未命中特色规则
整形门诊	67	1612056	镊子-1/z7530	2	4.8	4.8	warning	special_only 未命中特色规则
整形门诊	68	1612056	器械包-4件（袋）/z1526	4	13.2	13.2	warning	special_only 未命中特色规则
整形门诊	69	1612056	器械包-5件/Z1526	1	16.5	16.5	warning	special_only 未命中特色规则
整形门诊	70	1612056	止血钳-1/z1029	1	4.8	4.8	warning	special_only 未命中特色规则
整形门诊	71	1612139	换药缸-6/w9050	1	19.8	19.8	warning	special_only 未命中特色规则
整形门诊	72	1612562	剪刀-1/Z1029	1	4.8	4.8	warning	special_only 未命中特色规则
整形门诊	73	1612562	器械包-4件（袋）/z1526	1	13.2	13.2	warning	special_only 未命中特色规则
整形门诊	74	1612562	器械包-5件/Z1526	2	16.5	16.5	warning	special_only 未命中特色规则
整形门诊	75	1612562	止血钳-1/z1029	2	4.8	4.8	warning	special_only 未命中特色规则
整形门诊	76	1612924	器械包-5件/Z1526	3	16.5	16.5	warning	special_only 未命中特色规则
整形门诊	77	1612924	小镊子-1/z7526	1	4.8	4.8	warning	special_only 未命中特色规则
整形门诊	78	1613357	器械包-4件（袋）/z1526	1	13.2	13.2	warning	special_only 未命中特色规则
整形门诊	79	1613357	小镊子-1/z7526	2	4.8	4.8	warning	special_only 未命中特色规则
整形门诊	80	1613357	换药缸-6/w9050	1	19.8	19.8	warning	special_only 未命中特色规则
整形门诊	81	1613739	镊子-1/z7530	2	4.8	4.8	warning	special_only 未命中特色规则
整形门诊	82	1613739	器械包-4件（袋）/z1526	3	13.2	13.2	warning	special_only 未命中特色规则
整形门诊	83	1613739	器械包-5件/Z1526	1	16.5	16.5	warning	special_only 未命中特色规则
整形门诊	84	1613739	止血钳-1/z1029	1	4.8	4.8	warning	special_only 未命中特色规则
日间病房	9	1605092	换药缸-1/W6050	1	9.9	9.9	warning	special_only 未命中特色规则
日间病房	10	1606006	换药缸-1/W6050	1	9.9	9.9	warning	special_only 未命中特色规则
日间病房	11	1607126	换药缸-1/W6050	1	9.9	9.9	warning	special_only 未命中特色规则
日间病房	12	1608039	换药缸-1/W6050	1	9.9	9.9	warning	special_only 未命中特色规则
日间病房	13	1609178	剪刀-1/Z1029	1	4.8	4.8	warning	special_only 未命中特色规则
日间病房	14	1609178	止血钳-1/z1029	1	4.8	4.8	warning	special_only 未命中特色规则
日间病房	15	1609178	换药缸-1/W6050	1	9.9	9.9	warning	special_only 未命中特色规则
日间病房	16	1610122	小剪刀-1/z7526	1	4.8	4.8	warning	special_only 未命中特色规则
日间病房	17	1610122	换药缸-1/W6050	1	9.9	9.9	warning	special_only 未命中特色规则
日间病房	18	1611278	换药缸-1/W6050	1	9.9	9.9	warning	special_only 未命中特色规则
日间病房	19	1612151	换药缸-1/W6050	1	9.9	9.9	warning	special_only 未命中特色规则
日间病房	20	1613343	换药缸-1/W6050	1	9.9	9.9	warning	special_only 未命中特色规则
普外一	9	1605086	刀柄-1/z7526	1	4.8	4.8	warning	special_only 未命中特色规则
普外一	10	1605086	探针-1/z7537	1	4.8	4.8	warning	special_only 未命中特色规则
普外一	11	1605086	止血钳-1/z1029	1	4.8	4.8	warning	special_only 未命中特色规则
普外一	12	1605459	切开包-7件/Z2032	1	23.1	23.1	warning	special_only 未命中特色规则
普外一	13	1606005	换药缸-5/w9050	1	16.5	16.5	warning	special_only 未命中特色规则
普外一	14	1607123	切开包-7件/Z2032	1	23.1	23.1	warning	special_only 未命中特色规则
普外一	15	1607123	止血钳-1/z1029	1	4.8	4.8	warning	special_only 未命中特色规则
普外一	16	1608042	持针器-1/z1026	1	4.8	4.8	warning	special_only 未命中特色规则
普外一	17	1608042	刀柄-1/z7526	1	4.8	4.8	warning	special_only 未命中特色规则
普外一	18	1608042	镊子-1/z7530	5	4.8	4.8	warning	special_only 未命中特色规则
普外一	19	1608042	换药缸-5/w9050	1	16.5	16.5	warning	special_only 未命中特色规则
普外一	20	1610104	换药缸-5/w9050	1	16.5	16.5	warning	special_only 未命中特色规则
普外一	21	1612149	切开包-7件/Z2032	1	23.1	23.1	warning	special_only 未命中特色规则
普外一	22	1612149	换药缸-5/w9050	1	16.5	16.5	warning	special_only 未命中特色规则
普外三	9	1605085	持针器-1/z1026	1	4.8	4.8	warning	special_only 未命中特色规则
普外三	10	1605458	持针器-1/z1026	1	4.8	4.8	warning	special_only 未命中特色规则
普外三	11	1605458	剪刀-1/Z1029	1	4.8	4.8	warning	special_only 未命中特色规则
普外三	12	1605458	止血钳-1/z1029	2	4.8	4.8	warning	special_only 未命中特色规则
普外三	13	1611284	持针器-1/z1026	1	4.8	4.8	warning	special_only 未命中特色规则
普外三	14	1611284	剪刀-1/Z1029	1	4.8	4.8	warning	special_only 未命中特色规则
普外三消化三	9	1605084	换药缸-5/w9050	1	16.5	16.5	warning	special_only 未命中特色规则
普外三消化三	10	1606004	换药缸-5/w9050	1	16.5	16.5	warning	special_only 未命中特色规则
普外三消化三	11	1607121	换药缸-5/w9050	1	16.5	16.5	warning	special_only 未命中特色规则
普外三消化三	12	1608037	压舌板-1/z7526	1	4.8	4.8	warning	special_only 未命中特色规则
普外三消化三	13	1608037	换药缸-5/w9050	1	16.5	16.5	warning	special_only 未命中特色规则
普外三消化三	14	1609160	换药缸-5/w9050	1	16.5	16.5	warning	special_only 未命中特色规则
普外三消化三	15	1610102	换药缸-5/w9050	1	16.5	16.5	warning	special_only 未命中特色规则
普外三消化三	16	1611285	换药缸-5/w9050	1	16.5	16.5	warning	special_only 未命中特色规则
普外三消化三	17	1612148	换药缸-5/w9050	1	16.5	16.5	warning	special_only 未命中特色规则
普外三消化三	18	1613342	换药缸-5/w9050	1	16.5	16.5	warning	special_only 未命中特色规则
普外二	9	1605087	镊子-1/z7530	2	4.8	4.8	warning	special_only 未命中特色规则
普外二	10	1605087	换药缸-5/w9050	1	16.5	16.5	warning	special_only 未命中特色规则
普外二	11	1607122	换药缸-5/w9050	1	16.5	16.5	warning	special_only 未命中特色规则
普外二	12	1609173	刀柄-1/z7526	1	4.8	4.8	warning	special_only 未命中特色规则
普外二	13	1609173	镊子-1/z7530	5	4.8	4.8	warning	special_only 未命中特色规则
普外二	14	1609173	切开包-7件/Z2032	1	23.1	23.1	warning	special_only 未命中特色规则
普外二	15	1609173	换药缸-5/w9050	1	16.5	16.5	warning	special_only 未命中特色规则
普外二	16	1611282	切开包-7件/Z2032	1	23.1	23.1	warning	special_only 未命中特色规则
普外二	17	1611282	换药缸-5/w9050	1	16.5	16.5	warning	special_only 未命中特色规则
普外二	18	1613341	换药缸-5/w9050	1	16.5	16.5	warning	special_only 未命中特色规则
泌外11楼（泌外一 二 三）	9	1605089	换药缸-1/W6050	1	9.9	9.9	warning	special_only 未命中特色规则
泌外11楼（泌外一 二 三）	10	1605575	膀胱镜-5件/z2060	1	52.8	52.8	warning	special_only 未命中特色规则
泌外11楼（泌外一 二 三）	11	1605575	膀胱镜配件-2件/Z1026	1	26.4	26.4	warning	special_only 未命中特色规则
泌外11楼（泌外一 二 三）	12	1606002	换药缸-1/W6050	1	9.9	9.9	warning	special_only 未命中特色规则
泌外11楼（泌外一 二 三）	13	1606099	膀胱镜-5件/z2060	1	52.8	52.8	warning	special_only 未命中特色规则
泌外11楼（泌外一 二 三）	14	1606183	膀胱镜-4/Z2060	1	52.8	52.8	warning	special_only 未命中特色规则
泌外11楼（泌外一 二 三）	15	1606563	膀胱镜-5件/z2060	1	52.8	52.8	warning	special_only 未命中特色规则
泌外11楼（泌外一 二 三）	16	1607125	刮勺1剪刀1/Z1035	1	8.1	8.1	warning	special_only 未命中特色规则
泌外11楼（泌外一 二 三）	17	1607125	剪刀1持针器1止血钳1/z1530	1	9.9	9.9	warning	special_only 未命中特色规则
泌外11楼（泌外一 二 三）	18	1607125	消毒缸-1/W6050	1	9.9	9.9	warning	special_only 未命中特色规则
泌外11楼（泌外一 二 三）	19	1607229	膀胱镜-4/Z2060	1	52.8	52.8	warning	special_only 未命中特色规则
泌外11楼（泌外一 二 三）	20	1608038	消毒缸-1/W6050	1	9.9	9.9	warning	special_only 未命中特色规则
泌外11楼（泌外一 二 三）	21	1608195	膀胱镜-5件/z2060	1	52.8	52.8	warning	special_only 未命中特色规则
泌外11楼（泌外一 二 三）	22	1608417	尿道探子-1/z7537	2	4.8	4.8	warning	special_only 未命中特色规则
泌外11楼（泌外一 二 三）	23	1608535	膀胱镜-5件/z2060	1	52.8	52.8	warning	special_only 未命中特色规则
泌外11楼（泌外一 二 三）	24	1608806	剪刀1持针器1止血钳1/z1530	1	9.9	9.9	warning	special_only 未命中特色规则
泌外11楼（泌外一 二 三）	25	1608806	尿道探子-1/z7537	1	4.8	4.8	warning	special_only 未命中特色规则
泌外11楼（泌外一 二 三）	26	1608806	止血钳-2/z1530	1	9.9	9.9	warning	special_only 未命中特色规则
泌外11楼（泌外一 二 三）	27	1608806	器械包10件	1	33.0	33.0	warning	special_only 未命中特色规则
泌外11楼（泌外一 二 三）	28	1608996	膀胱镜-4/Z2060	1	52.8	52.8	warning	special_only 未命中特色规则
泌外11楼（泌外一 二 三）	29	1609174	换药缸-1/W6050	1	9.9	9.9	warning	special_only 未命中特色规则
泌外11楼（泌外一 二 三）	30	1609174	尿道探子-7件/w6050	1	23.1	23.1	warning	special_only 未命中特色规则
泌外11楼（泌外一 二 三）	31	1609174	器械包-9件/W6050	1	29.7	29.7	warning	special_only 未命中特色规则
泌外11楼（泌外一 二 三）	32	1610121	换药缸-1/W6050	1	9.9	9.9	warning	special_only 未命中特色规则
泌外11楼（泌外一 二 三）	33	1610539	开口器-1/z1026	1	4.8	4.8	warning	special_only 未命中特色规则
泌外11楼（泌外一 二 三）	34	1610539	喉镜3手柄1/Z1526	1	52.8	52.8	warning	special_only 未命中特色规则
泌外11楼（泌外一 二 三）	35	1611281	换药缸-1/W6050	1	9.9	9.9	warning	special_only 未命中特色规则
泌外11楼（泌外一 二 三）	36	1612150	换药缸-1/W6050	1	9.9	9.9	warning	special_only 未命中特色规则
泌外11楼（泌外一 二 三）	37	1612612	膀胱镜-4/Z2060	1	52.8	52.8	warning	special_only 未命中特色规则
泌外11楼（泌外一 二 三）	38	1612612	膀胱镜配件-2件/Z1026	1	26.4	26.4	warning	special_only 未命中特色规则
泌外11楼（泌外一 二 三）	39	1612965	尿道探子-1/z7537	2	4.8	4.8	warning	special_only 未命中特色规则
泌外11楼（泌外一 二 三）	40	1613351	换药缸-1/W6050	1	9.9	9.9	warning	special_only 未命中特色规则
泌外12楼（泌外四 ）	9	1605088	26F尿道探子-1/z7537	1	4.8	4.8	warning	special_only 未命中特色规则
泌外12楼（泌外四 ）	10	1605088	穿刺架-1/z1026	1	4.8	4.8	warning	special_only 未命中特色规则
泌外12楼（泌外四 ）	11	1606423	20F尿道探子-1/z7537	1	4.8	4.8	warning	special_only 未命中特色规则
泌外12楼（泌外四 ）	12	1606423	22F尿道探子-1/z7537	1	4.8	4.8	warning	special_only 未命中特色规则
泌外12楼（泌外四 ）	13	1606423	24F尿道探子-1/z7537	1	4.8	4.8	warning	special_only 未命中特色规则
泌外12楼（泌外四 ）	14	1606512	膀胱镜-7件（筐1）/w12050	1	79.2	79.2	warning	special_only 未命中特色规则
泌外12楼（泌外四 ）	15	1606950	膀胱镜-7件（筐1）/w12050	1	79.2	79.2	warning	special_only 未命中特色规则
泌外12楼（泌外四 ）	16	1607124	止血钳-1/z1029	1	4.8	4.8	warning	special_only 未命中特色规则
泌外12楼（泌外四 ）	17	1607560	28F尿道探子-1/z7537	1	4.8	4.8	warning	special_only 未命中特色规则
泌外12楼（泌外四 ）	18	1607941	26F尿道探子-1/z7537	1	4.8	4.8	warning	special_only 未命中特色规则
泌外12楼（泌外四 ）	19	1608419	22F尿道探子-1/z7537	1	4.8	4.8	warning	special_only 未命中特色规则
泌外12楼（泌外四 ）	20	1609569	26F尿道探子-1/z7537	1	4.8	4.8	warning	special_only 未命中特色规则
泌外12楼（泌外四 ）	21	1610540	22F尿道探子-1/z7537	1	4.8	4.8	warning	special_only 未命中特色规则
泌外12楼（泌外四 ）	22	1610540	膀胱造瘘器-4/z1526	1	52.8	52.8	warning	special_only 未命中特色规则
泌外12楼（泌外四 ）	23	1611279	20F尿道探子-1/z7537	1	4.8	4.8	warning	special_only 未命中特色规则
泌外12楼（泌外四 ）	24	1611279	穿刺架-1/z1026	1	4.8	4.8	warning	special_only 未命中特色规则
泌外12楼（泌外四 ）	25	1613384	26F尿道探子-1/z7537	1	4.8	4.8	warning	special_only 未命中特色规则
烧伤科	9	1605079	镊子-1/z7530	1	4.8	4.8	warning	special_only 未命中特色规则
烧伤科	10	1605906	剪刀-1/Z1029	4	4.8	4.8	warning	special_only 未命中特色规则
烧伤科	11	1605906	止血钳-1/z1029	4	4.8	4.8	warning	special_only 未命中特色规则
烧伤科	12	1606008	剪刀-1/Z1029	2	4.8	4.8	warning	special_only 未命中特色规则
烧伤科	13	1606008	止血钳-1/z1029	2	4.8	4.8	warning	special_only 未命中特色规则
烧伤科	14	1606424	剪刀-1/Z1029	3	4.8	4.8	warning	special_only 未命中特色规则
烧伤科	15	1606424	起钉器-1/Z1026	1	4.8	4.8	warning	special_only 未命中特色规则
烧伤科	16	1606424	止血钳-1/z1029	4	4.8	4.8	warning	special_only 未命中特色规则
烧伤科	17	1607115	剪刀-1/Z1029	2	4.8	4.8	warning	special_only 未命中特色规则
烧伤科	18	1607115	止血钳-1/z1029	2	4.8	4.8	warning	special_only 未命中特色规则
烧伤科	19	1607510	剪刀-1/Z1029	1	4.8	4.8	warning	special_only 未命中特色规则
烧伤科	20	1607510	止血钳-1/z1029	1	4.8	4.8	warning	special_only 未命中特色规则
烧伤科	21	1607945	剪刀-1/Z1029	1	4.8	4.8	warning	special_only 未命中特色规则
烧伤科	22	1607945	止血钳-1/z1029	1	4.8	4.8	warning	special_only 未命中特色规则
烧伤科	23	1608030	剪刀-1/Z1029	2	4.8	4.8	warning	special_only 未命中特色规则
烧伤科	24	1608030	止血钳-1/z1029	3	4.8	4.8	warning	special_only 未命中特色规则
烧伤科	25	1608421	剪刀-1/Z1029	1	4.8	4.8	warning	special_only 未命中特色规则
烧伤科	26	1608421	止血钳-1/z1029	4	4.8	4.8	warning	special_only 未命中特色规则
烧伤科	27	1608809	剪刀-1/Z1029	3	4.8	4.8	warning	special_only 未命中特色规则
烧伤科	28	1608809	止血钳-1/z1029	3	4.8	4.8	warning	special_only 未命中特色规则
烧伤科	29	1609175	剪刀-1/Z1029	1	4.8	4.8	warning	special_only 未命中特色规则
烧伤科	30	1609175	止血钳-1/z1029	3	4.8	4.8	warning	special_only 未命中特色规则
烧伤科	31	1609572	剪刀-1/Z1029	2	4.8	4.8	warning	special_only 未命中特色规则
烧伤科	32	1609572	止血钳-1/z1029	5	4.8	4.8	warning	special_only 未命中特色规则
烧伤科	33	1610018	剪刀-1/Z1029	5	4.8	4.8	warning	special_only 未命中特色规则
烧伤科	34	1610018	镊子-1/z7530	1	4.8	4.8	warning	special_only 未命中特色规则
烧伤科	35	1610018	止血钳-1/z1029	5	4.8	4.8	warning	special_only 未命中特色规则
烧伤科	36	1610114	剪刀-1/Z1029	1	4.8	4.8	warning	special_only 未命中特色规则
烧伤科	37	1610114	镊子-1/z7530	1	4.8	4.8	warning	special_only 未命中特色规则
烧伤科	38	1610114	止血钳-1/z1029	3	4.8	4.8	warning	special_only 未命中特色规则
烧伤科	39	1610544	剪刀-1/Z1029	1	4.8	4.8	warning	special_only 未命中特色规则
烧伤科	40	1610544	止血钳-1/z1029	2	4.8	4.8	warning	special_only 未命中特色规则
烧伤科	41	1610932	剪刀-1/Z1029	2	4.8	4.8	warning	special_only 未命中特色规则
烧伤科	42	1610932	止血钳-1/z1029	1	4.8	4.8	warning	special_only 未命中特色规则
烧伤科	43	1611286	剪刀-2/z1029	2	8.1	8.1	warning	special_only 未命中特色规则
烧伤科	44	1611286	止血钳-1/z1029	1	4.8	4.8	warning	special_only 未命中特色规则
烧伤科	45	1611684	剪刀-1/Z1029	2	4.8	4.8	warning	special_only 未命中特色规则
烧伤科	46	1611684	止血钳-1/z1029	3	4.8	4.8	warning	special_only 未命中特色规则
烧伤科	47	1612143	剪刀-1/Z1029	3	4.8	4.8	warning	special_only 未命中特色规则
烧伤科	48	1612143	镊子-1/z7530	1	4.8	4.8	warning	special_only 未命中特色规则
烧伤科	49	1612143	止血钳-1/z1029	4	4.8	4.8	warning	special_only 未命中特色规则
烧伤科	50	1612557	剪刀-1/Z1029	2	4.8	4.8	warning	special_only 未命中特色规则
烧伤科	51	1612557	止血钳-1/z1029	1	4.8	4.8	warning	special_only 未命中特色规则
烧伤科	52	1612920	剪刀-1/Z1029	1	4.8	4.8	warning	special_only 未命中特色规则
烧伤科	53	1612920	止血钳-1/z1029	1	4.8	4.8	warning	special_only 未命中特色规则
烧伤科	54	1613349	剪刀-1/Z1029	2	4.8	4.8	warning	special_only 未命中特色规则
烧伤科	55	1613349	止血钳-1/z1029	2	4.8	4.8	warning	special_only 未命中特色规则
烧伤科	56	1613740	剪刀-1/Z1029	3	4.8	4.8	warning	special_only 未命中特色规则
烧伤科	57	1613740	止血钳-1/z1029	5	4.8	4.8	warning	special_only 未命中特色规则
生殖医学科	9	1606012	IUI包	1	26.4	26.4	warning	special_only 未命中特色规则
生殖医学科	10	1606395	IUI包	1	26.4	26.4	warning	special_only 未命中特色规则
生殖医学科	11	1606775	IUI包	1	26.4	26.4	warning	special_only 未命中特色规则
生殖医学科	12	1606775	备用包-10件	1	33.0	33.0	warning	special_only 未命中特色规则
生殖医学科	13	1606775	造影包	1	26.4	26.4	warning	special_only 未命中特色规则
生殖医学科	14	1607511	IUI包	1	26.4	26.4	warning	special_only 未命中特色规则
生殖医学科	15	1608017	IUI包	2	26.4	26.4	warning	special_only 未命中特色规则
生殖医学科	16	1608810	扩棒（4.5号）-1/z7526	1	4.8	4.8	warning	special_only 未命中特色规则
生殖医学科	17	1608810	扩棒（4号）-1件/z7526	1	4.8	4.8	warning	special_only 未命中特色规则
生殖医学科	18	1608810	扩棒（5号）-1件/z7526	1	4.8	4.8	warning	special_only 未命中特色规则
生殖医学科	19	1608810	取环钩-1/z7537	2	4.8	4.8	warning	special_only 未命中特色规则
生殖医学科	20	1610105	造影包	3	26.4	26.4	warning	special_only 未命中特色规则
生殖医学科	21	1610547	镊子-1/z7530	1	4.8	4.8	warning	special_only 未命中特色规则
生殖医学科	22	1610547	造影包	1	26.4	26.4	warning	special_only 未命中特色规则
生殖医学科	23	1610923	造影包	2	26.4	26.4	warning	special_only 未命中特色规则
生殖医学科	24	1611289	IUI包	1	26.4	26.4	warning	special_only 未命中特色规则
生殖医学科	25	1611686	造影包	1	26.4	26.4	warning	special_only 未命中特色规则
生殖医学科	26	1612138	IUI包	1	26.4	26.4	warning	special_only 未命中特色规则
生殖医学科	28	1612558	切开包	1	46.2	46.2	warning	special_only 未命中特色规则
生殖医学科	29	1612558	造影包	2	26.4	26.4	warning	special_only 未命中特色规则
生殖医学科	30	1613348	剪刀-1/Z1029	1	4.8	4.8	warning	special_only 未命中特色规则
生殖医学科	31	1613348	IUI包	2	26.4	26.4	warning	special_only 未命中特色规则
生殖医学科	32	1613348	造影包	1	26.4	26.4	warning	special_only 未命中特色规则
皮肤病房	9	1605078	换药缸-4/w7050	1	13.2	13.2	warning	special_only 未命中特色规则
皮肤病房	10	1606003	换药缸-4/w7050	1	13.2	13.2	warning	special_only 未命中特色规则
皮肤门诊	9	1605904	镊子-1/z7530	8	4.8	4.8	warning	special_only 未命中特色规则
皮肤门诊	10	1605904	止血钳1持针器1/z1530	6	9.9	9.9	warning	special_only 未命中特色规则
皮肤门诊	11	1606399	镊子-1/z7530	3	4.8	4.8	warning	special_only 未命中特色规则
皮肤门诊	12	1606399	止血钳1持针器1/z1530	3	9.9	9.9	warning	special_only 未命中特色规则
皮肤门诊	13	1606399	止血钳13弯盘1/w6050	1	46.2	46.2	warning	special_only 未命中特色规则
皮肤门诊	14	1607942	镊子-1/z7530	5	4.8	4.8	warning	special_only 未命中特色规则
皮肤门诊	15	1607942	止血钳1持针器1/z1530	3	9.9	9.9	warning	special_only 未命中特色规则
皮肤门诊	16	1608807	止血钳15弯盘1/W6050	1	52.8	52.8	warning	special_only 未命中特色规则
皮肤门诊	17	1609570	镊子-1/z7530	4	4.8	4.8	warning	special_only 未命中特色规则
皮肤门诊	18	1609570	止血钳1持针器1/z1530	5	9.9	9.9	warning	special_only 未命中特色规则
皮肤门诊	19	1610542	镊子-1/z7530	8	4.8	4.8	warning	special_only 未命中特色规则
皮肤门诊	20	1610542	止血钳1持针器1/z1530	4	9.9	9.9	warning	special_only 未命中特色规则
皮肤门诊	21	1610920	止血钳13弯盘1/w6050	1	46.2	46.2	warning	special_only 未命中特色规则
皮肤门诊	22	1612051	镊子-1/z7530	1	4.8	4.8	warning	special_only 未命中特色规则
皮肤门诊	23	1612051	止血钳1持针器1/z1530	4	9.9	9.9	warning	special_only 未命中特色规则
眼科手术室	9	1605168	玻切包	1	21.0	21.0	warning	special_only 未命中特色规则
眼科手术室	10	1605229	玻切包	1	21.0	21.0	warning	special_only 未命中特色规则
眼科手术室	11	1605268	敷料包（无纺布）/w12050	2	21.0	35.0	warning	敷料包(无纺布包)——1.2
眼科手术室	12	1605449	玻切包	2	21.0	21.0	warning	special_only 未命中特色规则
眼科手术室	13	1605579	玻切包	1	21.0	21.0	warning	special_only 未命中特色规则
眼科手术室	14	1605910	敷料包（无纺布）/w12050	2	21.0	35.0	warning	敷料包(无纺布包)——1.2
眼科手术室	15	1606100	玻切包	1	21.0	21.0	warning	special_only 未命中特色规则
眼科手术室	16	1606604	敷料包（无纺布）/w12050	1	21.0	35.0	warning	敷料包(无纺布包)——1.2
眼科手术室	17	1607647	敷料包（无纺布）/w12050	2	21.0	35.0	warning	敷料包(无纺布包)——1.2
眼科手术室	18	1607648	器械包	1	66.0	66.0	warning	special_only 未命中特色规则
眼科手术室	19	1608558	玻切包	1	21.0	21.0	warning	special_only 未命中特色规则
眼科手术室	20	1608614	器械包	2	66.0	66.0	warning	special_only 未命中特色规则
眼科手术室	21	1608626	敷料包（无纺布）/w12050	1	21.0	35.0	warning	敷料包(无纺布包)——1.2
眼科手术室	22	1608895	玻切包	2	21.0	21.0	warning	special_only 未命中特色规则
眼科手术室	23	1609370	玻切包	1	21.0	21.0	warning	special_only 未命中特色规则
眼科手术室	24	1609370	器械包	2	66.0	66.0	warning	special_only 未命中特色规则
眼科手术室	25	1609375	敷料包（无纺布）/w12050	2	21.0	35.0	warning	敷料包(无纺布包)——1.2
眼科手术室	26	1609579	玻切包	1	21.0	21.0	warning	special_only 未命中特色规则
眼科手术室	27	1610024	敷料包（无纺布）/w12050	2	21.0	35.0	warning	敷料包(无纺布包)——1.2
眼科手术室	28	1610614	敷料包（无纺布）/w12050	1	21.0	35.0	warning	敷料包(无纺布包)——1.2
眼科手术室	29	1611349	器械包	2	66.0	66.0	warning	special_only 未命中特色规则
眼科手术室	30	1611472	玻切包	1	21.0	21.0	warning	special_only 未命中特色规则
眼科手术室	31	1611498	敷料包（无纺布）/w12050	1	21.0	35.0	warning	敷料包(无纺布包)——1.2
眼科手术室	32	1611500	敷料包（无纺布）/w12050	1	21.0	35.0	warning	敷料包(无纺布包)——1.2
眼科手术室	33	1611721	器械包	1	66.0	66.0	warning	special_only 未命中特色规则
眼科手术室	34	1611789	玻切包	1	21.0	21.0	warning	special_only 未命中特色规则
眼科手术室	35	1612054	敷料包（无纺布）/w12050	2	21.0	35.0	warning	敷料包(无纺布包)——1.2
眼科手术室	36	1612724	敷料包（无纺布）/w12050	1	21.0	35.0	warning	敷料包(无纺布包)——1.2
眼科手术室	37	1613513	敷料包（无纺布）/w12050	2	21.0	35.0	warning	敷料包(无纺布包)——1.2
眼科病房	9	1605462	开睑器-1/z1020	3	4.8	4.8	warning	special_only 未命中特色规则
眼科病房	10	1605462	显微剪刀-1/z1026	1	4.8	4.8	warning	special_only 未命中特色规则
眼科病房	11	1605462	显微镊子-1/z7526	3	4.8	4.8	warning	special_only 未命中特色规则
眼科病房	12	1605462	小剪刀-1/z7526	6	4.8	4.8	warning	special_only 未命中特色规则
眼科病房	13	1605462	消毒缸9广口瓶（无盖）2/w9050	1	36.3	36.3	warning	special_only 未命中特色规则
眼科病房	14	1606425	开睑器-1/z1020	3	4.8	4.8	warning	special_only 未命中特色规则
眼科病房	15	1606425	镊子-1/z7530	1	4.8	4.8	warning	special_only 未命中特色规则
眼科病房	16	1606425	显微镊子-1/z7526	1	4.8	4.8	warning	special_only 未命中特色规则
眼科病房	17	1606425	小剪刀-1/z7526	4	4.8	4.8	warning	special_only 未命中特色规则
眼科病房	18	1606425	消毒缸9广口瓶（无盖）2/w9050	1	36.3	36.3	warning	special_only 未命中特色规则
眼科病房	19	1607512	开睑器-1/z1020	1	4.8	4.8	warning	special_only 未命中特色规则
眼科病房	20	1607512	泪点扩张器-1/z7526	1	4.8	4.8	warning	special_only 未命中特色规则
眼科病房	21	1607512	小剪刀-1/z7526	5	4.8	4.8	warning	special_only 未命中特色规则
眼科病房	22	1607512	消毒缸9广口瓶（无盖）2/w9050	1	36.3	36.3	warning	special_only 未命中特色规则
眼科病房	23	1608423	剪刀-1/Z1029	2	4.8	4.8	warning	special_only 未命中特色规则
眼科病房	24	1608423	开睑器-1/z1020	2	4.8	4.8	warning	special_only 未命中特色规则
眼科病房	25	1608423	显微剪刀-1/z1026	1	4.8	4.8	warning	special_only 未命中特色规则
眼科病房	26	1608423	显微镊子-1/z7526	2	4.8	4.8	warning	special_only 未命中特色规则
眼科病房	27	1608423	消毒缸9广口瓶（无盖）2/w9050	1	36.3	36.3	warning	special_only 未命中特色规则
眼科病房	28	1609574	开睑器-1/z1020	1	4.8	4.8	warning	special_only 未命中特色规则
眼科病房	29	1609574	显微镊子-1/z7526	2	4.8	4.8	warning	special_only 未命中特色规则
眼科病房	30	1609574	小剪刀-1/z7526	2	4.8	4.8	warning	special_only 未命中特色规则
眼科病房	31	1609574	消毒缸9广口瓶（无盖）2/w9050	1	36.3	36.3	warning	special_only 未命中特色规则
眼科病房	32	1610548	显微剪刀-1/z1026	1	4.8	4.8	warning	special_only 未命中特色规则
眼科病房	33	1610548	显微镊子-1/z7526	2	4.8	4.8	warning	special_only 未命中特色规则
眼科病房	34	1610548	小剪刀-1/z7526	4	4.8	4.8	warning	special_only 未命中特色规则
眼科病房	35	1610548	消毒缸9广口瓶（无盖）2/w9050	1	36.3	36.3	warning	special_only 未命中特色规则
眼科病房	36	1611688	显微持针器-1/z7526	1	4.8	4.8	warning	special_only 未命中特色规则
眼科病房	37	1611688	显微剪刀-1/z1026	2	4.8	4.8	warning	special_only 未命中特色规则
眼科病房	38	1611688	显微镊子-1/z7526	4	4.8	4.8	warning	special_only 未命中特色规则
眼科病房	39	1611688	小剪刀-1/z7526	5	4.8	4.8	warning	special_only 未命中特色规则
眼科病房	40	1611688	消毒缸9广口瓶（无盖）2/w9050	1	36.3	36.3	warning	special_only 未命中特色规则
眼科病房	41	1612559	剪刀-1/Z1029	1	4.8	4.8	warning	special_only 未命中特色规则
眼科病房	42	1612559	开睑器-1/z1020	1	4.8	4.8	warning	special_only 未命中特色规则
眼科病房	43	1612559	显微剪刀-1/z1026	1	4.8	4.8	warning	special_only 未命中特色规则
眼科病房	44	1612559	显微镊子-1/z7526	2	4.8	4.8	warning	special_only 未命中特色规则
眼科病房	45	1612559	消毒缸9广口瓶（无盖）2/w9050	1	36.3	36.3	warning	special_only 未命中特色规则
眼科病房	46	1613316	消毒缸9广口瓶（无盖）2/w9050	1	36.3	36.3	warning	special_only 未命中特色规则
眼科门诊	9	1605463	泪点扩张器-1/z7526	2	4.8	4.8	warning	special_only 未命中特色规则
眼科门诊	10	1605463	酒精缸-16玻璃缸-1/W12050	1	56.1	56.1	warning	special_only 未命中特色规则
眼科门诊	11	1606426	按摩镊-1/Z7520	1	4.8	4.8	warning	special_only 未命中特色规则
眼科门诊	12	1606426	持针器-1/z1026	1	4.8	4.8	warning	special_only 未命中特色规则
眼科门诊	13	1606426	睫毛镊子-1/z7526	2	4.8	4.8	warning	special_only 未命中特色规则
眼科门诊	14	1606426	酒精缸-16玻璃缸-1/W12050	1	56.1	56.1	warning	special_only 未命中特色规则
眼科门诊	15	1606426	霰粒肿手术包-5件	1	16.5	16.5	warning	special_only 未命中特色规则
眼科门诊	16	1607513	睫毛镊子-1/z7526	1	4.8	4.8	warning	special_only 未命中特色规则
眼科门诊	17	1607513	泪点扩张器-1/z7526	2	4.8	4.8	warning	special_only 未命中特色规则
眼科门诊	18	1607513	显微镊子-1/z7526	1	4.8	4.8	warning	special_only 未命中特色规则
眼科门诊	19	1607513	酒精缸-16玻璃缸-1/W12050	1	56.1	56.1	warning	special_only 未命中特色规则
眼科门诊	20	1607513	霰粒肿手术包-5件	3	16.5	16.5	warning	special_only 未命中特色规则
眼科门诊	21	1608019	喉镜片（过氧化氢）-1/z1026	3	13.2	13.2	warning	special_only 未命中特色规则
眼科门诊	22	1608019	喉镜手柄（过氧化氢）-1/z1526	1	15.0	15.0	warning	special_only 未命中特色规则
眼科门诊	23	1608026	开口器-1/z1026	1	4.8	4.8	warning	special_only 未命中特色规则
眼科门诊	24	1608344	简易呼吸器（呼吸气囊）EO-1套/z3060	1	21.0	21.0	warning	special_only 未命中特色规则
眼科门诊	25	1608424	酒精缸-16玻璃缸-1/W12050	1	56.1	56.1	warning	special_only 未命中特色规则
眼科门诊	26	1608557	钩镊-1/z7530	1	4.8	4.8	warning	special_only 未命中特色规则
眼科门诊	27	1608557	泪点扩张器-1/z7526	1	4.8	4.8	warning	special_only 未命中特色规则
眼科门诊	28	1608557	显微镊子-1/z7526	3	4.8	4.8	warning	special_only 未命中特色规则
眼科门诊	29	1608557	小剪刀-1/z7526	1	4.8	4.8	warning	special_only 未命中特色规则
眼科门诊	30	1608557	霰粒肿手术包-5件	1	16.5	16.5	warning	special_only 未命中特色规则
眼科门诊	31	1609575	开睑器-1/z1020	1	4.8	4.8	warning	special_only 未命中特色规则
眼科门诊	32	1609575	泪点扩张器-1/z7526	1	4.8	4.8	warning	special_only 未命中特色规则
眼科门诊	33	1609575	显微持针器-1/z7526	1	4.8	4.8	warning	special_only 未命中特色规则
眼科门诊	34	1609575	显微镊子-1/z7526	1	4.8	4.8	warning	special_only 未命中特色规则
眼科门诊	35	1609575	酒精缸-16玻璃缸-1/W12050	1	56.1	56.1	warning	special_only 未命中特色规则
眼科门诊	36	1609575	霰粒肿手术包-5件	1	16.5	16.5	warning	special_only 未命中特色规则
眼科门诊	37	1610549	持针器-1/z1026	1	4.8	4.8	warning	special_only 未命中特色规则
眼科门诊	38	1610549	睫毛镊子-1/z7526	1	4.8	4.8	warning	special_only 未命中特色规则
眼科门诊	39	1610549	泪点扩张器-1/z7526	3	4.8	4.8	warning	special_only 未命中特色规则
眼科门诊	40	1610549	显微镊子-1/z7526	1	4.8	4.8	warning	special_only 未命中特色规则
眼科门诊	41	1610549	酒精缸-16玻璃缸-1/W12050	1	56.1	56.1	warning	special_only 未命中特色规则
眼科门诊	42	1610549	霰粒肿手术包-5件	1	16.5	16.5	warning	special_only 未命中特色规则
眼科门诊	43	1611689	钩镊-1/z7530	1	4.8	4.8	warning	special_only 未命中特色规则
眼科门诊	44	1611689	睫毛镊子-1/z7526	1	4.8	4.8	warning	special_only 未命中特色规则
眼科门诊	45	1611689	泪点扩张器-1/z7526	2	4.8	4.8	warning	special_only 未命中特色规则
眼科门诊	46	1611689	显微镊子-1/z7526	1	4.8	4.8	warning	special_only 未命中特色规则
眼科门诊	47	1611689	小剪刀-1/z7526	2	4.8	4.8	warning	special_only 未命中特色规则
眼科门诊	48	1611689	酒精缸-16玻璃缸-1/W12050	1	56.1	56.1	warning	special_only 未命中特色规则
眼科门诊	49	1611689	霰粒肿手术包-5件	1	16.5	16.5	warning	special_only 未命中特色规则
眼科门诊	50	1611689	手术包-13件/w6050	1	42.9	42.9	warning	special_only 未命中特色规则
眼科门诊	51	1612560	按摩镊-1/Z7520	1	4.8	4.8	warning	special_only 未命中特色规则
眼科门诊	52	1612560	睫毛镊子-1/z7526	1	4.8	4.8	warning	special_only 未命中特色规则
眼科门诊	53	1612560	酒精缸-16玻璃缸-1/W12050	1	56.1	56.1	warning	special_only 未命中特色规则
眼科门诊	54	1612560	霰粒肿手术包-5件	1	16.5	16.5	warning	special_only 未命中特色规则
眼科门诊	55	1613025	手术包-13件/w6050	1	42.9	42.9	warning	special_only 未命中特色规则
眼科门诊	56	1613317	酒精缸-16玻璃缸-1/W12050	1	56.1	56.1	warning	special_only 未命中特色规则
神内一	9	1605075	缸子(小)-1/Z1526	1	6.6	6.6	warning	special_only 未命中特色规则
神内一	10	1606009	缸子(小)-1/Z1526	1	6.6	6.6	warning	special_only 未命中特色规则
神内一	11	1607112	缸子(小)-1/Z1526	1	6.6	6.6	warning	special_only 未命中特色规则
神内一	12	1608013	缸子(小)-1/Z1526	1	6.6	6.6	warning	special_only 未命中特色规则
神内一	13	1609163	缸子(小)-1/Z1526	1	6.6	6.6	warning	special_only 未命中特色规则
神内一	14	1610103	缸子(小)-1/Z1526	1	6.6	6.6	warning	special_only 未命中特色规则
神内一	15	1611287	缸子(小)-1/Z1526	1	6.6	6.6	warning	special_only 未命中特色规则
神内一	16	1612136	缸子(小)-1/Z1526	1	6.6	6.6	warning	special_only 未命中特色规则
神内一	17	1613345	缸子(小)-1/Z1526	1	6.6	6.6	warning	special_only 未命中特色规则
神外一	9	1605081	换药缸-4/w7050	1	13.2	13.2	warning	special_only 未命中特色规则
神外一	10	1606011	换药缸-4/w7050	1	13.2	13.2	warning	special_only 未命中特色规则
神外一	11	1607118	无菌缸-4/w7050	1	13.2	13.2	warning	special_only 未命中特色规则
神外一	12	1608033	器械包-4件/Z1526	2	13.2	13.2	warning	special_only 未命中特色规则
神外一	13	1608033	喉镜片-1（低温）/Z1026	1	13.2	13.2	warning	special_only 未命中特色规则
神外一	14	1608033	简易呼吸器（呼吸气囊）低温-1套/z3060	1	21.0	21.0	warning	special_only 未命中特色规则
神外一	15	1608033	无菌缸-4/w7050	1	13.2	13.2	warning	special_only 未命中特色规则
神外一	16	1608429	喉镜片-1（低温）/Z1026	1	13.2	13.2	warning	special_only 未命中特色规则
神外一	17	1608429	镜头0°-1/z2060	1	16.8	16.8	warning	special_only 未命中特色规则
神外一	18	1609161	无菌缸-4/w7050	1	13.2	13.2	warning	special_only 未命中特色规则
神外一	19	1610118	器械包-4件/Z1526	2	13.2	13.2	warning	special_only 未命中特色规则
神外一	20	1610118	无菌缸-4/w7050	1	13.2	13.2	warning	special_only 未命中特色规则
神外一	21	1610546	器械包-4件/Z1526	1	13.2	13.2	warning	special_only 未命中特色规则
神外一	22	1611288	无菌缸-4/w7050	1	13.2	13.2	warning	special_only 未命中特色规则
神外一	23	1611699	器械包-4件/Z1526	1	13.2	13.2	warning	special_only 未命中特色规则
神外一	24	1611699	喉镜片-1（低温）/Z1026	1	13.2	13.2	warning	special_only 未命中特色规则
神外一	25	1611699	简易呼吸器（呼吸气囊）低温-1套/z3060	1	21.0	21.0	warning	special_only 未命中特色规则
神外一	26	1612145	剥离子-1/z7530	2	4.8	4.8	warning	special_only 未命中特色规则
神外一	27	1612145	器械包-4件/Z1526	3	13.2	13.2	warning	special_only 未命中特色规则
神外一	28	1612145	勾刀-2/Z1030	1	16.5	26.4	warning	神外一勾刀-2 26.4元
神外一	29	1612145	无菌缸-4/w7050	1	13.2	13.2	warning	special_only 未命中特色规则
神外一	30	1612921	器械包-4件/Z1526	1	13.2	13.2	warning	special_only 未命中特色规则
神外一	31	1613347	剥离子-1/z7530	1	4.8	4.8	warning	special_only 未命中特色规则
神外一	32	1613347	无菌缸-4/w7050	1	13.2	13.2	warning	special_only 未命中特色规则
神外一	33	1613743	器械包-4件/Z1526	2	13.2	13.2	warning	special_only 未命中特色规则
神外二	9	1606010	器械包-4件（袋）/z1526	1	13.2	13.2	warning	special_only 未命中特色规则
神外二	10	1606396	器械包-4件（袋）/z1526	1	13.2	13.2	warning	special_only 未命中特色规则
神外二	11	1606774	器械包-4件（袋）/z1526	1	13.2	13.2	warning	special_only 未命中特色规则
神外二	12	1608032	器械包-4件（袋）/z1526	1	13.2	13.2	warning	special_only 未命中特色规则
神外二	13	1608422	器械包-4件（袋）/z1526	1	13.2	13.2	warning	special_only 未命中特色规则
神外二	14	1610117	器械包-4件（袋）/z1526	2	13.2	13.2	warning	special_only 未命中特色规则
神外二	15	1610545	器械包-4件（袋）/z1526	1	13.2	13.2	warning	special_only 未命中特色规则
神外二	16	1611685	器械包-4件（袋）/z1526	1	13.2	13.2	warning	special_only 未命中特色规则
神外二	17	1612159	器械包-4件/Z1526	1	13.2	13.2	warning	special_only 未命中特色规则
神外二	18	1612925	器械包-4件/Z1526	1	13.2	13.2	warning	special_only 未命中特色规则
神外二	19	1613346	器械包-4件/Z1526	1	13.2	13.2	warning	special_only 未命中特色规则
老年呼吸科	9	1611219	简易呼吸器（呼吸气囊）EO-1套/z3060	1	21.0	21.0	warning	special_only 未命中特色规则
耳病	9	1605077	鼻镜-5/z2032	1	16.5	16.5	warning	special_only 未命中特色规则
耳病	10	1605077	换药缸-4/w7050	1	13.2	13.2	warning	special_only 未命中特色规则
耳病	11	1605456	鼻镜-3/z1530	1	9.9	9.9	warning	special_only 未命中特色规则
耳病	12	1605456	鼻镜-4/z2032	1	13.2	13.2	warning	special_only 未命中特色规则
耳病	13	1605456	间接喉镜-3/z7530	1	9.9	9.9	warning	special_only 未命中特色规则
耳病	14	1605456	间接喉镜-4/z1530	1	13.2	13.2	warning	special_only 未命中特色规则
耳病	15	1605456	镊子-5件/z1535	1	16.5	16.5	warning	special_only 未命中特色规则
耳病	16	1605456	吸引器头-3/z1026	1	9.9	9.9	warning	special_only 未命中特色规则
耳病	17	1605901	鼻镜-4/z2032	1	13.2	13.2	warning	special_only 未命中特色规则
耳病	18	1605901	鼻镜-5/z2032	1	16.5	16.5	warning	special_only 未命中特色规则
耳病	19	1605901	间接喉镜-3/z7530	1	9.9	9.9	warning	special_only 未命中特色规则
耳病	20	1605901	镊子-5件/z1535	1	16.5	16.5	warning	special_only 未命中特色规则
耳病	21	1605901	吸引器头-5/z1026	1	16.5	16.5	warning	special_only 未命中特色规则
耳病	22	1605994	镊子-5件/z1535	1	16.5	16.5	warning	special_only 未命中特色规则
耳病	23	1605994	换药缸-4/w7050	1	13.2	13.2	warning	special_only 未命中特色规则
耳病	24	1606400	鼻镜-3/z1530	1	9.9	9.9	warning	special_only 未命中特色规则
耳病	25	1606400	鼻镜-4/z2032	1	13.2	13.2	warning	special_only 未命中特色规则
耳病	26	1606400	镊子-6/z1535	1	19.8	19.8	warning	special_only 未命中特色规则
耳病	27	1606400	吸引器头-4/z7526	2	13.2	13.2	warning	special_only 未命中特色规则
耳病	28	1606768	鼻镜-2/z1530	1	9.9	9.9	warning	special_only 未命中特色规则
耳病	29	1606768	间接喉镜-2/z1029	1	8.1	8.1	warning	special_only 未命中特色规则
耳病	30	1606768	止血钳-1/z1029	1	4.8	4.8	warning	special_only 未命中特色规则
耳病	31	1607114	鼻镜-2/z1530	1	9.9	9.9	warning	special_only 未命中特色规则
耳病	32	1607114	间接喉镜-2/z1029	1	8.1	8.1	warning	special_only 未命中特色规则
耳病	33	1607114	剪刀-1/Z1029	1	4.8	4.8	warning	special_only 未命中特色规则
耳病	34	1607114	镊子-4/z7530	1	13.2	13.2	warning	special_only 未命中特色规则
耳病	35	1607502	鼻镜-3/z1530	1	9.9	9.9	warning	special_only 未命中特色规则
耳病	36	1607502	镊子-4/z7530	1	13.2	13.2	warning	special_only 未命中特色规则
耳病	37	1607938	鼻镜-3/z1530	2	9.9	9.9	warning	special_only 未命中特色规则
耳病	38	1607938	间接喉镜-2/z1029	1	8.1	8.1	warning	special_only 未命中特色规则
耳病	39	1607938	镊子-3/z1535	2	9.9	9.9	warning	special_only 未命中特色规则
耳病	40	1607938	吸引器头-5/z1026	1	16.5	16.5	warning	special_only 未命中特色规则
耳病	41	1608412	鼻镜-4/z2032	1	13.2	13.2	warning	special_only 未命中特色规则
耳病	42	1608412	镊子-3/z1535	2	9.9	9.9	warning	special_only 未命中特色规则
耳病	43	1609170	鼻镜-3/z1530	1	9.9	9.9	warning	special_only 未命中特色规则
耳病	44	1609170	间接喉镜-3/z7530	1	9.9	9.9	warning	special_only 未命中特色规则
耳病	45	1609170	镊子-3/z1535	1	9.9	9.9	warning	special_only 未命中特色规则
耳病	46	1609170	吸引器头-5/z1026	1	16.5	16.5	warning	special_only 未命中特色规则
耳病	47	1609566	鼻镜-3/z1530	1	9.9	9.9	warning	special_only 未命中特色规则
耳病	48	1609566	鼻镜-4/z2032	1	13.2	13.2	warning	special_only 未命中特色规则
耳病	49	1609566	镊子-5件/z1535	1	16.5	16.5	warning	special_only 未命中特色规则
耳病	50	1610013	鼻镜-5/z2032	1	16.5	16.5	warning	special_only 未命中特色规则
耳病	51	1610013	耵聍钩-1/z7526	1	4.8	4.8	warning	special_only 未命中特色规则
耳病	52	1610013	间接喉镜-4/z1530	1	13.2	13.2	warning	special_only 未命中特色规则
耳病	53	1610013	镊子-5件/z1535	1	16.5	16.5	warning	special_only 未命中特色规则
耳病	54	1610013	吸引器头-3/z1026	1	9.9	9.9	warning	special_only 未命中特色规则
耳病	55	1610533	鼻镜-2/z1530	1	9.9	9.9	warning	special_only 未命中特色规则
耳病	56	1610533	镊子-4/z7530	1	13.2	13.2	warning	special_only 未命中特色规则
耳病	57	1610533	吸引器头-2/z1026	1	8.1	8.1	warning	special_only 未命中特色规则
耳病	58	1610929	鼻镜-4/z2032	1	13.2	13.2	warning	special_only 未命中特色规则
耳病	59	1610929	小剪刀-1/z7526	1	4.8	4.8	warning	special_only 未命中特色规则
耳病	60	1611272	耵聍钩-1/z7526	1	4.8	4.8	warning	special_only 未命中特色规则
耳病	61	1611272	间接喉镜-6件/z1530	1	19.8	19.8	warning	special_only 未命中特色规则
耳病	62	1611272	镊子-3/z1535	1	9.9	9.9	warning	special_only 未命中特色规则
耳病	63	1611677	鼻镜-3/z1530	2	9.9	9.9	warning	special_only 未命中特色规则
耳病	64	1611677	镊子-4/z7530	1	13.2	13.2	warning	special_only 未命中特色规则
耳病	65	1611677	吸引器头-3/z1026	1	9.9	9.9	warning	special_only 未命中特色规则
耳病	66	1611677	吸引器头-4/z7526	1	13.2	13.2	warning	special_only 未命中特色规则
耳病	67	1611677	止血钳-1/z1029	1	4.8	4.8	warning	special_only 未命中特色规则
耳病	68	1612046	鼻镜-4/z2032	1	13.2	13.2	warning	special_only 未命中特色规则
耳病	69	1612046	鼻镜-5/z2032	1	16.5	16.5	warning	special_only 未命中特色规则
耳病	70	1612046	间接喉镜-4/z1530	1	13.2	13.2	warning	special_only 未命中特色规则
耳病	71	1612141	鼻镜-3/z1530	1	9.9	9.9	warning	special_only 未命中特色规则
耳病	72	1612141	耵聍钩-1/z7526	1	4.8	4.8	warning	special_only 未命中特色规则
耳病	73	1612141	间接喉镜-6件/z1530	1	19.8	19.8	warning	special_only 未命中特色规则
耳病	74	1612141	镊子-5件/z1535	2	16.5	16.5	warning	special_only 未命中特色规则
耳病	75	1612141	吸引器头-3/z1026	1	9.9	9.9	warning	special_only 未命中特色规则
耳病	76	1612141	止血钳-1/z1029	1	4.8	4.8	warning	special_only 未命中特色规则
耳病	77	1612549	鼻镜-3/z1530	1	9.9	9.9	warning	special_only 未命中特色规则
耳病	78	1612912	鼻镜-3/z1530	1	9.9	9.9	warning	special_only 未命中特色规则
耳病	79	1612912	间接喉镜-3/z7530	1	9.9	9.9	warning	special_only 未命中特色规则
耳病	80	1612912	异物钳（高温）-1/z2032	1	7.8	7.8	warning	special_only 未命中特色规则
耳病	81	1613385	缝合包-8件/W6050	1	26.4	26.4	warning	special_only 未命中特色规则
耳病	82	1613742	镊子-4/z7530	1	13.2	13.2	warning	special_only 未命中特色规则
耳科门诊	9	1605071	鼻镜-5/z2032	1	16.5	16.5	warning	special_only 未命中特色规则
耳科门诊	10	1605071	镊子-3/z1535	1	9.9	9.9	warning	special_only 未命中特色规则
耳科门诊	11	1605071	镊子-5件/z1535	4	16.5	16.5	warning	special_only 未命中特色规则
耳科门诊	12	1605071	前鼻镜-4/z1530	4	13.2	13.2	warning	special_only 未命中特色规则
耳科门诊	13	1605071	无菌缸-14/W9050	1	46.2	46.2	warning	special_only 未命中特色规则
耳科门诊	14	1605457	镊子-4/z7530	3	13.2	13.2	warning	special_only 未命中特色规则
耳科门诊	15	1605457	镊子-5件/z1535	1	16.5	16.5	warning	special_only 未命中特色规则
耳科门诊	16	1605457	前鼻镜-4/z1530	4	13.2	13.2	warning	special_only 未命中特色规则
耳科门诊	17	1605457	吸引器头-1/z7526	1	4.8	4.8	warning	special_only 未命中特色规则
耳科门诊	19	1605902	鼻镜-5/z2032	11	16.5	16.5	warning	special_only 未命中特色规则
耳科门诊	20	1605902	镊子-3/z1535	1	9.9	9.9	warning	special_only 未命中特色规则
耳科门诊	21	1605902	镊子-6/z1535	4	19.8	19.8	warning	special_only 未命中特色规则
耳科门诊	22	1605902	前鼻镜-6/z2032	1	19.8	19.8	warning	special_only 未命中特色规则
耳科门诊	23	1605902	切开包-4件/z1530	1	13.2	13.2	warning	special_only 未命中特色规则
耳科门诊	24	1605902	吸引器头-1/z7526	1	4.8	4.8	warning	special_only 未命中特色规则
耳科门诊	25	1605995	镊子-5件/z1535	2	16.5	16.5	warning	special_only 未命中特色规则
耳科门诊	26	1605995	镊子-6/z1535	2	19.8	19.8	warning	special_only 未命中特色规则
耳科门诊	27	1605995	前鼻镜-4/z1530	8	13.2	13.2	warning	special_only 未命中特色规则
耳科门诊	28	1605995	无菌缸-14/W9050	1	46.2	46.2	warning	special_only 未命中特色规则
耳科门诊	29	1606401	鼻镜-5/z2032	3	16.5	16.5	warning	special_only 未命中特色规则
耳科门诊	30	1606401	镊子-3/z1535	1	9.9	9.9	warning	special_only 未命中特色规则
耳科门诊	31	1606401	镊子-4/z7530	1	13.2	13.2	warning	special_only 未命中特色规则
耳科门诊	32	1606401	前鼻镜-3/z1530	1	9.9	9.9	warning	special_only 未命中特色规则
耳科门诊	33	1606769	鼻镜-5/z2032	3	16.5	16.5	warning	special_only 未命中特色规则
耳科门诊	34	1606769	镊子-4/z7530	1	13.2	13.2	warning	special_only 未命中特色规则
耳科门诊	35	1606769	镊子-5件/z1535	2	16.5	16.5	warning	special_only 未命中特色规则
耳科门诊	36	1607108	鼻镜-5/z2032	3	16.5	16.5	warning	special_only 未命中特色规则
耳科门诊	37	1607108	镊子-3/z1535	1	9.9	9.9	warning	special_only 未命中特色规则
耳科门诊	38	1607108	镊子-4/z7530	1	13.2	13.2	warning	special_only 未命中特色规则
耳科门诊	39	1607108	前鼻镜-4/z1530	1	13.2	13.2	warning	special_only 未命中特色规则
耳科门诊	40	1607108	无菌缸-14/W9050	1	46.2	46.2	warning	special_only 未命中特色规则
耳科门诊	41	1607503	鼻镜-5/z2032	3	16.5	16.5	warning	special_only 未命中特色规则
耳科门诊	42	1607503	镊子-4/z7530	1	13.2	13.2	warning	special_only 未命中特色规则
耳科门诊	43	1607503	镊子-5件/z1535	1	16.5	16.5	warning	special_only 未命中特色规则
耳科门诊	44	1607503	前鼻镜-3/z1530	2	9.9	9.9	warning	special_only 未命中特色规则
耳科门诊	45	1607503	吸引器头-1/z7526	1	4.8	4.8	warning	special_only 未命中特色规则
耳科门诊	46	1607939	鼻镜-5/z2032	12	16.5	16.5	warning	special_only 未命中特色规则
耳科门诊	47	1607939	镊子-4/z7530	1	13.2	13.2	warning	special_only 未命中特色规则
耳科门诊	48	1607939	镊子-6/z1535	4	19.8	19.8	warning	special_only 未命中特色规则
耳科门诊	49	1607939	前鼻镜-6/z2032	2	19.8	19.8	warning	special_only 未命中特色规则
耳科门诊	50	1608015	鼻镜-5/z2032	4	16.5	16.5	warning	special_only 未命中特色规则
耳科门诊	51	1608015	镊子-4/z7530	1	13.2	13.2	warning	special_only 未命中特色规则
耳科门诊	52	1608015	镊子-5件/z1535	1	16.5	16.5	warning	special_only 未命中特色规则
耳科门诊	53	1608015	前鼻镜-3/z1530	1	9.9	9.9	warning	special_only 未命中特色规则
耳科门诊	54	1608015	压舌板-1/z7526	1	4.8	4.8	warning	special_only 未命中特色规则
耳科门诊	55	1608015	无菌缸-14/W9050	1	46.2	46.2	warning	special_only 未命中特色规则
耳科门诊	57	1608343	简易呼吸器（呼吸气囊）EO-1套/z3060	1	21.0	21.0	warning	special_only 未命中特色规则
耳科门诊	58	1608413	鼻镜-5/z2032	4	16.5	16.5	warning	special_only 未命中特色规则
耳科门诊	59	1608413	剪刀-1/Z1029	1	4.8	4.8	warning	special_only 未命中特色规则
耳科门诊	60	1608413	镊子-3/z1535	1	9.9	9.9	warning	special_only 未命中特色规则
耳科门诊	61	1608413	镊子-4/z7530	2	13.2	13.2	warning	special_only 未命中特色规则
耳科门诊	62	1608413	前鼻镜-3/z1530	1	9.9	9.9	warning	special_only 未命中特色规则
耳科门诊	63	1608413	前鼻镜-4/z1530	1	13.2	13.2	warning	special_only 未命中特色规则
耳科门诊	64	1608413	切开包-4件/z1530	1	13.2	13.2	warning	special_only 未命中特色规则
耳科门诊	65	1608413	止血钳-1/z1029	1	4.8	4.8	warning	special_only 未命中特色规则
耳科门诊	66	1608803	鼻镜-5/z2032	4	16.5	16.5	warning	special_only 未命中特色规则
耳科门诊	67	1608803	镊子-4/z7530	1	13.2	13.2	warning	special_only 未命中特色规则
耳科门诊	68	1608803	镊子-5件/z1535	2	16.5	16.5	warning	special_only 未命中特色规则
耳科门诊	69	1609166	镊子-4/z7530	1	13.2	13.2	warning	special_only 未命中特色规则
耳科门诊	70	1609166	镊子-5件/z1535	1	16.5	16.5	warning	special_only 未命中特色规则
耳科门诊	71	1609166	前鼻镜-4/z1530	9	13.2	13.2	warning	special_only 未命中特色规则
耳科门诊	72	1609166	吸引器头-2/Z7526	1	8.1	8.1	warning	special_only 未命中特色规则
耳科门诊	73	1609166	无菌缸-14/W9050	1	46.2	46.2	warning	special_only 未命中特色规则
耳科门诊	74	1609567	鼻镜-5/z2032	3	16.5	16.5	warning	special_only 未命中特色规则
耳科门诊	75	1609567	镊子-6/z1535	2	19.8	19.8	warning	special_only 未命中特色规则
耳科门诊	76	1609567	前鼻镜-4/z1530	1	13.2	13.2	warning	special_only 未命中特色规则
耳科门诊	77	1610014	鼻镜-5/z2032	8	16.5	16.5	warning	special_only 未命中特色规则
耳科门诊	78	1610014	镊子-3/z1535	1	9.9	9.9	warning	special_only 未命中特色规则
耳科门诊	79	1610014	镊子-4/z7530	6	13.2	13.2	warning	special_only 未命中特色规则
耳科门诊	80	1610014	前鼻镜-6/z2032	2	19.8	19.8	warning	special_only 未命中特色规则
耳科门诊	81	1610014	切开包-4件/z1530	1	13.2	13.2	warning	special_only 未命中特色规则
耳科门诊	82	1610110	鼻镜-5/z2032	5	16.5	16.5	warning	special_only 未命中特色规则
耳科门诊	83	1610110	镊子-3/z1535	1	9.9	9.9	warning	special_only 未命中特色规则
耳科门诊	84	1610110	镊子-4/z7530	5	13.2	13.2	warning	special_only 未命中特色规则
耳科门诊	85	1610110	无菌缸-14/W9050	1	46.2	46.2	warning	special_only 未命中特色规则
耳科门诊	86	1610534	镊子-4/z7530	1	13.2	13.2	warning	special_only 未命中特色规则
耳科门诊	87	1610534	镊子-5件/z1535	1	16.5	16.5	warning	special_only 未命中特色规则
耳科门诊	88	1610534	前鼻镜-3/z1530	6	9.9	9.9	warning	special_only 未命中特色规则
耳科门诊	89	1610534	前鼻镜-4/z1530	1	13.2	13.2	warning	special_only 未命中特色规则
耳科门诊	90	1610534	直角钳-1/z1035	1	4.8	4.8	warning	special_only 未命中特色规则
耳科门诊	91	1610927	鼻镜-5/z2032	1	16.5	16.5	warning	special_only 未命中特色规则
耳科门诊	92	1610927	穿刺针-1/z7526	3	4.8	4.8	warning	special_only 未命中特色规则
耳科门诊	93	1610927	卷棉子-1/z7526	2	4.8	4.8	warning	special_only 未命中特色规则
耳科门诊	94	1610927	镊子-4/z7530	2	13.2	13.2	warning	special_only 未命中特色规则
耳科门诊	95	1610927	前鼻镜-4/z1530	3	13.2	13.2	warning	special_only 未命中特色规则
耳科门诊	96	1610927	吸引器头-3/z1026	1	9.9	9.9	warning	special_only 未命中特色规则
耳科门诊	97	1610927	压舌板-1/z7526	1	4.8	4.8	warning	special_only 未命中特色规则
耳科门诊	98	1610927	止血钳-1/z1029	1	4.8	4.8	warning	special_only 未命中特色规则
耳科门诊	99	1611273	鼻镜-5/z2032	2	16.5	16.5	warning	special_only 未命中特色规则
耳科门诊	100	1611273	镊子-6/z1535	1	19.8	19.8	warning	special_only 未命中特色规则
耳科门诊	101	1611273	前鼻镜-6/z2032	1	19.8	19.8	warning	special_only 未命中特色规则
耳科门诊	102	1611273	无菌缸-14/W9050	1	46.2	46.2	warning	special_only 未命中特色规则
耳科门诊	104	1611678	鼻镜-5/z2032	1	16.5	16.5	warning	special_only 未命中特色规则
耳科门诊	105	1611678	镊子-5件/z1535	2	16.5	16.5	warning	special_only 未命中特色规则
耳科门诊	106	1611678	前鼻镜-4/z1530	1	13.2	13.2	warning	special_only 未命中特色规则
耳科门诊	107	1612047	鼻镜-5/z2032	9	16.5	16.5	warning	special_only 未命中特色规则
耳科门诊	108	1612047	镊子-5件/z1535	3	16.5	16.5	warning	special_only 未命中特色规则
耳科门诊	109	1612047	镊子-6/z1535	1	19.8	19.8	warning	special_only 未命中特色规则
耳科门诊	110	1612047	前鼻镜-6/z2032	1	19.8	19.8	warning	special_only 未命中特色规则
耳科门诊	111	1612132	鼻镜-5/z2032	1	16.5	16.5	warning	special_only 未命中特色规则
耳科门诊	112	1612132	镊子-5件/z1535	4	16.5	16.5	warning	special_only 未命中特色规则
耳科门诊	113	1612132	镊子-6/z1535	1	19.8	19.8	warning	special_only 未命中特色规则
耳科门诊	114	1612132	前鼻镜-4/z1530	4	13.2	13.2	warning	special_only 未命中特色规则
耳科门诊	115	1612132	无菌缸-14/W9050	1	46.2	46.2	warning	special_only 未命中特色规则
耳科门诊	116	1612550	鼻镜-5/z2032	1	16.5	16.5	warning	special_only 未命中特色规则
耳科门诊	117	1612550	镊子-6/z1535	1	19.8	19.8	warning	special_only 未命中特色规则
耳科门诊	118	1612550	前鼻镜-4/z1530	3	13.2	13.2	warning	special_only 未命中特色规则
耳科门诊	119	1612913	鼻镜-5/z2032	1	16.5	16.5	warning	special_only 未命中特色规则
耳科门诊	120	1612913	镊子-5件/z1535	2	16.5	16.5	warning	special_only 未命中特色规则
耳科门诊	121	1612913	前鼻镜-4/z1530	3	13.2	13.2	warning	special_only 未命中特色规则
耳科门诊	122	1613352	镊子-5件/z1535	3	16.5	16.5	warning	special_only 未命中特色规则
耳科门诊	123	1613352	前鼻镜-4/z1530	4	13.2	13.2	warning	special_only 未命中特色规则
耳科门诊	124	1613374	无菌缸-14/W9050	1	46.2	46.2	warning	special_only 未命中特色规则
耳科门诊	125	1613736	鼻镜-5/z2032	4	16.5	16.5	warning	special_only 未命中特色规则
耳科门诊	126	1613736	镊子-4/z7530	4	13.2	13.2	warning	special_only 未命中特色规则
耳科门诊	127	1613736	前鼻镜-4/z1530	2	13.2	13.2	warning	special_only 未命中特色规则
肛肠门诊	9	1606394	刮勺-1/z7530	2	4.8	4.8	warning	special_only 未命中特色规则
肛肠门诊	10	1606394	器械包-3件/Z1530	2	9.9	9.9	warning	special_only 未命中特色规则
肛肠门诊	11	1606429	电镊子-1/Z7530	1	13.2	13.2	warning	special_only 未命中特色规则
肛肠门诊	12	1606798	刮勺-1/z7530	1	4.8	4.8	warning	special_only 未命中特色规则
肛肠门诊	13	1606798	器械包-3件/Z1530	1	9.9	9.9	warning	special_only 未命中特色规则
肛肠门诊	14	1608416	挖勺-1/z7530	2	4.8	4.8	warning	special_only 未命中特色规则
肛肠门诊	15	1610311	器械包-3件/Z1530	2	9.9	9.9	warning	special_only 未命中特色规则
肛肠门诊	16	1610315	电镊子-1/Z7530	1	13.2	13.2	warning	special_only 未命中特色规则
肛肠门诊	17	1611722	器械包-3件/Z1530	2	9.9	9.9	warning	special_only 未命中特色规则
肛肠门诊	18	1612134	刮勺-1/z7530	1	4.8	4.8	warning	special_only 未命中特色规则
肛肠门诊	19	1613082	挖勺-1/z7530	1	4.8	4.8	warning	special_only 未命中特色规则
肾内科	9	1609573	镊子-1/z7530	3	4.8	4.8	warning	special_only 未命中特色规则
肾内科	10	1610019	止血钳-1/z1029	1	4.8	4.8	warning	special_only 未命中特色规则
肾内科	11	1612922	镊子-1/z7530	2	4.8	4.8	warning	special_only 未命中特色规则
肿瘤科	9	1613356	压舌板-1/z7526	1	4.8	4.8	warning	special_only 未命中特色规则
胸外	9	1605080	持针器-1/z1026	1	4.8	4.8	warning	special_only 未命中特色规则
胸外	10	1605080	镊子1镊子缸1缸1/W6050	1	9.9	9.9	warning	special_only 未命中特色规则
胸外	11	1606013	切开包-7件/z2032	1	23.1	23.1	warning	special_only 未命中特色规则
胸外	12	1606013	镊子1镊子缸2缸1/W6050	1	13.2	13.2	warning	special_only 未命中特色规则
胸外	13	1607117	镊子1镊子缸1缸1/W6050	1	9.9	9.9	warning	special_only 未命中特色规则
胸外	14	1608031	切开包-7件/z2032	1	23.1	23.1	warning	special_only 未命中特色规则
胸外	15	1608031	镊子1镊子缸2缸1/W6050	1	13.2	13.2	warning	special_only 未命中特色规则
胸外	16	1608811	持针器-1/z1026	2	4.8	4.8	warning	special_only 未命中特色规则
胸外	17	1609171	持针器-1/z1026	2	4.8	4.8	warning	special_only 未命中特色规则
胸外	18	1609171	切开包-6件/z2032	1	19.8	19.8	warning	special_only 未命中特色规则
胸外	19	1609171	镊子1镊子缸1缸1/W6050	1	9.9	9.9	warning	special_only 未命中特色规则
胸外	20	1610116	切开包-7件/z2032	1	23.1	23.1	warning	special_only 未命中特色规则
胸外	21	1610116	镊子1镊子缸2缸1/W6050	1	13.2	13.2	warning	special_only 未命中特色规则
胸外	22	1610921	持针器-1/z1026	2	4.8	4.8	warning	special_only 未命中特色规则
胸外	23	1611293	持针器-1/z1026	1	4.8	4.8	warning	special_only 未命中特色规则
胸外	24	1611293	切开包-7件/z2032	1	23.1	23.1	warning	special_only 未命中特色规则
胸外	25	1611293	镊子1镊子缸1缸1/W6050	1	9.9	9.9	warning	special_only 未命中特色规则
胸外	26	1611687	持针器-1/z1026	1	4.8	4.8	warning	special_only 未命中特色规则
胸外	27	1611687	切开包-7件/z2032	1	23.1	23.1	warning	special_only 未命中特色规则
胸外	28	1611762	持针器-1/z1026	1	4.8	4.8	warning	special_only 未命中特色规则
胸外	29	1612144	持针器-1/z1026	1	4.8	4.8	warning	special_only 未命中特色规则
胸外	30	1612144	镊子1持物钳罐1缸2/W6050	1	13.2	13.2	warning	special_only 未命中特色规则
胸外	31	1613353	切开包-7件/z2032	2	23.1	23.1	warning	special_only 未命中特色规则
胸外	32	1613353	镊子1镊子缸1缸1/W6050	1	9.9	9.9	warning	special_only 未命中特色规则
胸外	33	1613376	简易呼吸器（呼吸气囊）低温-1套/z3060	1	21.0	21.0	warning	special_only 未命中特色规则
腔镜室	9	1605226	敷料包（无纺布）/w12050	4	21.0	35.0	warning	敷料包(无纺布包)——1.2
腔镜室	10	1605576	敷料包（无纺布）/w12050	4	21.0	35.0	warning	敷料包(无纺布包)——1.2
腔镜室	11	1605909	敷料包（无纺布）/w12050	3	21.0	35.0	warning	敷料包(无纺布包)——1.2
腔镜室	12	1606459	敷料包（无纺布）/w12050	3	21.0	35.0	warning	敷料包(无纺布包)——1.2
腔镜室	13	1606873	敷料包（无纺布）/w12050	3	21.0	35.0	warning	敷料包(无纺布包)——1.2
腔镜室	14	1607197	敷料包（无纺布）/w12050	4	21.0	35.0	warning	敷料包(无纺布包)——1.2
腔镜室	15	1607645	敷料包（无纺布）/w12050	4	21.0	35.0	warning	敷料包(无纺布包)——1.2
腔镜室	16	1607943	敷料包（无纺布）/w12050	4	21.0	35.0	warning	敷料包(无纺布包)——1.2
腔镜室	17	1608497	敷料包（无纺布）/w12050	4	21.0	35.0	warning	敷料包(无纺布包)——1.2
腔镜室	18	1608910	敷料包（无纺布）/w12050	4	21.0	35.0	warning	敷料包(无纺布包)——1.2
腔镜室	19	1609290	敷料包（无纺布）/w12050	3	21.0	35.0	warning	敷料包(无纺布包)——1.2
腔镜室	20	1609730	敷料包（无纺布）/w12050	4	21.0	35.0	warning	敷料包(无纺布包)——1.2
腔镜室	21	1610023	敷料包（无纺布）/w12050	4	21.0	35.0	warning	敷料包(无纺布包)——1.2
腔镜室	22	1610622	敷料包（无纺布）/w12050	5	21.0	35.0	warning	敷料包(无纺布包)——1.2
腔镜室	23	1611024	敷料包（无纺布）/w12050	5	21.0	35.0	warning	敷料包(无纺布包)——1.2
腔镜室	24	1611413	敷料包（无纺布）/w12050	4	21.0	35.0	warning	敷料包(无纺布包)——1.2
腔镜室	25	1611781	敷料包（无纺布）/w12050	3	21.0	35.0	warning	敷料包(无纺布包)——1.2
腔镜室	26	1611856	敷料包（无纺布）/w12050	2	21.0	35.0	warning	敷料包(无纺布包)——1.2
腔镜室	27	1612052	敷料包（无纺布）/w12050	4	21.0	35.0	warning	敷料包(无纺布包)——1.2
腔镜室	28	1612613	敷料包（无纺布）/w12050	4	21.0	35.0	warning	敷料包(无纺布包)——1.2
腔镜室	29	1613024	敷料包（无纺布）/w12050	4	21.0	35.0	warning	敷料包(无纺布包)——1.2
腔镜室	30	1613482	敷料包（无纺布）/w12050	4	21.0	35.0	warning	敷料包(无纺布包)——1.2
腔镜室	31	1613773	敷料包（无纺布）/w12050	4	21.0	35.0	warning	敷料包(无纺布包)——1.2
血液 	9	1605461	骨穿针-3/z1026	3	9.9	9.9	warning	special_only 未命中特色规则
血液 	10	1606564	骨穿针-3/z1026	1	9.9	9.9	warning	special_only 未命中特色规则
血液 	11	1607696	骨穿针-3/z1026	1	9.9	9.9	warning	special_only 未命中特色规则
血液 	12	1608170	骨穿针-3/z1026	1	9.9	9.9	warning	special_only 未命中特色规则
血液 	13	1611471	骨穿针-3/z1026	2	9.9	9.9	warning	special_only 未命中特色规则
血液 	14	1613085	骨穿针-3/z1026	1	9.9	9.9	warning	special_only 未命中特色规则
血管外科	9	1607116	无菌缸-4/w7050	2	13.2	13.2	warning	special_only 未命中特色规则
血管外科	10	1608029	无菌缸-4/w7050	2	13.2	13.2	warning	special_only 未命中特色规则
血管外科	11	1609164	无菌缸-4/w7050	2	13.2	13.2	warning	special_only 未命中特色规则
血管外科	12	1610115	无菌缸-4/w7050	2	13.2	13.2	warning	special_only 未命中特色规则
血管外科	13	1611290	无菌缸-4/w7050	2	13.2	13.2	warning	special_only 未命中特色规则
血管外科	14	1612142	无菌缸-4/w7050	2	13.2	13.2	warning	special_only 未命中特色规则
血管外科	15	1613355	无菌缸-4/w7050	2	13.2	13.2	warning	special_only 未命中特色规则
超声介入	9	1605070	换药缸-2/W6050	1	9.9	9.9	warning	special_only 未命中特色规则
超声介入	10	1605290	穿刺架-1/z1029	2	4.8	4.8	warning	special_only 未命中特色规则
超声介入	11	1605572	穿刺架-1/z1029	2	4.8	4.8	warning	special_only 未命中特色规则
超声介入	12	1605992	穿刺架-1/z1029	1	4.8	4.8	warning	special_only 未命中特色规则
超声介入	13	1605992	换药缸-2/W6050	1	9.9	9.9	warning	special_only 未命中特色规则
超声介入	14	1606180	穿刺架-1/z1029	2	4.8	4.8	warning	special_only 未命中特色规则
超声介入	15	1606767	穿刺架-1/z1029	2	4.8	4.8	warning	special_only 未命中特色规则
超声介入	16	1606872	穿刺架-1/z1029	2	4.8	4.8	warning	special_only 未命中特色规则
超声介入	17	1607107	穿刺架-1/z1029	3	4.8	4.8	warning	special_only 未命中特色规则
超声介入	18	1607107	换药缸-2/W6050	1	9.9	9.9	warning	special_only 未命中特色规则
超声介入	19	1607339	穿刺架-1/z1029	1	4.8	4.8	warning	special_only 未命中特色规则
超声介入	20	1607501	穿刺架-1/z1029	1	4.8	4.8	warning	special_only 未命中特色规则
超声介入	21	1608012	穿刺架-1/z1029	2	4.8	4.8	warning	special_only 未命中特色规则
超声介入	22	1608012	换药缸-2/W6050	1	9.9	9.9	warning	special_only 未命中特色规则
超声介入	23	1608169	穿刺架-1/z1029	1	4.8	4.8	warning	special_only 未命中特色规则
超声介入	24	1608496	穿刺架-1/z1029	3	4.8	4.8	warning	special_only 未命中特色规则
超声介入	25	1608559	穿刺架-1/z1029	1	4.8	4.8	warning	special_only 未命中特色规则
超声介入	26	1608802	穿刺架-1/z1029	1	4.8	4.8	warning	special_only 未命中特色规则
超声介入	27	1608907	穿刺架-1/z1029	1	4.8	4.8	warning	special_only 未命中特色规则
超声介入	28	1609158	换药缸-2/W6050	1	9.9	9.9	warning	special_only 未命中特色规则
超声介入	29	1609366	穿刺架-1/z1029	1	4.8	4.8	warning	special_only 未命中特色规则
超声介入	30	1609565	穿刺架-1/z1029	2	4.8	4.8	warning	special_only 未命中特色规则
超声介入	31	1609727	穿刺架-1/z1029	1	4.8	4.8	warning	special_only 未命中特色规则
超声介入	32	1610099	穿刺架-1/z1029	3	4.8	4.8	warning	special_only 未命中特色规则
超声介入	33	1610099	换药缸-2/W6050	1	9.9	9.9	warning	special_only 未命中特色规则
超声介入	34	1610310	穿刺架-1/z1029	3	4.8	4.8	warning	special_only 未命中特色规则
超声介入	35	1610532	穿刺架-1/z1029	1	4.8	4.8	warning	special_only 未命中特色规则
超声介入	36	1611271	穿刺架-1/z1029	1	4.8	4.8	warning	special_only 未命中特色规则
超声介入	37	1611271	换药缸-2/W6050	1	9.9	9.9	warning	special_only 未命中特色规则
超声介入	38	1611676	穿刺架-1/z1029	1	4.8	4.8	warning	special_only 未命中特色规则
超声介入	39	1612130	换药缸-2/W6050	1	9.9	9.9	warning	special_only 未命中特色规则
超声介入	40	1612279	穿刺架-1/z1029	2	4.8	4.8	warning	special_only 未命中特色规则
超声介入	41	1612911	穿刺架-1/z1029	2	4.8	4.8	warning	special_only 未命中特色规则
超声介入	42	1613319	换药缸-2/W6050	1	9.9	9.9	warning	special_only 未命中特色规则
超声介入	43	1613633	简易呼吸器（呼吸气囊）EO-1套/z3060	1	21.0	21.0	warning	special_only 未命中特色规则
重症医学科（ICU）	9	1609169	开口器-1/z1026	1	4.8	4.8	warning	special_only 未命中特色规则
重症医学科（ICU）	10	1609514	简易呼吸器（呼吸气囊）EO-1套/z3060	1	21.0	21.0	warning	special_only 未命中特色规则
重症医学科（ICU）	11	1613745	持针器-1/z1026	2	4.8	4.8	warning	special_only 未命中特色规则
门诊外科（一诊区）	9	1606799	开口器-1/z1026	1	4.8	4.8	warning	special_only 未命中特色规则
门诊外科（一诊区）	10	1606799	压舌板-1/z7526	1	4.8	4.8	warning	special_only 未命中特色规则
门诊外科（一诊区）	11	1607061	简易呼吸器（呼吸气囊）EO-1套/z3060	1	21.0	21.0	warning	special_only 未命中特色规则
门诊手术室	9	1605292	环钻-9件/z1026	1	29.7	29.7	warning	special_only 未命中特色规则
门诊手术室	10	1605292	门手-器械器械包	6	23.1	23.1	warning	special_only 未命中特色规则
门诊手术室	11	1605574	镊子-1/z7530	1	4.8	4.8	warning	special_only 未命中特色规则
门诊手术室	12	1605574	门手-器械器械包	4	23.1	23.1	warning	special_only 未命中特色规则
门诊手术室	13	1606182	门手-器械器械包	5	23.1	23.1	warning	special_only 未命中特色规则
门诊手术室	14	1606393	刀柄-1/z7526	1	4.8	4.8	warning	special_only 未命中特色规则
门诊手术室	15	1606393	剪刀-1/Z1029	1	4.8	4.8	warning	special_only 未命中特色规则
门诊手术室	16	1606393	门手-器械器械包	4	23.1	23.1	warning	special_only 未命中特色规则
门诊手术室	17	1606562	门手-器械器械包	7	23.1	23.1	warning	special_only 未命中特色规则
门诊手术室	18	1606949	门手-器械器械包	10	23.1	23.1	warning	special_only 未命中特色规则
门诊手术室	19	1607248	门手-器械器械包	7	23.1	23.1	warning	special_only 未命中特色规则
门诊手术室	20	1607341	环钻-9件/z1026	1	29.7	29.7	warning	special_only 未命中特色规则
门诊手术室	21	1607695	显微镊子-1/z7526	2	4.8	4.8	warning	special_only 未命中特色规则
门诊手术室	22	1607695	门手-器械器械包	4	23.1	23.1	warning	special_only 未命中特色规则
门诊手术室	23	1608418	门手-器械器械包	5	23.1	23.1	warning	special_only 未命中特色规则
门诊手术室	24	1608625	敷料包（无纺布）/w12050	2	21.0	35.0	warning	敷料包(无纺布包)——1.2
门诊手术室	25	1608805	门手-器械器械包	6	23.1	23.1	warning	special_only 未命中特色规则
门诊手术室	26	1608909	门手-器械器械包	7	23.1	23.1	warning	special_only 未命中特色规则
门诊手术室	27	1609288	门手-器械器械包	4	23.1	23.1	warning	special_only 未命中特色规则
门诊手术室	28	1609729	刀柄-1/z7526	1	4.8	4.8	warning	special_only 未命中特色规则
门诊手术室	29	1609729	剪刀-1/Z1029	1	4.8	4.8	warning	special_only 未命中特色规则
门诊手术室	30	1609729	门手-器械器械包	8	23.1	23.1	warning	special_only 未命中特色规则
门诊手术室	31	1610022	敷料包（无纺布）/w12050	1	21.0	35.0	warning	敷料包(无纺布包)——1.2
门诊手术室	32	1610231	刀柄-1/z7526	1	4.8	4.8	warning	special_only 未命中特色规则
门诊手术室	33	1610231	门手-器械器械包	10	23.1	23.1	warning	special_only 未命中特色规则
门诊手术室	34	1610316	门手整形-18件/W7050	1	62.7	62.7	warning	special_only 未命中特色规则
门诊手术室	35	1610538	门手-器械器械包	4	23.1	23.1	warning	special_only 未命中特色规则
门诊手术室	36	1610770	门手-器械器械包	7	23.1	23.1	warning	special_only 未命中特色规则
门诊手术室	37	1611025	门手-器械器械包	7	23.1	23.1	warning	special_only 未命中特色规则
门诊手术室	38	1611841	持针器-1/z1026	2	4.8	4.8	warning	special_only 未命中特色规则
门诊手术室	39	1611841	镊子-1/z7530	1	4.8	4.8	warning	special_only 未命中特色规则
门诊手术室	40	1611841	门手-器械器械包	7	23.1	23.1	warning	special_only 未命中特色规则
门诊手术室	41	1612049	敷料包（无纺布）/w12050	1	21.0	35.0	warning	敷料包(无纺布包)——1.2
门诊手术室	42	1612282	门手-器械器械包	9	23.1	23.1	warning	special_only 未命中特色规则
门诊手术室	43	1612689	持针器-1/z1026	1	4.8	4.8	warning	special_only 未命中特色规则
门诊手术室	44	1612689	剪刀-1/Z1029	2	4.8	4.8	warning	special_only 未命中特色规则
门诊手术室	45	1612689	镊子-1/z7530	1	4.8	4.8	warning	special_only 未命中特色规则
门诊手术室	46	1612689	止血钳-1/z1029	1	4.8	4.8	warning	special_only 未命中特色规则
门诊手术室	47	1612689	门手-器械器械包	8	23.1	23.1	warning	special_only 未命中特色规则
门诊手术室	48	1613084	显微镊子-1/z7526	1	4.8	4.8	warning	special_only 未命中特色规则
门诊手术室	49	1613084	止血钳-1/z1029	1	4.8	4.8	warning	special_only 未命中特色规则
门诊手术室	50	1613084	门手-器械器械包	9	23.1	23.1	warning	special_only 未命中特色规则
门诊手术室	51	1613503	止血钳-1/z1029	1	4.8	4.8	warning	special_only 未命中特色规则
门诊手术室	52	1613503	门手-器械器械包	6	23.1	23.1	warning	special_only 未命中特色规则
门诊手术室	53	1613772	敷料包（无纺布）/w12050	1	21.0	35.0	warning	敷料包(无纺布包)——1.2
骨二肛肠甲乳外（20病区）	9	1605082	无菌缸-6件/W9050	1	19.8	19.8	warning	special_only 未命中特色规则
骨二肛肠甲乳外（20病区）	10	1605082	器械包-6/W6050	1	19.8	19.8	warning	special_only 未命中特色规则
骨二肛肠甲乳外（20病区）	11	1605999	无菌缸-6件/W9050	1	19.8	19.8	warning	special_only 未命中特色规则
骨二肛肠甲乳外（20病区）	12	1605999	器械包-6/W6050	1	19.8	19.8	warning	special_only 未命中特色规则
骨二肛肠甲乳外（20病区）	13	1607119	无菌缸-6件/W9050	1	19.8	19.8	warning	special_only 未命中特色规则
骨二肛肠甲乳外（20病区）	14	1608034	克氏针-1/Z7534	1	4.8	4.8	warning	special_only 未命中特色规则
骨二肛肠甲乳外（20病区）	15	1608034	无菌缸-6件/W9050	1	19.8	19.8	warning	special_only 未命中特色规则
骨二肛肠甲乳外（20病区）	16	1608034	骨牵引弓-1/W6050	1	9.9	9.9	warning	special_only 未命中特色规则
骨二肛肠甲乳外（20病区）	17	1608034	器械包-6/W6050	1	19.8	19.8	warning	special_only 未命中特色规则
骨二肛肠甲乳外（20病区）	18	1609172	器械包-3件/Z1530	1	9.9	9.9	warning	special_only 未命中特色规则
骨二肛肠甲乳外（20病区）	19	1609172	无菌缸-6件/W9050	1	19.8	19.8	warning	special_only 未命中特色规则
骨二肛肠甲乳外（20病区）	20	1610119	无菌缸-6件/W9050	1	19.8	19.8	warning	special_only 未命中特色规则
骨二肛肠甲乳外（20病区）	21	1611277	器械包-3件/Z1530	1	9.9	9.9	warning	special_only 未命中特色规则
骨二肛肠甲乳外（20病区）	22	1611277	无菌缸-6件/W9050	1	19.8	19.8	warning	special_only 未命中特色规则
骨二肛肠甲乳外（20病区）	23	1611277	器械包-6/W6050	1	19.8	19.8	warning	special_only 未命中特色规则
骨二肛肠甲乳外（20病区）	24	1612146	无菌缸-6件/W9050	1	19.8	19.8	warning	special_only 未命中特色规则
骨二肛肠甲乳外（20病区）	25	1613383	器械包-3件/Z1530	1	9.9	9.9	warning	special_only 未命中特色规则
骨二肛肠甲乳外（20病区）	26	1613383	止血钳1剪刀1/Z1530	2	9.9	9.9	warning	special_only 未命中特色规则
骨二肛肠甲乳外（20病区）	27	1613383	无菌缸-6件/W9050	1	19.8	19.8	warning	special_only 未命中特色规则
骨二肛肠甲乳外（20病区）	28	1613383	器械包-6/W6050	1	19.8	19.8	warning	special_only 未命中特色规则
骨二肛肠甲乳外（20病区）	29	1613383	器械包-7件/w6050	1	23.1	23.1	warning	special_only 未命中特色规则
骨外一	9	1605083	换药缸-5/w9050	1	16.5	16.5	warning	special_only 未命中特色规则
骨外一	10	1606000	换药缸-5/w9050	1	16.5	16.5	warning	special_only 未命中特色规则
骨外一	11	1607120	切开包-7件/z2032	1	23.1	23.1	warning	special_only 未命中特色规则
骨外一	12	1607120	换药缸-5/w9050	1	16.5	16.5	warning	special_only 未命中特色规则
骨外一	13	1607507	切开包-7件/z2032	1	23.1	23.1	warning	special_only 未命中特色规则
骨外一	14	1608035	切开包-7件/z2032	1	23.1	23.1	warning	special_only 未命中特色规则
骨外三	9	1607506	切开包-6件/z2032	2	19.8	19.8	warning	special_only 未命中特色规则
骨外三	10	1608036	换药缸-5/w9050	1	16.5	16.5	warning	special_only 未命中特色规则
骨外三	11	1609159	换药缸-5/w9050	1	16.5	16.5	warning	special_only 未命中特色规则
骨外三	12	1610120	换药缸-5/w9050	1	16.5	16.5	warning	special_only 未命中特色规则
骨外三	13	1611280	换药缸-5/w9050	1	16.5	16.5	warning	special_only 未命中特色规则
骨外三	14	1612147	换药缸-5/w9050	1	16.5	16.5	warning	special_only 未命中特色规则
骨外三	15	1613358	切开包-6件/z2032	2	19.8	19.8	warning	special_only 未命中特色规则
骨外三	16	1613358	换药缸-5/w9050	1	16.5	16.5	warning	special_only 未命中特色规则
麻醉科	9	1609513	呼吸器-1/Z3060	1	21.0	21.0	warning	special_only 未命中特色规则
麻醉科	10	1611976	简易呼吸器（呼吸气囊）EO-1套/z3060	1	21.0	21.0	warning	special_only 未命中特色规则
