sheet	row	orderNo	packName	packCount	unitPrice	ruleUnit	status	pricingRule
供应室	9	1608724	市二院外来2件（只消毒）	1			warning	special_only 未命中特色规则
供应室	10	1610050	市二院外来-48件（只消毒）	1			warning	special_only 未命中特色规则
供应室	11	1610436	市二院外来-61（只消毒）	1			warning	special_only 未命中特色规则
供应室	12	1611919	市二院外来-48件（只消毒）	1			warning	special_only 未命中特色规则
供应室	13	1612806	市二院外来258件（只消毒）	1			warning	special_only 未命中特色规则
供应室	14	1612806	市二院外来-86件（只消毒）	1			warning	special_only 未命中特色规则
供应室	15	1613239	市二院外来10件（只消毒）	1			warning	special_only 未命中特色规则
供应室	16	1613628	市二院外来-61（只消毒）	1			warning	special_only 未命中特色规则
供应室	17	1614210	市二院外来-55（只消毒）	1			warning	special_only 未命中特色规则
供应室	18	1614595	市二院外来-61（只消毒）	1			warning	special_only 未命中特色规则
供应室	19	1615624	市二院外来-48件（只消毒）	1			warning	special_only 未命中特色规则
供应室	20	1616200	市二院外来5件（只消毒）	1			warning	special_only 未命中特色规则
供应室（手术室）	9	1608246	刷手服/W15050	1	35.0	35.0	warning	敷料包(无纺布包)——未匹配定价
供应室（手术室）	10	1608715	刷手服/W15050	2	35.0	35.0	warning	敷料包(无纺布包)——未匹配定价
供应室（手术室）	11	1608984	刷手服/W15050	1	35.0	35.0	warning	敷料包(无纺布包)——未匹配定价
供应室（手术室）	12	1609474	刷手服/W15050	1	35.0	35.0	warning	敷料包(无纺布包)——未匹配定价
供应室（手术室）	13	1609719	刷手服/W15050	1	35.0	35.0	warning	敷料包(无纺布包)——未匹配定价
供应室（手术室）	14	1610428	刷手服/W15050	1	35.0	35.0	warning	敷料包(无纺布包)——未匹配定价
供应室（手术室）	15	1610756	刷手服/W15050	2	35.0	35.0	warning	敷料包(无纺布包)——未匹配定价
供应室（手术室）	16	1611163	刷手服/W15050	1	35.0	35.0	warning	敷料包(无纺布包)——未匹配定价
供应室（手术室）	18	1611408	刷手服/W15050	1	35.0	35.0	warning	敷料包(无纺布包)——未匹配定价
供应室（手术室）	19	1611914	刷手服/W15050	2	35.0	35.0	warning	敷料包(无纺布包)——未匹配定价
供应室（手术室）	20	1612370	刷手服/W15050	1	35.0	35.0	warning	敷料包(无纺布包)——未匹配定价
供应室（手术室）	21	1612697	刷手服/W15050	2	35.0	35.0	warning	敷料包(无纺布包)——未匹配定价
供应室（手术室）	22	1613187	刷手服/W15050	1	35.0	35.0	warning	敷料包(无纺布包)——未匹配定价
供应室（手术室）	23	1613603	刷手服/W15050	2	35.0	35.0	warning	敷料包(无纺布包)——未匹配定价
供应室（手术室）	24	1614100	刷手服/W15050	1	35.0	35.0	warning	敷料包(无纺布包)——未匹配定价
供应室（手术室）	25	1614201	外敷2/W15050	2	35.0	35.0	warning	敷料包(无纺布包)——未匹配定价
供应室（手术室）	26	1614212	外敷2/W15050	1	35.0	35.0	warning	敷料包(无纺布包)——未匹配定价
供应室（手术室）	27	1614392	刷手服/W15050	3	35.0	35.0	warning	敷料包(无纺布包)——未匹配定价
供应室（手术室）	28	1614867	刷手服/W15050	1	35.0	35.0	warning	敷料包(无纺布包)——未匹配定价
供应室（手术室）	29	1615242	刷手服/W15050	1	35.0	35.0	warning	敷料包(无纺布包)——未匹配定价
供应室（手术室）	30	1615617	刷手服/W15050	1	35.0	35.0	warning	敷料包(无纺布包)——未匹配定价
供应室（手术室）	31	1615967	刷手服/W15050	1	35.0	35.0	warning	敷料包(无纺布包)——未匹配定价
供应室（手术室）	32	1616425	手敷/W15050	3	35.0	35.0	warning	敷料包(无纺布包)——未匹配定价
供应室（手术室）	33	1616425	刷手服/W15050	2	35.0	35.0	warning	敷料包(无纺布包)——未匹配定价
供应室（手术室）	34	1616425	外敷1/W15050	4	35.0	35.0	warning	敷料包(无纺布包)——未匹配定价
供应室（手术室）	35	1616425	外敷2/W15050	6	35.0	35.0	warning	敷料包(无纺布包)——未匹配定价
医疗美容	9	1608722	持针器1剪刀1镊子1/z1535	5	16.5	16.5	warning	special_only 未命中特色规则
医疗美容	10	1608722	剪刀（小）-1/z7526	1	8.0	8.0	warning	special_only 未命中特色规则
医疗美容	11	1608722	精细镊子-1件/（保护套）z7526	1	8.0	8.0	warning	special_only 未命中特色规则
医疗美容	12	1608722	眼睑拉钩-1/z7526	1	8.0	8.0	warning	special_only 未命中特色规则
医疗美容	13	1608722	眼科镊-1/z7526	2	8.0	8.0	warning	special_only 未命中特色规则
医疗美容	14	1608722	止血钳-1/z1029	2	8.0	8.0	warning	special_only 未命中特色规则
医疗美容	15	1610818	拆线剪-1/z1029	2	8.0	8.0	warning	special_only 未命中特色规则
医疗美容	16	1610818	持针器1剪刀1镊子1/z1535	2	16.5	16.5	warning	special_only 未命中特色规则
医疗美容	17	1610818	刮勺-1/z7530	1	8.0	8.0	warning	special_only 未命中特色规则
医疗美容	18	1610818	眼科镊-1/z7526	2	8.0	8.0	warning	special_only 未命中特色规则
医疗美容	19	1612381	持针器1剪刀1镊子1/z1535	3	16.5	16.5	warning	special_only 未命中特色规则
医疗美容	20	1612381	剪刀（小）-1/z7526	2	8.0	8.0	warning	special_only 未命中特色规则
医疗美容	21	1612381	眼科镊-1/z7526	6	8.0	8.0	warning	special_only 未命中特色规则
医疗美容	22	1612381	止血钳-1/z1029	1	8.0	8.0	warning	special_only 未命中特色规则
医疗美容	23	1616141	持针器1剪刀1镊子1/z1535	4	16.5	16.5	warning	special_only 未命中特色规则
医疗美容	24	1616141	眼科小镊子-1/z7526	5	8.0	8.0	warning	special_only 未命中特色规则
口腔修复诊室	9	1608296	C5562020/z7526	1	5.5	5.5	warning	special_only 未命中特色规则
口腔修复诊室	10	1608296	车针-5/z7520	1	5.5	5.5	warning	special_only 未命中特色规则
口腔修复诊室	11	1608296	光敏刀-1/保z7530	1	8.0	8.0	warning	special_only 未命中特色规则
口腔修复诊室	12	1608296	手机-35147/z7526	1	5.5	5.5	warning	special_only 未命中特色规则
口腔修复诊室	13	1608718	C5562020/z7526	1	5.5	5.5	warning	special_only 未命中特色规则
口腔修复诊室	14	1608718	车针-5/z7520	1	5.5	5.5	warning	special_only 未命中特色规则
口腔修复诊室	15	1608718	光敏刀-1/保z7530	2	8.0	8.0	warning	special_only 未命中特色规则
口腔修复诊室	16	1608718	破冠挺-1/保z7530	1	8.0	8.0	warning	special_only 未命中特色规则
口腔修复诊室	17	1608718	去冠器-1/保Z7534	1	8.0	8.0	warning	special_only 未命中特色规则
口腔修复诊室	18	1608718	手机-1490894	1	5.5	5.5	warning	special_only 未命中特色规则
口腔修复诊室	19	1608718	手机-C5562217/z7526	1	5.5	5.5	warning	special_only 未命中特色规则
口腔修复诊室	20	1608718	手机-C9070860/z7526	1	5.5	5.5	warning	special_only 未命中特色规则
口腔修复诊室	21	1609070	光敏刀-1/保z7530	1	8.0	8.0	warning	special_only 未命中特色规则
口腔修复诊室	22	1609070	手机-35147/z7526	1	5.5	5.5	warning	special_only 未命中特色规则
口腔修复诊室	23	1609853	车针-5/z7520	1	5.5	5.5	warning	special_only 未命中特色规则
口腔修复诊室	24	1609853	光敏刀-1/保z7530	1	8.0	8.0	warning	special_only 未命中特色规则
口腔修复诊室	25	1609853	手机-35147/z7526	1	5.5	5.5	warning	special_only 未命中特色规则
口腔修复诊室	26	1610068	C5562020/z7526	1	5.5	5.5	warning	special_only 未命中特色规则
口腔修复诊室	27	1612811	C5562020/z7526	1	5.5	5.5	warning	special_only 未命中特色规则
口腔修复诊室	28	1612811	手机-1490894	1	5.5	5.5	warning	special_only 未命中特色规则
口腔修复诊室	29	1614206	C5562020/z7526	1	5.5	5.5	warning	special_only 未命中特色规则
口腔修复诊室	30	1614206	车针-5/z7520	1	5.5	5.5	warning	special_only 未命中特色规则
口腔修复诊室	31	1614580	C5562020/z7526	1	5.5	5.5	warning	special_only 未命中特色规则
口腔修复诊室	32	1614580	光敏刀-1/保z7530	1	8.0	8.0	warning	special_only 未命中特色规则
口腔修复诊室	33	1614580	手机-1490894	1	5.5	5.5	warning	special_only 未命中特色规则
口腔修复诊室	34	1615622	光敏刀-1/保z7530	2	8.0	8.0	warning	special_only 未命中特色规则
口腔修复诊室	35	1615622	手机10173-1/Z7526	1	5.5	5.5	warning	special_only 未命中特色规则
口腔修复诊室	36	1615622	手机-C8401771/z7526	1	5.5	5.5	warning	special_only 未命中特色规则
口腔修复诊室	37	1615802	车针-5/z7520	1	5.5	5.5	warning	special_only 未命中特色规则
口腔修复诊室	38	1615802	手机-1490894	1	5.5	5.5	warning	special_only 未命中特色规则
口腔修复诊室	39	1615802	手机-3641/z7526	1	5.5	5.5	warning	special_only 未命中特色规则
口腔修复诊室	40	1616153	光敏刀-1/保z7530	1	8.0	8.0	warning	special_only 未命中特色规则
口腔修复诊室	41	1616153	手机-C9070860/z7526	1	5.5	5.5	warning	special_only 未命中特色规则
口腔科(内)	9	1608294	010177-手机/z7526	1	5.5	5.5	warning	special_only 未命中特色规则
口腔科(内)	10	1608294	拔髓针（带螺纹）-5/保z7520	1	5.5	5.5	warning	special_only 未命中特色规则
口腔科(内)	11	1608294	测压器 根扩针-5 /保z7520	1	5.5	5.5	warning	special_only 未命中特色规则
口腔科(内)	12	1608294	成型夹-1/z7520	1	8.0	8.0	warning	special_only 未命中特色规则
口腔科(内)	13	1608294	充填器-5/保/z7530	1	27.5	27.5	warning	special_only 未命中特色规则
口腔科(内)	14	1608294	调刀-1/保z7530	1	8.0	8.0	warning	special_only 未命中特色规则
口腔科(内)	15	1608294	根扩针-5/不同色一包/保/z7520	4	5.5	5.5	warning	special_only 未命中特色规则
口腔科(内)	16	1608294	洁牙机尖-2/保z7520	2	8.0	8.0	warning	special_only 未命中特色规则
口腔科(内)	17	1608294	口内-C5456453/z7526	1	5.5	5.5	warning	special_only 未命中特色规则
口腔科(内)	18	1608294	口内-C5456792/z7526	1	5.5	5.5	warning	special_only 未命中特色规则
口腔科(内)	19	1608294	口内-C8200271/z7526	1	5.5	5.5	warning	special_only 未命中特色规则
口腔科(内)	20	1608294	口内-玻璃板-1/z1526	1	11.0	11.0	warning	special_only 未命中特色规则
口腔科(内)	21	1608294	口内-车针-5件/z7520	3	5.5	5.5	warning	special_only 未命中特色规则
口腔科(内)	22	1608294	口内-成型片-5/z7520	1	5.5	5.5	warning	special_only 未命中特色规则
口腔科(内)	23	1608294	手机-010167/Z7526	1	5.5	5.5	warning	special_only 未命中特色规则
口腔科(内)	24	1608294	手机-010171/Z7526	1	5.5	5.5	warning	special_only 未命中特色规则
口腔科(内)	25	1608294	手机-010174/z7526	1	5.5	5.5	warning	special_only 未命中特色规则
口腔科(内)	26	1608294	手机-010175/z7526	1	5.5	5.5	warning	special_only 未命中特色规则
口腔科(内)	27	1608294	手机-0273/z7526	1	5.5	5.5	warning	special_only 未命中特色规则
口腔科(内)	28	1608294	手机16060317/z7526	1	5.5	5.5	warning	special_only 未命中特色规则
口腔科(内)	29	1608294	手机-5456451/z7526	1	5.5	5.5	warning	special_only 未命中特色规则
口腔科(内)	30	1608294	手机-x17032915/z7526	1	5.5	5.5	warning	special_only 未命中特色规则
口腔科(内)	31	1608716	010177-手机/z7526	1	5.5	5.5	warning	special_only 未命中特色规则
口腔科(内)	32	1608716	成型夹-1/z7520	1	8.0	8.0	warning	special_only 未命中特色规则
口腔科(内)	33	1608716	成型片3窦瓣2/z7520	1	5.5	5.5	warning	special_only 未命中特色规则
口腔科(内)	34	1608716	充填器-5/保/z7530	1	27.5	27.5	warning	special_only 未命中特色规则
口腔科(内)	35	1608716	调刀-1/保z7530	1	8.0	8.0	warning	special_only 未命中特色规则
口腔科(内)	36	1608716	根扩针-5/不同色一包/保/z7520	3	5.5	5.5	warning	special_only 未命中特色规则
口腔科(内)	37	1608716	洁牙尖（保护）1 毛刷1/z7520	1	8.0	8.0	warning	special_only 未命中特色规则
口腔科(内)	38	1608716	口内-C5456453/z7526	1	5.5	5.5	warning	special_only 未命中特色规则
口腔科(内)	39	1608716	口内-C5456810/z7526	1	5.5	5.5	warning	special_only 未命中特色规则
口腔科(内)	40	1608716	口内-C5456813/z7526	1	5.5	5.5	warning	special_only 未命中特色规则
口腔科(内)	41	1608716	口内-C5562242/z7526	1	5.5	5.5	warning	special_only 未命中特色规则
口腔科(内)	42	1608716	口内-C8200208/z7526	1	5.5	5.5	warning	special_only 未命中特色规则
口腔科(内)	43	1608716	口内-C8200274/z7526	1	5.5	5.5	warning	special_only 未命中特色规则
口腔科(内)	44	1608716	口内-C8200281/z7526	1	5.5	5.5	warning	special_only 未命中特色规则
口腔科(内)	45	1608716	口内-玻璃板-1/z1526	1	11.0	11.0	warning	special_only 未命中特色规则
口腔科(内)	46	1608716	口内-车针-5件/z7520	4	5.5	5.5	warning	special_only 未命中特色规则
口腔科(内)	47	1608716	手机-010171/Z7526	1	5.5	5.5	warning	special_only 未命中特色规则
口腔科(内)	48	1608716	手机-010172/z7526	1	5.5	5.5	warning	special_only 未命中特色规则
口腔科(内)	49	1608716	手机-010174/z7526	1	5.5	5.5	warning	special_only 未命中特色规则
口腔科(内)	50	1608716	手机-18072055/z7526	1	5.5	5.5	warning	special_only 未命中特色规则
口腔科(内)	51	1608716	手机-x17032915/z7526	1	5.5	5.5	warning	special_only 未命中特色规则
口腔科(内)	52	1608716	挖勺-5/保z7530	1	27.5	27.5	warning	special_only 未命中特色规则
口腔科(内)	53	1609067	测压器-5/保/z7520	1	5.5	5.5	warning	special_only 未命中特色规则
口腔科(内)	54	1609067	成型夹-1/z7520	1	8.0	8.0	warning	special_only 未命中特色规则
口腔科(内)	55	1609067	调刀-1/保z7530	1	8.0	8.0	warning	special_only 未命中特色规则
口腔科(内)	56	1609067	根扩针-5/不同色一包/保/z7520	5	5.5	5.5	warning	special_only 未命中特色规则
口腔科(内)	57	1609067	口内-35179/z7526	1	5.5	5.5	warning	special_only 未命中特色规则
口腔科(内)	58	1609067	口内-507477/z7526	1	5.5	5.5	warning	special_only 未命中特色规则
口腔科(内)	59	1609067	口内-C5456811/z7526	1	5.5	5.5	warning	special_only 未命中特色规则
口腔科(内)	60	1609067	口内-C8200193/z1526	1	5.5	5.5	warning	special_only 未命中特色规则
口腔科(内)	61	1609067	口内-玻璃板-1/z1526	1	11.0	11.0	warning	special_only 未命中特色规则
口腔科(内)	62	1609067	口内-车针-5件/z7520	2	5.5	5.5	warning	special_only 未命中特色规则
口腔科(内)	63	1609067	口内-成型片-5/z7520	1	5.5	5.5	warning	special_only 未命中特色规则
口腔科(内)	64	1609067	手机-010167/Z7526	1	5.5	5.5	warning	special_only 未命中特色规则
口腔科(内)	65	1609067	手机-010175/z7526	1	5.5	5.5	warning	special_only 未命中特色规则
口腔科(内)	66	1609067	手机-010178/z7526	1	5.5	5.5	warning	special_only 未命中特色规则
口腔科(内)	67	1609067	手机16060317/z7526	1	5.5	5.5	warning	special_only 未命中特色规则
口腔科(内)	68	1609476	010177-手机/z7526	1	5.5	5.5	warning	special_only 未命中特色规则
口腔科(内)	69	1609476	拔髓针（带螺纹）-5/保z7520	1	5.5	5.5	warning	special_only 未命中特色规则
口腔科(内)	70	1609476	测压器 根扩针-5 /保z7520	1	5.5	5.5	warning	special_only 未命中特色规则
口腔科(内)	71	1609476	调刀-1/保z7530	1	8.0	8.0	warning	special_only 未命中特色规则
口腔科(内)	72	1609476	根扩针-5/不同色一包/保/z7520	4	5.5	5.5	warning	special_only 未命中特色规则
口腔科(内)	73	1609476	光敏刀充填器-5/保z7530	1	27.5	27.5	warning	special_only 未命中特色规则
口腔科(内)	74	1609476	口内-507477/z7526	1	5.5	5.5	warning	special_only 未命中特色规则
口腔科(内)	75	1609476	口内-C5456810/z7526	1	5.5	5.5	warning	special_only 未命中特色规则
口腔科(内)	76	1609476	口内-C5456813/z7526	1	5.5	5.5	warning	special_only 未命中特色规则
口腔科(内)	77	1609476	口内-C5562242/z7526	1	5.5	5.5	warning	special_only 未命中特色规则
口腔科(内)	78	1609476	口内-C8200193/z1526	1	5.5	5.5	warning	special_only 未命中特色规则
口腔科(内)	79	1609476	口内-C8200208/z7526	1	5.5	5.5	warning	special_only 未命中特色规则
口腔科(内)	80	1609476	口内-C8200274/z7526	1	5.5	5.5	warning	special_only 未命中特色规则
口腔科(内)	81	1609476	口内-C8200281/z7526	1	5.5	5.5	warning	special_only 未命中特色规则
口腔科(内)	82	1609476	口内-玻璃板-1/z1526	1	11.0	11.0	warning	special_only 未命中特色规则
口腔科(内)	83	1609476	口内-车针-5件/z7520	4	5.5	5.5	warning	special_only 未命中特色规则
口腔科(内)	84	1609476	口内-挖匙-5/保z7530	1	27.5	27.5	warning	special_only 未命中特色规则
口腔科(内)	85	1609476	手机-010171/Z7526	1	5.5	5.5	warning	special_only 未命中特色规则
口腔科(内)	86	1609476	手机-010174/z7526	1	5.5	5.5	warning	special_only 未命中特色规则
口腔科(内)	87	1609476	手机-010178/z7526	1	5.5	5.5	warning	special_only 未命中特色规则
口腔科(内)	88	1609476	手机-x17032915/z7526	1	5.5	5.5	warning	special_only 未命中特色规则
口腔科(内)	89	1609852	拔髓针（带螺纹）-5/保z7520	1	5.5	5.5	warning	special_only 未命中特色规则
口腔科(内)	90	1609852	测压器 根扩针-5 /保z7520	1	5.5	5.5	warning	special_only 未命中特色规则
口腔科(内)	91	1609852	调刀-1/保z7530	2	8.0	8.0	warning	special_only 未命中特色规则
口腔科(内)	92	1609852	根扩针-5/不同色一包/保/z7520	3	5.5	5.5	warning	special_only 未命中特色规则
口腔科(内)	93	1609852	口内-C5456453/z7526	1	5.5	5.5	warning	special_only 未命中特色规则
口腔科(内)	94	1609852	口内-C8200274/z7526	1	5.5	5.5	warning	special_only 未命中特色规则
口腔科(内)	95	1609852	口内-玻璃板-1/z1526	2	11.0	11.0	warning	special_only 未命中特色规则
口腔科(内)	96	1609852	口内-车针-5件/z7520	1	5.5	5.5	warning	special_only 未命中特色规则
口腔科(内)	97	1609852	手机-010172/z7526	1	5.5	5.5	warning	special_only 未命中特色规则
口腔科(内)	98	1609852	手机-010175/z7526	1	5.5	5.5	warning	special_only 未命中特色规则
口腔科(内)	99	1609852	手机16060317/z7526	1	5.5	5.5	warning	special_only 未命中特色规则
口腔科(内)	100	1609852	手机-2915/z7526	1	5.5	5.5	warning	special_only 未命中特色规则
口腔科(内)	101	1610066	010177-手机/z7526	1	5.5	5.5	warning	special_only 未命中特色规则
口腔科(内)	102	1610066	拔髓针（带螺纹）-5/保z7520	1	5.5	5.5	warning	special_only 未命中特色规则
口腔科(内)	103	1610066	成型片1窦瓣4/z7520	1	5.5	5.5	warning	special_only 未命中特色规则
口腔科(内)	104	1610066	根扩针-5/不同色一包/保/z7520	2	5.5	5.5	warning	special_only 未命中特色规则
口腔科(内)	105	1610066	光敏刀充填器-5/保z7530	1	27.5	27.5	warning	special_only 未命中特色规则
口腔科(内)	106	1610066	口内-507477/z7526	1	5.5	5.5	warning	special_only 未命中特色规则
口腔科(内)	107	1610066	口内-C5456810/z7526	1	5.5	5.5	warning	special_only 未命中特色规则
口腔科(内)	108	1610066	口内-C5456811/z7526	1	5.5	5.5	warning	special_only 未命中特色规则
口腔科(内)	109	1610066	口内-C5456813/z7526	1	5.5	5.5	warning	special_only 未命中特色规则
口腔科(内)	110	1610066	口内-C5562283/z7526	1	5.5	5.5	warning	special_only 未命中特色规则
口腔科(内)	111	1610066	口内-C8200208/z7526	1	5.5	5.5	warning	special_only 未命中特色规则
口腔科(内)	112	1610066	口内-车针-5件/z7520	3	5.5	5.5	warning	special_only 未命中特色规则
口腔科(内)	113	1610066	手机-010167/Z7526	1	5.5	5.5	warning	special_only 未命中特色规则
口腔科(内)	114	1610066	手机-0273/z7526	1	5.5	5.5	warning	special_only 未命中特色规则
口腔科(内)	115	1610066	手机-18072055/z7526	1	5.5	5.5	warning	special_only 未命中特色规则
口腔科(内)	116	1610066	手机-5456451/z7526	1	5.5	5.5	warning	special_only 未命中特色规则
口腔科(内)	117	1610430	测压器 根扩针-5 /保z7520	1	5.5	5.5	warning	special_only 未命中特色规则
口腔科(内)	118	1610430	调刀-1/保z7530	1	8.0	8.0	warning	special_only 未命中特色规则
口腔科(内)	119	1610430	根扩针-5/不同色一包/保/z7520	1	5.5	5.5	warning	special_only 未命中特色规则
口腔科(内)	120	1610430	光敏刀充填器-5/保z7530	1	27.5	27.5	warning	special_only 未命中特色规则
口腔科(内)	121	1610430	口内-C5456453/z7526	1	5.5	5.5	warning	special_only 未命中特色规则
口腔科(内)	122	1610430	口内-C5562242/z7526	1	5.5	5.5	warning	special_only 未命中特色规则
口腔科(内)	123	1610430	口内-C8200193/z1526	1	5.5	5.5	warning	special_only 未命中特色规则
口腔科(内)	124	1610430	口内-C8200271/z7526	1	5.5	5.5	warning	special_only 未命中特色规则
口腔科(内)	125	1610430	口内-C8200281/z7526	1	5.5	5.5	warning	special_only 未命中特色规则
口腔科(内)	126	1610430	口内-玻璃板-1/z1526	1	11.0	11.0	warning	special_only 未命中特色规则
口腔科(内)	127	1610430	口内-车针-5件/z7520	4	5.5	5.5	warning	special_only 未命中特色规则
口腔科(内)	128	1610430	手机-010167/Z7526	1	5.5	5.5	warning	special_only 未命中特色规则
口腔科(内)	129	1610430	手机-010172/z7526	1	5.5	5.5	warning	special_only 未命中特色规则
口腔科(内)	130	1610430	手机-010174/z7526	1	5.5	5.5	warning	special_only 未命中特色规则
口腔科(内)	131	1610430	手机-010175/z7526	1	5.5	5.5	warning	special_only 未命中特色规则
口腔科(内)	132	1610430	手机-010178/z7526	1	5.5	5.5	warning	special_only 未命中特色规则
口腔科(内)	133	1610430	手机-0273/z7526	1	5.5	5.5	warning	special_only 未命中特色规则
口腔科(内)	134	1610430	手机-2915/z7526	1	5.5	5.5	warning	special_only 未命中特色规则
口腔科(内)	135	1610430	挖勺-5/保z7530	1	27.5	27.5	warning	special_only 未命中特色规则
口腔科(内)	136	1610813	010177-手机/z7526	1	5.5	5.5	warning	special_only 未命中特色规则
口腔科(内)	137	1610813	测压器 根扩针-5 /保z7520	1	5.5	5.5	warning	special_only 未命中特色规则
口腔科(内)	138	1610813	成型夹-1/z7520	1	8.0	8.0	warning	special_only 未命中特色规则
口腔科(内)	139	1610813	根扩针-5/不同色一包/保/z7520	3	5.5	5.5	warning	special_only 未命中特色规则
口腔科(内)	140	1610813	洁牙尖（保护）1 毛刷1/z7520	1	8.0	8.0	warning	special_only 未命中特色规则
口腔科(内)	141	1610813	口内-507477/z7526	1	5.5	5.5	warning	special_only 未命中特色规则
口腔科(内)	142	1610813	口内-C5456792/z7526	1	5.5	5.5	warning	special_only 未命中特色规则
口腔科(内)	143	1610813	口内-C5456810/z7526	1	5.5	5.5	warning	special_only 未命中特色规则
口腔科(内)	144	1610813	口内-C5456811/z7526	1	5.5	5.5	warning	special_only 未命中特色规则
口腔科(内)	145	1610813	口内-C5562283/z7526	1	5.5	5.5	warning	special_only 未命中特色规则
口腔科(内)	146	1610813	口内-车针-5件/z7520	2	5.5	5.5	warning	special_only 未命中特色规则
口腔科(内)	147	1610813	手机-010167/Z7526	1	5.5	5.5	warning	special_only 未命中特色规则
口腔科(内)	148	1610813	手机-010171/Z7526	1	5.5	5.5	warning	special_only 未命中特色规则
口腔科(内)	149	1610813	手机-5456451/z7526	1	5.5	5.5	warning	special_only 未命中特色规则
口腔科(内)	150	1610813	手机WE512021/z7526	1	5.5	5.5	warning	special_only 未命中特色规则
口腔科(内)	151	1611166	成型夹-1/z7520	1	8.0	8.0	warning	special_only 未命中特色规则
口腔科(内)	152	1611166	根扩针-5/不同色一包/保/z7520	4	5.5	5.5	warning	special_only 未命中特色规则
口腔科(内)	153	1611166	光敏刀充填器-5/保z7530	1	27.5	27.5	warning	special_only 未命中特色规则
口腔科(内)	154	1611166	口内-507477/z7526	1	5.5	5.5	warning	special_only 未命中特色规则
口腔科(内)	155	1611166	口内-C5456810/z7526	1	5.5	5.5	warning	special_only 未命中特色规则
口腔科(内)	156	1611166	口内-C5562242/z7526	1	5.5	5.5	warning	special_only 未命中特色规则
口腔科(内)	157	1611166	口内-C8200193/z1526	1	5.5	5.5	warning	special_only 未命中特色规则
口腔科(内)	158	1611166	口内-C8200208/z7526	1	5.5	5.5	warning	special_only 未命中特色规则
口腔科(内)	159	1611166	口内-C8200271/z7526	1	5.5	5.5	warning	special_only 未命中特色规则
口腔科(内)	160	1611166	口内-C8200274/z7526	1	5.5	5.5	warning	special_only 未命中特色规则
口腔科(内)	161	1611166	口内-车针-5件/z7520	3	5.5	5.5	warning	special_only 未命中特色规则
口腔科(内)	162	1611166	手机-010172/z7526	1	5.5	5.5	warning	special_only 未命中特色规则
口腔科(内)	163	1611166	手机-010174/z7526	1	5.5	5.5	warning	special_only 未命中特色规则
口腔科(内)	164	1611166	手机-010178/z7526	1	5.5	5.5	warning	special_only 未命中特色规则
口腔科(内)	165	1611595	拔髓针（带螺纹）-5/保z7520	1	5.5	5.5	warning	special_only 未命中特色规则
口腔科(内)	166	1611595	测压器 根扩针-5 /保z7520	1	5.5	5.5	warning	special_only 未命中特色规则
口腔科(内)	167	1611595	成型夹-1/z7520	2	8.0	8.0	warning	special_only 未命中特色规则
口腔科(内)	168	1611595	成型片4豆瓣1/Z7520	1	5.5	5.5	warning	special_only 未命中特色规则
口腔科(内)	169	1611595	调刀-1/保z7530	1	8.0	8.0	warning	special_only 未命中特色规则
口腔科(内)	170	1611595	根扩针-5/不同色一包/保/z7520	2	5.5	5.5	warning	special_only 未命中特色规则
口腔科(内)	171	1611595	光敏刀充填器-5/保z7530	1	27.5	27.5	warning	special_only 未命中特色规则
口腔科(内)	172	1611595	洁牙机尖-2/保z7520	1	8.0	8.0	warning	special_only 未命中特色规则
口腔科(内)	173	1611595	洁牙尖（保护）1 毛刷1/z7520	1	8.0	8.0	warning	special_only 未命中特色规则
口腔科(内)	174	1611595	口内-C5456811/z7526	1	5.5	5.5	warning	special_only 未命中特色规则
口腔科(内)	175	1611595	口内-C5456813/z7526	1	5.5	5.5	warning	special_only 未命中特色规则
口腔科(内)	176	1611595	口内-C5562283/z7526	1	5.5	5.5	warning	special_only 未命中特色规则
口腔科(内)	177	1611595	口内-C8200208/z7526	1	5.5	5.5	warning	special_only 未命中特色规则
口腔科(内)	178	1611595	口内-玻璃板-1/z1526	1	11.0	11.0	warning	special_only 未命中特色规则
口腔科(内)	179	1611595	口内-车针-5件/z7520	3	5.5	5.5	warning	special_only 未命中特色规则
口腔科(内)	180	1611595	手机-010167/Z7526	1	5.5	5.5	warning	special_only 未命中特色规则
口腔科(内)	181	1611595	手机-010171/Z7526	1	5.5	5.5	warning	special_only 未命中特色规则
口腔科(内)	182	1611595	手机-12021/z7526	1	5.5	5.5	warning	special_only 未命中特色规则
口腔科(内)	183	1611595	手机16060317/z7526	1	5.5	5.5	warning	special_only 未命中特色规则
口腔科(内)	184	1611916	测压器 根扩针-5 /保z7520	1	5.5	5.5	warning	special_only 未命中特色规则
口腔科(内)	185	1611916	调刀-1/保z7530	1	8.0	8.0	warning	special_only 未命中特色规则
口腔科(内)	186	1611916	根扩针-5/不同色一包/保/z7520	1	5.5	5.5	warning	special_only 未命中特色规则
口腔科(内)	187	1611916	口内-507477/z7526	1	5.5	5.5	warning	special_only 未命中特色规则
口腔科(内)	188	1611916	口内-C5456453/z7526	1	5.5	5.5	warning	special_only 未命中特色规则
口腔科(内)	189	1611916	口内-C5562242/z7526	1	5.5	5.5	warning	special_only 未命中特色规则
口腔科(内)	190	1611916	口内-C8200271/z7526	1	5.5	5.5	warning	special_only 未命中特色规则
口腔科(内)	191	1611916	口内-C8200274/z7526	1	5.5	5.5	warning	special_only 未命中特色规则
口腔科(内)	192	1611916	口内-玻璃板-1/z1526	1	11.0	11.0	warning	special_only 未命中特色规则
口腔科(内)	193	1611916	口内-车针-5件/z7520	2	5.5	5.5	warning	special_only 未命中特色规则
口腔科(内)	194	1611916	手机-010172/z7526	1	5.5	5.5	warning	special_only 未命中特色规则
口腔科(内)	195	1611916	手机16060317/z7526	1	5.5	5.5	warning	special_only 未命中特色规则
口腔科(内)	196	1612078	010177-手机/z7526	1	5.5	5.5	warning	special_only 未命中特色规则
口腔科(内)	197	1612078	拔髓针（带螺纹）-5/保z7520	1	5.5	5.5	warning	special_only 未命中特色规则
口腔科(内)	198	1612078	成型夹-1/z7520	1	8.0	8.0	warning	special_only 未命中特色规则
口腔科(内)	199	1612078	调刀-1/保z7530	2	8.0	8.0	warning	special_only 未命中特色规则
口腔科(内)	200	1612078	根扩针-5/不同色一包/保/z7520	3	5.5	5.5	warning	special_only 未命中特色规则
口腔科(内)	201	1612078	光敏刀充填器-5/保z7530	1	27.5	27.5	warning	special_only 未命中特色规则
口腔科(内)	202	1612078	口内-C5456453/z7526	1	5.5	5.5	warning	special_only 未命中特色规则
口腔科(内)	203	1612078	口内-C5456813/z7526	1	5.5	5.5	warning	special_only 未命中特色规则
口腔科(内)	204	1612078	口内-C8200274/z7526	1	5.5	5.5	warning	special_only 未命中特色规则
口腔科(内)	205	1612078	口内-玻璃板-1/z1526	2	11.0	11.0	warning	special_only 未命中特色规则
口腔科(内)	206	1612078	口内-车针-5件/z7520	2	5.5	5.5	warning	special_only 未命中特色规则
口腔科(内)	207	1612078	手机-010178/z7526	1	5.5	5.5	warning	special_only 未命中特色规则
口腔科(内)	208	1612078	手机-5456451/z7526	1	5.5	5.5	warning	special_only 未命中特色规则
口腔科(内)	209	1612078	挖勺-5/保z7530	1	27.5	27.5	warning	special_only 未命中特色规则
口腔科(内)	210	1612372	拔髓针（带螺纹）-5/保z7520	1	5.5	5.5	warning	special_only 未命中特色规则
口腔科(内)	211	1612372	测压器-5/保/z7520	1	5.5	5.5	warning	special_only 未命中特色规则
口腔科(内)	212	1612372	调刀-1/保z7530	2	8.0	8.0	warning	special_only 未命中特色规则
口腔科(内)	213	1612372	窦瓣-5/z7520	1	5.5	5.5	warning	special_only 未命中特色规则
口腔科(内)	214	1612372	根扩针-5/不同色一包/保/z7520	7	5.5	5.5	warning	special_only 未命中特色规则
口腔科(内)	215	1612372	光敏刀充填器-5/保z7530	1	27.5	27.5	warning	special_only 未命中特色规则
口腔科(内)	216	1612372	口内-35179/z7526	1	5.5	5.5	warning	special_only 未命中特色规则
口腔科(内)	217	1612372	口内-507477/z7526	1	5.5	5.5	warning	special_only 未命中特色规则
口腔科(内)	218	1612372	口内-C5456792/z7526	1	5.5	5.5	warning	special_only 未命中特色规则
口腔科(内)	219	1612372	口内-C5456811/z7526	1	5.5	5.5	warning	special_only 未命中特色规则
口腔科(内)	220	1612372	口内-C5562242/z7526	1	5.5	5.5	warning	special_only 未命中特色规则
口腔科(内)	221	1612372	口内-C5562283/z7526	1	5.5	5.5	warning	special_only 未命中特色规则
口腔科(内)	222	1612372	口内-C8200193/z1526	1	5.5	5.5	warning	special_only 未命中特色规则
口腔科(内)	223	1612372	口内-C8200208/z7526	1	5.5	5.5	warning	special_only 未命中特色规则
口腔科(内)	224	1612372	口内-C8200271/z7526	1	5.5	5.5	warning	special_only 未命中特色规则
口腔科(内)	225	1612372	口内-C8200274/z7526	1	5.5	5.5	warning	special_only 未命中特色规则
口腔科(内)	226	1612372	口内-C8200281/z7526	1	5.5	5.5	warning	special_only 未命中特色规则
口腔科(内)	227	1612372	口内-玻璃板-1/z1526	2	11.0	11.0	warning	special_only 未命中特色规则
口腔科(内)	228	1612372	口内-车针-5件/z7520	6	5.5	5.5	warning	special_only 未命中特色规则
口腔科(内)	229	1612372	手机-010167/Z7526	1	5.5	5.5	warning	special_only 未命中特色规则
口腔科(内)	230	1612372	手机-010171/Z7526	1	5.5	5.5	warning	special_only 未命中特色规则
口腔科(内)	231	1612372	手机-010172/z7526	1	5.5	5.5	warning	special_only 未命中特色规则
口腔科(内)	232	1612372	手机-010174/z7526	1	5.5	5.5	warning	special_only 未命中特色规则
口腔科(内)	233	1612372	手机-0273/z7526	1	5.5	5.5	warning	special_only 未命中特色规则
口腔科(内)	234	1612372	手机16060317/z7526	1	5.5	5.5	warning	special_only 未命中特色规则
口腔科(内)	235	1612372	手机-5456451/z7526	1	5.5	5.5	warning	special_only 未命中特色规则
口腔科(内)	236	1612808	010177-手机/z7526	1	5.5	5.5	warning	special_only 未命中特色规则
口腔科(内)	237	1612808	拔髓针（带螺纹）-5/保z7520	1	5.5	5.5	warning	special_only 未命中特色规则
口腔科(内)	238	1612808	调刀-1/保z7530	1	8.0	8.0	warning	special_only 未命中特色规则
口腔科(内)	239	1612808	根扩针-5/不同色一包/保/z7520	4	5.5	5.5	warning	special_only 未命中特色规则
口腔科(内)	240	1612808	光敏刀充填器-5/保z7530	2	27.5	27.5	warning	special_only 未命中特色规则
口腔科(内)	241	1612808	洁牙机尖-2/保z7520	1	8.0	8.0	warning	special_only 未命中特色规则
口腔科(内)	242	1612808	口内-35179/z7526	1	5.5	5.5	warning	special_only 未命中特色规则
口腔科(内)	243	1612808	口内-C5456453/z7526	1	5.5	5.5	warning	special_only 未命中特色规则
口腔科(内)	244	1612808	口内-C5456813/z7526	1	5.5	5.5	warning	special_only 未命中特色规则
口腔科(内)	245	1612808	口内-C5562242/z7526	1	5.5	5.5	warning	special_only 未命中特色规则
口腔科(内)	246	1612808	口内-C8200193/z1526	1	5.5	5.5	warning	special_only 未命中特色规则
口腔科(内)	247	1612808	口内-C8200274/z7526	1	5.5	5.5	warning	special_only 未命中特色规则
口腔科(内)	248	1612808	口内-玻璃板-1/z1526	1	11.0	11.0	warning	special_only 未命中特色规则
口腔科(内)	249	1612808	口内-车针-5件/z7520	2	5.5	5.5	warning	special_only 未命中特色规则
口腔科(内)	250	1612808	手机-010178/z7526	1	5.5	5.5	warning	special_only 未命中特色规则
口腔科(内)	251	1612808	手机-0273/z7526	1	5.5	5.5	warning	special_only 未命中特色规则
口腔科(内)	252	1613189	拔髓针（带螺纹）-5/保z7520	2	5.5	5.5	warning	special_only 未命中特色规则
口腔科(内)	253	1613189	测压器 根扩针-5 /保z7520	1	5.5	5.5	warning	special_only 未命中特色规则
口腔科(内)	254	1613189	车针-4/z7520	1	5.5	5.5	warning	special_only 未命中特色规则
口腔科(内)	255	1613189	成型夹-1/z7520	1	8.0	8.0	warning	special_only 未命中特色规则
口腔科(内)	256	1613189	调刀-1/保z7530	1	8.0	8.0	warning	special_only 未命中特色规则
口腔科(内)	257	1613189	根扩针-5/不同色一包/保/z7520	6	5.5	5.5	warning	special_only 未命中特色规则
口腔科(内)	258	1613189	光敏刀充填器-5/保z7530	2	27.5	27.5	warning	special_only 未命中特色规则
口腔科(内)	259	1613189	口内-507477/z7526	1	5.5	5.5	warning	special_only 未命中特色规则
口腔科(内)	260	1613189	口内-C5456453/z7526	1	5.5	5.5	warning	special_only 未命中特色规则
口腔科(内)	261	1613189	口内-C5456792/z7526	1	5.5	5.5	warning	special_only 未命中特色规则
口腔科(内)	262	1613189	口内-C5456810/z7526	1	5.5	5.5	warning	special_only 未命中特色规则
口腔科(内)	263	1613189	口内-C5456811/z7526	1	5.5	5.5	warning	special_only 未命中特色规则
口腔科(内)	264	1613189	口内-C5562283/z7526	1	5.5	5.5	warning	special_only 未命中特色规则
口腔科(内)	265	1613189	口内-C8200208/z7526	1	5.5	5.5	warning	special_only 未命中特色规则
口腔科(内)	266	1613189	口内-C8200281/z7526	1	5.5	5.5	warning	special_only 未命中特色规则
口腔科(内)	267	1613189	口内-玻璃板-1/z1526	1	11.0	11.0	warning	special_only 未命中特色规则
口腔科(内)	268	1613189	口内-车针-5件/z7520	4	5.5	5.5	warning	special_only 未命中特色规则
口腔科(内)	269	1613189	口内-成型片-5/z7520	1	5.5	5.5	warning	special_only 未命中特色规则
口腔科(内)	270	1613189	手机-010167/Z7526	1	5.5	5.5	warning	special_only 未命中特色规则
口腔科(内)	271	1613189	手机-010171/Z7526	1	5.5	5.5	warning	special_only 未命中特色规则
口腔科(内)	272	1613189	手机-010172/z7526	1	5.5	5.5	warning	special_only 未命中特色规则
口腔科(内)	273	1613189	手机-010174/z7526	1	5.5	5.5	warning	special_only 未命中特色规则
口腔科(内)	274	1613189	手机16060317/z7526	1	5.5	5.5	warning	special_only 未命中特色规则
口腔科(内)	275	1613189	手机-2915/z7526	1	5.5	5.5	warning	special_only 未命中特色规则
口腔科(内)	276	1613189	挖勺-5/保z7530	1	27.5	27.5	warning	special_only 未命中特色规则
口腔科(内)	277	1613606	010177-手机/z7526	1	5.5	5.5	warning	special_only 未命中特色规则
口腔科(内)	278	1613606	测压器 根扩针-5 /保z7520	1	5.5	5.5	warning	special_only 未命中特色规则
口腔科(内)	279	1613606	成型夹-1/z7520	2	8.0	8.0	warning	special_only 未命中特色规则
口腔科(内)	280	1613606	调刀-1/保z7530	2	8.0	8.0	warning	special_only 未命中特色规则
口腔科(内)	281	1613606	根扩针-5/不同色一包/保/z7520	5	5.5	5.5	warning	special_only 未命中特色规则
口腔科(内)	282	1613606	光敏刀充填器-5/保z7530	1	27.5	27.5	warning	special_only 未命中特色规则
口腔科(内)	283	1613606	洁牙尖（保护）1 毛刷1/z7520	1	8.0	8.0	warning	special_only 未命中特色规则
口腔科(内)	284	1613606	口内-35179/z7526	1	5.5	5.5	warning	special_only 未命中特色规则
口腔科(内)	285	1613606	口内-C5456813/z7526	1	5.5	5.5	warning	special_only 未命中特色规则
口腔科(内)	286	1613606	口内-C5562242/z7526	1	5.5	5.5	warning	special_only 未命中特色规则
口腔科(内)	287	1613606	口内-C8200193/z1526	1	5.5	5.5	warning	special_only 未命中特色规则
口腔科(内)	288	1613606	口内-C8200271/z7526	1	5.5	5.5	warning	special_only 未命中特色规则
口腔科(内)	289	1613606	口内-C8200274/z7526	1	5.5	5.5	warning	special_only 未命中特色规则
口腔科(内)	290	1613606	口内-C8200281/z7526	1	5.5	5.5	warning	special_only 未命中特色规则
口腔科(内)	291	1613606	口内-玻璃板-1/z1526	2	11.0	11.0	warning	special_only 未命中特色规则
口腔科(内)	292	1613606	口内-车针-5件/z7520	4	5.5	5.5	warning	special_only 未命中特色规则
口腔科(内)	293	1613606	口内-挖匙-5/保z7530	1	27.5	27.5	warning	special_only 未命中特色规则
口腔科(内)	294	1613606	手机-010171/Z7526	1	5.5	5.5	warning	special_only 未命中特色规则
口腔科(内)	295	1613606	手机-010175/z7526	1	5.5	5.5	warning	special_only 未命中特色规则
口腔科(内)	296	1613606	手机-010178/z7526	1	5.5	5.5	warning	special_only 未命中特色规则
口腔科(内)	297	1613606	手机-0273/z7526	1	5.5	5.5	warning	special_only 未命中特色规则
口腔科(内)	298	1613606	手机16060317/z7526	1	5.5	5.5	warning	special_only 未命中特色规则
口腔科(内)	299	1613606	手机-18072055/z7526	1	5.5	5.5	warning	special_only 未命中特色规则
口腔科(内)	300	1613606	手机-5456451/z7526	1	5.5	5.5	warning	special_only 未命中特色规则
口腔科(内)	301	1613833	010177-手机/z7526	1	5.5	5.5	warning	special_only 未命中特色规则
口腔科(内)	302	1613833	拔髓针（带螺纹）-5/保z7520	2	5.5	5.5	warning	special_only 未命中特色规则
口腔科(内)	303	1613833	测压器 根扩针-5 /保z7520	1	5.5	5.5	warning	special_only 未命中特色规则
口腔科(内)	304	1613833	成型夹-1/z7520	3	8.0	8.0	warning	special_only 未命中特色规则
口腔科(内)	305	1613833	成型片3窦瓣2/z7520	1	5.5	5.5	warning	special_only 未命中特色规则
口腔科(内)	306	1613833	调刀-1/保z7530	2	8.0	8.0	warning	special_only 未命中特色规则
口腔科(内)	307	1613833	根扩针-5/不同色一包/保/z7520	3	5.5	5.5	warning	special_only 未命中特色规则
口腔科(内)	308	1613833	光敏刀充填器-5/保z7530	2	27.5	27.5	warning	special_only 未命中特色规则
口腔科(内)	309	1613833	口内-507477/z7526	1	5.5	5.5	warning	special_only 未命中特色规则
口腔科(内)	310	1613833	口内-C5456453/z7526	1	5.5	5.5	warning	special_only 未命中特色规则
口腔科(内)	311	1613833	口内-C5456792/z7526	1	5.5	5.5	warning	special_only 未命中特色规则
口腔科(内)	312	1613833	口内-C5456811/z7526	1	5.5	5.5	warning	special_only 未命中特色规则
口腔科(内)	313	1613833	口内-C5562283/z7526	1	5.5	5.5	warning	special_only 未命中特色规则
口腔科(内)	314	1613833	口内-C8200208/z7526	1	5.5	5.5	warning	special_only 未命中特色规则
口腔科(内)	315	1613833	口内-C8200281/z7526	1	5.5	5.5	warning	special_only 未命中特色规则
口腔科(内)	316	1613833	口内-玻璃板-1/z1526	2	11.0	11.0	warning	special_only 未命中特色规则
口腔科(内)	317	1613833	口内-车针-5件/z7520	7	5.5	5.5	warning	special_only 未命中特色规则
口腔科(内)	318	1613833	口内-成型片-5/z7520	1	5.5	5.5	warning	special_only 未命中特色规则
口腔科(内)	319	1613833	手机-010167/Z7526	1	5.5	5.5	warning	special_only 未命中特色规则
口腔科(内)	320	1613833	手机-010171/Z7526	1	5.5	5.5	warning	special_only 未命中特色规则
口腔科(内)	321	1613833	手机-010172/z7526	1	5.5	5.5	warning	special_only 未命中特色规则
口腔科(内)	322	1613833	手机-010174/z7526	1	5.5	5.5	warning	special_only 未命中特色规则
口腔科(内)	323	1613833	手机-010175/z7526	1	5.5	5.5	warning	special_only 未命中特色规则
口腔科(内)	324	1613833	手机-0273/z7526	1	5.5	5.5	warning	special_only 未命中特色规则
口腔科(内)	325	1613833	手机16060317/z7526	1	5.5	5.5	warning	special_only 未命中特色规则
口腔科(内)	326	1613833	手机-2915/z7526	1	5.5	5.5	warning	special_only 未命中特色规则
口腔科(内)	327	1613833	手机-5456451/z7526	1	5.5	5.5	warning	special_only 未命中特色规则
口腔科(内)	328	1614203	测压器 根扩针-5 /保z7520	1	5.5	5.5	warning	special_only 未命中特色规则
口腔科(内)	329	1614203	成型夹-1/z7520	1	8.0	8.0	warning	special_only 未命中特色规则
口腔科(内)	330	1614203	调刀-1/保z7530	1	8.0	8.0	warning	special_only 未命中特色规则
口腔科(内)	331	1614203	根扩针-5/不同色一包/保/z7520	1	5.5	5.5	warning	special_only 未命中特色规则
口腔科(内)	332	1614203	光敏刀充填器-5/保z7530	1	27.5	27.5	warning	special_only 未命中特色规则
口腔科(内)	333	1614203	洁牙机尖-2/保z7520	1	8.0	8.0	warning	special_only 未命中特色规则
口腔科(内)	334	1614203	口内-35179/z7526	1	5.5	5.5	warning	special_only 未命中特色规则
口腔科(内)	335	1614203	口内-C5456810/z7526	1	5.5	5.5	warning	special_only 未命中特色规则
口腔科(内)	336	1614203	口内-C5456811/z7526	1	5.5	5.5	warning	special_only 未命中特色规则
口腔科(内)	337	1614203	口内-C5562242/z7526	1	5.5	5.5	warning	special_only 未命中特色规则
口腔科(内)	338	1614203	口内-C8200271/z7526	1	5.5	5.5	warning	special_only 未命中特色规则
口腔科(内)	339	1614203	口内-C8200281/z7526	1	5.5	5.5	warning	special_only 未命中特色规则
口腔科(内)	340	1614203	口内-玻璃板-1/z1526	1	11.0	11.0	warning	special_only 未命中特色规则
口腔科(内)	341	1614203	口内-车针-5件/z7520	3	5.5	5.5	warning	special_only 未命中特色规则
口腔科(内)	342	1614203	手机-010167/Z7526	1	5.5	5.5	warning	special_only 未命中特色规则
口腔科(内)	343	1614203	手机-010178/z7526	1	5.5	5.5	warning	special_only 未命中特色规则
口腔科(内)	344	1614203	挖勺-5/保z7530	1	27.5	27.5	warning	special_only 未命中特色规则
口腔科(内)	345	1614578	010177-手机/z7526	1	5.5	5.5	warning	special_only 未命中特色规则
口腔科(内)	346	1614578	测压器 根扩针-5 /保z7520	1	5.5	5.5	warning	special_only 未命中特色规则
口腔科(内)	347	1614578	调刀-1/保z7530	1	8.0	8.0	warning	special_only 未命中特色规则
口腔科(内)	348	1614578	根扩针-5/不同色一包/保/z7520	2	5.5	5.5	warning	special_only 未命中特色规则
口腔科(内)	349	1614578	光敏刀充填器-5/保z7530	1	27.5	27.5	warning	special_only 未命中特色规则
口腔科(内)	350	1614578	口内-507477/z7526	1	5.5	5.5	warning	special_only 未命中特色规则
口腔科(内)	351	1614578	口内-C5456453/z7526	1	5.5	5.5	warning	special_only 未命中特色规则
口腔科(内)	352	1614578	口内-C5456792/z7526	1	5.5	5.5	warning	special_only 未命中特色规则
口腔科(内)	353	1614578	口内-C5562283/z7526	1	5.5	5.5	warning	special_only 未命中特色规则
口腔科(内)	354	1614578	口内-C8200208/z7526	1	5.5	5.5	warning	special_only 未命中特色规则
口腔科(内)	355	1614578	口内-C8200271/z7526	1	5.5	5.5	warning	special_only 未命中特色规则
口腔科(内)	356	1614578	口内-C8200281/z7526	1	5.5	5.5	warning	special_only 未命中特色规则
口腔科(内)	357	1614578	口内-玻璃板-1/z1526	1	11.0	11.0	warning	special_only 未命中特色规则
口腔科(内)	358	1614578	口内-车针-5件/z7520	4	5.5	5.5	warning	special_only 未命中特色规则
口腔科(内)	359	1614578	手机-010167/Z7526	1	5.5	5.5	warning	special_only 未命中特色规则
口腔科(内)	360	1614578	手机-010171/Z7526	1	5.5	5.5	warning	special_only 未命中特色规则
口腔科(内)	361	1614578	手机-010175/z7526	1	5.5	5.5	warning	special_only 未命中特色规则
口腔科(内)	362	1614578	手机-0273/z7526	1	5.5	5.5	warning	special_only 未命中特色规则
口腔科(内)	363	1614578	手机16060317/z7526	1	5.5	5.5	warning	special_only 未命中特色规则
口腔科(内)	364	1614578	手机-2915/z7526	1	5.5	5.5	warning	special_only 未命中特色规则
口腔科(内)	365	1614578	手机-5456451/z7526	1	5.5	5.5	warning	special_only 未命中特色规则
口腔科(内)	366	1614937	调刀-1/保z7530	1	8.0	8.0	warning	special_only 未命中特色规则
口腔科(内)	367	1614937	根扩针-5/不同色一包/保/z7520	2	5.5	5.5	warning	special_only 未命中特色规则
口腔科(内)	368	1614937	口内-C5456813/z7526	1	5.5	5.5	warning	special_only 未命中特色规则
口腔科(内)	369	1614937	口内-C5562242/z7526	1	5.5	5.5	warning	special_only 未命中特色规则
口腔科(内)	370	1614937	口内-C8200208/z7526	1	5.5	5.5	warning	special_only 未命中特色规则
口腔科(内)	371	1614937	口内-玻璃板-1/z1526	1	11.0	11.0	warning	special_only 未命中特色规则
口腔科(内)	372	1614937	口内-车针-5件/z7520	1	5.5	5.5	warning	special_only 未命中特色规则
口腔科(内)	373	1614937	手机-010174/z7526	1	5.5	5.5	warning	special_only 未命中特色规则
口腔科(内)	374	1615317	010177-手机/z7526	1	5.5	5.5	warning	special_only 未命中特色规则
口腔科(内)	375	1615317	测压器 根扩针-5 /保z7520	1	5.5	5.5	warning	special_only 未命中特色规则
口腔科(内)	376	1615317	成型夹-1/z7520	2	8.0	8.0	warning	special_only 未命中特色规则
口腔科(内)	377	1615317	成型片4豆瓣1/Z7520	1	5.5	5.5	warning	special_only 未命中特色规则
口腔科(内)	378	1615317	调刀-1/保z7530	1	8.0	8.0	warning	special_only 未命中特色规则
口腔科(内)	379	1615317	根扩针-5/不同色一包/保/z7520	2	5.5	5.5	warning	special_only 未命中特色规则
口腔科(内)	380	1615317	光敏刀充填器-5/保z7530	1	27.5	27.5	warning	special_only 未命中特色规则
口腔科(内)	381	1615317	口内-C5456453/z7526	1	5.5	5.5	warning	special_only 未命中特色规则
口腔科(内)	382	1615317	口内-C5562242/z7526	1	5.5	5.5	warning	special_only 未命中特色规则
口腔科(内)	383	1615317	口内-C8200208/z7526	1	5.5	5.5	warning	special_only 未命中特色规则
口腔科(内)	384	1615317	口内-C8200274/z7526	1	5.5	5.5	warning	special_only 未命中特色规则
口腔科(内)	385	1615317	口内-玻璃板-1/z1526	1	11.0	11.0	warning	special_only 未命中特色规则
口腔科(内)	386	1615317	口内-车针-5件/z7520	3	5.5	5.5	warning	special_only 未命中特色规则
口腔科(内)	387	1615317	手机-010167/Z7526	1	5.5	5.5	warning	special_only 未命中特色规则
口腔科(内)	388	1615317	手机-010171/Z7526	1	5.5	5.5	warning	special_only 未命中特色规则
口腔科(内)	389	1615317	手机-010172/z7526	1	5.5	5.5	warning	special_only 未命中特色规则
口腔科(内)	390	1615317	手机-010174/z7526	1	5.5	5.5	warning	special_only 未命中特色规则
口腔科(内)	391	1615317	手机-010175/z7526	1	5.5	5.5	warning	special_only 未命中特色规则
口腔科(内)	392	1615317	手机-010178/z7526	1	5.5	5.5	warning	special_only 未命中特色规则
口腔科(内)	393	1615317	手机-0273/z7526	1	5.5	5.5	warning	special_only 未命中特色规则
口腔科(内)	394	1615317	手机16060317/z7526	1	5.5	5.5	warning	special_only 未命中特色规则
口腔科(内)	395	1615317	挖勺-5/保z7530	1	27.5	27.5	warning	special_only 未命中特色规则
口腔科(内)	396	1615619	测压器 根扩针-5 /保z7520	1	5.5	5.5	warning	special_only 未命中特色规则
口腔科(内)	397	1615619	成型夹-1/z7520	1	8.0	8.0	warning	special_only 未命中特色规则
口腔科(内)	398	1615619	成型片3窦瓣2/z7520	1	5.5	5.5	warning	special_only 未命中特色规则
口腔科(内)	399	1615619	调刀-1/保z7530	1	8.0	8.0	warning	special_only 未命中特色规则
口腔科(内)	400	1615619	根扩针-5/不同色一包/保/z7520	1	5.5	5.5	warning	special_only 未命中特色规则
口腔科(内)	401	1615619	光敏刀充填器-5/保z7530	1	27.5	27.5	warning	special_only 未命中特色规则
口腔科(内)	402	1615619	洁牙机尖-2/保z7520	1	8.0	8.0	warning	special_only 未命中特色规则
口腔科(内)	403	1615619	口内-C5456792/z7526	1	5.5	5.5	warning	special_only 未命中特色规则
口腔科(内)	404	1615619	口内-C5456811/z7526	1	5.5	5.5	warning	special_only 未命中特色规则
口腔科(内)	405	1615619	口内-C8200281/z7526	1	5.5	5.5	warning	special_only 未命中特色规则
口腔科(内)	406	1615619	口内-玻璃板-1/z1526	1	11.0	11.0	warning	special_only 未命中特色规则
口腔科(内)	407	1615619	口内-车针-5件/z7520	2	5.5	5.5	warning	special_only 未命中特色规则
口腔科(内)	408	1615619	手机-010174/z7526	1	5.5	5.5	warning	special_only 未命中特色规则
口腔科(内)	409	1615619	手机-18072055/z7526	1	5.5	5.5	warning	special_only 未命中特色规则
口腔科(内)	410	1615805	拔髓针（带螺纹）-5/保z7520	1	5.5	5.5	warning	special_only 未命中特色规则
口腔科(内)	411	1615805	成型夹-1/z7520	1	8.0	8.0	warning	special_only 未命中特色规则
口腔科(内)	412	1615805	充填器-5/保/z7530	1	27.5	27.5	warning	special_only 未命中特色规则
口腔科(内)	413	1615805	调刀-1/保z7530	1	8.0	8.0	warning	special_only 未命中特色规则
口腔科(内)	414	1615805	根扩针-5/不同色一包/保/z7520	1	5.5	5.5	warning	special_only 未命中特色规则
口腔科(内)	415	1615805	洁牙机尖-2/保z7520	1	8.0	8.0	warning	special_only 未命中特色规则
口腔科(内)	416	1615805	洁牙尖（保护）1 毛刷1/z7520	1	8.0	8.0	warning	special_only 未命中特色规则
口腔科(内)	417	1615805	洁牙尖（保护）1抛光杯1/z7520	1	13.5	8.0	warning	校正价8.0
口腔科(内)	418	1615805	口内-35179/z7526	1	5.5	5.5	warning	special_only 未命中特色规则
口腔科(内)	419	1615805	口内-C5456792/z7526	1	5.5	5.5	warning	special_only 未命中特色规则
口腔科(内)	420	1615805	口内-C5456810/z7526	1	5.5	5.5	warning	special_only 未命中特色规则
口腔科(内)	421	1615805	口内-C5456813/z7526	1	5.5	5.5	warning	special_only 未命中特色规则
口腔科(内)	422	1615805	口内-C8200281/z7526	1	5.5	5.5	warning	special_only 未命中特色规则
口腔科(内)	423	1615805	口内-玻璃板-1/z1526	1	11.0	11.0	warning	special_only 未命中特色规则
口腔科(内)	424	1615805	口内-车针-5件/z7520	3	5.5	5.5	warning	special_only 未命中特色规则
口腔科(内)	425	1615805	手机-010167/Z7526	1	5.5	5.5	warning	special_only 未命中特色规则
口腔科(内)	426	1615805	手机-010171/Z7526	1	5.5	5.5	warning	special_only 未命中特色规则
口腔科(内)	427	1615805	手机-010174/z7526	1	5.5	5.5	warning	special_only 未命中特色规则
口腔科(内)	428	1615805	手机-010175/z7526	1	5.5	5.5	warning	special_only 未命中特色规则
口腔科(内)	429	1615805	手机-010178/z7526	1	5.5	5.5	warning	special_only 未命中特色规则
口腔科(内)	430	1615805	手机-18072055/z7526	1	5.5	5.5	warning	special_only 未命中特色规则
口腔科(内)	431	1615805	手机-2915/z7526	1	5.5	5.5	warning	special_only 未命中特色规则
口腔科(内)	432	1615805	手机WE512021/z7526	1	5.5	5.5	warning	special_only 未命中特色规则
口腔科(内)	433	1615805	挖勺-5/保z7530	1	27.5	27.5	warning	special_only 未命中特色规则
口腔科(内)	434	1616151	010177-手机/z7526	1	5.5	5.5	warning	special_only 未命中特色规则
口腔科(内)	435	1616151	测压器 根扩针-5 /保z7520	1	5.5	5.5	warning	special_only 未命中特色规则
口腔科(内)	436	1616151	成型夹-1/z7520	1	8.0	8.0	warning	special_only 未命中特色规则
口腔科(内)	437	1616151	调刀-1/保z7530	1	8.0	8.0	warning	special_only 未命中特色规则
口腔科(内)	438	1616151	根扩针-5/不同色一包/保/z7520	2	5.5	5.5	warning	special_only 未命中特色规则
口腔科(内)	439	1616151	光敏刀充填器-5/保z7530	2	27.5	27.5	warning	special_only 未命中特色规则
口腔科(内)	440	1616151	口内-C5456453/z7526	1	5.5	5.5	warning	special_only 未命中特色规则
口腔科(内)	441	1616151	口内-C5456811/z7526	1	5.5	5.5	warning	special_only 未命中特色规则
口腔科(内)	442	1616151	口内-C5456813/z7526	1	5.5	5.5	warning	special_only 未命中特色规则
口腔科(内)	443	1616151	口内-C5562242/z7526	1	5.5	5.5	warning	special_only 未命中特色规则
口腔科(内)	444	1616151	口内-C5562283/z7526	1	5.5	5.5	warning	special_only 未命中特色规则
口腔科(内)	445	1616151	口内-C8200193/z1526	1	5.5	5.5	warning	special_only 未命中特色规则
口腔科(内)	446	1616151	口内-C8200208/z7526	1	5.5	5.5	warning	special_only 未命中特色规则
口腔科(内)	447	1616151	口内-C8200271/z7526	1	5.5	5.5	warning	special_only 未命中特色规则
口腔科(内)	448	1616151	口内-C8200274/z7526	1	5.5	5.5	warning	special_only 未命中特色规则
口腔科(内)	449	1616151	口内-C8200281/z7526	1	5.5	5.5	warning	special_only 未命中特色规则
口腔科(内)	450	1616151	口内-玻璃板-1/z1526	1	11.0	11.0	warning	special_only 未命中特色规则
口腔科(内)	451	1616151	口内-车针-5件/z7520	6	5.5	5.5	warning	special_only 未命中特色规则
口腔科(内)	452	1616151	手机-010172/z7526	1	5.5	5.5	warning	special_only 未命中特色规则
口腔科(内)	453	1616151	手机-010175/z7526	1	5.5	5.5	warning	special_only 未命中特色规则
口腔科(内)	454	1616151	手机16060317/z7526	1	5.5	5.5	warning	special_only 未命中特色规则
口腔科(内)	455	1616151	手机-5456451/z7526	1	5.5	5.5	warning	special_only 未命中特色规则
口腔科(内)	456	1616151	手机-x17032915/z7526	1	5.5	5.5	warning	special_only 未命中特色规则
口腔科(外)	9	1608295	拔牙钳-1/z1029	7	8.0	8.0	warning	special_only 未命中特色规则
口腔科(外)	10	1608295	拔牙挺-1/保z7526	6	8.0	8.0	warning	special_only 未命中特色规则
口腔科(外)	11	1608717	口外-换药缸-1/Z2530	2	16.0	16.0	warning	special_only 未命中特色规则
口腔科(外)	12	1608717	拔牙钳-1/z1029	2	8.0	8.0	warning	special_only 未命中特色规则
口腔科(外)	13	1608717	拔牙挺-1/保z7526	5	8.0	8.0	warning	special_only 未命中特色规则
口腔科(外)	14	1608717	持针器（高温）-1/z1035	1	8.0	8.0	warning	special_only 未命中特色规则
口腔科(外)	15	1608717	手机-70124/z7526	1	5.5	5.5	warning	special_only 未命中特色规则
口腔科(外)	16	1608717	牙龈刀-1/保/z7530	2	8.0	8.0	warning	special_only 未命中特色规则
口腔科(外)	17	1609068	拔牙钳-1/z1029	7	8.0	8.0	warning	special_only 未命中特色规则
口腔科(外)	18	1609068	拔牙挺-1/保z7526	5	8.0	8.0	warning	special_only 未命中特色规则
口腔科(外)	19	1609068	持针器（高温）-1/z1035	1	8.0	8.0	warning	special_only 未命中特色规则
口腔科(外)	20	1609068	剪刀-1/z1029	2	8.0	8.0	warning	special_only 未命中特色规则
口腔科(外)	21	1609068	口外-c8901088/z7526	1	5.5	5.5	warning	special_only 未命中特色规则
口腔科(外)	22	1609068	棉球/Z3040	2	4.0	4.0	warning	敷料包(纸塑袋)+棉球——未识别规格
口腔科(外)	23	1609477	拔牙钳-1/z1029	4	8.0	8.0	warning	special_only 未命中特色规则
口腔科(外)	24	1609477	拔牙挺-1/保z7526	5	8.0	8.0	warning	special_only 未命中特色规则
口腔科(外)	25	1609477	剪刀-1/z1029	1	8.0	8.0	warning	special_only 未命中特色规则
口腔科(外)	26	1609477	口外-换药包-6	3	33.0	33.0	warning	special_only 未命中特色规则
口腔科(外)	27	1610067	口外-换药缸-1/Z2530	6	16.0	16.0	warning	special_only 未命中特色规则
口腔科(外)	28	1610067	拔牙钳-1/z1029	7	8.0	8.0	warning	special_only 未命中特色规则
口腔科(外)	29	1610067	拔牙挺-1/保z7526	10	8.0	8.0	warning	special_only 未命中特色规则
口腔科(外)	30	1610067	牙龈刀-1/保/z7530	1	8.0	8.0	warning	special_only 未命中特色规则
口腔科(外)	31	1610431	拔牙钳-1/z1029	10	8.0	8.0	warning	special_only 未命中特色规则
口腔科(外)	32	1610431	拔牙挺-1/保z7526	4	8.0	8.0	warning	special_only 未命中特色规则
口腔科(外)	33	1610431	持针器（高温）-1/z1035	1	8.0	8.0	warning	special_only 未命中特色规则
口腔科(外)	34	1610431	剪刀小-1(保护)	1	8.0	8.0	warning	special_only 未命中特色规则
口腔科(外)	35	1610431	牙龈刀-1/保/z7530	1	8.0	8.0	warning	special_only 未命中特色规则
口腔科(外)	36	1610814	拔牙钳-1/z1029	4	8.0	8.0	warning	special_only 未命中特色规则
口腔科(外)	37	1610814	拔牙挺-1/保z7526	4	8.0	8.0	warning	special_only 未命中特色规则
口腔科(外)	38	1611167	拔牙钳-1/z1029	4	8.0	8.0	warning	special_only 未命中特色规则
口腔科(外)	39	1611167	拔牙挺-1/保z7526	5	8.0	8.0	warning	special_only 未命中特色规则
口腔科(外)	40	1611596	拔牙钳-1/z1029	2	8.0	8.0	warning	special_only 未命中特色规则
口腔科(外)	41	1611596	拔牙挺-1/保z7526	5	8.0	8.0	warning	special_only 未命中特色规则
口腔科(外)	42	1611596	口外-换药包-6	1	33.0	33.0	warning	special_only 未命中特色规则
口腔科(外)	43	1611917	拔牙钳-1/z1029	3	8.0	8.0	warning	special_only 未命中特色规则
口腔科(外)	44	1611917	拔牙挺-1/保z7526	1	8.0	8.0	warning	special_only 未命中特色规则
口腔科(外)	45	1612079	口外-换药缸-1/Z2530	6	16.0	16.0	warning	special_only 未命中特色规则
口腔科(外)	46	1612079	拔牙钳-1/z1029	3	8.0	8.0	warning	special_only 未命中特色规则
口腔科(外)	47	1612079	拔牙挺-1/保z7526	3	8.0	8.0	warning	special_only 未命中特色规则
口腔科(外)	48	1612079	挖勺大-1 /保z7530	1	8.0	8.0	warning	special_only 未命中特色规则
口腔科(外)	49	1612079	口外-换药包-6	1	33.0	33.0	warning	special_only 未命中特色规则
口腔科(外)	50	1612079	棉球/Z3040	4	4.0	4.0	warning	敷料包(纸塑袋)+棉球——未识别规格
口腔科(外)	52	1612373	拔牙钳-1/z1029	7	8.0	8.0	warning	special_only 未命中特色规则
口腔科(外)	53	1612373	拔牙挺-1/保z7526	3	8.0	8.0	warning	special_only 未命中特色规则
口腔科(外)	54	1612373	剪刀-1/z1029	1	8.0	8.0	warning	special_only 未命中特色规则
口腔科(外)	55	1612373	挖勺大-1 /保z7530	3	8.0	8.0	warning	special_only 未命中特色规则
口腔科(外)	56	1612373	牙龈刀-1/保/z7530	1	8.0	8.0	warning	special_only 未命中特色规则
口腔科(外)	57	1612373	止血钳-1/z1029	2	8.0	8.0	warning	special_only 未命中特色规则
口腔科(外)	58	1612373	口外-换药包-6	2	33.0	33.0	warning	special_only 未命中特色规则
口腔科(外)	59	1612809	拔牙钳-1/z1029	2	8.0	8.0	warning	special_only 未命中特色规则
口腔科(外)	60	1612809	拔牙挺-1/保z7526	3	8.0	8.0	warning	special_only 未命中特色规则
口腔科(外)	61	1612809	牙龈刀-1/保/z7530	1	8.0	8.0	warning	special_only 未命中特色规则
口腔科(外)	62	1613190	拔牙钳-1/z1029	5	8.0	8.0	warning	special_only 未命中特色规则
口腔科(外)	63	1613190	拔牙挺-1/保z7526	5	8.0	8.0	warning	special_only 未命中特色规则
口腔科(外)	64	1613190	手机C9070121/z7526	1	5.5	5.5	warning	special_only 未命中特色规则
口腔科(外)	65	1613190	牙龈刀-1/保/z7530	2	8.0	8.0	warning	special_only 未命中特色规则
口腔科(外)	66	1613190	口外-换药包-6	1	33.0	33.0	warning	special_only 未命中特色规则
口腔科(外)	67	1613607	拔牙钳-1/z1029	1	8.0	8.0	warning	special_only 未命中特色规则
口腔科(外)	68	1613607	拔牙挺-1/保z7526	1	8.0	8.0	warning	special_only 未命中特色规则
口腔科(外)	69	1613607	牙龈刀-1/保/z7530	1	8.0	8.0	warning	special_only 未命中特色规则
口腔科(外)	70	1613834	换药缸-1/Z2530	6	16.0	16.0	warning	special_only 未命中特色规则
口腔科(外)	71	1613834	拔牙钳-1/z1029	3	8.0	8.0	warning	special_only 未命中特色规则
口腔科(外)	72	1613834	拔牙挺-1/保z7526	2	8.0	8.0	warning	special_only 未命中特色规则
口腔科(外)	73	1614204	拔牙钳-1/z1029	9	8.0	8.0	warning	special_only 未命中特色规则
口腔科(外)	74	1614204	拔牙挺-1/保z7526	5	8.0	8.0	warning	special_only 未命中特色规则
口腔科(外)	75	1614204	车针-5/z7520	2	5.5	5.5	warning	special_only 未命中特色规则
口腔科(外)	76	1614204	口外-CK500019/z7526	1	5.5	5.5	warning	special_only 未命中特色规则
口腔科(外)	77	1614204	挖勺大-1 /保z7530	1	8.0	8.0	warning	special_only 未命中特色规则
口腔科(外)	78	1614204	口外-换药包-6	1	33.0	33.0	warning	special_only 未命中特色规则
口腔科(外)	79	1614579	拔牙钳-1/z1029	4	8.0	8.0	warning	special_only 未命中特色规则
口腔科(外)	80	1614579	拔牙挺-1/保z7526	6	8.0	8.0	warning	special_only 未命中特色规则
口腔科(外)	81	1614579	挖勺大-1 /保z7530	1	8.0	8.0	warning	special_only 未命中特色规则
口腔科(外)	82	1614938	拔牙钳-1/z1029	5	8.0	8.0	warning	special_only 未命中特色规则
口腔科(外)	83	1614938	拔牙挺-1/保z7526	3	8.0	8.0	warning	special_only 未命中特色规则
口腔科(外)	84	1614938	剥离质-1/保/z7530	1	8.0	8.0	warning	special_only 未命中特色规则
口腔科(外)	85	1614938	持针器（高温）-1/z1035	1	8.0	8.0	warning	special_only 未命中特色规则
口腔科(外)	86	1614938	口外-c8200203/z7526	1	5.5	5.5	warning	special_only 未命中特色规则
口腔科(外)	87	1614938	手机-70124/z7526	1	5.5	5.5	warning	special_only 未命中特色规则
口腔科(外)	88	1614938	挖勺大-1 /保z7530	3	8.0	8.0	warning	special_only 未命中特色规则
口腔科(外)	89	1615318	口外-换药包-6	2	33.0	33.0	warning	special_only 未命中特色规则
口腔科(外)	90	1615620	拔牙钳-1/z1029	3	8.0	8.0	warning	special_only 未命中特色规则
口腔科(外)	91	1615620	拔牙挺-1/保z7526	3	8.0	8.0	warning	special_only 未命中特色规则
口腔科(外)	92	1615804	换药缸-1/Z2530	6	16.0	16.0	warning	special_only 未命中特色规则
口腔科(外)	93	1615804	拔牙钳-1/z1029	3	8.0	8.0	warning	special_only 未命中特色规则
口腔科(外)	94	1615804	拔牙挺-1/保z7526	2	8.0	8.0	warning	special_only 未命中特色规则
口腔科(外)	95	1615804	牙龈刀-1/保/z7530	1	8.0	8.0	warning	special_only 未命中特色规则
口腔科(外)	96	1616150	拔牙钳-1/z1029	5	8.0	8.0	warning	special_only 未命中特色规则
口腔科(外)	97	1616150	拔牙挺-1/保z7526	4	8.0	8.0	warning	special_only 未命中特色规则
口腔科(外)	98	1616150	挖勺大-1 /保z7530	1	8.0	8.0	warning	special_only 未命中特色规则
口腔科（正）	9	1609069	口外-换药缸-1/Z2530	1	16.0	16.0	warning	special_only 未命中特色规则
口腔科（正）	10	1609069	持针器（高温）-1/z1035	5	8.0	8.0	warning	special_only 未命中特色规则
口腔科（正）	11	1609478	持针器（高温）-1/z1035	2	8.0	8.0	warning	special_only 未命中特色规则
口腔科（正）	12	1609478	口正-X17032913/z7526	1	5.5	5.5	warning	special_only 未命中特色规则
口腔科（正）	13	1609478	正畸去胶车针-1/Z7520	1	8.0	5.5	warning	校正价5.5
口腔科（正）	14	1610815	持针器（高温）-1/z1035	2	8.0	8.0	warning	special_only 未命中特色规则
口腔科（正）	15	1612374	持针器（高温）-1/z1035	6	8.0	8.0	warning	special_only 未命中特色规则
口腔科（正）	16	1612810	持针器-2/Z1026	1	13.5	13.5	warning	special_only 未命中特色规则
口腔科（正）	17	1613191	持针器（高温）-1/z1035	2	8.0	8.0	warning	special_only 未命中特色规则
口腔科（正）	18	1613608	持针器（高温）-1/z1035	3	8.0	8.0	warning	special_only 未命中特色规则
口腔科（正）	19	1613835	换药缸-1/Z2530	1	16.0	16.0	warning	special_only 未命中特色规则
口腔科（正）	20	1613835	持针器（高温）-1/z1035	2	8.0	8.0	warning	special_only 未命中特色规则
口腔科（正）	21	1614205	持针器（高温）-1/z1035	3	8.0	8.0	warning	special_only 未命中特色规则
口腔科（正）	22	1614205	口正-T16060314/z7526	1	5.5	5.5	warning	special_only 未命中特色规则
口腔科（正）	23	1614205	正畸去胶车针-1/Z7520	1	8.0	5.5	warning	校正价5.5
口腔科（正）	24	1615621	持针器（高温）-1/z1035	2	8.0	8.0	warning	special_only 未命中特色规则
口腔科（正）	25	1615795	开口器(低温）-1/z1026	1	22.0	22.0	warning	special_only 未命中特色规则
口腔科（正）	26	1615803	持针器（高温）-1/z1035	7	8.0	8.0	warning	special_only 未命中特色规则
口腔科（正）	27	1615803	口正-T16060314/z7526	1	5.5	5.5	warning	special_only 未命中特色规则
口腔科（正）	28	1615803	口正-X17032913/z7526	1	5.5	5.5	warning	special_only 未命中特色规则
口腔科（正）	29	1615803	手机-3633/z7526	1	5.5	5.5	warning	special_only 未命中特色规则
口腔科（正）	30	1615803	正畸去胶车针-1/Z7520	1	8.0	5.5	warning	校正价5.5
口腔科（正）	31	1615803	螺丝起子盒-9件（盒1）/w6050	1	55.0	55.0	warning	special_only 未命中特色规则
口腔科（正）	32	1616152	换药缸-1/Z2530	2	16.0	16.0	warning	special_only 未命中特色规则
口腔科（正）	33	1616152	持针器（高温）-1/z1035	1	8.0	8.0	warning	special_only 未命中特色规则
妇产科病房	9	1610811	分娩-子痫包-3/z1530	1	16.5	16.5	warning	special_only 未命中特色规则
妇产科病房	10	1610811	止血钳-1/z1029	1	8.0	8.0	warning	special_only 未命中特色规则
妇产科病房	11	1610811	产包(6件)	1	46.5	46.5	warning	special_only 未命中特色规则
妇产科病房	12	1610811	卵圆钳3持针器1/W6050	1	22.0	22.0	warning	special_only 未命中特色规则
妇产科病房	14	1613245	电切环-1/z1045	4	22.0	22.0	warning	special_only 未命中特色规则
妇产科门诊	9	1609472	妇门-病理钳-1/z1535	1	11.0	11.0	warning	special_only 未命中特色规则
妇产科门诊	10	1609472	妇门-取环钳-1/z1535	1	11.0	11.0	warning	special_only 未命中特色规则
妇产科门诊	11	1609472	宫颈钳-1/z1535	1	11.0	11.0	warning	special_only 未命中特色规则
妇产科门诊	12	1609472	卵圆钳-1/z1535	1	11.0	11.0	warning	special_only 未命中特色规则
妇产科门诊	13	1609472	镊子-1/z7534	2	8.0	8.0	warning	special_only 未命中特色规则
妇产科门诊	14	1609472	取环钩-1/保z7537	4	8.0	8.0	warning	special_only 未命中特色规则
妇产科门诊	15	1609472	探针-1/保z7537	1	8.0	8.0	warning	special_only 未命中特色规则
妇产科门诊	16	1609472	吸头（8号）-1/z7537	1	8.0	8.0	warning	special_only 未命中特色规则
妇产科门诊	17	1609472	止血钳-1/z1029	1	8.0	8.0	warning	special_only 未命中特色规则
妇产科门诊	18	1610426	妇门-取环钳-1/z1535	1	11.0	11.0	warning	special_only 未命中特色规则
妇产科门诊	19	1610426	宫颈钳-1/z1535	1	11.0	11.0	warning	special_only 未命中特色规则
妇产科门诊	20	1610426	取环钩-1/保z7537	3	8.0	8.0	warning	special_only 未命中特色规则
妇产科门诊	21	1610426	探针-1/保z7537	1	8.0	8.0	warning	special_only 未命中特色规则
妇产科门诊	22	1610426	止血钳-1/z1029	1	8.0	8.0	warning	special_only 未命中特色规则
妇产科门诊	23	1611161	妇门-病理钳-1/z1535	3	11.0	11.0	warning	special_only 未命中特色规则
妇产科门诊	24	1611161	镊子-1/z7534	1	8.0	8.0	warning	special_only 未命中特色规则
妇产科门诊	25	1611161	止血钳-1/z1029	1	8.0	8.0	warning	special_only 未命中特色规则
妇产科门诊	27	1613186	妇门-取环钳-1/z1535	2	11.0	11.0	warning	special_only 未命中特色规则
妇产科门诊	28	1613186	取环钩-1/保z7537	2	8.0	8.0	warning	special_only 未命中特色规则
妇产科门诊	29	1613186	探针-1/保z7537	1	8.0	8.0	warning	special_only 未命中特色规则
妇产科门诊	30	1613186	通水器-1/Z1045	1	8.0	8.0	warning	special_only 未命中特色规则
妇产科门诊	31	1615313	妇门-取环钳-1/z1535	1	11.0	11.0	warning	special_only 未命中特色规则
妇产科门诊	32	1615313	卵圆钳-1/z1535	1	11.0	11.0	warning	special_only 未命中特色规则
妇产科门诊	33	1615313	取环钩-1/保z7537	2	8.0	8.0	warning	special_only 未命中特色规则
妇产科门诊	34	1615313	探针-1/保z7537	1	8.0	8.0	warning	special_only 未命中特色规则
妇产科门诊	35	1616144	妇门-取环钳-1/z1535	1	11.0	11.0	warning	special_only 未命中特色规则
妇产科门诊	36	1616144	取环钩-1/保z7537	2	8.0	8.0	warning	special_only 未命中特色规则
妇产科门诊	37	1616144	止血钳-1/z1029	1	8.0	8.0	warning	special_only 未命中特色规则
导管室（放射线）	12	1608245	导管室-刷手服/W15050	1	35.0	35.0	warning	敷料包(无纺布包)——未匹配定价
导管室（放射线）	13	1608713	导管室-刷手服/W15050	2	35.0	35.0	warning	敷料包(无纺布包)——未匹配定价
导管室（放射线）	14	1608985	导管室-刷手服/W15050	1	35.0	35.0	warning	敷料包(无纺布包)——未匹配定价
导管室（放射线）	15	1609471	导管室-刷手服/W15050	2	35.0	35.0	warning	敷料包(无纺布包)——未匹配定价
导管室（放射线）	16	1609718	导管室-刷手服/W15050	2	35.0	35.0	warning	敷料包(无纺布包)——未匹配定价
导管室（放射线）	17	1610424	导管室-刷手服/W15050	1	35.0	35.0	warning	敷料包(无纺布包)——未匹配定价
导管室（放射线）	18	1610755	持针器（高温）-1/z1035	1	8.0	8.0	warning	special_only 未命中特色规则
导管室（放射线）	19	1610755	导管室-刷手服/W15050	2	35.0	35.0	warning	敷料包(无纺布包)——未匹配定价
导管室（放射线）	20	1611159	导管室-刷手服/W15050	1	35.0	35.0	warning	敷料包(无纺布包)——未匹配定价
导管室（放射线）	21	1611407	导管室-刷手服/W15050	1	35.0	35.0	warning	敷料包(无纺布包)——未匹配定价
导管室（放射线）	22	1611911	导管室-刷手服/W15050	2	35.0	35.0	warning	敷料包(无纺布包)——未匹配定价
导管室（放射线）	23	1612368	导管室-刷手服/W15050	2	35.0	35.0	warning	敷料包(无纺布包)——未匹配定价
导管室（放射线）	24	1612695	导管室-刷手服/W15050	3	35.0	35.0	warning	敷料包(无纺布包)——未匹配定价
导管室（放射线）	25	1613185	持针器（高温）-1/z1035	1	8.0	8.0	warning	special_only 未命中特色规则
导管室（放射线）	26	1613185	剪刀-1/z1029	1	8.0	8.0	warning	special_only 未命中特色规则
导管室（放射线）	27	1613185	导管室-刷手服/W15050	1	35.0	35.0	warning	敷料包(无纺布包)——未匹配定价
导管室（放射线）	28	1613600	导管室-刷手服/W15050	2	35.0	35.0	warning	敷料包(无纺布包)——未匹配定价
导管室（放射线）	29	1614099	导管室-刷手服/W15050	2	35.0	35.0	warning	敷料包(无纺布包)——未匹配定价
导管室（放射线）	30	1614393	导管室-刷手服/W15050	4	35.0	35.0	warning	敷料包(无纺布包)——未匹配定价
导管室（放射线）	31	1614868	导管室-刷手服/W15050	1	35.0	35.0	warning	敷料包(无纺布包)——未匹配定价
导管室（放射线）	32	1615245	导管室-刷手服/W15050	1	35.0	35.0	warning	敷料包(无纺布包)——未匹配定价
导管室（放射线）	33	1615615	导管室-刷手服/W15050	1	35.0	35.0	warning	敷料包(无纺布包)——未匹配定价
导管室（放射线）	34	1615966	导管室-刷手服/W15050	1	35.0	35.0	warning	敷料包(无纺布包)——未匹配定价
导管室（放射线）	35	1616424	导管室-刷手服/W15050	3	35.0	35.0	warning	敷料包(无纺布包)——未匹配定价
心内二	9	1608739	食道电极-1/Z3040	1	35.0	35.0	warning	special_only 未命中特色规则
心内二	10	1614969	食道电极-1/Z3040	1	35.0	35.0	warning	special_only 未命中特色规则
急诊	9	1608248	剪刀大-1/z1029	2	8.0	8.0	warning	special_only 未命中特色规则
急诊	10	1608248	镊子-1/z7534	3	8.0	8.0	warning	special_only 未命中特色规则
急诊	11	1608248	急诊-缝合包(6件)	7	33.0	33.0	warning	special_only 未命中特色规则
急诊	12	1609066	镊子-1/z7534	1	8.0	8.0	warning	special_only 未命中特色规则
急诊	13	1609066	止血钳-1/z1029	4	8.0	8.0	warning	special_only 未命中特色规则
急诊	14	1609066	急诊-缝合包(6件)	2	33.0	33.0	warning	special_only 未命中特色规则
急诊	15	1610051	急诊-缝合包(6件)	6	33.0	33.0	warning	special_only 未命中特色规则
急诊	16	1610065	剪刀-1/z1029	3	8.0	8.0	warning	special_only 未命中特色规则
急诊	17	1610065	镊子-1/z7534	5	8.0	8.0	warning	special_only 未命中特色规则
急诊	18	1610065	止血钳-1/z1029	1	8.0	8.0	warning	special_only 未命中特色规则
急诊	19	1610429	止血钳-1/z1029	5	8.0	8.0	warning	special_only 未命中特色规则
急诊	20	1610812	剪刀大-1/z1029	1	8.0	8.0	warning	special_only 未命中特色规则
急诊	21	1610812	镊子-1/z7534	2	8.0	8.0	warning	special_only 未命中特色规则
急诊	22	1610812	急诊-缝合包(6件)	4	33.0	33.0	warning	special_only 未命中特色规则
急诊	23	1611164	剪刀大-1/z1029	2	8.0	8.0	warning	special_only 未命中特色规则
急诊	24	1611164	镊子-1/z7534	1	8.0	8.0	warning	special_only 未命中特色规则
急诊	25	1611164	小剪刀-1/z7526	1	8.0	8.0	warning	special_only 未命中特色规则
急诊	26	1611164	止血钳-1/z1029	1	8.0	8.0	warning	special_only 未命中特色规则
急诊	27	1611164	急诊-缝合包(6件)	8	33.0	33.0	warning	special_only 未命中特色规则
急诊	28	1611409	镊子-1/z7534	4	8.0	8.0	warning	special_only 未命中特色规则
急诊	29	1611409	止血钳-1/z1029	3	8.0	8.0	warning	special_only 未命中特色规则
急诊	30	1611409	急诊-缝合包(6件)	3	33.0	33.0	warning	special_only 未命中特色规则
急诊	31	1611915	镊子-1/z7534	1	8.0	8.0	warning	special_only 未命中特色规则
急诊	32	1611915	急诊-缝合包(6件)	3	33.0	33.0	warning	special_only 未命中特色规则
急诊	33	1611915	棉球/Z3032	6	4.0	4.0	warning	敷料包(纸塑袋)+棉球——未识别规格
急诊	34	1612077	剪刀大-1/z1029	2	8.0	8.0	warning	special_only 未命中特色规则
急诊	35	1612077	镊子-1/z7534	3	8.0	8.0	warning	special_only 未命中特色规则
急诊	36	1612077	止血钳-1/z1029	3	8.0	8.0	warning	special_only 未命中特色规则
急诊	37	1612077	急诊-缝合包(6件)	4	33.0	33.0	warning	special_only 未命中特色规则
急诊	38	1612807	剪刀大-1/z1029	3	8.0	8.0	warning	special_only 未命中特色规则
急诊	39	1612807	镊子-1/z7534	3	8.0	8.0	warning	special_only 未命中特色规则
急诊	40	1612807	止血钳-1/z1029	1	8.0	8.0	warning	special_only 未命中特色规则
急诊	41	1612807	急诊-缝合包(6件)	7	33.0	33.0	warning	special_only 未命中特色规则
急诊	42	1613188	棉球/Z3032	6	4.0	4.0	warning	敷料包(纸塑袋)+棉球——未识别规格
急诊	43	1613604	剪刀大-1/z1029	1	8.0	8.0	warning	special_only 未命中特色规则
急诊	44	1613604	镊子-1/z7534	2	8.0	8.0	warning	special_only 未命中特色规则
急诊	45	1613604	止血钳-1/z1029	3	8.0	8.0	warning	special_only 未命中特色规则
急诊	46	1613604	急诊-缝合包(6件)	3	33.0	33.0	warning	special_only 未命中特色规则
急诊	47	1613702	剪刀大-1/z1029	1	8.0	8.0	warning	special_only 未命中特色规则
急诊	48	1613702	镊子-1/z7534	1	8.0	8.0	warning	special_only 未命中特色规则
急诊	49	1613702	止血钳-1/z1029	2	8.0	8.0	warning	special_only 未命中特色规则
急诊	50	1613702	急诊-缝合包(6件)	3	33.0	33.0	warning	special_only 未命中特色规则
急诊	51	1613831	剪刀大-1/z1029	2	8.0	8.0	warning	special_only 未命中特色规则
急诊	52	1613831	镊子-1/z7534	3	8.0	8.0	warning	special_only 未命中特色规则
急诊	53	1613831	止血钳-1/z1029	2	8.0	8.0	warning	special_only 未命中特色规则
急诊	54	1613831	急诊-缝合包(6件)	8	33.0	33.0	warning	special_only 未命中特色规则
急诊	55	1614202	止血钳-1/z1029	3	8.0	8.0	warning	special_only 未命中特色规则
急诊	56	1614202	急诊-缝合包(6件)	4	33.0	33.0	warning	special_only 未命中特色规则
急诊	57	1614394	剪刀大-1/z1029	1	8.0	8.0	warning	special_only 未命中特色规则
急诊	58	1614394	急诊-缝合包(6件)	4	33.0	33.0	warning	special_only 未命中特色规则
急诊	59	1615260	镊子-1/z7534	3	8.0	8.0	warning	special_only 未命中特色规则
急诊	60	1615260	止血钳-1/z1029	3	8.0	8.0	warning	special_only 未命中特色规则
急诊	61	1615260	急诊-缝合包(6件)	6	33.0	33.0	warning	special_only 未命中特色规则
急诊	62	1615315	急诊-换药缸-1/z2032	9	13.0	13.0	warning	special_only 未命中特色规则
急诊	63	1615618	剪刀大-1/z1029	2	8.0	8.0	warning	special_only 未命中特色规则
急诊	64	1615618	镊子-1/z7534	4	8.0	8.0	warning	special_only 未命中特色规则
急诊	65	1615618	止血钳-1/z1029	2	8.0	8.0	warning	special_only 未命中特色规则
急诊	66	1615618	急诊-缝合包(6件)	1	33.0	33.0	warning	special_only 未命中特色规则
急诊	67	1615801	剪刀大-1/z1029	1	8.0	8.0	warning	special_only 未命中特色规则
急诊	68	1615801	镊子-1/z7534	5	8.0	8.0	warning	special_only 未命中特色规则
急诊	69	1615801	止血钳-1/z1029	3	8.0	8.0	warning	special_only 未命中特色规则
急诊	70	1615801	急诊-缝合包(6件)	3	33.0	33.0	warning	special_only 未命中特色规则
急诊	71	1616140	镊子-1/z7534	5	8.0	8.0	warning	special_only 未命中特色规则
急诊	72	1616140	止血钳-1/z1029	2	8.0	8.0	warning	special_only 未命中特色规则
手术室	9	1608045	腹腔镜包	3	118.0	118.0	warning	special_only 未命中特色规则
手术室	10	1608045	痔疮包	1	123.5	123.5	warning	special_only 未命中特色规则
手术室	11	1608045	缝合包	2	63.0	63.0	warning	special_only 未命中特色规则
手术室	12	1608045	持物钳罐(钳子放外边)-2/W6050	6	16.5	16.5	warning	special_only 未命中特色规则
手术室	13	1608045	肛肠-3件/W6050	1	16.5	16.5	warning	special_only 未命中特色规则
手术室	14	1608045	骨电钻-4/W705060	1	22.0	22.0	warning	special_only 未命中特色规则
手术室	15	1608045	贺凯-3/W6050	1	16.5	16.5	warning	special_only 未命中特色规则
手术室	16	1608045	手术室-蚊式-4/W6050	1	22.0	22.0	warning	special_only 未命中特色规则
手术室	17	1608050	30度镜-10mm（沈大）/z2060	1	28.0	28.0	warning	special_only 未命中特色规则
手术室	18	1608050	可吸收施夹器-1/双Z2060	2	28.0	28.0	warning	special_only 未命中特色规则
手术室	19	1608050	施夹器-1/双Z2060	2	28.0	28.0	warning	special_only 未命中特色规则
手术室	20	1608050	手术室-持针器-1/双/z1560	2	25.0	25.0	warning	special_only 未命中特色规则
手术室	21	1608050	手术室-低温剪刀-1/z2060	2	28.0	28.0	warning	special_only 未命中特色规则
手术室	22	1608050	手术室-电凝钩导线-2/z2060	1	44.0	44.0	warning	special_only 未命中特色规则
手术室	23	1608050	手术室-分离钳-1/z2060	3	28.0	28.0	warning	special_only 未命中特色规则
手术室	24	1608050	手术室-阑尾钳-1/z2060	1	28.0	28.0	warning	special_only 未命中特色规则
手术室	25	1608050	手术室-无损伤钳-1/z2060	4	28.0	28.0	warning	special_only 未命中特色规则
手术室	26	1608050	手术室-吸引器-1/双/保/z1550	2	25.0	25.0	warning	special_only 未命中特色规则
手术室	27	1608050	直角钳（低温）-1/z2060	1	28.0	28.0	warning	special_only 未命中特色规则
手术室	28	1608050	沈大10MM30度镜头-1/z2060	2	28.0	28.0	warning	special_only 未命中特色规则
手术室	29	1608298	腹腔镜包	1	118.0	118.0	warning	special_only 未命中特色规则
手术室	30	1608298	器械包-43件	1	250.0	250.0	warning	special_only 未命中特色规则
手术室	31	1608298	器械包-47件	1	272.0	272.0	warning	special_only 未命中特色规则
手术室	32	1608298	长针头（高温）-1/z7530	2	8.0	8.0	warning	special_only 未命中特色规则
手术室	33	1608298	带螺纹内热针（1.1*80）-20件/z7530	11	22.0	22.0	warning	special_only 未命中特色规则
手术室	34	1608298	脑压板（窄）-1/z7534	1	8.0	8.0	warning	special_only 未命中特色规则
手术室	35	1608298	组织钳-1/z1029	1	8.0	8.0	warning	special_only 未命中特色规则
手术室	36	1608298	缝合包	2	63.0	63.0	warning	special_only 未命中特色规则
手术室	37	1608298	扁桃体切除器H3419-4件/w6050	1	22.0	22.0	warning	special_only 未命中特色规则
手术室	38	1608298	持物钳罐(钳子放外边)-2/W6050	5	16.5	16.5	warning	special_only 未命中特色规则
手术室	39	1608298	耳鼻喉综合-6/W6050	1	33.0	33.0	warning	special_only 未命中特色规则
手术室	40	1608298	盆-1/W7050	1	16.5	16.5	warning	special_only 未命中特色规则
手术室	41	1608298	乳腺拉钩-1/W6050	1	16.5	16.5	warning	special_only 未命中特色规则
手术室	42	1608298	手术室-肾蒂钳-3/W6050	1	16.5	16.5	warning	special_only 未命中特色规则
手术室	43	1608298	碗盘-2/W6050	1	16.5	16.5	warning	special_only 未命中特色规则
手术室	44	1608298	线距拉钩挡板-5件/W6050	1	27.5	27.5	warning	special_only 未命中特色规则
手术室	45	1608353	FT495T血管夹持器-1/z2060	1	28.0	28.0	warning	special_only 未命中特色规则
手术室	46	1608353	灯罩-1/z2040	2	28.0	28.0	warning	special_only 未命中特色规则
手术室	47	1608353	耳鼻喉刨削刀-11/z2030	1	187.0	187.0	warning	special_only 未命中特色规则
手术室	48	1608353	耳鼻喉手柄-1/z3040	1	35.0	35.0	warning	special_only 未命中特色规则
手术室	49	1608353	关节镜戳卡（28126）-2/双/z1530	1	44.0	44.0	warning	special_only 未命中特色规则
手术室	50	1608353	关节镜刨削刀（28205）-2/双z1030	1	44.0	44.0	warning	special_only 未命中特色规则
手术室	51	1608353	可吸收施夹器-1/双Z2060	1	28.0	28.0	warning	special_only 未命中特色规则
手术室	52	1608353	手术室-低温剪刀-1/z2060	2	28.0	28.0	warning	special_only 未命中特色规则
手术室	53	1608353	手术室-电铲-1/z7550	1	22.0	22.0	warning	special_only 未命中特色规则
手术室	54	1608353	手术室-电凝钩导线-2/z2060	1	44.0	44.0	warning	special_only 未命中特色规则
手术室	55	1608353	手术室-分离钳-1/z2060	2	28.0	28.0	warning	special_only 未命中特色规则
手术室	56	1608353	手术室-无损伤钳-1/z2060	2	28.0	28.0	warning	special_only 未命中特色规则
手术室	57	1608353	手术室-吸引器-1/双/保/z1550	1	25.0	25.0	warning	special_only 未命中特色规则
手术室	58	1608353	好克电切镜-4件	1	88.0	88.0	warning	special_only 未命中特色规则
手术室	59	1608353	好克12°电切镜-1/Z2060	1	28.0	28.0	warning	special_only 未命中特色规则
手术室	60	1608353	镜头10mm-30度（STORZ）/贵重z2060	1	28.0	28.0	warning	special_only 未命中特色规则
手术室	61	1608353	泌尿12度镜-4件/Z2060	1	88.0	88.0	warning	special_only 未命中特色规则
手术室	62	1608353	沈大10MM30度镜头-1/z2060	1	28.0	28.0	warning	special_only 未命中特色规则
手术室	63	1608451	腹腔镜包	2	118.0	118.0	warning	special_only 未命中特色规则
手术室	64	1608451	持物钳罐(钳子放外边)-2/W6050	2	16.5	16.5	warning	special_only 未命中特色规则
手术室	65	1608460	可吸收施夹器-1/双Z2060	1	28.0	28.0	warning	special_only 未命中特色规则
手术室	66	1608460	手术室-电凝钩导线-2/z2060	1	44.0	44.0	warning	special_only 未命中特色规则
手术室	67	1608460	手术室-分离钳-1/z2060	1	28.0	28.0	warning	special_only 未命中特色规则
手术室	68	1608460	手术室-剪刀（低温）-1/z2060	1	28.0	28.0	warning	special_only 未命中特色规则
手术室	69	1608460	手术室-无损伤钳-1/z2060	1	28.0	28.0	warning	special_only 未命中特色规则
手术室	70	1608460	手术室-吸引器-1/双/保/z1550	1	25.0	25.0	warning	special_only 未命中特色规则
手术室	71	1608460	沈大10MM30度镜头-1/z2060	1	28.0	28.0	warning	special_only 未命中特色规则
手术室	72	1608720	6001-手摇钻（6）	1	38.5	38.5	warning	special_only 未命中特色规则
手术室	73	1608720	腹腔镜包	2	118.0	118.0	warning	special_only 未命中特色规则
手术室	74	1608720	颈椎包	1	104.5	104.5	warning	special_only 未命中特色规则
手术室	75	1608720	开胸包	1	341.0	341.0	warning	special_only 未命中特色规则
手术室	76	1608720	器械包-47件	2	272.0	272.0	warning	special_only 未命中特色规则
手术室	77	1608720	血管器械-12件	1	79.5	79.5	warning	special_only 未命中特色规则
手术室	78	1608720	痔疮包	1	123.5	123.5	warning	special_only 未命中特色规则
手术室	79	1608720	F10金属导尿管-1/Z7537	1	8.0	8.0	warning	special_only 未命中特色规则
手术室	80	1608720	F12金属导尿管-1/Z7537	1	8.0	8.0	warning	special_only 未命中特色规则
手术室	81	1608720	F16金属导尿管-1/Z7537	1	8.0	8.0	warning	special_only 未命中特色规则
手术室	82	1608720	扁桃体钢丝-1//Z1526	1	11.0	11.0	warning	special_only 未命中特色规则
手术室	83	1608720	大角针/z7520	7	5.5	5.5	warning	special_only 未命中特色规则
手术室	84	1608720	带螺纹内热针（1.1*80）-20件/z7530	2	22.0	22.0	warning	special_only 未命中特色规则
手术室	85	1608720	妇科吸头7号-1/z7537	1	8.0	8.0	warning	special_only 未命中特色规则
手术室	86	1608720	钢板-5/双z7526	1	27.5	27.5	warning	special_only 未命中特色规则
手术室	87	1608720	钢丝-1/Z1526	1	11.0	11.0	warning	special_only 未命中特色规则
手术室	88	1608720	骨锉-1/Z7526	1	8.0	8.0	warning	special_only 未命中特色规则
手术室	89	1608720	角膜标记环（10.5号）-1/z7526	1	8.0	8.0	warning	special_only 未命中特色规则
手术室	90	1608720	静脉探子-1/Z1029	2	8.0	8.0	warning	special_only 未命中特色规则
手术室	91	1608720	囊膜剪-1/z1029	1	8.0	8.0	warning	special_only 未命中特色规则
手术室	92	1608720	胖圆针-2/Z7520	16	5.5	5.5	warning	special_only 未命中特色规则
手术室	93	1608720	劈核勾-1/z7530	1	8.0	8.0	warning	special_only 未命中特色规则
手术室	94	1608720	手科肌钩-2/Z1026	1	13.5	13.5	warning	special_only 未命中特色规则
手术室	95	1608720	手术室-组织剪-1/z1035	1	8.0	8.0	warning	special_only 未命中特色规则
手术室	96	1608720	白内障显微器械-11件，盒1	2	66.0	66.0	warning	special_only 未命中特色规则
手术室	97	1608720	玻切镜片-13件（小黄纽算器械）	1	77.0	77.0	warning	special_only 未命中特色规则
手术室	98	1608720	缝合包	1	63.0	63.0	warning	special_only 未命中特色规则
手术室	99	1608720	双眼注药包-5（带盒6）	1	33.0	33.0	warning	special_only 未命中特色规则
手术室	100	1608720	眼科超乳手术包	1	60.5	60.5	warning	special_only 未命中特色规则
手术室	101	1608720	眼科超乳手术包9件	1	55.0	55.0	warning	special_only 未命中特色规则
手术室	102	1608720	眼科注药-4（带盒5）	1	27.5	27.5	warning	special_only 未命中特色规则
手术室	103	1608720	持物钳罐(钳子放外边)-2/W6050	10	16.5	16.5	warning	special_only 未命中特色规则
手术室	104	1608720	妇产科巾钳子-2/W605050	1	16.5	16.5	warning	special_only 未命中特色规则
手术室	105	1608720	骨电钻-4件（盒1）/W905060	1	27.5	27.5	warning	special_only 未命中特色规则
手术室	106	1608720	骨科刮匙-1/W6050	2	16.5	16.5	warning	special_only 未命中特色规则
手术室	107	1608720	骨科拉钩-2/W6050	1	11.0	16.5	warning	校正价16.5
手术室	108	1608720	骨膜剥离质-1/保/W6050	1	16.5	16.5	warning	special_only 未命中特色规则
手术室	109	1608720	后颅凹拉钩(大)-1件/W7050	2	16.5	16.5	warning	special_only 未命中特色规则
手术室	110	1608720	巾钳子-2/W6050	1	16.5	16.5	warning	special_only 未命中特色规则
手术室	111	1608720	盆-1/W7050	1	16.5	16.5	warning	special_only 未命中特色规则
手术室	112	1608720	肾蒂钳-2/W6050	1	16.5	16.5	warning	special_only 未命中特色规则
手术室	113	1608720	手术室-大S拉钩-2/W7050	1	16.5	16.5	warning	special_only 未命中特色规则
手术室	114	1608720	手术室-卵圆钳-3/W6050	1	16.5	16.5	warning	special_only 未命中特色规则
手术室	115	1608720	手术室-肾蒂钳-3/W6050	1	16.5	16.5	warning	special_only 未命中特色规则
手术室	116	1608720	手术室-头皮拉钩-2/W6050	1	16.5	16.5	warning	special_only 未命中特色规则
手术室	117	1608720	碗盘-2/W6050	1	16.5	16.5	warning	special_only 未命中特色规则
手术室	118	1608720	血管器械-16/W6050	1	88.0	88.0	warning	special_only 未命中特色规则
手术室	119	1608720	眼科笛针-1件（盒1）/W6050	1	16.5	16.5	warning	special_only 未命中特色规则
手术室	120	1608720	眼科显微镜套-6件/W6050	2	33.0	33.0	warning	special_only 未命中特色规则
手术室	121	1608720	腰椎器械-6件W6050	1	33.0	33.0	warning	special_only 未命中特色规则
手术室	122	1608720	椎板钳-1/W6050	1	16.5	16.5	warning	special_only 未命中特色规则
手术室	123	1608725	带螺纹内热针（1.1*80）-20件/z7530	8	22.0	22.0	warning	special_only 未命中特色规则
手术室	124	1608725	劈核勾-1/z7530	1	8.0	8.0	warning	special_only 未命中特色规则
手术室	125	1608725	枪状镊-1/z7530	1	8.0	8.0	warning	special_only 未命中特色规则
手术室	126	1608725	手刷-2/z1526	1	16.5	16.5	warning	special_only 未命中特色规则
手术室	127	1608725	克氏钳-1/w6050	1	16.5	16.5	warning	special_only 未命中特色规则
手术室	128	1608738	30度镜-10mm（沈大）/z2060	1	28.0	28.0	warning	special_only 未命中特色规则
手术室	129	1608738	胆囊抓钳-1/双/保/z2060	2	28.0	28.0	warning	special_only 未命中特色规则
手术室	130	1608738	加长剪刀-1/z2060	1	28.0	28.0	warning	special_only 未命中特色规则
手术室	131	1608738	可吸收施夹器-1/双Z2060	1	28.0	28.0	warning	special_only 未命中特色规则
手术室	132	1608738	施夹器-1/双Z2060	1	28.0	28.0	warning	special_only 未命中特色规则
手术室	133	1608738	手术室-持针器-1/双/z1560	3	25.0	25.0	warning	special_only 未命中特色规则
手术室	134	1608738	手术室-低温剪刀-1/z2060	1	28.0	28.0	warning	special_only 未命中特色规则
手术室	135	1608738	手术室-电凝钩导线-2/z2060	2	44.0	44.0	warning	special_only 未命中特色规则
手术室	136	1608738	手术室-分离钳-1/z2060	2	28.0	28.0	warning	special_only 未命中特色规则
手术室	137	1608738	手术室-无损伤钳-1/z2060	2	28.0	28.0	warning	special_only 未命中特色规则
手术室	138	1608738	直角钳（低温）-1/z2060	1	28.0	28.0	warning	special_only 未命中特色规则
手术室	139	1608738	沈大10MM30度镜头-1/z2060	1	28.0	28.0	warning	special_only 未命中特色规则
手术室	140	1608824	缝合包	3	63.0	63.0	warning	special_only 未命中特色规则
手术室	141	1608824	持物钳罐(钳子放外边)-2/W6050	1	16.5	16.5	warning	special_only 未命中特色规则
手术室	142	1608824	神经拉钩-2/W6050	1	16.5	16.5	warning	special_only 未命中特色规则
手术室	143	1608824	手术室-蚊式-4/W6050	1	22.0	22.0	warning	special_only 未命中特色规则
手术室	144	1609021	腹腔镜包	2	118.0	118.0	warning	special_only 未命中特色规则
手术室	145	1609021	开胸包	1	341.0	341.0	warning	special_only 未命中特色规则
手术室	146	1609021	器械包-47件	1	272.0	272.0	warning	special_only 未命中特色规则
手术室	147	1609021	3.0克氏针-1/(保)z7537	9	8.0	8.0	warning	special_only 未命中特色规则
手术室	148	1609021	带螺纹内热针（1.1*100）-20件/z7530	1	22.0	22.0	warning	special_only 未命中特色规则
手术室	149	1609021	带螺纹内热针（1.1*80）-20件/z7530	16	22.0	22.0	warning	special_only 未命中特色规则
手术室	150	1609021	克氏针1.0-1/(保)z7537	8	8.0	8.0	warning	special_only 未命中特色规则
手术室	151	1609021	克氏针1.5-1件/(保)z7537	3	8.0	8.0	warning	special_only 未命中特色规则
手术室	152	1609021	克氏针2.0 -1件/(保)z7537	13	8.0	8.0	warning	special_only 未命中特色规则
手术室	153	1609021	缝合包	1	63.0	63.0	warning	special_only 未命中特色规则
手术室	154	1609021	持物钳罐(钳子放外边)-2/W6050	5	16.5	16.5	warning	special_only 未命中特色规则
手术室	155	1609071	腹腔镜包	1	118.0	118.0	warning	special_only 未命中特色规则
手术室	156	1609071	器械包-43件	1	250.0	250.0	warning	special_only 未命中特色规则
手术室	157	1609071	痔疮包	1	123.5	123.5	warning	special_only 未命中特色规则
手术室	158	1609071	椎间孔镜-8件	1	49.5	49.5	warning	special_only 未命中特色规则
手术室	159	1609071	钢板-3/双z7526	1	16.5	16.5	warning	special_only 未命中特色规则
手术室	160	1609071	格尺-1/Z7530	1	8.0	8.0	warning	special_only 未命中特色规则
手术室	161	1609071	手术室-组织剪-1/z1035	1	8.0	8.0	warning	special_only 未命中特色规则
手术室	162	1609071	钇嵩指掌骨（31件  153钉 1导针）	1	381.5	381.5	warning	special_only 未命中特色规则
手术室	163	1609071	缝合包	3	63.0	63.0	warning	special_only 未命中特色规则
手术室	164	1609071	持物钳罐(钳子放外边)-2/W6050	6	16.5	16.5	warning	special_only 未命中特色规则
手术室	165	1609071	腹膜钳-2/W6050	1	16.5	16.5	warning	special_only 未命中特色规则
手术室	166	1609071	盆-1/W7050	1	16.5	16.5	warning	special_only 未命中特色规则
手术室	167	1609071	手术室-蚊式-4/W6050	1	22.0	22.0	warning	special_only 未命中特色规则
手术室	168	1609071	手术室-小S拉钩-2/W6050	1	16.5	16.5	warning	special_only 未命中特色规则
手术室	169	1609103	止血带-8（只消毒不灭菌）	1	8.0	8.0	warning	special_only 未命中特色规则
手术室	170	1609126	3D镜头 光源线（一体）-1件/贵重/w12050	1	44.0	44.0	warning	special_only 未命中特色规则
手术室	171	1609126	可吸收施夹器-1/双Z2060	3	28.0	28.0	warning	special_only 未命中特色规则
手术室	172	1609126	施夹器-1/双Z2060	1	28.0	28.0	warning	special_only 未命中特色规则
手术室	173	1609126	手术室-持针器-1/双/z1560	1	25.0	25.0	warning	special_only 未命中特色规则
手术室	174	1609126	手术室-低温剪刀-1/z2060	4	28.0	28.0	warning	special_only 未命中特色规则
手术室	175	1609126	手术室-电凝钩导线-2/z2060	3	44.0	44.0	warning	special_only 未命中特色规则
手术室	176	1609126	手术室-分离钳-1/z2060	3	28.0	28.0	warning	special_only 未命中特色规则
手术室	177	1609126	手术室-无损伤钳-1/z2060	4	28.0	28.0	warning	special_only 未命中特色规则
手术室	178	1609126	手术室-吸引器-1/双/保/z1550	3	25.0	25.0	warning	special_only 未命中特色规则
手术室	179	1609126	镜头-1（Joimax）/W9050	1	35.0	35.0	warning	special_only 未命中特色规则
手术室	180	1609126	迈瑞10毫米30度镜头-1/z2060	2	28.0	28.0	warning	special_only 未命中特色规则
手术室	181	1609126	沈大10MM30度镜头-1/z2060	2	28.0	28.0	warning	special_only 未命中特色规则
手术室	182	1609480	joimax椎间孔镜-26	1	148.5	148.5	warning	special_only 未命中特色规则
手术室	183	1609480	Unintech脊柱内窥镜（一）减压26件	1	148.5	148.5	warning	special_only 未命中特色规则
手术室	184	1609480	Uninteh脊柱内窥镜融合-18件，盒1	1	104.5	104.5	warning	special_only 未命中特色规则
手术室	185	1609480	刮宫包（10件）	1	68.5	68.5	warning	special_only 未命中特色规则
手术室	186	1609480	器械包-43件	1	250.0	250.0	warning	special_only 未命中特色规则
手术室	187	1609480	器械包-47件	1	272.0	272.0	warning	special_only 未命中特色规则
手术室	188	1609480	妇科刮匙-1/z7537	1	8.0	8.0	warning	special_only 未命中特色规则
手术室	189	1609480	劈核勾-1/z7530	1	8.0	8.0	warning	special_only 未命中特色规则
手术室	190	1609480	白内障显微器械-11件，盒1	1	66.0	66.0	warning	special_only 未命中特色规则
手术室	191	1609480	大隐静脉包	1	93.5	93.5	warning	special_only 未命中特色规则
手术室	192	1609480	双眼注药包-5（带盒6）	1	33.0	33.0	warning	special_only 未命中特色规则
手术室	193	1609480	眼科超乳手术包	1	60.5	60.5	warning	special_only 未命中特色规则
手术室	194	1609480	眼科注药-4（带盒5）	3	27.5	27.5	warning	special_only 未命中特色规则
手术室	195	1609480	持物钳罐(钳子放外边)-2/W6050	8	16.5	16.5	warning	special_only 未命中特色规则
手术室	196	1609480	肛肠-3件/W6050	1	16.5	16.5	warning	special_only 未命中特色规则
手术室	197	1609480	后颅凹拉钩(小)-1保W6050	1	16.5	16.5	warning	special_only 未命中特色规则
手术室	198	1609480	盆-1/W7050	2	16.5	16.5	warning	special_only 未命中特色规则
手术室	199	1609480	眼科显微镜套-6件/W6050	1	33.0	33.0	warning	special_only 未命中特色规则
手术室	200	1609493	手术室-水管-1/w7050	1	35.0	35.0	warning	special_only 未命中特色规则
手术室	201	1609493	妇科检查镜头-3/z2060	1	66.0	66.0	warning	special_only 未命中特色规则
手术室	202	1609509	组件（EO）-1件/Z2530	4	30.0	30.0	warning	special_only 未命中特色规则
手术室	203	1609800	腹腔镜包	2	118.0	118.0	warning	special_only 未命中特色规则
手术室	204	1609800	手术室-探查包一（1/2）	1	415.0	415.0	warning	special_only 未命中特色规则
手术室	205	1609800	手术室-探查包一(2/2)	1	52.0	52.0	warning	special_only 未命中特色规则
手术室	206	1609800	持物钳罐(钳子放外边)-2/W6050	3	16.5	16.5	warning	special_only 未命中特色规则
手术室	207	1609800	盆-1/W7050	1	16.5	16.5	warning	special_only 未命中特色规则
手术室	208	1609817	30度镜-10mm（沈大）/z2060	1	28.0	28.0	warning	special_only 未命中特色规则
手术室	209	1609817	导丝-1/Z7538	1	22.0	22.0	warning	special_only 未命中特色规则
手术室	210	1609817	呼吸气囊-1/z3060	1	35.0	35.0	warning	special_only 未命中特色规则
手术室	211	1609817	可吸收施夹器-1/双Z2060	1	28.0	28.0	warning	special_only 未命中特色规则
手术室	212	1609817	施夹器-1/双Z2060	1	28.0	28.0	warning	special_only 未命中特色规则
手术室	213	1609817	手术室-低温剪刀-1/z2060	2	28.0	28.0	warning	special_only 未命中特色规则
手术室	214	1609817	手术室-电凝钩导线-2/z2060	2	44.0	44.0	warning	special_only 未命中特色规则
手术室	215	1609817	手术室-分离钳-1/z2060	3	28.0	28.0	warning	special_only 未命中特色规则
手术室	216	1609817	手术室-剪刀（低温）-1/z2060	1	28.0	28.0	warning	special_only 未命中特色规则
手术室	217	1609817	手术室-无损伤钳-1/z2060	4	28.0	28.0	warning	special_only 未命中特色规则
手术室	218	1609817	手术室-吸引器-1/双/保/z1550	1	25.0	25.0	warning	special_only 未命中特色规则
手术室	219	1609817	镜头10mm-30度（STORZ）/贵重z2060	1	28.0	28.0	warning	special_only 未命中特色规则
手术室	220	1609817	沈大10MM30度镜头-1/z2060	2	28.0	28.0	warning	special_only 未命中特色规则
手术室	221	1609854	腹腔镜包	1	118.0	118.0	warning	special_only 未命中特色规则
手术室	222	1609854	器械包-47件	1	272.0	272.0	warning	special_only 未命中特色规则
手术室	223	1609854	痔疮包	1	123.5	123.5	warning	special_only 未命中特色规则
手术室	224	1609854	大隐静脉包	1	93.5	93.5	warning	special_only 未命中特色规则
手术室	225	1609854	缝合包	2	63.0	63.0	warning	special_only 未命中特色规则
手术室	226	1609854	持物钳罐(钳子放外边)-2/W6050	5	16.5	16.5	warning	special_only 未命中特色规则
手术室	227	1609854	肛肠-3件/W6050	2	16.5	16.5	warning	special_only 未命中特色规则
手术室	228	1609854	盆-1/W7050	1	16.5	16.5	warning	special_only 未命中特色规则
手术室	229	1610052	腹腔镜包	1	118.0	118.0	warning	special_only 未命中特色规则
手术室	230	1610052	可吸收施夹器-1/双Z2060	1	28.0	28.0	warning	special_only 未命中特色规则
手术室	231	1610052	手术室-低温剪刀-1/z2060	1	28.0	28.0	warning	special_only 未命中特色规则
手术室	232	1610052	手术室-分离钳-1/z2060	1	28.0	28.0	warning	special_only 未命中特色规则
手术室	233	1610052	手术室-无损伤钳-1/z2060	1	28.0	28.0	warning	special_only 未命中特色规则
手术室	234	1610052	董金辉器械-10件	1	165.0	165.0	warning	special_only 未命中特色规则
手术室	235	1610052	显微器械-12件，盒1	1	209.0	209.0	warning	special_only 未命中特色规则
手术室	236	1610052	缝合包	2	63.0	63.0	warning	special_only 未命中特色规则
手术室	237	1610052	镜头10mm-30度（STORZ）/贵重z2060	1	28.0	28.0	warning	special_only 未命中特色规则
手术室	238	1610052	持物钳罐(钳子放外边)-2/W6050	3	16.5	16.5	warning	special_only 未命中特色规则
手术室	239	1610052	贺凯-2/W6050	1	16.5	16.5	warning	special_only 未命中特色规则
手术室	240	1610069	器械包-43件	1	250.0	250.0	warning	special_only 未命中特色规则
手术室	241	1610069	手术室-骨科包	1	217.0	217.0	warning	special_only 未命中特色规则
手术室	242	1610069	缝合包	1	63.0	63.0	warning	special_only 未命中特色规则
手术室	243	1610069	持物钳罐(钳子放外边)-2/W6050	2	16.5	16.5	warning	special_only 未命中特色规则
手术室	244	1610069	骨电钻-4件（盒1）/W905060	1	27.5	27.5	warning	special_only 未命中特色规则
手术室	245	1610069	贺凯-3/W6050	1	16.5	16.5	warning	special_only 未命中特色规则
手术室	246	1610069	盆-1/W7050	1	16.5	16.5	warning	special_only 未命中特色规则
手术室	247	1610069	手术室-钢丝剪-1/W6050	1	16.5	16.5	warning	special_only 未命中特色规则
手术室	248	1610139	30度镜-10mm（沈大）/z2060	1	28.0	28.0	warning	special_only 未命中特色规则
手术室	249	1610139	可吸收施夹器-1/双Z2060	1	28.0	28.0	warning	special_only 未命中特色规则
手术室	250	1610139	手术室-低温剪刀-1/z2060	1	28.0	28.0	warning	special_only 未命中特色规则
手术室	251	1610139	手术室-电凝钩导线-2/z2060	1	44.0	44.0	warning	special_only 未命中特色规则
手术室	252	1610139	手术室-分离钳-1/z2060	1	28.0	28.0	warning	special_only 未命中特色规则
手术室	253	1610139	手术室-无损伤钳-1/z2060	1	28.0	28.0	warning	special_only 未命中特色规则
手术室	254	1610145	腹腔镜包	1	118.0	118.0	warning	special_only 未命中特色规则
手术室	255	1610145	大隐静脉包	1	93.5	93.5	warning	special_only 未命中特色规则
手术室	256	1610145	缝合包	1	63.0	63.0	warning	special_only 未命中特色规则
手术室	257	1610145	持物钳罐(钳子放外边)-2/W6050	3	16.5	16.5	warning	special_only 未命中特色规则
手术室	258	1610145	盆-1/W7050	1	16.5	16.5	warning	special_only 未命中特色规则
手术室	259	1610251	骨电钻-4件（盒1）/W905060	1	27.5	27.5	warning	special_only 未命中特色规则
手术室	260	1610433	器械包-47件	1	272.0	272.0	warning	special_only 未命中特色规则
手术室	261	1610433	手术室-骨科包	1	217.0	217.0	warning	special_only 未命中特色规则
手术室	262	1610433	痔疮包	3	123.5	123.5	warning	special_only 未命中特色规则
手术室	263	1610433	持针器（高温）-1/z1035	1	8.0	8.0	warning	special_only 未命中特色规则
手术室	264	1610433	手刷-2/z1526	3	16.5	16.5	warning	special_only 未命中特色规则
手术室	265	1610433	缝合包	4	63.0	63.0	warning	special_only 未命中特色规则
手术室	266	1610433	持物钳罐(钳子放外边)-2/W6050	9	16.5	16.5	warning	special_only 未命中特色规则
手术室	267	1610433	骨电钻-4/W705060	2	22.0	22.0	warning	special_only 未命中特色规则
手术室	268	1610433	巾钳子-2/W6050	1	16.5	16.5	warning	special_only 未命中特色规则
手术室	269	1610433	克氏钳-1/w6050	2	16.5	16.5	warning	special_only 未命中特色规则
手术室	270	1610433	手术室-钢丝剪-1/W6050	1	16.5	16.5	warning	special_only 未命中特色规则
手术室	271	1610433	咬骨钳-1/W6050	1	16.5	16.5	warning	special_only 未命中特色规则
手术室	272	1610461	显微器械-12件，盒1	1	209.0	209.0	warning	special_only 未命中特色规则
手术室	273	1610816	腹腔镜包	1	118.0	118.0	warning	special_only 未命中特色规则
手术室	274	1610816	痔疮包	1	123.5	123.5	warning	special_only 未命中特色规则
手术室	275	1610816	组织钳-1/z1029	1	8.0	8.0	warning	special_only 未命中特色规则
手术室	276	1610816	缝合包	3	63.0	63.0	warning	special_only 未命中特色规则
手术室	277	1610816	持物钳罐(钳子放外边)-2/W6050	5	16.5	16.5	warning	special_only 未命中特色规则
手术室	278	1610816	腹膜钳-1/W6050	1	16.5	16.5	warning	special_only 未命中特色规则
手术室	279	1610816	肛肠-3件/W6050	1	16.5	16.5	warning	special_only 未命中特色规则
手术室	280	1610816	克氏钳-1/w6050	1	16.5	16.5	warning	special_only 未命中特色规则
手术室	281	1610870	30度镜-10mm（沈大）/z2060	1	28.0	28.0	warning	special_only 未命中特色规则
手术室	282	1610870	可吸收施夹器-1/双Z2060	1	28.0	28.0	warning	special_only 未命中特色规则
手术室	283	1610870	手术室-电凝钩导线-2/z2060	1	44.0	44.0	warning	special_only 未命中特色规则
手术室	284	1610870	手术室-分离钳-1/z2060	1	28.0	28.0	warning	special_only 未命中特色规则
手术室	285	1610870	手术室-剪刀（低温）-1/z2060	1	28.0	28.0	warning	special_only 未命中特色规则
手术室	286	1610870	手术室-无损伤钳-1/z2060	1	28.0	28.0	warning	special_only 未命中特色规则
手术室	287	1610870	手术室-吸引器-1/双/保/z1550	1	25.0	25.0	warning	special_only 未命中特色规则
手术室	288	1610943	痔疮包	1	123.5	123.5	warning	special_only 未命中特色规则
手术室	289	1610943	带螺纹内热针（1.1*80）-20件/z7530	5	22.0	22.0	warning	special_only 未命中特色规则
手术室	290	1610943	组织钳-1/z1029	1	8.0	8.0	warning	special_only 未命中特色规则
手术室	291	1610943	持物钳罐(钳子放外边)-2/W6050	2	16.5	16.5	warning	special_only 未命中特色规则
手术室	292	1610943	肛肠-3件/W6050	1	16.5	16.5	warning	special_only 未命中特色规则
手术室	293	1611170	腹腔镜包	5	118.0	118.0	warning	special_only 未命中特色规则
手术室	294	1611170	器械包-47件	2	272.0	272.0	warning	special_only 未命中特色规则
手术室	295	1611170	器械包-62件	1	354.5	354.5	warning	special_only 未命中特色规则
手术室	296	1611170	手术室-断钉取出器-42件	1	236.5	236.5	warning	special_only 未命中特色规则
手术室	297	1611170	手术室-关节镜	1	145.5	145.5	warning	special_only 未命中特色规则
手术室	298	1611170	持针器（高温）-1/z1035	1	8.0	8.0	warning	special_only 未命中特色规则
手术室	299	1611170	双眼注药包-5（带盒6）	1	33.0	33.0	warning	special_only 未命中特色规则
手术室	300	1611170	持物钳罐(钳子放外边)-2/W6050	9	16.5	16.5	warning	special_only 未命中特色规则
手术室	301	1611170	锤子-1/W6050	1	16.5	16.5	warning	special_only 未命中特色规则
手术室	302	1611170	骨科刮匙-1/W6050	1	16.5	16.5	warning	special_only 未命中特色规则
手术室	303	1611170	骨膜剥离质-1/保/W6050	1	16.5	16.5	warning	special_only 未命中特色规则
手术室	304	1611170	克氏钳-1/w6050	1	16.5	16.5	warning	special_only 未命中特色规则
手术室	305	1611170	盆-1/W7050	2	16.5	16.5	warning	special_only 未命中特色规则
手术室	306	1611170	碗盘-2/W6050	2	16.5	16.5	warning	special_only 未命中特色规则
手术室	307	1611172	止血带-9（只消毒不灭菌）	1	8.0	8.0	warning	special_only 未命中特色规则
手术室	308	1611205	30度镜-10mm（沈大）/z2060	1	28.0	28.0	warning	special_only 未命中特色规则
手术室	309	1611205	关节镜戳卡（28126）-2/双/z1530	1	44.0	44.0	warning	special_only 未命中特色规则
手术室	310	1611205	关节镜刨削刀（带芯）-1套/z1026	1	22.0	22.0	warning	special_only 未命中特色规则
手术室	311	1611205	关节镜右弯钳-1件/z1530	1	25.0	25.0	warning	special_only 未命中特色规则
手术室	312	1611205	关节镜左弯钳-1件/z1530	1	25.0	25.0	warning	special_only 未命中特色规则
手术室	313	1611205	可吸收施夹器-1/双Z2060	2	28.0	28.0	warning	special_only 未命中特色规则
手术室	314	1611205	手术室-分离钳-1/z2060	5	28.0	28.0	warning	special_only 未命中特色规则
手术室	315	1611205	手术室-关节镜长探钩-1/z1045	1	22.0	22.0	warning	special_only 未命中特色规则
手术室	316	1611205	手术室-关节镜剪子-1/z1560	1	25.0	25.0	warning	special_only 未命中特色规则
手术室	317	1611205	手术室-关节镜镜头-1/z2060	1	28.0	28.0	warning	special_only 未命中特色规则
手术室	318	1611205	手术室-关节镜直钳-1/z2060	1	28.0	28.0	warning	special_only 未命中特色规则
手术室	319	1611205	手术室-剪刀（低温）-1/z2060	4	28.0	28.0	warning	special_only 未命中特色规则
手术室	320	1611205	手术室-水管-1/w7050	1	35.0	35.0	warning	special_only 未命中特色规则
手术室	321	1611205	手术室-无损伤钳-1/z2060	5	28.0	28.0	warning	special_only 未命中特色规则
手术室	322	1611205	手术室-吸引器-1/双/保/z1550	3	25.0	25.0	warning	special_only 未命中特色规则
手术室	323	1611205	镜头10mm-30度（STORZ）/贵重z2060	1	28.0	28.0	warning	special_only 未命中特色规则
手术室	324	1611205	沈大10MM30度镜头-1/z2060	3	28.0	28.0	warning	special_only 未命中特色规则
手术室	325	1611308	器械包-43件	1	250.0	250.0	warning	special_only 未命中特色规则
手术室	326	1611308	持物钳罐(钳子放外边)-2/W6050	1	16.5	16.5	warning	special_only 未命中特色规则
手术室	327	1611308	盆-1/W7050	1	16.5	16.5	warning	special_only 未命中特色规则
手术室	328	1611508	腹腔镜包	1	118.0	118.0	warning	special_only 未命中特色规则
手术室	329	1611508	器械包-47件	2	272.0	272.0	warning	special_only 未命中特色规则
手术室	330	1611508	器械包-62件	1	354.5	354.5	warning	special_only 未命中特色规则
手术室	331	1611508	手术室-断钉取出器-42件	1	236.5	236.5	warning	special_only 未命中特色规则
手术室	332	1611508	手术室-探查包一（1/2）	1	415.0	415.0	warning	special_only 未命中特色规则
手术室	333	1611508	手术室-探查包一(2/2)	1	52.0	52.0	warning	special_only 未命中特色规则
手术室	334	1611508	白内障显微器械-11件，盒1	2	66.0	66.0	warning	special_only 未命中特色规则
手术室	335	1611508	缝合包	2	63.0	63.0	warning	special_only 未命中特色规则
手术室	336	1611508	双眼注药包-5（带盒6）	1	33.0	33.0	warning	special_only 未命中特色规则
手术室	337	1611508	眼科注药-4（带盒5）	1	27.5	27.5	warning	special_only 未命中特色规则
手术室	338	1611508	T15梅花螺丝刀-1/保W6050	1	16.5	16.5	warning	special_only 未命中特色规则
手术室	339	1611508	持物钳罐(钳子放外边)-2/W6050	8	16.5	16.5	warning	special_only 未命中特色规则
手术室	340	1611508	骨膜剥离质-1/保/W6050	3	16.5	16.5	warning	special_only 未命中特色规则
手术室	341	1611508	肌钩-2/W6050	1	16.5	16.5	warning	special_only 未命中特色规则
手术室	342	1611508	克氏钳-1/w6050	1	16.5	16.5	warning	special_only 未命中特色规则
手术室	343	1611508	盆-1/W7050	3	16.5	16.5	warning	special_only 未命中特色规则
手术室	344	1611508	手术室-蚊式-4/W6050	2	22.0	22.0	warning	special_only 未命中特色规则
手术室	345	1611508	碗盘-2/W6050	2	16.5	16.5	warning	special_only 未命中特色规则
手术室	346	1611508	钇嵩取出3件/W6050	1	16.5	16.5	warning	special_only 未命中特色规则
手术室	347	1611597	腹腔镜包	1	118.0	118.0	warning	special_only 未命中特色规则
手术室	348	1611597	格尺-1/保Z7530	1	8.0	8.0	warning	special_only 未命中特色规则
手术室	349	1611597	剪刀-1/z1029	1	8.0	8.0	warning	special_only 未命中特色规则
手术室	350	1611597	晶体植入镊-1/Z7526	1	8.0	8.0	warning	special_only 未命中特色规则
手术室	351	1611597	劈核勾-1/z7530	2	8.0	8.0	warning	special_only 未命中特色规则
手术室	352	1611597	手术室-眼科剪子-1/z7526	1	8.0	8.0	warning	special_only 未命中特色规则
手术室	353	1611597	手刷-2/z1526	1	16.5	16.5	warning	special_only 未命中特色规则
手术室	354	1611597	缝合包	1	63.0	63.0	warning	special_only 未命中特色规则
手术室	355	1611597	眼科超乳手术包	1	60.5	60.5	warning	special_only 未命中特色规则
手术室	356	1611597	眼科超乳手术包9件	1	55.0	55.0	warning	special_only 未命中特色规则
手术室	357	1611597	持物钳罐(钳子放外边)-2/W6050	3	16.5	16.5	warning	special_only 未命中特色规则
手术室	358	1611597	冲洗球-1/（包吸水纸）W6050	1	16.5	16.5	warning	special_only 未命中特色规则
手术室	359	1611597	骨电钻-4件（盒1）/W905060	1	27.5	27.5	warning	special_only 未命中特色规则
手术室	360	1611597	贺凯-2/W6050	1	16.5	16.5	warning	special_only 未命中特色规则
手术室	361	1611597	盆-1/W7050	2	16.5	16.5	warning	special_only 未命中特色规则
手术室	362	1611597	手术室-荷包钳-1/W6050	1	16.5	16.5	warning	special_only 未命中特色规则
手术室	363	1611597	眼科显微镜套-6件/W6050	2	33.0	33.0	warning	special_only 未命中特色规则
手术室	364	1611618	30度镜-10mm（沈大）/z2060	1	28.0	28.0	warning	special_only 未命中特色规则
手术室	365	1611618	超声刀线-1件/z3040	1	35.0	35.0	warning	special_only 未命中特色规则
手术室	366	1611618	戳卡4（3芯），转换器1/双z2030	1	88.0	88.0	warning	special_only 未命中特色规则
手术室	367	1611618	关节镜戳卡（28126）-2/双/z1530	1	44.0	44.0	warning	special_only 未命中特色规则
手术室	368	1611618	可吸收施夹器-1/双Z2060	1	28.0	28.0	warning	special_only 未命中特色规则
手术室	369	1611618	迈瑞 系膜钳-1/z2060	1	28.0	28.0	warning	special_only 未命中特色规则
手术室	370	1611618	施夹器-1/双Z2060	3	28.0	28.0	warning	special_only 未命中特色规则
手术室	371	1611618	手术室-肠钳子-1/z2060	3	28.0	28.0	warning	special_only 未命中特色规则
手术室	372	1611618	手术室-持针器-1/双/z1560	2	25.0	25.0	warning	special_only 未命中特色规则
手术室	373	1611618	手术室-低温剪刀-1/z2060	2	28.0	28.0	warning	special_only 未命中特色规则
手术室	374	1611618	手术室-电凝钩导线-2/z2060	2	44.0	44.0	warning	special_only 未命中特色规则
手术室	375	1611618	手术室-分离钳-1/z2060	3	28.0	28.0	warning	special_only 未命中特色规则
手术室	376	1611618	手术室-无损伤钳-1/z2060	3	28.0	28.0	warning	special_only 未命中特色规则
手术室	377	1611618	手术室-吸引器-1/双/保/z1550	2	25.0	25.0	warning	special_only 未命中特色规则
手术室	378	1611618	直角钳（低温）-1/z2060	1	28.0	28.0	warning	special_only 未命中特色规则
手术室	379	1611618	迈瑞10毫米30度镜头-1/z2060	1	28.0	28.0	warning	special_only 未命中特色规则
手术室	380	1611618	沈大10MM30度镜头-1/z2060	1	28.0	28.0	warning	special_only 未命中特色规则
手术室	381	1611673	腹腔镜包	1	118.0	118.0	warning	special_only 未命中特色规则
手术室	382	1611673	缝合包	2	63.0	63.0	warning	special_only 未命中特色规则
手术室	383	1611673	持物钳罐(钳子放外边)-2/W6050	1	16.5	16.5	warning	special_only 未命中特色规则
手术室	384	1611673	手术室-腹膜钳-3/W6050	1	16.5	16.5	warning	special_only 未命中特色规则
手术室	385	1611692	可吸收施夹器-1/双Z2060	1	28.0	28.0	warning	special_only 未命中特色规则
手术室	386	1611692	手术室-电凝钩导线-2/z2060	1	44.0	44.0	warning	special_only 未命中特色规则
手术室	387	1611692	手术室-分离钳-1/z2060	1	28.0	28.0	warning	special_only 未命中特色规则
手术室	388	1611692	手术室-剪刀（低温）-1/z2060	1	28.0	28.0	warning	special_only 未命中特色规则
手术室	389	1611692	手术室-阑尾钳-1/z2060	1	28.0	28.0	warning	special_only 未命中特色规则
手术室	390	1611692	手术室-无损伤钳-1/z2060	1	28.0	28.0	warning	special_only 未命中特色规则
手术室	391	1611692	手术室-吸引器-1/双/保/z1550	1	25.0	25.0	warning	special_only 未命中特色规则
手术室	392	1611692	沈大10MM30度镜头-1/z2060	1	28.0	28.0	warning	special_only 未命中特色规则
手术室	393	1611918	腹腔镜包	2	118.0	118.0	warning	special_only 未命中特色规则
手术室	394	1611918	器械包-47件	1	272.0	272.0	warning	special_only 未命中特色规则
手术室	395	1611918	器械包-62件	1	354.5	354.5	warning	special_only 未命中特色规则
手术室	396	1611918	手术室-骨科包	1	217.0	217.0	warning	special_only 未命中特色规则
手术室	397	1611918	带螺纹内热针（1.1*80）-20件/z7530	8	22.0	22.0	warning	special_only 未命中特色规则
手术室	398	1611918	缝合包	2	63.0	63.0	warning	special_only 未命中特色规则
手术室	399	1611918	持物钳罐(钳子放外边)-2/W6050	8	16.5	16.5	warning	special_only 未命中特色规则
手术室	400	1611918	凿子（头宽15）-1/w6050	1	16.5	16.5	warning	special_only 未命中特色规则
手术室	401	1611931	可吸收施夹器-1/双Z2060	1	28.0	28.0	warning	special_only 未命中特色规则
手术室	402	1611931	手术室-低温剪刀-1/z2060	1	28.0	28.0	warning	special_only 未命中特色规则
手术室	403	1611931	手术室-弯钳-1/z2060	2	28.0	28.0	warning	special_only 未命中特色规则
手术室	404	1611931	手术室-无损伤钳-1/z2060	2	28.0	28.0	warning	special_only 未命中特色规则
手术室	405	1611931	手术室-吸引器-1/双/保/z1550	2	25.0	25.0	warning	special_only 未命中特色规则
手术室	406	1611931	沈大10MM30度镜头-1/z2060	2	28.0	28.0	warning	special_only 未命中特色规则
手术室	407	1612080	腹腔镜包	3	118.0	118.0	warning	special_only 未命中特色规则
手术室	408	1612080	持针器（高温）-1/z1035	1	8.0	8.0	warning	special_only 未命中特色规则
手术室	409	1612080	缝合包	3	63.0	63.0	warning	special_only 未命中特色规则
手术室	410	1612080	持物钳罐(钳子放外边)-2/W6050	6	16.5	16.5	warning	special_only 未命中特色规则
手术室	411	1612080	贺凯-2/W6050	2	16.5	16.5	warning	special_only 未命中特色规则
手术室	412	1612080	手术室-甲状腺拉钩-2/W6050	1	16.5	16.5	warning	special_only 未命中特色规则
手术室	413	1612080	手术室-蚊式-4/W6050	2	22.0	22.0	warning	special_only 未命中特色规则
手术室	414	1612102	可吸收施夹器-1/双Z2060	1	28.0	28.0	warning	special_only 未命中特色规则
手术室	415	1612102	手术室-分离钳-1/z2060	2	28.0	28.0	warning	special_only 未命中特色规则
手术室	416	1612102	手术室-无损伤钳-1/z2060	3	28.0	28.0	warning	special_only 未命中特色规则
手术室	417	1612102	手术室-吸引器-1/双/保/z1550	1	25.0	25.0	warning	special_only 未命中特色规则
手术室	418	1612102	沈大10MM30度镜头-1/z2060	3	28.0	28.0	warning	special_only 未命中特色规则
手术室	419	1612105	手术室-分离钳-1/z2060	1	28.0	28.0	warning	special_only 未命中特色规则
手术室	420	1612155	腹腔镜包	3	118.0	118.0	warning	special_only 未命中特色规则
手术室	421	1612155	痔疮包	1	123.5	123.5	warning	special_only 未命中特色规则
手术室	422	1612155	大隐静脉包	1	93.5	93.5	warning	special_only 未命中特色规则
手术室	423	1612155	缝合包	2	63.0	63.0	warning	special_only 未命中特色规则
手术室	424	1612155	持物钳罐(钳子放外边)-2/W6050	6	16.5	16.5	warning	special_only 未命中特色规则
手术室	425	1612155	骨电钻-4/W705060	1	22.0	22.0	warning	special_only 未命中特色规则
手术室	426	1612155	克氏钳-1/w6050	1	16.5	16.5	warning	special_only 未命中特色规则
手术室	427	1612155	盆-1/W7050	1	16.5	16.5	warning	special_only 未命中特色规则
手术室	428	1612178	30度镜-10mm（沈大）/z2060	1	28.0	28.0	warning	special_only 未命中特色规则
手术室	429	1612178	可吸收施夹器-1/双Z2060	1	28.0	28.0	warning	special_only 未命中特色规则
手术室	430	1612178	手术室-电凝钩导线-2/z2060	1	44.0	44.0	warning	special_only 未命中特色规则
手术室	431	1612178	手术室-分离钳-1/z2060	3	28.0	28.0	warning	special_only 未命中特色规则
手术室	432	1612178	手术室-剪刀（低温）-1/z2060	2	28.0	28.0	warning	special_only 未命中特色规则
手术室	433	1612178	手术室-无损伤钳-1/z2060	3	28.0	28.0	warning	special_only 未命中特色规则
手术室	434	1612178	手术室-吸引器-1/双/保/z1550	1	25.0	25.0	warning	special_only 未命中特色规则
手术室	435	1612178	双极电凝1 双极导线1/z2060	1	44.0	44.0	warning	special_only 未命中特色规则
手术室	436	1612178	镜头10mm-30度（STORZ）/贵重z2060	1	28.0	28.0	warning	special_only 未命中特色规则
手术室	437	1612178	迈瑞10毫米30度镜头-1/z2060	1	28.0	28.0	warning	special_only 未命中特色规则
手术室	438	1612377	腹腔镜包	2	118.0	118.0	warning	special_only 未命中特色规则
手术室	439	1612377	器械包-47件	1	272.0	272.0	warning	special_only 未命中特色规则
手术室	440	1612377	带螺纹内热针（1.1*80）-20件/z7530	5	22.0	22.0	warning	special_only 未命中特色规则
手术室	441	1612377	组织钳-1/z1029	1	8.0	8.0	warning	special_only 未命中特色规则
手术室	442	1612377	缝合包	2	63.0	63.0	warning	special_only 未命中特色规则
手术室	443	1612377	持物钳罐(钳子放外边)-2/W6050	7	16.5	16.5	warning	special_only 未命中特色规则
手术室	444	1612377	骨膜剥离质-1/保/W6050	1	16.5	16.5	warning	special_only 未命中特色规则
手术室	445	1612377	盆-1/W7050	1	16.5	16.5	warning	special_only 未命中特色规则
手术室	446	1612377	手术室-小S拉钩-2/W6050	1	16.5	16.5	warning	special_only 未命中特色规则
手术室	447	1612377	碗盘-2/W6050	1	16.5	16.5	warning	special_only 未命中特色规则
手术室	448	1612383	止血带-9（只消毒不灭菌）	1	8.0	8.0	warning	special_only 未命中特色规则
手术室	449	1612383	骨电钻-4件（盒1）/W905060	1	27.5	27.5	warning	special_only 未命中特色规则
手术室	450	1612453	30度镜-10mm（沈大）/z2060	1	28.0	28.0	warning	special_only 未命中特色规则
手术室	451	1612453	戳卡4（3芯），转换器1/双z2030	1	88.0	88.0	warning	special_only 未命中特色规则
手术室	452	1612453	康基连发施夹钳（紫）-1/保/Z2060	1	28.0	28.0	warning	special_only 未命中特色规则
手术室	453	1612453	可吸收施夹器-1/双Z2060	1	28.0	28.0	warning	special_only 未命中特色规则
手术室	454	1612453	气腹针-1/z1030	2	22.0	22.0	warning	special_only 未命中特色规则
手术室	455	1612453	施夹器-1/双Z2060	1	28.0	28.0	warning	special_only 未命中特色规则
手术室	456	1612453	手术室-电凝钩导线-2/z2060	1	44.0	44.0	warning	special_only 未命中特色规则
手术室	457	1612453	手术室-分离钳-1/z2060	2	28.0	28.0	warning	special_only 未命中特色规则
手术室	458	1612453	手术室-剪刀（低温）-1/z2060	2	28.0	28.0	warning	special_only 未命中特色规则
手术室	459	1612453	手术室-无损伤钳-1/z2060	2	28.0	28.0	warning	special_only 未命中特色规则
手术室	460	1612453	手术室-吸引器-1/双/保/z1550	3	25.0	25.0	warning	special_only 未命中特色规则
手术室	461	1612453	沈大10MM30度镜头-1/z2060	2	28.0	28.0	warning	special_only 未命中特色规则
手术室	462	1612477	套袖-1/W12050	1	35.0	35.0	warning	special_only 未命中特色规则
手术室	463	1612699	骨电钻-4/W705060	1	22.0	22.0	warning	special_only 未命中特色规则
手术室	464	1612699	骨电钻-4件（盒1）/W905060	1	27.5	27.5	warning	special_only 未命中特色规则
手术室	465	1612737	刮宫包（10件）	1	68.5	68.5	warning	special_only 未命中特色规则
手术室	466	1612737	器械包-47件	1	272.0	272.0	warning	special_only 未命中特色规则
手术室	467	1612737	手术室-骨科包	1	217.0	217.0	warning	special_only 未命中特色规则
手术室	468	1612737	螺丝刀2.5六角-1/（保）z1035	1	8.0	8.0	warning	special_only 未命中特色规则
手术室	469	1612737	白内障显微器械-11件，盒1	2	66.0	66.0	warning	special_only 未命中特色规则
手术室	470	1612737	缝合包	1	63.0	63.0	warning	special_only 未命中特色规则
手术室	471	1612737	双眼注药包-5（带盒6）	1	33.0	33.0	warning	special_only 未命中特色规则
手术室	472	1612737	眼科超乳手术包	1	60.5	60.5	warning	special_only 未命中特色规则
手术室	473	1612737	眼科超乳手术包9件	1	55.0	55.0	warning	special_only 未命中特色规则
手术室	474	1612737	眼科注药-4（带盒5）	1	27.5	27.5	warning	special_only 未命中特色规则
手术室	475	1612737	盆-1/W7050	1	16.5	16.5	warning	special_only 未命中特色规则
手术室	476	1612737	手术室-蚊式-4/W6050	1	22.0	22.0	warning	special_only 未命中特色规则
手术室	477	1612737	碗盘-2/W6050	2	16.5	16.5	warning	special_only 未命中特色规则
手术室	478	1612813	腹腔镜包	1	118.0	118.0	warning	special_only 未命中特色规则
手术室	479	1612813	刮宫包（10件）	1	68.5	68.5	warning	special_only 未命中特色规则
手术室	480	1612813	器械包-47件	1	272.0	272.0	warning	special_only 未命中特色规则
手术室	481	1612813	钇嵩上肢器械（23件，148钉）	1	332.0	332.0	warning	special_only 未命中特色规则
手术室	482	1612813	痔疮包	1	123.5	123.5	warning	special_only 未命中特色规则
手术室	483	1612813	空骨电钻-5件1盒/w905060	1	33.0	33.0	warning	special_only 未命中特色规则
手术室	484	1612813	钢板-6/双z7526	1	33.0	33.0	warning	special_only 未命中特色规则
手术室	485	1612813	劈核勾-1/z7530	2	8.0	8.0	warning	special_only 未命中特色规则
手术室	486	1612813	手刷-2/z1526	2	16.5	16.5	warning	special_only 未命中特色规则
手术室	487	1612813	大隐静脉包	1	93.5	93.5	warning	special_only 未命中特色规则
手术室	488	1612813	持物钳罐(钳子放外边)-2/W6050	10	16.5	16.5	warning	special_only 未命中特色规则
手术室	489	1612813	锤子-1/W6050	1	16.5	16.5	warning	special_only 未命中特色规则
手术室	490	1612813	董金辉复位器械-10/W6050	1	55.0	55.0	warning	special_only 未命中特色规则
手术室	491	1612813	妇科扩棒-9/w6050	1	49.5	49.5	warning	special_only 未命中特色规则
手术室	492	1612813	肛肠-3件/W6050	1	16.5	16.5	warning	special_only 未命中特色规则
手术室	493	1612813	骨电钻-4件（盒1）/W905060	1	27.5	27.5	warning	special_only 未命中特色规则
手术室	494	1612813	骨膜剥离质-1/保/W6050	3	16.5	16.5	warning	special_only 未命中特色规则
手术室	495	1612813	克氏钳-1/w6050	2	16.5	16.5	warning	special_only 未命中特色规则
手术室	496	1612813	盆-1/W7050	2	16.5	16.5	warning	special_only 未命中特色规则
手术室	497	1612813	手术室-钢丝剪-1/W6050	1	16.5	16.5	warning	special_only 未命中特色规则
手术室	498	1612813	手术室-小S拉钩-2/W6050	1	16.5	16.5	warning	special_only 未命中特色规则
手术室	499	1612813	眼科显微镜套-6件/W6050	2	33.0	33.0	warning	special_only 未命中特色规则
手术室	500	1612813	钇嵩取出3件/W6050	1	16.5	16.5	warning	special_only 未命中特色规则
手术室	501	1612813	凿子（头宽10）-1/w6050	1	16.5	16.5	warning	special_only 未命中特色规则
手术室	502	1612813	凿子（头宽15）-1/w6050	1	16.5	16.5	warning	special_only 未命中特色规则
手术室	504	1612845	可吸收施夹器-1/双Z2060	1	28.0	28.0	warning	special_only 未命中特色规则
手术室	505	1612845	手术室-分离钳-1/z2060	1	28.0	28.0	warning	special_only 未命中特色规则
手术室	506	1612845	手术室-水管-1/w7050	1	35.0	35.0	warning	special_only 未命中特色规则
手术室	507	1612845	手术室-无损伤钳-1/z2060	1	28.0	28.0	warning	special_only 未命中特色规则
手术室	508	1612845	手术室-吸引器-1/双/保/z1550	1	25.0	25.0	warning	special_only 未命中特色规则
手术室	509	1612845	狼牌电切镜(有内层转换帽)-1/z2060	1	28.0	28.0	warning	special_only 未命中特色规则
手术室	510	1612845	狼牌电切镜组件-5/w12050	1	88.0	88.0	warning	special_only 未命中特色规则
手术室	511	1612845	沈大10MM30度镜头-1/z2060	1	28.0	28.0	warning	special_only 未命中特色规则
手术室	512	1612936	劈核勾-1/z7530	2	8.0	8.0	warning	special_only 未命中特色规则
手术室	513	1612936	眼科显微镜套-6件/W6050	2	33.0	33.0	warning	special_only 未命中特色规则
手术室	514	1612936	钇嵩取出3件/W6050	1	16.5	16.5	warning	special_only 未命中特色规则
手术室	515	1613003	腹腔镜包	1	118.0	118.0	warning	special_only 未命中特色规则
手术室	516	1613003	钢板-6/双z7526	1	33.0	33.0	warning	special_only 未命中特色规则
手术室	517	1613003	大隐静脉包	1	93.5	93.5	warning	special_only 未命中特色规则
手术室	518	1613003	锤子-1/W6050	1	16.5	16.5	warning	special_only 未命中特色规则
手术室	519	1613003	董金辉复位器械-10/W6050	1	55.0	55.0	warning	special_only 未命中特色规则
手术室	520	1613003	妇科扩棒-9/w6050	1	49.5	49.5	warning	special_only 未命中特色规则
手术室	521	1613003	骨膜剥离质-1/保/W6050	3	16.5	16.5	warning	special_only 未命中特色规则
手术室	522	1613003	克氏钳-1/w6050	2	16.5	16.5	warning	special_only 未命中特色规则
手术室	523	1613003	盆-1/W7050	1	16.5	16.5	warning	special_only 未命中特色规则
手术室	524	1613003	手术室-钢丝剪-1/W6050	1	16.5	16.5	warning	special_only 未命中特色规则
手术室	525	1613003	手术室-小S拉钩-2/W6050	1	16.5	16.5	warning	special_only 未命中特色规则
手术室	526	1613003	凿子（头宽10）-1/w6050	1	16.5	16.5	warning	special_only 未命中特色规则
手术室	527	1613003	凿子（头宽15）-1/w6050	1	16.5	16.5	warning	special_only 未命中特色规则
手术室	528	1613193	腹腔镜包	3	118.0	118.0	warning	special_only 未命中特色规则
手术室	529	1613193	刮宫包（10件）	1	68.5	68.5	warning	special_only 未命中特色规则
手术室	530	1613193	器械包-47件	1	272.0	272.0	warning	special_only 未命中特色规则
手术室	531	1613193	带螺纹内热针（1.1*100）-20件/z7530	1	22.0	22.0	warning	special_only 未命中特色规则
手术室	532	1613193	带螺纹内热针（1.1*80）-20件/z7530	13	22.0	22.0	warning	special_only 未命中特色规则
手术室	533	1613193	妇科刮匙-1/z7537	1	8.0	8.0	warning	special_only 未命中特色规则
手术室	534	1613193	晶体植入镊-1/Z7526	1	8.0	8.0	warning	special_only 未命中特色规则
手术室	535	1613193	眼科人工晶体推送器-1/Z7526	1	8.0	8.0	warning	special_only 未命中特色规则
手术室	536	1613193	组织钳-1/z1029	1	8.0	8.0	warning	special_only 未命中特色规则
手术室	537	1613193	白内障显微器械-11件，盒1	1	66.0	66.0	warning	special_only 未命中特色规则
手术室	538	1613193	缝合包	3	63.0	63.0	warning	special_only 未命中特色规则
手术室	539	1613193	眼科超乳手术包	1	60.5	60.5	warning	special_only 未命中特色规则
手术室	540	1613193	持物钳罐(钳子放外边)-2/W6050	9	16.5	16.5	warning	special_only 未命中特色规则
手术室	541	1613193	妇科扩棒-8/w6050	1	44.0	44.0	warning	special_only 未命中特色规则
手术室	542	1613193	骨电钻-4/W705060	1	22.0	22.0	warning	special_only 未命中特色规则
手术室	543	1613193	盆-1/W7050	1	16.5	16.5	warning	special_only 未命中特色规则
手术室	544	1613193	手术室-钢丝剪-1/W6050	1	16.5	16.5	warning	special_only 未命中特色规则
手术室	545	1613193	碗盘-2/W6050	2	16.5	16.5	warning	special_only 未命中特色规则
手术室	546	1613193	眼科显微镜套-4件/W6050	1	22.0	22.0	warning	special_only 未命中特色规则
手术室	547	1613193	眼科显微镜套-6件/W6050	1	33.0	33.0	warning	special_only 未命中特色规则
手术室	548	1613246	30度镜-10mm（沈大）/z2060	1	28.0	28.0	warning	special_only 未命中特色规则
手术室	549	1613246	戳卡4（2芯），转换器1/双z2030	1	88.0	88.0	warning	special_only 未命中特色规则
手术室	550	1613246	可吸收施夹器-1/双Z2060	1	28.0	28.0	warning	special_only 未命中特色规则
手术室	551	1613246	气腹针-1/z1030	1	22.0	22.0	warning	special_only 未命中特色规则
手术室	552	1613246	手术室-持针器-1/双/z1560	1	25.0	25.0	warning	special_only 未命中特色规则
手术室	553	1613246	手术室-分离钳-1/z2060	3	28.0	28.0	warning	special_only 未命中特色规则
手术室	554	1613246	手术室-剪刀（低温）-1/z2060	2	28.0	28.0	warning	special_only 未命中特色规则
手术室	555	1613246	手术室-水管-1/w7050	1	35.0	35.0	warning	special_only 未命中特色规则
手术室	556	1613246	手术室-无损伤钳-1/z2060	3	28.0	28.0	warning	special_only 未命中特色规则
手术室	557	1613246	手术室-吸引器-1/双/保/z1550	2	25.0	25.0	warning	special_only 未命中特色规则
手术室	558	1613246	狼牌电切镜(有内层转换帽)-1/z2060	1	28.0	28.0	warning	special_only 未命中特色规则
手术室	559	1613246	狼牌电切镜组件-5/w12050	1	88.0	88.0	warning	special_only 未命中特色规则
手术室	560	1613246	沈大10MM30度镜头-1/z2060	2	28.0	28.0	warning	special_only 未命中特色规则
手术室	561	1613609	腹腔镜包	1	118.0	118.0	warning	special_only 未命中特色规则
手术室	562	1613609	器械包-47件	2	272.0	272.0	warning	special_only 未命中特色规则
手术室	563	1613609	手术室-骨科包	1	217.0	217.0	warning	special_only 未命中特色规则
手术室	564	1613609	手术室-探查包一（1/2）	1	415.0	415.0	warning	special_only 未命中特色规则
手术室	565	1613609	手术室-探查包一(2/2)	1	52.0	52.0	warning	special_only 未命中特色规则
手术室	566	1613609	手刷-2/z1526	4	16.5	16.5	warning	special_only 未命中特色规则
手术室	567	1613609	组织钳-1/z1029	1	8.0	8.0	warning	special_only 未命中特色规则
手术室	568	1613609	缝合包	1	63.0	63.0	warning	special_only 未命中特色规则
手术室	569	1613609	持物钳罐(钳子放外边)-2/W6050	5	16.5	16.5	warning	special_only 未命中特色规则
手术室	570	1613609	骨电钻-4件（盒1）/W905060	1	27.5	27.5	warning	special_only 未命中特色规则
手术室	571	1613609	骨膜剥离质-1/保/W6050	2	16.5	16.5	warning	special_only 未命中特色规则
手术室	572	1613609	克氏钳-1/w6050	1	16.5	16.5	warning	special_only 未命中特色规则
手术室	573	1613609	盆-1/W7050	2	16.5	16.5	warning	special_only 未命中特色规则
手术室	574	1613609	咬骨钳-1/W6050	1	16.5	16.5	warning	special_only 未命中特色规则
手术室	575	1613609	凿子（头宽15）-1/w6050	1	16.5	16.5	warning	special_only 未命中特色规则
手术室	576	1613611	持物钳罐(钳子放外边)-2/W6050	1	16.5	16.5	warning	special_only 未命中特色规则
手术室	577	1613617	可吸收施夹器-1/双Z2060	1	28.0	28.0	warning	special_only 未命中特色规则
手术室	578	1613617	手术室-分离钳-1/z2060	1	28.0	28.0	warning	special_only 未命中特色规则
手术室	579	1613617	手术室-无损伤钳-1/z2060	1	28.0	28.0	warning	special_only 未命中特色规则
手术室	580	1613617	手术室-吸引器-1/双/保/z1550	1	25.0	25.0	warning	special_only 未命中特色规则
手术室	581	1613617	沈大10MM30度镜头-1/z2060	1	28.0	28.0	warning	special_only 未命中特色规则
手术室	582	1613697	可吸收施夹器-1/双Z2060	1	28.0	28.0	warning	special_only 未命中特色规则
手术室	583	1613697	手术室-分离钳-1/z2060	1	28.0	28.0	warning	special_only 未命中特色规则
手术室	584	1613697	手术室-无损伤钳-1/z2060	1	28.0	28.0	warning	special_only 未命中特色规则
手术室	585	1613697	沈大10MM30度镜头-1/z2060	1	28.0	28.0	warning	special_only 未命中特色规则
手术室	586	1613701	腹腔镜包	1	118.0	118.0	warning	special_only 未命中特色规则
手术室	587	1613701	缝合包	2	63.0	63.0	warning	special_only 未命中特色规则
手术室	588	1613701	持物钳罐(钳子放外边)-2/W6050	3	16.5	16.5	warning	special_only 未命中特色规则
手术室	589	1613701	盆-1/W7050	1	16.5	16.5	warning	special_only 未命中特色规则
手术室	590	1613827	30度镜-10mm（沈大）/z2060	1	28.0	28.0	warning	special_only 未命中特色规则
手术室	591	1613827	可吸收施夹器-1/双Z2060	3	28.0	28.0	warning	special_only 未命中特色规则
手术室	592	1613827	手术室-低温剪刀-1/z2060	1	28.0	28.0	warning	special_only 未命中特色规则
手术室	593	1613827	手术室-电凝钩导线-2/z2060	3	44.0	44.0	warning	special_only 未命中特色规则
手术室	594	1613827	手术室-分离钳-1/z2060	3	28.0	28.0	warning	special_only 未命中特色规则
手术室	595	1613827	手术室-剪刀（低温）-1/z2060	2	28.0	28.0	warning	special_only 未命中特色规则
手术室	596	1613827	手术室-无损伤钳-1/z2060	3	28.0	28.0	warning	special_only 未命中特色规则
手术室	597	1613827	手术室-吸引器-1/双/保/z1550	2	25.0	25.0	warning	special_only 未命中特色规则
手术室	598	1613827	沈大10MM30度镜头-1/z2060	2	28.0	28.0	warning	special_only 未命中特色规则
手术室	599	1613832	腹腔镜包	3	118.0	118.0	warning	special_only 未命中特色规则
手术室	600	1613832	剪刀-1/z1029	1	8.0	8.0	warning	special_only 未命中特色规则
手术室	601	1613832	缝合包	2	63.0	63.0	warning	special_only 未命中特色规则
手术室	602	1613832	持物钳罐(钳子放外边)-2/W6050	6	16.5	16.5	warning	special_only 未命中特色规则
手术室	603	1613885	腹腔镜包	2	118.0	118.0	warning	special_only 未命中特色规则
手术室	604	1613885	器械包-47件	1	272.0	272.0	warning	special_only 未命中特色规则
手术室	605	1613885	缝合包	1	63.0	63.0	warning	special_only 未命中特色规则
手术室	606	1613885	持物钳罐(钳子放外边)-2/W6050	5	16.5	16.5	warning	special_only 未命中特色规则
手术室	607	1613885	骨电钻-4件（盒1）/W905060	1	27.5	27.5	warning	special_only 未命中特色规则
手术室	608	1613885	骨膜剥离质-1/保/W6050	1	16.5	16.5	warning	special_only 未命中特色规则
手术室	609	1613885	克氏钳-1/w6050	1	16.5	16.5	warning	special_only 未命中特色规则
手术室	610	1613885	手术室-钢丝剪-1/W6050	1	16.5	16.5	warning	special_only 未命中特色规则
手术室	611	1613885	碗盘-2/W6050	1	16.5	16.5	warning	special_only 未命中特色规则
手术室	612	1613925	手术室-低温剪刀-1/z2060	1	28.0	28.0	warning	special_only 未命中特色规则
手术室	613	1613925	手术室-分离钳-1/z2060	3	28.0	28.0	warning	special_only 未命中特色规则
手术室	614	1613925	手术室-无损伤钳-1/z2060	2	28.0	28.0	warning	special_only 未命中特色规则
手术室	615	1613925	手术室-吸引器-1/双/保/z1550	1	25.0	25.0	warning	special_only 未命中特色规则
手术室	616	1613925	镜头10mm-30度（STORZ）/贵重z2060	1	28.0	28.0	warning	special_only 未命中特色规则
手术室	617	1613925	沈大10MM30度镜头-1/z2060	1	28.0	28.0	warning	special_only 未命中特色规则
手术室	618	1614208	腹腔镜包	2	118.0	118.0	warning	special_only 未命中特色规则
手术室	619	1614208	手术室-脑科包	1	321.5	321.5	warning	special_only 未命中特色规则
手术室	620	1614208	手刷-2/z1526	1	16.5	16.5	warning	special_only 未命中特色规则
手术室	621	1614208	手刷-3件/Z1526	1	16.5	16.5	warning	special_only 未命中特色规则
手术室	622	1614208	缝合包	1	63.0	63.0	warning	special_only 未命中特色规则
手术室	623	1614208	持物钳罐(钳子放外边)-2/W6050	5	16.5	16.5	warning	special_only 未命中特色规则
手术室	624	1614208	脑科螺丝刀-2/W6050	1	16.5	16.5	warning	special_only 未命中特色规则
手术室	625	1614208	盆-1/W7050	1	16.5	16.5	warning	special_only 未命中特色规则
手术室	626	1614208	碗盘-2/W6050	1	16.5	16.5	warning	special_only 未命中特色规则
手术室	627	1614208	西山铣刀  磨钻-4/W6050	1	22.0	22.0	warning	special_only 未命中特色规则
手术室	628	1614211	止血带-10（只消毒不灭菌）	1	8.0	8.0	warning	special_only 未命中特色规则
手术室	629	1614218	30度镜-10mm（沈大）/z2060	1	28.0	28.0	warning	special_only 未命中特色规则
手术室	630	1614218	可吸收施夹器-1/双Z2060	2	28.0	28.0	warning	special_only 未命中特色规则
手术室	631	1614218	手术室-电凝钩导线-2/z2060	1	44.0	44.0	warning	special_only 未命中特色规则
手术室	632	1614218	手术室-分离钳-1/z2060	2	28.0	28.0	warning	special_only 未命中特色规则
手术室	633	1614218	手术室-剪刀（低温）-1/z2060	1	28.0	28.0	warning	special_only 未命中特色规则
手术室	634	1614218	手术室-无损伤钳-1/z2060	2	28.0	28.0	warning	special_only 未命中特色规则
手术室	635	1614218	手术室-吸引器-1/双/保/z1550	1	25.0	25.0	warning	special_only 未命中特色规则
手术室	636	1614218	脑科TianSong 0°镜头 -1/z2060	1	28.0	28.0	warning	special_only 未命中特色规则
手术室	637	1614218	沈大10MM30度镜头-1/z2060	1	28.0	28.0	warning	special_only 未命中特色规则
手术室	638	1614292	腹腔镜包	1	118.0	118.0	warning	special_only 未命中特色规则
手术室	639	1614292	缝合包	1	63.0	63.0	warning	special_only 未命中特色规则
手术室	640	1614292	持物钳罐(钳子放外边)-2/W6050	1	16.5	16.5	warning	special_only 未命中特色规则
手术室	641	1614316	可吸收施夹器-1/双Z2060	1	28.0	28.0	warning	special_only 未命中特色规则
手术室	642	1614316	手术室-分离钳-1/z2060	1	28.0	28.0	warning	special_only 未命中特色规则
手术室	643	1614316	手术室-无损伤钳-1/z2060	1	28.0	28.0	warning	special_only 未命中特色规则
手术室	644	1614316	手术室-吸引器-1/双/保/z1550	1	25.0	25.0	warning	special_only 未命中特色规则
手术室	645	1614316	吕德宇-13件（低温）	1	231.0	231.0	warning	special_only 未命中特色规则
手术室	646	1614527	腹腔镜包	1	118.0	118.0	warning	special_only 未命中特色规则
手术室	647	1614527	手术室-骨科包	1	217.0	217.0	warning	special_only 未命中特色规则
手术室	648	1614527	痔疮包	1	123.5	123.5	warning	special_only 未命中特色规则
手术室	649	1614527	白内障显微器械-11件，盒1	1	66.0	66.0	warning	special_only 未命中特色规则
手术室	650	1614527	大隐静脉包	1	93.5	93.5	warning	special_only 未命中特色规则
手术室	651	1614527	眼科注药-4（带盒5）	2	27.5	27.5	warning	special_only 未命中特色规则
手术室	652	1614527	持物钳罐(钳子放外边)-2/W6050	7	16.5	16.5	warning	special_only 未命中特色规则
手术室	653	1614527	克氏钳-1/w6050	1	16.5	16.5	warning	special_only 未命中特色规则
手术室	654	1614527	盆-1/W7050	1	16.5	16.5	warning	special_only 未命中特色规则
手术室	655	1614527	眼科显微镜套-6件/W6050	1	33.0	33.0	warning	special_only 未命中特色规则
手术室	656	1614582	器械包-43件	1	250.0	250.0	warning	special_only 未命中特色规则
手术室	657	1614582	钇嵩上肢器械（23件，148钉）	1	332.0	332.0	warning	special_only 未命中特色规则
手术室	658	1614582	崔老师器械-1/Z1029	1	8.0	8.0	warning	special_only 未命中特色规则
手术室	659	1614582	钢板-6/双z7526	1	33.0	33.0	warning	special_only 未命中特色规则
手术室	660	1614582	劈核勾-1/z7530	1	8.0	8.0	warning	special_only 未命中特色规则
手术室	661	1614582	钇嵩2.7器械 （150钉 15件 3针）	1	304.5	304.5	warning	special_only 未命中特色规则
手术室	662	1614582	缝合包	2	63.0	63.0	warning	special_only 未命中特色规则
手术室	663	1614582	眼科超乳手术包	1	60.5	60.5	warning	special_only 未命中特色规则
手术室	664	1614582	持物钳罐(钳子放外边)-2/W6050	3	16.5	16.5	warning	special_only 未命中特色规则
手术室	665	1614582	骨电钻-4件（盒1）/W905060	1	27.5	27.5	warning	special_only 未命中特色规则
手术室	666	1614582	盆-1/W7050	1	16.5	16.5	warning	special_only 未命中特色规则
手术室	667	1614582	手术室-蚊式-4/W6050	1	22.0	22.0	warning	special_only 未命中特色规则
手术室	668	1614582	咬骨钳-1/W6050	1	16.5	16.5	warning	special_only 未命中特色规则
手术室	669	1614597	可吸收施夹器-1/双Z2060	1	28.0	28.0	warning	special_only 未命中特色规则
手术室	670	1614597	施夹器-1/双Z2060	1	28.0	28.0	warning	special_only 未命中特色规则
手术室	671	1614597	手术室-持针器-1/双/z1560	1	25.0	25.0	warning	special_only 未命中特色规则
手术室	672	1614597	手术室-低温剪刀-1/z2060	1	28.0	28.0	warning	special_only 未命中特色规则
手术室	673	1614597	手术室-电凝钩导线-2/z2060	1	44.0	44.0	warning	special_only 未命中特色规则
手术室	674	1614597	手术室-分离钳-1/z2060	1	28.0	28.0	warning	special_only 未命中特色规则
手术室	675	1614597	手术室-无损伤钳-1/z2060	1	28.0	28.0	warning	special_only 未命中特色规则
手术室	676	1614597	迈瑞10毫米30度镜头-1/z2060	1	28.0	28.0	warning	special_only 未命中特色规则
手术室	677	1614939	腹腔镜包	1	118.0	118.0	warning	special_only 未命中特色规则
手术室	678	1614939	器械包-43件	1	250.0	250.0	warning	special_only 未命中特色规则
手术室	679	1614939	器械包-47件	2	272.0	272.0	warning	special_only 未命中特色规则
手术室	680	1614939	痔疮包	2	123.5	123.5	warning	special_only 未命中特色规则
手术室	681	1614939	崔老师器械-1/Z1029	1	8.0	8.0	warning	special_only 未命中特色规则
手术室	682	1614939	带螺纹内热针（1.1*80）-20件/z7530	13	22.0	22.0	warning	special_only 未命中特色规则
手术室	683	1614939	钢丝-1/Z1526	1	11.0	11.0	warning	special_only 未命中特色规则
手术室	684	1614939	眼套-4/Z2530	1	22.0	22.0	warning	special_only 未命中特色规则
手术室	685	1614939	组织钳-1/z1029	2	8.0	8.0	warning	special_only 未命中特色规则
手术室	686	1614939	白内障显微器械-11件，盒1	1	66.0	66.0	warning	special_only 未命中特色规则
手术室	687	1614939	大隐静脉包	1	93.5	93.5	warning	special_only 未命中特色规则
手术室	688	1614939	缝合包	3	63.0	63.0	warning	special_only 未命中特色规则
手术室	689	1614939	眼科超乳手术包	1	60.5	60.5	warning	special_only 未命中特色规则
手术室	690	1614939	持物钳罐(钳子放外边)-2/W6050	11	16.5	16.5	warning	special_only 未命中特色规则
手术室	691	1614939	肛肠-3件/W6050	1	16.5	16.5	warning	special_only 未命中特色规则
手术室	692	1614939	骨电钻-4件（盒1）/W905060	1	27.5	27.5	warning	special_only 未命中特色规则
手术室	693	1614939	骨科刮匙-1/W6050	1	16.5	16.5	warning	special_only 未命中特色规则
手术室	694	1614939	骨膜剥离质-1/保/W6050	2	16.5	16.5	warning	special_only 未命中特色规则
手术室	695	1614939	肌钩-2/W6050	2	16.5	16.5	warning	special_only 未命中特色规则
手术室	696	1614939	克氏针折弯器-1/w6050	1	16.5	16.5	warning	special_only 未命中特色规则
手术室	697	1614939	盆-1/W7050	2	16.5	16.5	warning	special_only 未命中特色规则
手术室	698	1614939	手术室-钢丝剪-1/W6050	1	16.5	16.5	warning	special_only 未命中特色规则
手术室	699	1614939	眼科显微镜套-6件/W6050	1	33.0	33.0	warning	special_only 未命中特色规则
手术室	700	1614939	咬骨钳-1/W6050	1	16.5	16.5	warning	special_only 未命中特色规则
手术室	701	1614961	市二院止血带14个（只消毒）	1		8.0	warning	校正价8.0
手术室	702	1614968	手术室-持针器-1/双/z1560	1	25.0	25.0	warning	special_only 未命中特色规则
手术室	703	1614968	手术室-低温剪刀-1/z2060	1	28.0	28.0	warning	special_only 未命中特色规则
手术室	704	1614968	手术室-电凝钩导线-2/z2060	1	44.0	44.0	warning	special_only 未命中特色规则
手术室	705	1614968	手术室-分离钳-1/z2060	1	28.0	28.0	warning	special_only 未命中特色规则
手术室	706	1614968	手术室-无损伤钳-1/z2060	1	28.0	28.0	warning	special_only 未命中特色规则
手术室	707	1614968	手术室-吸引器-1/双/保/z1550	1	25.0	25.0	warning	special_only 未命中特色规则
手术室	708	1614968	钛夹钳-1件/双/z2060	1	28.0	28.0	warning	special_only 未命中特色规则
手术室	709	1614968	迈瑞10毫米30度镜头-1/z2060	1	28.0	28.0	warning	special_only 未命中特色规则
手术室	710	1615050	腹腔镜包	1	118.0	118.0	warning	special_only 未命中特色规则
手术室	711	1615050	持物钳罐(钳子放外边)-2/W6050	1	16.5	16.5	warning	special_only 未命中特色规则
手术室	712	1615074	可吸收施夹器-1/双Z2060	1	28.0	28.0	warning	special_only 未命中特色规则
手术室	713	1615074	手术室-电凝钩导线-2/z2060	1	44.0	44.0	warning	special_only 未命中特色规则
手术室	714	1615074	手术室-分离钳-1/z2060	1	28.0	28.0	warning	special_only 未命中特色规则
手术室	715	1615074	手术室-剪刀（低温）-1/z2060	1	28.0	28.0	warning	special_only 未命中特色规则
手术室	716	1615074	手术室-无损伤钳-1/z2060	1	28.0	28.0	warning	special_only 未命中特色规则
手术室	717	1615074	沈大10MM30度镜头-1/z2060	1	28.0	28.0	warning	special_only 未命中特色规则
手术室	718	1615320	腹腔镜包	2	118.0	118.0	warning	special_only 未命中特色规则
手术室	719	1615320	器械包-47件	1	272.0	272.0	warning	special_only 未命中特色规则
手术室	720	1615320	痔疮包	3	123.5	123.5	warning	special_only 未命中特色规则
手术室	721	1615320	带螺纹内热针（1.1*100）-20件/z7530	1	22.0	22.0	warning	special_only 未命中特色规则
手术室	722	1615320	带螺纹内热针（1.1*80）-20件/z7530	7	22.0	22.0	warning	special_only 未命中特色规则
手术室	723	1615320	劈核勾-1/z7530	2	8.0	8.0	warning	special_only 未命中特色规则
手术室	724	1615320	手科肌钩-2/Z1026	1	13.5	13.5	warning	special_only 未命中特色规则
手术室	725	1615320	白内障显微器械-11件，盒1	2	66.0	66.0	warning	special_only 未命中特色规则
手术室	726	1615320	双眼注药包-5（带盒6）	1	33.0	33.0	warning	special_only 未命中特色规则
手术室	727	1615320	眼科超乳手术包	2	60.5	60.5	warning	special_only 未命中特色规则
手术室	728	1615320	眼科注药-4（带盒5）	1	27.5	27.5	warning	special_only 未命中特色规则
手术室	729	1615320	持物钳罐(钳子放外边)-2/W6050	12	16.5	16.5	warning	special_only 未命中特色规则
手术室	730	1615320	肛肠-3件/W6050	1	16.5	16.5	warning	special_only 未命中特色规则
手术室	731	1615320	骨科刮匙-1/W6050	2	16.5	16.5	warning	special_only 未命中特色规则
手术室	732	1615320	碗盘-2/W6050	1	16.5	16.5	warning	special_only 未命中特色规则
手术室	733	1615320	眼科显微镜套-6件/W6050	2	33.0	33.0	warning	special_only 未命中特色规则
手术室	734	1615343	30度镜-10mm（沈大）/z2060	1	28.0	28.0	warning	special_only 未命中特色规则
手术室	735	1615343	可吸收施夹器-1/双Z2060	1	28.0	28.0	warning	special_only 未命中特色规则
手术室	736	1615343	施夹器-1/双Z2060	1	28.0	28.0	warning	special_only 未命中特色规则
手术室	737	1615343	手术室-电凝钩导线-2/z2060	1	44.0	44.0	warning	special_only 未命中特色规则
手术室	738	1615343	手术室-分离钳-1/z2060	2	28.0	28.0	warning	special_only 未命中特色规则
手术室	739	1615343	手术室-剪刀（低温）-1/z2060	1	28.0	28.0	warning	special_only 未命中特色规则
手术室	740	1615343	手术室-无损伤钳-1/z2060	3	28.0	28.0	warning	special_only 未命中特色规则
手术室	741	1615343	手术室-吸引器-1/双/保/z1550	1	25.0	25.0	warning	special_only 未命中特色规则
手术室	742	1615343	沈大10MM30度镜头-1/z2060	2	28.0	28.0	warning	special_only 未命中特色规则
手术室	743	1615393	腹腔镜包	2	118.0	118.0	warning	special_only 未命中特色规则
手术室	744	1615393	缝合包	2	63.0	63.0	warning	special_only 未命中特色规则
手术室	745	1615393	持物钳罐(钳子放外边)-2/W6050	4	16.5	16.5	warning	special_only 未命中特色规则
手术室	746	1615408	可吸收施夹器-1/双Z2060	2	28.0	28.0	warning	special_only 未命中特色规则
手术室	747	1615408	手术室-持针器-1/双/z1560	1	25.0	25.0	warning	special_only 未命中特色规则
手术室	748	1615408	手术室-低温剪刀-1/z2060	1	28.0	28.0	warning	special_only 未命中特色规则
手术室	749	1615408	手术室-电凝钩导线-2/z2060	1	44.0	44.0	warning	special_only 未命中特色规则
手术室	750	1615408	手术室-分离钳-1/z2060	2	28.0	28.0	warning	special_only 未命中特色规则
手术室	751	1615408	手术室-剪刀（低温）-1/z2060	1	28.0	28.0	warning	special_only 未命中特色规则
手术室	752	1615408	手术室-无损伤钳-1/z2060	3	28.0	28.0	warning	special_only 未命中特色规则
手术室	753	1615408	手术室-吸引器-1/双/保/z1550	2	25.0	25.0	warning	special_only 未命中特色规则
手术室	754	1615408	直角钳（低温）-1/z2060	2	28.0	28.0	warning	special_only 未命中特色规则
手术室	755	1615408	镜头10mm-30度（STORZ）/贵重z2060	1	28.0	28.0	warning	special_only 未命中特色规则
手术室	756	1615408	迈瑞10毫米30度镜头-1/z2060	1	28.0	28.0	warning	special_only 未命中特色规则
手术室	757	1615623	腹腔镜包	5	118.0	118.0	warning	special_only 未命中特色规则
手术室	758	1615623	手术室-骨科包	1	217.0	217.0	warning	special_only 未命中特色规则
手术室	759	1615623	痔疮包	3	123.5	123.5	warning	special_only 未命中特色规则
手术室	760	1615623	探针-1/Z7526	1	8.0	8.0	warning	special_only 未命中特色规则
手术室	761	1615623	组织钳-1/z1029	1	8.0	8.0	warning	special_only 未命中特色规则
手术室	762	1615623	缝合包	1	63.0	63.0	warning	special_only 未命中特色规则
手术室	763	1615623	持物钳罐(钳子放外边)-2/W6050	11	16.5	16.5	warning	special_only 未命中特色规则
手术室	764	1615623	肛肠-2件/W6050	1	16.5	16.5	warning	special_only 未命中特色规则
手术室	765	1615623	肛肠-3件/W6050	2	16.5	16.5	warning	special_only 未命中特色规则
手术室	766	1615623	骨科刮匙-1/W6050	1	16.5	16.5	warning	special_only 未命中特色规则
手术室	767	1615623	肌钩-2/W6050	1	16.5	16.5	warning	special_only 未命中特色规则
手术室	768	1615623	盆-1/W7050	1	16.5	16.5	warning	special_only 未命中特色规则
手术室	769	1615630	30度镜-10mm（沈大）/z2060	1	28.0	28.0	warning	special_only 未命中特色规则
手术室	770	1615630	可吸收施夹器-1/双Z2060	2	28.0	28.0	warning	special_only 未命中特色规则
手术室	771	1615630	手术室-持针器-1/双/z1560	2	25.0	25.0	warning	special_only 未命中特色规则
手术室	772	1615630	手术室-低温剪刀-1/z2060	1	28.0	28.0	warning	special_only 未命中特色规则
手术室	773	1615630	手术室-电凝钩导线-2/z2060	2	44.0	44.0	warning	special_only 未命中特色规则
手术室	774	1615630	手术室-分离钳-1/z2060	5	28.0	28.0	warning	special_only 未命中特色规则
手术室	775	1615630	手术室-剪刀（低温）-1/z2060	1	28.0	28.0	warning	special_only 未命中特色规则
手术室	776	1615630	手术室-无损伤钳-1/z2060	5	28.0	28.0	warning	special_only 未命中特色规则
手术室	777	1615630	手术室-吸引器-1/双/保/z1550	2	25.0	25.0	warning	special_only 未命中特色规则
手术室	778	1615630	迈瑞10毫米30度镜头-1/z2060	2	28.0	28.0	warning	special_only 未命中特色规则
手术室	779	1615630	沈大10MM30度镜头-1/z2060	2	28.0	28.0	warning	special_only 未命中特色规则
手术室	780	1615733	缝合包	1	63.0	63.0	warning	special_only 未命中特色规则
手术室	781	1615739	手术室-持针器-1/双/z1560	1	25.0	25.0	warning	special_only 未命中特色规则
手术室	782	1615796	显微器械-12件，盒1	1	209.0	209.0	warning	special_only 未命中特色规则
手术室	783	1615806	手科拉钩-1/z7526	1	8.0	8.0	warning	special_only 未命中特色规则
手术室	784	1615806	缝合包	1	63.0	63.0	warning	special_only 未命中特色规则
手术室	785	1615806	持物钳罐(钳子放外边)-2/W6050	1	16.5	16.5	warning	special_only 未命中特色规则
手术室	786	1615806	骨电钻-4件（盒1）/W905060	1	27.5	27.5	warning	special_only 未命中特色规则
手术室	787	1615806	贺凯-2/W6050	1	16.5	16.5	warning	special_only 未命中特色规则
手术室	788	1615806	手科拉钩-2/W6050	1	16.5	16.5	warning	special_only 未命中特色规则
手术室	789	1615806	手术室-蚊式-4/W6050	1	22.0	22.0	warning	special_only 未命中特色规则
手术室	790	1615880	可吸收施夹器-1/双Z2060	1	28.0	28.0	warning	special_only 未命中特色规则
手术室	791	1615880	手术室-分离钳-1/z2060	1	28.0	28.0	warning	special_only 未命中特色规则
手术室	792	1615880	手术室-无损伤钳-1/z2060	2	28.0	28.0	warning	special_only 未命中特色规则
手术室	793	1615880	显微器械-12件，盒1（袋）	1	209.0	209.0	warning	special_only 未命中特色规则
手术室	794	1615880	沈大10MM30度镜头-1/z2060	1	28.0	28.0	warning	special_only 未命中特色规则
手术室	795	1615883	腹腔镜包	1	118.0	118.0	warning	special_only 未命中特色规则
手术室	796	1615883	大隐静脉包	2	93.5	93.5	warning	special_only 未命中特色规则
手术室	797	1615883	缝合包	1	63.0	63.0	warning	special_only 未命中特色规则
手术室	798	1615883	持物钳罐(钳子放外边)-2/W6050	4	16.5	16.5	warning	special_only 未命中特色规则
手术室	799	1615883	盆-1/W7050	2	16.5	16.5	warning	special_only 未命中特色规则
手术室	800	1616149	Unintech脊柱内窥镜（一）减压26件	1	148.5	148.5	warning	special_only 未命中特色规则
手术室	801	1616149	器械包-47件	3	272.0	272.0	warning	special_only 未命中特色规则
手术室	802	1616149	痔疮包	1	123.5	123.5	warning	special_only 未命中特色规则
手术室	803	1616149	空骨电钻-5件1盒/w905060	1	33.0	33.0	warning	special_only 未命中特色规则
手术室	804	1616149	带螺纹内热针（1.1*80）-20件/z7530	8	22.0	22.0	warning	special_only 未命中特色规则
手术室	805	1616149	钢丝-1.0/Z1526	2	11.0	11.0	warning	special_only 未命中特色规则
手术室	806	1616149	手刷-2/z1526	1	16.5	16.5	warning	special_only 未命中特色规则
手术室	807	1616149	缝合包	7	63.0	63.0	warning	special_only 未命中特色规则
手术室	808	1616149	持物钳罐(钳子放外边)-2/W6050	11	16.5	16.5	warning	special_only 未命中特色规则
手术室	809	1616149	腹膜钳-2/W6050	1	16.5	16.5	warning	special_only 未命中特色规则
手术室	810	1616149	骨电钻-3/W705060	2	16.5	16.5	warning	special_only 未命中特色规则
手术室	811	1616149	骨电钻-4件（盒1）/W905060	1	27.5	27.5	warning	special_only 未命中特色规则
手术室	812	1616149	骨科刮匙-1/W6050	1	16.5	16.5	warning	special_only 未命中特色规则
手术室	813	1616149	骨膜剥离质-1/保/W6050	1	16.5	16.5	warning	special_only 未命中特色规则
手术室	814	1616149	贺凯-2/W6050	1	16.5	16.5	warning	special_only 未命中特色规则
手术室	815	1616149	肌钩-2/W6050	1	16.5	16.5	warning	special_only 未命中特色规则
手术室	816	1616149	克氏钳-1/w6050	2	16.5	16.5	warning	special_only 未命中特色规则
手术室	817	1616149	盆-1/W7050	1	16.5	16.5	warning	special_only 未命中特色规则
手术室	818	1616149	手术室-甲状腺拉钩-2/W6050	1	16.5	16.5	warning	special_only 未命中特色规则
手术室	819	1616149	碗盘-2/W6050	2	16.5	16.5	warning	special_only 未命中特色规则
手术室	820	1616149	钇嵩取出3件/W6050	1	16.5	16.5	warning	special_only 未命中特色规则
手术室	821	1616190	动力系统线-1/双z3040	1	35.0	35.0	warning	special_only 未命中特色规则
手术室	822	1616190	Unintech 镜头-1/w9050	1	35.0	35.0	warning	special_only 未命中特色规则
手术室	823	1616243	施夹器-1/双Z2060	1	28.0	28.0	warning	special_only 未命中特色规则
手术室	824	1616243	手术室-低温剪刀-1/z2060	1	28.0	28.0	warning	special_only 未命中特色规则
手术室	825	1616243	手术室-分离钳-1/z2060	1	28.0	28.0	warning	special_only 未命中特色规则
手术室	826	1616243	手术室-无损伤钳-1/z2060	1	28.0	28.0	warning	special_only 未命中特色规则
手术室	827	1616243	手术室-吸引器-1/双/保/z1550	1	25.0	25.0	warning	special_only 未命中特色规则
手术室	828	1616243	镜头10mm-30度（STORZ）/贵重z2060	1	28.0	28.0	warning	special_only 未命中特色规则
手术室	829	1616249	腹腔镜包	1	118.0	118.0	warning	special_only 未命中特色规则
手术室	830	1616249	缝合包	2	63.0	63.0	warning	special_only 未命中特色规则
手术室	831	1616249	持物钳罐(钳子放外边)-2/W6050	1	16.5	16.5	warning	special_only 未命中特色规则
手术室	832	1616249	骨电钻-4件（盒1）/W905060	1	27.5	27.5	warning	special_only 未命中特色规则
手术室	833	1616249	贺凯-2/W6050	1	16.5	16.5	warning	special_only 未命中特色规则
手术室	834	1616249	克氏钳-1/w6050	1	16.5	16.5	warning	special_only 未命中特色规则
手术室	835	1616249	手术室-蚊式-4/W6050	1	22.0	22.0	warning	special_only 未命中特色规则
泌尿外科	9	1611169	止血钳-1/z1029	1	8.0	8.0	warning	special_only 未命中特色规则
泌尿外科	10	1612376	拆线剪-1/z1029	1	8.0	8.0	warning	special_only 未命中特色规则
泌尿外科	11	1616147	剪刀-1/z1029	1	8.0	8.0	warning	special_only 未命中特色规则
泌尿外科	12	1616147	止血钳-1/z1029	1	8.0	8.0	warning	special_only 未命中特色规则
甲乳外科	9	1608293	拆线剪-1/z1029	2	8.0	8.0	warning	special_only 未命中特色规则
甲乳外科	10	1608293	止血钳-1/z1029	1	8.0	8.0	warning	special_only 未命中特色规则
甲乳外科	11	1609475	剪刀-1/z1029	2	8.0	8.0	warning	special_only 未命中特色规则
甲乳外科	12	1609475	止血钳-1/z1029	2	8.0	8.0	warning	special_only 未命中特色规则
甲乳外科	13	1611165	止血钳-1/z1029	1	8.0	8.0	warning	special_only 未命中特色规则
甲乳外科	14	1612371	拆线剪-1/z1029	1	8.0	8.0	warning	special_only 未命中特色规则
甲乳外科	15	1612371	剪刀-1/z1029	2	8.0	8.0	warning	special_only 未命中特色规则
甲乳外科	16	1613605	止血钳-1/z1029	1	8.0	8.0	warning	special_only 未命中特色规则
甲乳外科	17	1615316	止血钳-1/z1029	1	8.0	8.0	warning	special_only 未命中特色规则
甲乳外科	18	1615342	光纤-1/Z3040	1	35.0	35.0	warning	special_only 未命中特色规则
甲乳外科	19	1616146	止血钳-1/z1029	1	8.0	8.0	warning	special_only 未命中特色规则
甲乳外科	20	1616189	光纤-1/Z3040	1	35.0	35.0	warning	special_only 未命中特色规则
皮肤科	9	1613192	镊子-1/z7534	4	8.0	8.0	warning	special_only 未命中特色规则
眼科	9	1608721	睑板腺囊肿镊-扁头-1/保z7526	3	8.0	8.0	warning	special_only 未命中特色规则
眼科	10	1608721	睑板腺囊肿镊-圆头-1/保z7526	1	8.0	8.0	warning	special_only 未命中特色规则
眼科	11	1609483	睑板腺囊肿镊-扁头-1/保z7526	1	8.0	8.0	warning	special_only 未命中特色规则
眼科	12	1609483	睑板腺囊肿镊-圆头-1/保z7526	3	8.0	8.0	warning	special_only 未命中特色规则
眼科	13	1609483	眼科显微器械换药包-5件	1	33.0	33.0	warning	special_only 未命中特色规则
眼科	14	1610817	睑板腺囊肿镊-扁头-1/保z7526	2	8.0	8.0	warning	special_only 未命中特色规则
眼科	15	1610817	睑板腺囊肿镊-圆头-1/保z7526	1	8.0	8.0	warning	special_only 未命中特色规则
眼科	16	1610817	泪道探针-1/z7526	1	8.0	8.0	warning	special_only 未命中特色规则
眼科	17	1612380	睑板腺囊肿镊-扁头-1/保z7526	3	8.0	8.0	warning	special_only 未命中特色规则
眼科	18	1612380	睑板腺囊肿镊-圆头-1/保z7526	3	8.0	8.0	warning	special_only 未命中特色规则
眼科	19	1612380	眼科换药包	2	33.0	33.0	warning	special_only 未命中特色规则
眼科	21	1613829	睑板腺囊肿镊-扁头-1/保z7526	3	8.0	8.0	warning	special_only 未命中特色规则
眼科	22	1613829	睑板腺囊肿镊-圆头-1/保z7526	3	8.0	8.0	warning	special_only 未命中特色规则
眼科	23	1613829	睫毛镊-1/Z7520	1	8.0	8.0	warning	special_only 未命中特色规则
眼科	24	1613829	霰粒肿夹1刮勺1/z7526	1	13.5	13.5	warning	special_only 未命中特色规则
眼科	25	1613829	霰粒肿换药包大（5件）	1	27.5	27.5	warning	special_only 未命中特色规则
眼科	26	1613829	眼科换药包	2	33.0	33.0	warning	special_only 未命中特色规则
眼科	27	1614584	睑板腺囊肿镊-扁头-1/保z7526	1	8.0	8.0	warning	special_only 未命中特色规则
眼科	28	1614584	睑板腺囊肿镊-圆头-1/保z7526	3	8.0	8.0	warning	special_only 未命中特色规则
眼科	29	1614584	霰粒肿换药包大（5件）	1	27.5	27.5	warning	special_only 未命中特色规则
眼科	30	1615322	睑板腺囊肿镊-扁头-1/保z7526	4	8.0	8.0	warning	special_only 未命中特色规则
眼科	31	1615322	睑板腺囊肿镊-圆头-1/保z7526	1	8.0	8.0	warning	special_only 未命中特色规则
眼科	32	1615322	眼科-拆线包2/大保护套z1026	2	13.5	13.5	warning	special_only 未命中特色规则
眼科	33	1615322	霰粒肿换药包大（5件）	1	27.5	27.5	warning	special_only 未命中特色规则
眼科	34	1615322	眼科换药包	1	33.0	33.0	warning	special_only 未命中特色规则
耳鼻喉门诊	9	1608291	耵聍钩-2/z7534	1	13.5	13.5	warning	special_only 未命中特色规则
耳鼻喉门诊	10	1608291	剪刀大-1/z1029	1	8.0	8.0	warning	special_only 未命中特色规则
耳鼻喉门诊	11	1608291	剪刀小-1(保护)	2	8.0	8.0	warning	special_only 未命中特色规则
耳鼻喉门诊	12	1608291	枪状镊-5/保/z1029	4	27.5	27.5	warning	special_only 未命中特色规则
耳鼻喉门诊	13	1608291	吸引头-8/z1035	1	44.0	44.0	warning	special_only 未命中特色规则
耳鼻喉门诊	14	1608291	左右口异物钳-1/W6050	1	16.5	16.5	warning	special_only 未命中特色规则
耳鼻喉门诊	16	1608714	鼻吸引器头-2/Z7534	1	13.5	13.5	warning	special_only 未命中特色规则
耳鼻喉门诊	17	1608714	鼻息肉钳-1/Z15260	1	11.0	11.0	warning	special_only 未命中特色规则
耳鼻喉门诊	18	1608714	鼻异物钳（宽）-1/z2032	1	13.0	13.0	warning	special_only 未命中特色规则
耳鼻喉门诊	19	1608714	鼻异物钳（窄）/Z2032	1	13.0	13.0	warning	special_only 未命中特色规则
耳鼻喉门诊	20	1608714	镊子-1/z7534	1	8.0	8.0	warning	special_only 未命中特色规则
耳鼻喉门诊	21	1608714	枪状镊-5/保/z1029	1	27.5	27.5	warning	special_only 未命中特色规则
耳鼻喉门诊	22	1608714	上颌窦钳-1/Z15260	1	11.0	11.0	warning	special_only 未命中特色规则
耳鼻喉门诊	23	1608714	吸引器头-4/z1029	1	22.0	22.0	warning	special_only 未命中特色规则
耳鼻喉门诊	24	1608714	下鼻甲剪刀-1Z1526	1	11.0	11.0	warning	special_only 未命中特色规则
耳鼻喉门诊	25	1608714	耳廓清创包	1	60.5	60.5	warning	special_only 未命中特色规则
耳鼻喉门诊	26	1608714	缝合包(8件)	1	44.0	44.0	warning	special_only 未命中特色规则
耳鼻喉门诊	27	1608714	清创包	1	66.0	66.0	warning	special_only 未命中特色规则
耳鼻喉门诊	28	1609065	钩镊-1/z7530	1	8.0	8.0	warning	special_only 未命中特色规则
耳鼻喉门诊	29	1609065	剪刀小-1(保护)	1	8.0	8.0	warning	special_only 未命中特色规则
耳鼻喉门诊	30	1609065	枪状镊-5/保/z1029	2	27.5	27.5	warning	special_only 未命中特色规则
耳鼻喉门诊	31	1609065	吸引器头-2/z7530	1	13.5	13.5	warning	special_only 未命中特色规则
耳鼻喉门诊	32	1609065	左右口异物钳-1/W6050	1	16.5	16.5	warning	special_only 未命中特色规则
耳鼻喉门诊	33	1609851	剪刀小-1(保护)	1	8.0	8.0	warning	special_only 未命中特色规则
耳鼻喉门诊	34	1609851	枪状镊-5/保/z1029	4	27.5	27.5	warning	special_only 未命中特色规则
耳鼻喉门诊	35	1609851	吸引器头-7/z1029	1	38.5	38.5	warning	special_only 未命中特色规则
耳鼻喉门诊	36	1609851	左右口异物钳-1/W6050	3	16.5	16.5	warning	special_only 未命中特色规则
耳鼻喉门诊	37	1610425	枪状镊-5/保/z1029	3	27.5	27.5	warning	special_only 未命中特色规则
耳鼻喉门诊	38	1610425	吸引器头-6/z1029	1	33.0	33.0	warning	special_only 未命中特色规则
耳鼻喉门诊	39	1610425	直角压舌板-1/Z1526	1	11.0	11.0	warning	special_only 未命中特色规则
耳鼻喉门诊	40	1610425	上下口异物钳-1/W6050	3	16.5	16.5	warning	special_only 未命中特色规则
耳鼻喉门诊	41	1611160	枪状镊-5/保/z1029	3	27.5	27.5	warning	special_only 未命中特色规则
耳鼻喉门诊	42	1611160	吸引器头-9/z1035	1	49.5	49.5	warning	special_only 未命中特色规则
耳鼻喉门诊	43	1611160	上下口异物钳-1/W6050	1	16.5	16.5	warning	special_only 未命中特色规则
耳鼻喉门诊	44	1611912	耵聍钩-4/z7534	1	22.0	22.0	warning	special_only 未命中特色规则
耳鼻喉门诊	45	1611912	剪刀大-1/z1029	1	8.0	8.0	warning	special_only 未命中特色规则
耳鼻喉门诊	46	1611912	枪状镊-5/保/z1029	3	27.5	27.5	warning	special_only 未命中特色规则
耳鼻喉门诊	47	1611912	吸引器头-3/z7530	1	16.5	16.5	warning	special_only 未命中特色规则
耳鼻喉门诊	48	1611912	吸引器头-5/z1029	1	27.5	27.5	warning	special_only 未命中特色规则
耳鼻喉门诊	49	1611912	上下口异物钳-1/W6050	1	16.5	16.5	warning	special_only 未命中特色规则
耳鼻喉门诊	50	1612369	耵聍钩-7/Z1029	1	33.0	33.0	warning	special_only 未命中特色规则
耳鼻喉门诊	51	1612369	枪状镊-5/保/z1029	6	27.5	27.5	warning	special_only 未命中特色规则
耳鼻喉门诊	52	1612369	吸引器头-10/z1035	1	55.0	55.0	warning	special_only 未命中特色规则
耳鼻喉门诊	53	1612369	止血钳-1/z1029	1	8.0	8.0	warning	special_only 未命中特色规则
耳鼻喉门诊	54	1613601	剪刀小-1(保护)	2	8.0	8.0	warning	special_only 未命中特色规则
耳鼻喉门诊	55	1613601	枪状镊-5/保/z1029	4	27.5	27.5	warning	special_only 未命中特色规则
耳鼻喉门诊	56	1613601	吸引器头-7/z1029	1	38.5	38.5	warning	special_only 未命中特色规则
耳鼻喉门诊	57	1613601	左右口异物钳-1/W6050	1	16.5	16.5	warning	special_only 未命中特色规则
耳鼻喉门诊	58	1613830	鼻吸引器头-2/Z7534	1	13.5	13.5	warning	special_only 未命中特色规则
耳鼻喉门诊	59	1613830	长弯钳-1/z1035	1	8.0	8.0	warning	special_only 未命中特色规则
耳鼻喉门诊	60	1613830	耵聍钩-3/z7530	2	16.5	16.5	warning	special_only 未命中特色规则
耳鼻喉门诊	61	1613830	剪刀小-1(保护)	1	8.0	8.0	warning	special_only 未命中特色规则
耳鼻喉门诊	62	1613830	枪状镊-5/保/z1029	3	27.5	27.5	warning	special_only 未命中特色规则
耳鼻喉门诊	63	1613830	吸引器头-6/z1029	1	33.0	33.0	warning	special_only 未命中特色规则
耳鼻喉门诊	64	1613830	止血钳-1/z1029	2	8.0	8.0	warning	special_only 未命中特色规则
耳鼻喉门诊	65	1613830	上下口异物钳-1/W6050	2	16.5	16.5	warning	special_only 未命中特色规则
耳鼻喉门诊	66	1613830	左右口异物钳-1/W6050	2	16.5	16.5	warning	special_only 未命中特色规则
耳鼻喉门诊	67	1614199	剪刀小-1(保护)	2	8.0	8.0	warning	special_only 未命中特色规则
耳鼻喉门诊	68	1614199	枪状镊-5/保/z1029	3	27.5	27.5	warning	special_only 未命中特色规则
耳鼻喉门诊	69	1614199	吸引头-8/z1035	1	44.0	44.0	warning	special_only 未命中特色规则
耳鼻喉门诊	70	1614199	左右口异物钳-1/W6050	2	16.5	16.5	warning	special_only 未命中特色规则
耳鼻喉门诊	71	1614936	耵聍钩-2/z7534	1	13.5	13.5	warning	special_only 未命中特色规则
耳鼻喉门诊	72	1614936	枪状镊-5/保/z1029	1	27.5	27.5	warning	special_only 未命中特色规则
耳鼻喉门诊	73	1614936	吸引器头-7/z1029	1	38.5	38.5	warning	special_only 未命中特色规则
耳鼻喉门诊	74	1615616	剪刀小-1(保护)	1	8.0	8.0	warning	special_only 未命中特色规则
耳鼻喉门诊	75	1615616	枪状镊-5/保/z1029	2	27.5	27.5	warning	special_only 未命中特色规则
耳鼻喉门诊	76	1615616	吸引头-8/z1035	1	44.0	44.0	warning	special_only 未命中特色规则
耳鼻喉门诊	77	1615616	止血钳-1/z1029	2	8.0	8.0	warning	special_only 未命中特色规则
耳鼻喉门诊	78	1615800	枪状镊-5/保/z1029	1	27.5	27.5	warning	special_only 未命中特色规则
耳鼻喉门诊	79	1615800	吸引头-8/z1035	1	44.0	44.0	warning	special_only 未命中特色规则
耳鼻喉门诊	80	1615800	上下口异物钳-1/W6050	1	16.5	16.5	warning	special_only 未命中特色规则
耳鼻喉门诊	81	1616143	耵聍钩-4/z7534	1	22.0	22.0	warning	special_only 未命中特色规则
耳鼻喉门诊	82	1616143	剪刀-1/z1029	1	8.0	8.0	warning	special_only 未命中特色规则
耳鼻喉门诊	83	1616143	枪状镊-5/保/z1029	1	27.5	27.5	warning	special_only 未命中特色规则
耳鼻喉门诊	84	1616143	吸引器头-7/z1029	1	38.5	38.5	warning	special_only 未命中特色规则
耳鼻喉门诊	85	1616143	止血钳-1/z1029	1	8.0	8.0	warning	special_only 未命中特色规则
肛肠科	9	1608292	剪刀-1/z1029	1	8.0	8.0	warning	special_only 未命中特色规则
肛肠科	10	1608292	镊子-1/z7534	1	8.0	8.0	warning	special_only 未命中特色规则
肛肠科	11	1608292	止血钳-1/z1029	2	8.0	8.0	warning	special_only 未命中特色规则
肛肠科	12	1609473	剪刀-1/z1029	2	8.0	8.0	warning	special_only 未命中特色规则
肛肠科	13	1609473	止血钳-1/z1029	1	8.0	8.0	warning	special_only 未命中特色规则
肛肠科	14	1610427	剪刀-1/z1029	2	8.0	8.0	warning	special_only 未命中特色规则
肛肠科	15	1610427	止血钳-1/z1029	2	8.0	8.0	warning	special_only 未命中特色规则
肛肠科	16	1611162	剪刀-1/z1029	2	8.0	8.0	warning	special_only 未命中特色规则
肛肠科	17	1611162	止血钳-1/z1029	1	8.0	8.0	warning	special_only 未命中特色规则
肛肠科	18	1611913	剪刀-1/z1029	1	8.0	8.0	warning	special_only 未命中特色规则
肛肠科	19	1611913	止血钳-1/z1029	2	8.0	8.0	warning	special_only 未命中特色规则
肛肠科	20	1613602	剪刀-1/z1029	2	8.0	8.0	warning	special_only 未命中特色规则
肛肠科	21	1613602	止血钳-1/z1029	2	8.0	8.0	warning	special_only 未命中特色规则
肛肠科	22	1614200	剪刀-1/z1029	2	8.0	8.0	warning	special_only 未命中特色规则
肛肠科	23	1614200	止血钳-1/z1029	2	8.0	8.0	warning	special_only 未命中特色规则
肛肠科	24	1615314	剪刀-1/z1029	1	8.0	8.0	warning	special_only 未命中特色规则
肛肠科	25	1615314	止血钳-1/z1029	1	8.0	8.0	warning	special_only 未命中特色规则
肛肠科	26	1616145	剪刀-1/z1029	1	8.0	8.0	warning	special_only 未命中特色规则
肛肠科	27	1616145	止血钳-1/z1029	1	8.0	8.0	warning	special_only 未命中特色规则
胃肠肝胆外科	9	1608299	拆线剪-1/z1029	3	8.0	8.0	warning	special_only 未命中特色规则
胃肠肝胆外科	10	1608299	镊子-1/z7534	2	8.0	8.0	warning	special_only 未命中特色规则
胃肠肝胆外科	11	1608299	止血钳-1/z1029	2	8.0	8.0	warning	special_only 未命中特色规则
胃肠肝胆外科	12	1609481	拆线剪-1/z1029	2	8.0	8.0	warning	special_only 未命中特色规则
胃肠肝胆外科	13	1609481	止血钳-1/z1029	2	8.0	8.0	warning	special_only 未命中特色规则
胃肠肝胆外科	14	1610434	镊子-1/z7534	1	8.0	8.0	warning	special_only 未命中特色规则
胃肠肝胆外科	15	1610434	止血钳-1/z1029	2	8.0	8.0	warning	special_only 未命中特色规则
胃肠肝胆外科	16	1611171	拆线剪-1/z1029	2	8.0	8.0	warning	special_only 未命中特色规则
胃肠肝胆外科	17	1611171	镊子-1/z7534	1	8.0	8.0	warning	special_only 未命中特色规则
胃肠肝胆外科	18	1611171	止血钳-1/z1029	2	8.0	8.0	warning	special_only 未命中特色规则
胃肠肝胆外科	19	1612378	拆线剪-1/z1029	1	8.0	8.0	warning	special_only 未命中特色规则
胃肠肝胆外科	20	1612378	止血钳-1/z1029	1	8.0	8.0	warning	special_only 未命中特色规则
胃肠肝胆外科	23	1612814	拆线剪-1/z1029	2	8.0	8.0	warning	special_only 未命中特色规则
胃肠肝胆外科	24	1612814	止血钳-1/z1029	1	8.0	8.0	warning	special_only 未命中特色规则
胃肠肝胆外科	25	1613610	拆线剪-1/z1029	1	8.0	8.0	warning	special_only 未命中特色规则
胃肠肝胆外科	26	1613610	镊子-1/z7534	2	8.0	8.0	warning	special_only 未命中特色规则
胃肠肝胆外科	27	1613610	止血钳-1/z1029	1	8.0	8.0	warning	special_only 未命中特色规则
胃肠肝胆外科	28	1614209	拆线剪-1/z1029	2	8.0	8.0	warning	special_only 未命中特色规则
胃肠肝胆外科	29	1614209	止血钳-1/z1029	1	8.0	8.0	warning	special_only 未命中特色规则
胃肠肝胆外科	30	1615321	镊子-1/z7534	2	8.0	8.0	warning	special_only 未命中特色规则
胃肠肝胆外科	31	1615321	止血钳-1/z1029	1	8.0	8.0	warning	special_only 未命中特色规则
胃肠肝胆外科	32	1616142	拆线剪-1/z1029	2	8.0	8.0	warning	special_only 未命中特色规则
胃肠肝胆外科	33	1616142	止血钳-1/z1029	2	8.0	8.0	warning	special_only 未命中特色规则
血液透析室	9	1609072	持针器（高温）-1/z1035	2	8.0	8.0	warning	special_only 未命中特色规则
血液透析室	10	1609072	止血钳-1/z1029	4	8.0	8.0	warning	special_only 未命中特色规则
血液透析室	11	1612379	持针器（高温）-1/z1035	1	8.0	8.0	warning	special_only 未命中特色规则
血液透析室	12	1612379	止血钳-1/z1029	2	8.0	8.0	warning	special_only 未命中特色规则
血液透析室	13	1614583	持针器（高温）-1/z1035	2	8.0	8.0	warning	special_only 未命中特色规则
血液透析室	14	1614583	止血钳-1/z1029	2	8.0	8.0	warning	special_only 未命中特色规则
门诊手术室	9	1608247	持物钳罐-2/钳子放外边z2044	2	16.5	16.5	warning	special_only 未命中特色规则
门诊手术室	10	1608247	门手-弯盘-1/w6050	24	16.5	16.5	warning	special_only 未命中特色规则
门诊手术室	11	1608247	骨科-3件/z1526	1	16.5	16.5	warning	special_only 未命中特色规则
门诊手术室	12	1608247	黑柄剪刀-1/z1035	2	8.0	8.0	warning	special_only 未命中特色规则
门诊手术室	13	1608247	剪刀1 持针器1 镊子1/z1526	22	16.5	16.5	warning	special_only 未命中特色规则
门诊手术室	14	1608247	眼剪持针器-2/z1526	1	16.5	16.5	warning	special_only 未命中特色规则
门诊手术室	16	1608247	霰粒肿大（5件）	1	27.5	27.5	warning	special_only 未命中特色规则
门诊手术室	17	1608247	骨科-4件/w705060	1	22.0	22.0	warning	special_only 未命中特色规则
门诊手术室	18	1608297	微创钩镊-1/z7526	1	8.0	8.0	warning	special_only 未命中特色规则
门诊手术室	19	1608297	蚊式-3/z1530	17	16.5	16.5	warning	special_only 未命中特色规则
门诊手术室	20	1608719	门手-弯盘-1/w6050	4	16.5	16.5	warning	special_only 未命中特色规则
门诊手术室	21	1608719	持针器（高温）-1/z1035	1	8.0	8.0	warning	special_only 未命中特色规则
门诊手术室	22	1608719	钩镊-1/z7526	1	8.0	8.0	warning	special_only 未命中特色规则
门诊手术室	23	1608719	环钻钻头（1.0 1.5 ）-2件/z7520	2	13.5	13.5	warning	special_only 未命中特色规则
门诊手术室	24	1608719	剪刀1 持针器1 镊子1/z1526	3	16.5	16.5	warning	special_only 未命中特色规则
门诊手术室	25	1608719	剪刀大-1/z1029	2	8.0	8.0	warning	special_only 未命中特色规则
门诊手术室	26	1608719	门手-弯钳-3/Z1526	3	16.5	16.5	warning	special_only 未命中特色规则
门诊手术室	27	1608719	微创钩镊-1/z7526	1	8.0	8.0	warning	special_only 未命中特色规则
门诊手术室	28	1608719	蚊式-3/z1530	3	16.5	16.5	warning	special_only 未命中特色规则
门诊手术室	30	1608737	低温组件-2/z1530	1	44.0	44.0	warning	special_only 未命中特色规则
门诊手术室	31	1608737	环钻手柄-1（保护器1）/z2530	1	30.0	30.0	warning	special_only 未命中特色规则
门诊手术室	32	1609020	门手-弯盘-1/w6050	5	16.5	16.5	warning	special_only 未命中特色规则
门诊手术室	33	1609020	持针器（高温）-1/z1035	2	8.0	8.0	warning	special_only 未命中特色规则
门诊手术室	34	1609020	钩镊-1/z7526	1	8.0	8.0	warning	special_only 未命中特色规则
门诊手术室	35	1609020	骨科-3件/z1526	2	16.5	16.5	warning	special_only 未命中特色规则
门诊手术室	36	1609020	黑柄剪刀-1/z1035	1	8.0	8.0	warning	special_only 未命中特色规则
门诊手术室	37	1609020	剪刀1 持针器1 镊子1/z1526	1	16.5	16.5	warning	special_only 未命中特色规则
门诊手术室	38	1609020	微创钩镊-1/z7526	1	8.0	8.0	warning	special_only 未命中特色规则
门诊手术室	39	1609020	蚊式-3/z1530	7	16.5	16.5	warning	special_only 未命中特色规则
门诊手术室	40	1609020	眼剪持针器-2/z1526	1	16.5	16.5	warning	special_only 未命中特色规则
门诊手术室	41	1609020	霰粒肿大（5件）	1	27.5	27.5	warning	special_only 未命中特色规则
门诊手术室	42	1609020	医美器械	1	38.5	38.5	warning	special_only 未命中特色规则
门诊手术室	43	1609479	门手-弯盘-1/w6050	5	16.5	16.5	warning	special_only 未命中特色规则
门诊手术室	44	1609479	持针器（高温）-1/z1035	1	8.0	8.0	warning	special_only 未命中特色规则
门诊手术室	45	1609479	刀柄-1/z7526	1	8.0	8.0	warning	special_only 未命中特色规则
门诊手术室	46	1609479	钩镊-1/z7526	2	8.0	8.0	warning	special_only 未命中特色规则
门诊手术室	47	1609479	骨科-3件/z1526	2	16.5	16.5	warning	special_only 未命中特色规则
门诊手术室	48	1609479	刮匙-1/z7530	2	8.0	8.0	warning	special_only 未命中特色规则
门诊手术室	49	1609479	黑柄剪刀-1/z1035	1	8.0	8.0	warning	special_only 未命中特色规则
门诊手术室	50	1609479	肌钩-2/z1026	1	13.5	13.5	warning	special_only 未命中特色规则
门诊手术室	51	1609479	剪刀大-1/z1029	2	8.0	8.0	warning	special_only 未命中特色规则
门诊手术室	52	1609479	门手-弯钳-3/Z1526	3	16.5	16.5	warning	special_only 未命中特色规则
门诊手术室	53	1609479	蚊式-3/z1530	3	16.5	16.5	warning	special_only 未命中特色规则
门诊手术室	54	1609479	眼剪持针器-2/z1526	2	16.5	16.5	warning	special_only 未命中特色规则
门诊手术室	55	1609479	止血钳-1/z1029	2	8.0	8.0	warning	special_only 未命中特色规则
门诊手术室	57	1609479	刷手服/W15050	1	35.0	35.0	warning	敷料包(无纺布包)——未匹配定价
门诊手术室	58	1609479	眼科显微器械-5件（门手）	1	33.0	33.0	warning	special_only 未命中特色规则
门诊手术室	59	1609479	医美器械	1	38.5	38.5	warning	special_only 未命中特色规则
门诊手术室	60	1609479	咬骨钳包-2/W6050	1	16.5	16.5	warning	special_only 未命中特色规则
门诊手术室	61	1609720	刷手服/W15050	2	35.0	35.0	warning	敷料包(无纺布包)——未匹配定价
门诊手术室	62	1610432	持物钳罐-2/钳子放外边z2044	2	16.5	16.5	warning	special_only 未命中特色规则
门诊手术室	63	1610432	门手-弯盘-1/w6050	13	16.5	16.5	warning	special_only 未命中特色规则
门诊手术室	64	1610432	剪刀1 持针器1 镊子1/z1526	13	16.5	16.5	warning	special_only 未命中特色规则
门诊手术室	65	1610432	蚊式-3/z1530	9	16.5	16.5	warning	special_only 未命中特色规则
门诊手术室	67	1610432	刷手服/W15050	1	35.0	35.0	warning	敷料包(无纺布包)——未匹配定价
门诊手术室	68	1610432	医美器械	1	38.5	38.5	warning	special_only 未命中特色规则
门诊手术室	69	1611168	门手-弯盘-1/w6050	7	16.5	16.5	warning	special_only 未命中特色规则
门诊手术室	70	1611168	持针器（高温）-1/z1035	3	8.0	8.0	warning	special_only 未命中特色规则
门诊手术室	71	1611168	钩镊-1/z7526	3	8.0	8.0	warning	special_only 未命中特色规则
门诊手术室	72	1611168	骨科-3件/z1526	1	16.5	16.5	warning	special_only 未命中特色规则
门诊手术室	73	1611168	环钻钻头（1.0 1.5 ）-2件/z7520	1	13.5	13.5	warning	special_only 未命中特色规则
门诊手术室	74	1611168	剪刀1 持针器1 镊子1/z1526	3	16.5	16.5	warning	special_only 未命中特色规则
门诊手术室	75	1611168	剪刀大-1/z1029	3	8.0	8.0	warning	special_only 未命中特色规则
门诊手术室	76	1611168	门手-弯钳-3/Z1526	4	16.5	16.5	warning	special_only 未命中特色规则
门诊手术室	77	1611168	蚊式-3/z1530	4	16.5	16.5	warning	special_only 未命中特色规则
门诊手术室	78	1611168	眼剪持针器-2/z1526	3	16.5	16.5	warning	special_only 未命中特色规则
门诊手术室	81	1611204	环钻手柄-1（保护器1）/z2530	1	30.0	30.0	warning	special_only 未命中特色规则
门诊手术室	82	1611410	刷手服/W15050	1	35.0	35.0	warning	敷料包(无纺布包)——未匹配定价
门诊手术室	83	1612375	持物钳罐-2/钳子放外边z2044	2	16.5	16.5	warning	special_only 未命中特色规则
门诊手术室	84	1612375	门手-弯盘-1/w6050	16	16.5	16.5	warning	special_only 未命中特色规则
门诊手术室	85	1612375	骨科-3件/z1526	1	16.5	16.5	warning	special_only 未命中特色规则
门诊手术室	86	1612375	剪刀1 持针器1 镊子1/z1526	13	16.5	16.5	warning	special_only 未命中特色规则
门诊手术室	87	1612375	蚊式-3/z1530	9	16.5	16.5	warning	special_only 未命中特色规则
门诊手术室	89	1612375	霰粒肿大（5件）	2	27.5	27.5	warning	special_only 未命中特色规则
门诊手术室	90	1612375	医美器械	1	38.5	38.5	warning	special_only 未命中特色规则
门诊手术室	91	1612698	刷手服/W15050	1	35.0	35.0	warning	敷料包(无纺布包)——未匹配定价
门诊手术室	93	1612812	门手-弯盘-1/w6050	11	16.5	16.5	warning	special_only 未命中特色规则
门诊手术室	94	1612812	持针器（高温）-1/z1035	1	8.0	8.0	warning	special_only 未命中特色规则
门诊手术室	95	1612812	钩镊-1/z7526	2	8.0	8.0	warning	special_only 未命中特色规则
门诊手术室	96	1612812	骨科-3件/z1526	1	16.5	16.5	warning	special_only 未命中特色规则
门诊手术室	97	1612812	刮匙-1/z7530	1	8.0	8.0	warning	special_only 未命中特色规则
门诊手术室	98	1612812	剪刀1 持针器1 镊子1/z1526	6	16.5	16.5	warning	special_only 未命中特色规则
门诊手术室	99	1612812	剪刀大-1/z1029	1	8.0	8.0	warning	special_only 未命中特色规则
门诊手术室	100	1612812	门手-弯钳-3/Z1526	1	16.5	16.5	warning	special_only 未命中特色规则
门诊手术室	101	1612812	蚊式-3/z1530	8	16.5	16.5	warning	special_only 未命中特色规则
门诊手术室	102	1612812	眼剪持针器-2/z1526	2	16.5	16.5	warning	special_only 未命中特色规则
门诊手术室	103	1612812	止血钳-1/z1029	1	8.0	8.0	warning	special_only 未命中特色规则
门诊手术室	105	1614101	刷手服/W15050	1	35.0	35.0	warning	敷料包(无纺布包)——未匹配定价
门诊手术室	106	1614207	持物钳罐-2/钳子放外边z2044	2	16.5	16.5	warning	special_only 未命中特色规则
门诊手术室	107	1614207	门手-弯盘-1/w6050	13	16.5	16.5	warning	special_only 未命中特色规则
门诊手术室	108	1614207	持针器（高温）-1/z1035	1	8.0	8.0	warning	special_only 未命中特色规则
门诊手术室	109	1614207	钩镊-1/z7526	4	8.0	8.0	warning	special_only 未命中特色规则
门诊手术室	110	1614207	骨科-3件/z1526	2	16.5	16.5	warning	special_only 未命中特色规则
门诊手术室	111	1614207	剪刀1 持针器1 镊子1/z1526	4	16.5	16.5	warning	special_only 未命中特色规则
门诊手术室	112	1614207	剪刀大-1/z1029	2	8.0	8.0	warning	special_only 未命中特色规则
门诊手术室	113	1614207	门手-弯钳-3/Z1526	4	16.5	16.5	warning	special_only 未命中特色规则
门诊手术室	114	1614207	蚊式-3/z1530	7	16.5	16.5	warning	special_only 未命中特色规则
门诊手术室	115	1614207	眼剪持针器-2/z1526	5	16.5	16.5	warning	special_only 未命中特色规则
门诊手术室	116	1614526	门手-弯盘-1/w6050	8	16.5	16.5	warning	special_only 未命中特色规则
门诊手术室	117	1614526	持针器（高温）-1/z1035	1	8.0	8.0	warning	special_only 未命中特色规则
门诊手术室	118	1614526	钩镊-1/z7526	1	8.0	8.0	warning	special_only 未命中特色规则
门诊手术室	119	1614526	黑柄剪刀-1/z1035	1	8.0	8.0	warning	special_only 未命中特色规则
门诊手术室	120	1614526	门手-弯钳-3/Z1526	1	16.5	16.5	warning	special_only 未命中特色规则
门诊手术室	121	1614581	骨科-3件/z1526	1	16.5	16.5	warning	special_only 未命中特色规则
门诊手术室	122	1614581	剪刀1 持针器1 镊子1/z1526	6	16.5	16.5	warning	special_only 未命中特色规则
门诊手术室	123	1614581	蚊式-3/z1530	6	16.5	16.5	warning	special_only 未命中特色规则
门诊手术室	124	1615244	刷手服/W15050	1	35.0	35.0	warning	敷料包(无纺布包)——未匹配定价
门诊手术室	125	1615259	门手-弯盘-1/w6050	5	16.5	16.5	warning	special_only 未命中特色规则
门诊手术室	126	1615259	缝合包（6件）	1	33.0	33.0	warning	special_only 未命中特色规则
门诊手术室	127	1615259	霰粒肿大（5件）	2	27.5	27.5	warning	special_only 未命中特色规则
门诊手术室	128	1615259	医美器械	1	38.5	38.5	warning	special_only 未命中特色规则
门诊手术室	129	1615319	持针器（高温）-1/z1035	1	8.0	8.0	warning	special_only 未命中特色规则
门诊手术室	130	1615319	钩镊-1/z7526	1	8.0	8.0	warning	special_only 未命中特色规则
门诊手术室	131	1615319	骨科-3件/z1526	2	16.5	16.5	warning	special_only 未命中特色规则
门诊手术室	132	1615319	肌钩-2/z1026	1	13.5	13.5	warning	special_only 未命中特色规则
门诊手术室	133	1615319	剪刀大-1/z1029	1	8.0	8.0	warning	special_only 未命中特色规则
门诊手术室	134	1615319	门手-弯钳-3/Z1526	2	16.5	16.5	warning	special_only 未命中特色规则
门诊手术室	135	1615319	微创钩镊-1/z7526	2	8.0	8.0	warning	special_only 未命中特色规则
门诊手术室	136	1615319	蚊式-3/z1530	3	16.5	16.5	warning	special_only 未命中特色规则
门诊手术室	137	1615319	眼剪持针器-2/z1526	3	16.5	16.5	warning	special_only 未命中特色规则
门诊手术室	138	1616148	持物钳罐-2/钳子放外边z2044	2	16.5	16.5	warning	special_only 未命中特色规则
门诊手术室	139	1616148	门手-弯盘-1/w6050	22	16.5	16.5	warning	special_only 未命中特色规则
门诊手术室	140	1616148	瘢痕钻头（2.0 3.0）-2件/z7520	1	13.5	13.5	warning	special_only 未命中特色规则
门诊手术室	141	1616148	黑柄剪刀-1/z1035	1	8.0	8.0	warning	special_only 未命中特色规则
门诊手术室	142	1616148	剪刀1 持针器1 镊子1/z1526	20	16.5	16.5	warning	special_only 未命中特色规则
门诊手术室	143	1616148	微创钩镊-1/z7526	1	8.0	8.0	warning	special_only 未命中特色规则
门诊手术室	144	1616148	蚊式-3/z1530	15	16.5	16.5	warning	special_only 未命中特色规则
门诊手术室	145	1616148	眼剪持针器-2/z1526	2	16.5	16.5	warning	special_only 未命中特色规则
门诊手术室	147	1616422	刷手服/W15050	1	35.0	35.0	warning	敷料包(无纺布包)——未匹配定价
