月份,Sheet,问题类型,包名,发货单号,字段,原始值,处理后值,原始行号,处理后行号,说明
2月,ICU,缺失行,简易呼吸器-2件/z3060,1579884,整行,1.0/26.4/26.4,,12,,
2月,ICU,缺失行,简易呼吸器-4/z3060,1579884,整行,1.0/52.8/52.8,,13,,
2月,ICU,缺失行,简易呼吸器-4/z3060,1580216,整行,1.0/52.8/52.8,,14,,
2月,ICU,缺失行,剪刀-1/Z1029,1583219,整行,1.0/4.8/4.8,,15,,
2月,ICU,缺失行,止血钳-1/Z1029,1583219,整行,2.0/4.8/9.6,,16,,
2月,ICU,缺失行,喉镜片（低温）-1/Z1530,1586210,整行,2.0/15.0/30.0,,17,,
2月,ICU,缺失行,简易呼吸器-4/z3060,1586901,整行,1.0/52.8/52.8,,18,,
2月,ICU,多余行,剪刀-1/Z1029,1573551,整行,,2.0/4.8/9.6,,11,
2月,ICU,多余行,镊子-1/Z7526,1573551,整行,,1.0/4.8/4.8,,12,
2月,ICU,多余行,止血钳-1/Z1029,1573551,整行,,3.0/4.8/14.4,,13,
2月,ICU,多余行,简易呼吸器-3件/z3060,1573829,整行,,1.0/39.6/39.6,,14,
2月,ICU,多余行,喉镜片（低温）-1/Z1530,1575446,整行,,1.0/15.0/15.0,,15,
2月,ICU,汇总不一致-总价,ICU,,总价,229.2,83.4,11,10,
2月,介入科,缺失行,蚊式-1/Z1026,1580684,整行,1.0/4.8/4.8,,9,,
2月,介入科,缺失行,刷手服/W12050,1581138,整行,1.0/21.0/21.0,,10,,
2月,介入科,缺失行,敷料包/W12050,1581853,整行,1.0/21.0/21.0,,11,,
2月,介入科,缺失行,蚊式-1/Z1026,1582715,整行,1.0/4.8/4.8,,12,,
2月,介入科,缺失行,敷料包/W12050,1583108,整行,1.0/21.0/21.0,,13,,
2月,介入科,缺失行,刷手服/W12050,1584712,整行,1.0/21.0/21.0,,14,,
2月,介入科,缺失行,敷料包/W12050,1585493,整行,1.0/21.0/21.0,,15,,
2月,介入科,缺失行,刷手服/W12050,1586128,整行,1.0/21.0/21.0,,16,,
2月,介入科,缺失行,蚊式-1/Z1026,1586248,整行,1.0/4.8/4.8,,17,,
2月,介入科,缺失行,敷料包/W12050,1586799,整行,1.0/21.0/21.0,,18,,
2月,介入科,缺失行,蚊式-1/Z1026,1587867,整行,1.0/4.8/4.8,,19,,
2月,介入科,多余行,刷手服/W12050,1573444,整行,,1.0/21.0/21.0,,9,
2月,介入科,多余行,敷料包/W12050,1575355,整行,,1.0/21.0/21.0,,10,
2月,介入科,多余行,敷料包/W12050,1575947,整行,,1.0/21.0/21.0,,11,
2月,介入科,多余行,蚊式-1/Z1026,1576136,整行,,2.0/4.8/9.6,,12,
2月,介入科,多余行,刷手服/W12050,1576620,整行,,1.0/21.0/21.0,,13,
2月,介入科,多余行,敷料包/W12050,1577095,整行,,1.0/21.0/21.0,,14,
2月,介入科,多余行,敷料包/W12050,1578418,整行,,1.0/21.0/21.0,,15,
2月,介入科,汇总不一致-总价,介入科,,总价,166.2,135.6,8,8,
2月,伤口造口门诊,缺失行,蚊式-1/Z1026,1579981,整行,1.0/4.8/4.8,,9,,
2月,伤口造口门诊,缺失行,换药包-2件/w6050,1579981,整行,1.0/9.9/9.9,,10,,
2月,伤口造口门诊,缺失行,换药包-2件/w6050,1580961,整行,2.0/9.9/19.8,,11,,
2月,伤口造口门诊,缺失行,剪刀1持物罐1/w6050,1580961,整行,1.0/9.9/9.9,,12,,
2月,伤口造口门诊,缺失行,蚊式-1/Z1026,1581996,整行,2.0/4.8/9.6,,13,,
2月,伤口造口门诊,缺失行,换药包-2件/w6050,1581996,整行,1.0/9.9/9.9,,14,,
2月,伤口造口门诊,缺失行,蚊式-1/Z1026,1583217,整行,1.0/4.8/4.8,,15,,
2月,伤口造口门诊,缺失行,换药包-2件/w6050,1583217,整行,2.0/9.9/19.8,,16,,
2月,伤口造口门诊,缺失行,剪刀1持物罐1/w6050,1583217,整行,1.0/9.9/9.9,,17,,
2月,伤口造口门诊,缺失行,蚊式-1/Z1026,1584963,整行,1.0/4.8/4.8,,18,,
2月,伤口造口门诊,缺失行,换药包-2件/w6050,1584963,整行,2.0/9.9/19.8,,19,,
2月,伤口造口门诊,缺失行,蚊式-1/Z1026,1586253,整行,2.0/4.8/9.6,,20,,
2月,伤口造口门诊,缺失行,换药包-2件/w6050,1586253,整行,1.0/9.9/9.9,,21,,
2月,伤口造口门诊,缺失行,剪刀1持物罐1/w6050,1586253,整行,1.0/9.9/9.9,,22,,
2月,伤口造口门诊,缺失行,换药包-2件/w6050,1587067,整行,2.0/9.9/19.8,,23,,
2月,伤口造口门诊,缺失行,剪刀1持物罐1/w6050,1587067,整行,1.0/9.9/9.9,,24,,
2月,伤口造口门诊,多余行,剪刀-1/Z1029,1572296,整行,,1.0/4.8/4.8,,9,
2月,伤口造口门诊,多余行,止血钳-1/Z1029,1572296,整行,,1.0/4.8/4.8,,10,
2月,伤口造口门诊,多余行,换药包-2件/w6050,1572296,整行,,2.0/9.9/19.8,,11,
2月,伤口造口门诊,多余行,蚊式-1/Z1026,1573556,整行,,1.0/4.8/4.8,,12,
2月,伤口造口门诊,多余行,换药包-2件/w6050,1573556,整行,,1.0/9.9/9.9,,13,
2月,伤口造口门诊,多余行,蚊式-1/Z1026,1573649,整行,,1.0/4.8/4.8,,14,
2月,伤口造口门诊,多余行,蚊式-1/Z1026,1574269,整行,,1.0/4.8/4.8,,15,
2月,伤口造口门诊,多余行,换药包-2件/w6050,1574269,整行,,2.0/9.9/19.8,,16,
2月,伤口造口门诊,多余行,换药包-2件/w6050,1575822,整行,,1.0/9.9/9.9,,17,
2月,伤口造口门诊,多余行,剪刀1持物罐1/w6050,1575822,整行,,1.0/9.9/9.9,,18,
2月,伤口造口门诊,多余行,剪刀-1/Z1029,1576140,整行,,1.0/4.8/4.8,,19,
2月,伤口造口门诊,多余行,蚊式-1/Z1026,1576140,整行,,1.0/4.8/4.8,,20,
2月,伤口造口门诊,多余行,换药包-2件/w6050,1576140,整行,,1.0/9.9/9.9,,21,
2月,伤口造口门诊,多余行,刮勺-1/Z7530,1577315,整行,,1.0/4.8/4.8,,22,
2月,伤口造口门诊,多余行,蚊式-1/Z1026,1577315,整行,,2.0/4.8/9.6,,23,
2月,伤口造口门诊,多余行,换药包-2件/w6050,1577315,整行,,1.0/9.9/9.9,,24,
2月,伤口造口门诊,多余行,剪刀1持物罐1/w6050,1577315,整行,,1.0/9.9/9.9,,25,
2月,伤口造口门诊,汇总不一致-总价,伤口造口门诊,,总价,182.1,147.0,8,8,
2月,供应室,缺失行,简易呼吸器-1件/Z3060,1580575,整行,1.0/21.0/21.0,,9,,
2月,供应室,缺失行,呼吸面罩-1/z1532,1583588,整行,1.0/15.0/15.0,,10,,
2月,供应室,多余行,器械包-8件/w6050,1576511,整行,,1.0/26.4/26.4,,9,
2月,供应室,多余行,简易呼吸器-1件/Z3060,1576753,整行,,1.0/21.0/21.0,,10,
2月,供应室,汇总不一致-总价,供应室,,总价,36.0,47.4,8,8,
2月,全科,缺失行,压舌板-1/Z7526,1580376,整行,1.0/4.8/4.8,,9,,
2月,全科,缺失行,简易呼吸器-1件/Z3060,1580577,整行,1.0/21.0/21.0,,10,,
2月,全科,缺失行,喉镜片（低温）-1/Z1530,1580659,整行,1.0/15.0/15.0,,11,,
2月,口腔外科,缺失行,消毒缸-2/w7050,1579514,整行,1.0/9.9/9.9,,9,,
2月,口腔外科,缺失行,消毒缸-4/W9050,1579514,整行,2.0/13.2/26.4,,10,,
2月,口腔外科,缺失行,拔牙钳-1/Z1029,1580365,整行,3.0/4.8/14.4,,11,,
2月,口腔外科,缺失行,镊子缸-2（缸底贴日期）/z1535,1580365,整行,1.0/9.9/9.9,,12,,
2月,口腔外科,缺失行,排针-1/Z7520,1580365,整行,4.0/4.8/19.2,,13,,
2月,口腔外科,缺失行,双头挖勺-1/Z7526,1580365,整行,3.0/4.8/14.4,,14,,
2月,口腔外科,缺失行,牙铤子-1/Z7526,1580365,整行,5.0/4.8/24.0,,15,,
2月,口腔外科,缺失行,止血钳-1/Z1029,1580365,整行,1.0/4.8/4.8,,16,,
2月,口腔外科,缺失行,注射器-1/Z1026,1580365,整行,3.0/4.8/14.4,,17,,
2月,口腔外科,缺失行,消毒缸-2/w7050,1580365,整行,1.0/9.9/9.9,,18,,
2月,口腔外科,缺失行,消毒缸-4/W9050,1580365,整行,2.0/13.2/26.4,,19,,
2月,口腔外科,缺失行,拔牙钳-1/Z1029,1580682,整行,1.0/4.8/4.8,,20,,
2月,口腔外科,缺失行,镊子缸-2（缸底贴日期）/z1535,1580682,整行,1.0/9.9/9.9,,21,,
2月,口腔外科,缺失行,排针-1/Z7520,1580682,整行,3.0/4.8/14.4,,22,,
2月,口腔外科,缺失行,双头挖勺-1/Z7526,1580682,整行,3.0/4.8/14.4,,23,,
2月,口腔外科,缺失行,牙铤子-1/Z7526,1580682,整行,4.0/4.8/19.2,,24,,
2月,口腔外科,缺失行,止血钳-2/Z1530,1580682,整行,1.0/9.9/9.9,,25,,
2月,口腔外科,缺失行,注射器-1/Z1026,1580682,整行,2.0/4.8/9.6,,26,,
2月,口腔外科,缺失行,消毒缸-2/w7050,1581388,整行,1.0/9.9/9.9,,27,,
2月,口腔外科,缺失行,消毒缸-4/W9050,1581388,整行,2.0/13.2/26.4,,28,,
2月,口腔外科,缺失行,拔牙钳-1/Z1029,1581719,整行,6.0/4.8/28.8,,29,,
2月,口腔外科,缺失行,大弯-1/z1029,1581719,整行,1.0/4.8/4.8,,30,,
2月,口腔外科,缺失行,镊子-1/Z7526,1581719,整行,1.0/4.8/4.8,,31,,
2月,口腔外科,缺失行,镊子缸-2（缸底贴日期）/z1535,1581719,整行,1.0/9.9/9.9,,32,,
2月,口腔外科,缺失行,排针-1/Z7520,1581719,整行,3.0/4.8/14.4,,33,,
2月,口腔外科,缺失行,三角铤-1/z1026,1581719,整行,1.0/4.8/4.8,,34,,
2月,口腔外科,缺失行,三枪头-1/Z7526,1581719,整行,1.0/4.8/4.8,,35,,
2月,口腔外科,缺失行,双头挖勺-1/Z7526,1581719,整行,1.0/4.8/4.8,,36,,
2月,口腔外科,缺失行,牙铤子-1/Z7526,1581719,整行,6.0/4.8/28.8,,37,,
2月,口腔外科,缺失行,注射器-1/Z1026,1581719,整行,1.0/4.8/4.8,,38,,
2月,口腔外科,缺失行,拔牙钳-1/Z1029,1582354,整行,1.0/4.8/4.8,,39,,
2月,口腔外科,缺失行,镊子缸-2（缸底贴日期）/z1535,1582354,整行,2.0/9.9/19.8,,40,,
2月,口腔外科,缺失行,排针-1/Z7520,1582354,整行,2.0/4.8/9.6,,41,,
2月,口腔外科,缺失行,双头挖勺-1/Z7526,1582354,整行,2.0/4.8/9.6,,42,,
2月,口腔外科,缺失行,牙铤子-1/Z7526,1582354,整行,3.0/4.8/14.4,,43,,
2月,口腔外科,缺失行,注射器-1/Z1026,1582354,整行,2.0/4.8/9.6,,44,,
2月,口腔外科,缺失行,消毒缸-2/w7050,1582354,整行,1.0/9.9/9.9,,45,,
2月,口腔外科,缺失行,消毒缸-4/W9050,1582354,整行,2.0/13.2/26.4,,46,,
2月,口腔外科,缺失行,拔牙钳-1/Z1029,1582747,整行,1.0/4.8/4.8,,47,,
2月,口腔外科,缺失行,镊子缸-2（缸底贴日期）/z1535,1582747,整行,1.0/9.9/9.9,,48,,
2月,口腔外科,缺失行,双头挖勺-1/Z7526,1582747,整行,2.0/4.8/9.6,,49,,
2月,口腔外科,缺失行,牙铤子-1/Z7526,1582747,整行,2.0/4.8/9.6,,50,,
2月,口腔外科,缺失行,注射器-1/Z1026,1582747,整行,2.0/4.8/9.6,,51,,
2月,口腔外科,缺失行,消毒缸-2/w7050,1583205,整行,1.0/9.9/9.9,,52,,
2月,口腔外科,缺失行,消毒缸-4/W9050,1583205,整行,2.0/13.2/26.4,,53,,
2月,口腔外科,缺失行,拔牙钳-1/Z1029,1583586,整行,4.0/4.8/19.2,,54,,
2月,口腔外科,缺失行,镊子缸-2（缸底贴日期）/z1535,1583586,整行,2.0/9.9/19.8,,55,,
2月,口腔外科,缺失行,双头挖勺-1/Z7526,1583586,整行,2.0/4.8/9.6,,56,,
2月,口腔外科,缺失行,牙铤子-1/Z7526,1583586,整行,1.0/4.8/4.8,,57,,
2月,口腔外科,缺失行,注射器-1/Z1026,1583586,整行,3.0/4.8/14.4,,58,,
2月,口腔外科,缺失行,拔牙钳-1/Z1029,1585406,整行,2.0/4.8/9.6,,59,,
2月,口腔外科,缺失行,剥离子-1/（双）Z7530,1585406,整行,1.0/6.3/6.3,,60,,
2月,口腔外科,缺失行,镊子缸-2（缸底贴日期）/z1535,1585406,整行,2.0/9.9/19.8,,61,,
2月,口腔外科,缺失行,排针-1/Z7520,1585406,整行,3.0/4.8/14.4,,62,,
2月,口腔外科,缺失行,双头挖勺-1/Z7526,1585406,整行,1.0/4.8/4.8,,63,,
2月,口腔外科,缺失行,牙铤子-1/Z7526,1585406,整行,2.0/4.8/9.6,,64,,
2月,口腔外科,缺失行,注射器-1/Z1026,1585406,整行,1.0/4.8/4.8,,65,,
2月,口腔外科,缺失行,消毒缸-2/w7050,1585406,整行,1.0/9.9/9.9,,66,,
2月,口腔外科,缺失行,消毒缸-4/W9050,1585406,整行,2.0/13.2/26.4,,67,,
2月,口腔外科,缺失行,手术包-6件（双信封包装 ！）,1585406,整行,1.0/21.828/21.828,,68,,
2月,口腔外科,缺失行,注射器-1/Z1026,1585865,整行,1.0/4.8/4.8,,69,,
2月,口腔外科,缺失行,拔牙钳-1/Z1029,1586246,整行,2.0/4.8/9.6,,70,,
2月,口腔外科,缺失行,剥离子-1/（双）Z7530,1586246,整行,1.0/6.3/6.3,,71,,
2月,口腔外科,缺失行,镊子缸-2（缸底贴日期）/z1535,1586246,整行,1.0/9.9/9.9,,72,,
2月,口腔外科,缺失行,排针-1/Z7520,1586246,整行,4.0/4.8/19.2,,73,,
2月,口腔外科,缺失行,双头挖勺-1/Z7526,1586246,整行,5.0/4.8/24.0,,74,,
2月,口腔外科,缺失行,蚊式-1/Z1026,1586246,整行,1.0/4.8/4.8,,75,,
2月,口腔外科,缺失行,牙铤子-1/Z7526,1586246,整行,6.0/4.8/28.8,,76,,
2月,口腔外科,缺失行,注射器-1/Z1026,1586246,整行,2.0/4.8/9.6,,77,,
2月,口腔外科,缺失行,消毒缸-2/w7050,1586246,整行,1.0/9.9/9.9,,78,,
2月,口腔外科,缺失行,消毒缸-4/W9050,1586246,整行,2.0/13.2/26.4,,79,,
2月,口腔外科,缺失行,手术包-6件（双信封包装 ！）,1586246,整行,1.0/21.828/21.828,,80,,
2月,口腔外科,缺失行,注射器-1/Z1026,1586290,整行,2.0/4.8/9.6,,81,,
2月,口腔外科,缺失行,拔牙钳-1/Z1029,1586656,整行,1.0/4.8/4.8,,82,,
2月,口腔外科,缺失行,镊子缸-2（缸底贴日期）/z1535,1586656,整行,1.0/9.9/9.9,,83,,
2月,口腔外科,缺失行,排针-1/Z7520,1586656,整行,1.0/4.8/4.8,,84,,
2月,口腔外科,缺失行,双头挖勺-1/Z7526,1586656,整行,1.0/4.8/4.8,,85,,
2月,口腔外科,缺失行,蚊式-1/Z1026,1586656,整行,1.0/4.8/4.8,,86,,
2月,口腔外科,缺失行,牙铤子-1/Z7526,1586656,整行,7.0/4.8/33.6,,87,,
2月,口腔外科,缺失行,止血钳-1/Z1029,1586656,整行,3.0/4.8/14.4,,88,,
2月,口腔外科,缺失行,注射器-1/Z1026,1586656,整行,1.0/4.8/4.8,,89,,
2月,口腔外科,缺失行,镊子缸-2（缸底贴日期）/z1535,1587419,整行,1.0/9.9/9.9,,90,,
2月,口腔外科,缺失行,双头挖勺-1/Z7526,1587419,整行,3.0/4.8/14.4,,91,,
2月,口腔外科,缺失行,牙铤子-1/Z7526,1587419,整行,5.0/4.8/24.0,,92,,
2月,口腔外科,缺失行,注射器-1/Z1026,1587419,整行,3.0/4.8/14.4,,93,,
2月,口腔外科,缺失行,消毒缸-2/w7050,1587419,整行,1.0/9.9/9.9,,94,,
2月,口腔外科,缺失行,消毒缸-4/W9050,1587419,整行,2.0/13.2/26.4,,95,,
2月,口腔外科,缺失行,拔牙钳-1/Z1029,1587826,整行,2.0/4.8/9.6,,96,,
2月,口腔外科,缺失行,剥离子-1/（双）Z7530,1587826,整行,2.0/6.3/12.6,,97,,
2月,口腔外科,缺失行,镊子缸-2（缸底贴日期）/z1535,1587826,整行,1.0/9.9/9.9,,98,,
2月,口腔外科,缺失行,双头挖勺-1/Z7526,1587826,整行,2.0/4.8/9.6,,99,,
2月,口腔外科,缺失行,蚊式-1/Z1026,1587826,整行,1.0/4.8/4.8,,100,,
2月,口腔外科,缺失行,牙铤子-1/Z7526,1587826,整行,2.0/4.8/9.6,,101,,
2月,口腔外科,缺失行,注射器-1/Z1026,1587826,整行,2.0/4.8/9.6,,102,,
2月,口腔外科,缺失行,手术包-6件（双信封包装 ！）,1587826,整行,1.0/21.828/21.828,,103,,
2月,口腔科,缺失行,消毒缸-15/w12050,1579507,整行,1.0/49.5/49.5,,9,,
2月,口腔科,缺失行,消毒缸-15/w12050,1580371,整行,1.0/49.5/49.5,,10,,
2月,口腔科,缺失行,消毒缸-16/w12050,1581385,整行,1.0/52.8/52.8,,11,,
2月,口腔科,缺失行,消毒缸-16/w12050,1582353,整行,1.0/52.8/52.8,,12,,
2月,口腔科,缺失行,消毒缸-16/w12050,1583208,整行,1.0/52.8/52.8,,13,,
2月,口腔科,缺失行,消毒缸-16/w12050,1585408,整行,1.0/52.8/52.8,,14,,
2月,口腔科,缺失行,消毒缸-16/w12050,1586257,整行,1.0/52.8/52.8,,15,,
2月,口腔科,缺失行,消毒缸-16/w12050,1587426,整行,1.0/52.8/52.8,,16,,
2月,口腔科,多余行,消毒缸-15/w12050,1572685,整行,,1.0/49.5/49.5,,9,
2月,口腔科,多余行,消毒缸-15/w12050,1573559,整行,,1.0/49.5/49.5,,10,
2月,口腔科,多余行,消毒缸-15/w12050,1574658,整行,,1.0/49.5/49.5,,11,
2月,口腔科,多余行,消毒缸-15/w12050,1575452,整行,,1.0/49.5/49.5,,12,
2月,口腔科,多余行,消毒缸-15/w12050,1576514,整行,,1.0/49.5/49.5,,13,
2月,口腔科,多余行,消毒缸-15/w12050,1577323,整行,,1.0/49.5/49.5,,14,
2月,口腔科,多余行,消毒缸-15/w12050,1578287,整行,,1.0/49.5/49.5,,15,
2月,口腔科,多余行,消毒缸-15/w12050,1578897,整行,,1.0/49.5/49.5,,16,
2月,口腔科,汇总不一致-总价,口腔科,,总价,415.8,396.0,8,8,
2月,呼吸科,缺失行,简易呼吸器-1件/Z3060,1580576,整行,1.0/21.0/21.0,,9,,
2月,呼吸科,缺失行,简易呼吸器-1件/Z3060,1580927,整行,1.0/21.0/21.0,,10,,
2月,外科门诊,缺失行,刀柄-1/Z7526,1579506,整行,1.0/4.8/4.8,,9,,
2月,外科门诊,缺失行,蚊式-1/Z1026,1579506,整行,2.0/4.8/9.6,,10,,
2月,外科门诊,缺失行,止血钳-1/Z1029,1579506,整行,1.0/4.8/4.8,,11,,
2月,外科门诊,缺失行,消毒缸-5/w9050,1579506,整行,1.0/16.5/16.5,,12,,
2月,外科门诊,缺失行,消毒缸-5/w9050,1580370,整行,1.0/16.5/16.5,,13,,
2月,外科门诊,缺失行,大直钳-1/Z1035,1580683,整行,2.0/4.8/9.6,,14,,
2月,外科门诊,缺失行,手术包-10件（80*80布）,1580962,整行,1.0/33.0/33.0,,15,,
2月,外科门诊,缺失行,消毒缸-5/w9050,1581384,整行,1.0/16.5/16.5,,16,,
2月,外科门诊,缺失行,持针器-1/Z1029,1582072,整行,1.0/4.8/4.8,,17,,
2月,外科门诊,缺失行,剪刀-1/Z1029,1582072,整行,2.0/4.8/9.6,,18,,
2月,外科门诊,缺失行,蚊式-1/Z1026,1582072,整行,1.0/4.8/4.8,,19,,
2月,外科门诊,缺失行,手术包-10件（80*80布）,1582072,整行,1.0/33.0/33.0,,20,,
2月,外科门诊,缺失行,消毒缸-5/w9050,1582355,整行,1.0/16.5/16.5,,21,,
2月,外科门诊,缺失行,开口器-1/Z1026,1583215,整行,1.0/4.8/4.8,,22,,
2月,外科门诊,缺失行,喉镜片（低温）-1/Z1530,1583215,整行,3.0/15.0/45.0,,23,,
2月,外科门诊,缺失行,消毒缸-5/w9050,1583215,整行,1.0/16.5/16.5,,24,,
2月,外科门诊,缺失行,消毒缸-5/w9050,1585407,整行,1.0/16.5/16.5,,25,,
2月,外科门诊,缺失行,消毒缸-5/w9050,1586250,整行,1.0/16.5/16.5,,26,,
2月,外科门诊,缺失行,蚊式-1/Z1026,1586654,整行,2.0/4.8/9.6,,27,,
2月,外科门诊,缺失行,大直钳-1/Z1035,1587063,整行,2.0/4.8/9.6,,28,,
2月,外科门诊,缺失行,剪刀-1/Z1029,1587063,整行,1.0/4.8/4.8,,29,,
2月,外科门诊,缺失行,止血钳-1/Z1029,1587063,整行,1.0/4.8/4.8,,30,,
2月,外科门诊,缺失行,剪刀-1/Z1029,1587417,整行,1.0/4.8/4.8,,31,,
2月,外科门诊,缺失行,蚊式-1/Z1026,1587417,整行,1.0/4.8/4.8,,32,,
2月,外科门诊,缺失行,消毒缸-5/w9050,1587417,整行,1.0/16.5/16.5,,33,,
2月,外科门诊,缺失行,镊子-1/Z7526,1587542,整行,1.0/4.8/4.8,,34,,
2月,外科门诊,缺失行,剪刀-1/Z1029,1587769,整行,1.0/4.8/4.8,,35,,
2月,外科门诊,缺失行,蚊式-1/Z1026,1587769,整行,1.0/4.8/4.8,,36,,
2月,外科门诊,多余行,消毒缸-5/w9050,1572682,整行,,1.0/16.5/16.5,,9,
2月,外科门诊,多余行,手术包-8件,1573065,整行,,1.0/26.4/26.4,,10,
2月,外科门诊,多余行,消毒缸-5/w9050,1573557,整行,,1.0/16.5/16.5,,11,
2月,外科门诊,多余行,蚊式-1/Z1026,1573962,整行,,1.0/4.8/4.8,,12,
2月,外科门诊,多余行,止血钳-1/Z1029,1573962,整行,,5.0/4.8/24.0,,13,
2月,外科门诊,多余行,手术包-10件（80*80布）,1573962,整行,,1.0/33.0/33.0,,14,
2月,外科门诊,多余行,持针器-1/Z1029,1574274,整行,,1.0/4.8/4.8,,15,
2月,外科门诊,多余行,刀柄-1/Z7526,1574274,整行,,1.0/4.8/4.8,,16,
2月,外科门诊,多余行,剪刀-1/Z1029,1574274,整行,,1.0/4.8/4.8,,17,
2月,外科门诊,多余行,镊子-1/Z7526,1574274,整行,,2.0/4.8/9.6,,18,
2月,外科门诊,多余行,蚊式-1/Z1026,1574274,整行,,3.0/4.8/14.4,,19,
2月,外科门诊,多余行,消毒缸-5/w9050,1574664,整行,,1.0/16.5/16.5,,20,
2月,外科门诊,多余行,消毒缸-5/w9050,1575455,整行,,1.0/16.5/16.5,,21,
2月,外科门诊,多余行,蚊式-1/Z1026,1576510,整行,,1.0/4.8/4.8,,22,
2月,外科门诊,多余行,止血钳-1/Z1029,1576510,整行,,1.0/4.8/4.8,,23,
2月,外科门诊,多余行,消毒缸-5/w9050,1576510,整行,,1.0/16.5/16.5,,24,
2月,外科门诊,多余行,消毒缸-5/w9050,1577322,整行,,1.0/16.5/16.5,,25,
2月,外科门诊,多余行,手术包-10件（80*80布）,1577974,整行,,1.0/33.0/33.0,,26,
2月,外科门诊,多余行,大直钳-1/Z1035,1578291,整行,,1.0/4.8/4.8,,27,
2月,外科门诊,多余行,止血钳-1/Z1029,1578291,整行,,1.0/4.8/4.8,,28,
2月,外科门诊,多余行,消毒缸-5/w9050,1578291,整行,,1.0/16.5/16.5,,29,
2月,外科门诊,多余行,手术包-10件（80*80布）,1578291,整行,,1.0/33.0/33.0,,30,
2月,外科门诊,多余行,持针器-1/Z1029,1578630,整行,,1.0/4.8/4.8,,31,
2月,外科门诊,多余行,刀柄-1/Z7526,1578630,整行,,1.0/4.8/4.8,,32,
2月,外科门诊,多余行,剪刀-1/Z1029,1578630,整行,,1.0/4.8/4.8,,33,
2月,外科门诊,多余行,镊子-1/Z7526,1578630,整行,,1.0/4.8/4.8,,34,
2月,外科门诊,多余行,蚊式-1/Z1026,1578630,整行,,1.0/4.8/4.8,,35,
2月,外科门诊,多余行,消毒缸-5/w9050,1578903,整行,,1.0/16.5/16.5,,36,
2月,外科门诊,多余行,手术包-10件（80*80布）,1578903,整行,,1.0/33.0/33.0,,37,
2月,外科门诊,汇总不一致-总价,外科门诊,,总价,348.6,400.8,8,8,
2月,妇科病房,缺失行,持针器-1/Z1029,1579353,整行,1.0/4.8/4.8,,9,,
2月,妇科病房,缺失行,宫颈钳-1/Z1535,1579353,整行,2.0/6.6/13.2,,10,,
2月,妇科病房,缺失行,扩棒（5号）-1件/Z7526,1579353,整行,1.0/4.8/4.8,,11,,
2月,妇科病房,缺失行,取环钩-1(不套保护套)/z7537,1579353,整行,1.0/4.8/4.8,,12,,
2月,妇科病房,缺失行,消毒缸-5/w9050,1579508,整行,1.0/16.5/16.5,,13,,
2月,妇科病房,缺失行,消毒缸-5/w9050,1580375,整行,1.0/16.5/16.5,,14,,
2月,妇科病房,缺失行,消毒缸-5/w9050,1581382,整行,1.0/16.5/16.5,,15,,
2月,妇科病房,缺失行,大镊子-1/Z7534,1582363,整行,2.0/4.8/9.6,,16,,
2月,妇科病房,缺失行,大弯-1/z1029,1582363,整行,1.0/4.8/4.8,,17,,
2月,妇科病房,缺失行,剪刀-1/Z1029,1582363,整行,1.0/4.8/4.8,,18,,
2月,妇科病房,缺失行,消毒缸-5/w9050,1582363,整行,1.0/16.5/16.5,,19,,
2月,妇科病房,缺失行,止血钳-1/Z1029,1582746,整行,1.0/4.8/4.8,,20,,
2月,妇科病房,缺失行,大镊子-1/Z7534,1583212,整行,1.0/4.8/4.8,,21,,
2月,妇科病房,缺失行,消毒缸-5/w9050,1583212,整行,1.0/16.5/16.5,,22,,
2月,妇科病房,缺失行,大镊子-1/Z7534,1585412,整行,2.0/4.8/9.6,,23,,
2月,妇科病房,缺失行,开口器-1/Z1026,1585412,整行,1.0/4.8/4.8,,24,,
2月,妇科病房,缺失行,消毒缸-5/w9050,1585412,整行,1.0/16.5/16.5,,25,,
2月,妇科病房,缺失行,大镊子-1/Z7534,1585804,整行,3.0/4.8/14.4,,26,,
2月,妇科病房,缺失行,消毒缸-5/w9050,1586255,整行,1.0/16.5/16.5,,27,,
2月,妇科病房,缺失行,大弯-1/z1029,1587064,整行,2.0/4.8/9.6,,28,,
2月,妇科病房,缺失行,活检钳-1/Z2032,1587064,整行,2.0/7.8/15.6,,29,,
2月,妇科病房,缺失行,探针-1/Z7537,1587064,整行,1.0/4.8/4.8,,30,,
2月,妇科病房,缺失行,止血钳-1/Z1029,1587064,整行,1.0/4.8/4.8,,31,,
2月,妇科病房,缺失行,大镊子-1/Z7534,1587416,整行,1.0/4.8/4.8,,32,,
2月,妇科病房,缺失行,消毒缸-5/w9050,1587416,整行,1.0/16.5/16.5,,33,,
2月,妇科病房,多余行,剪刀-1/Z1029,1572679,整行,,1.0/4.8/4.8,,9,
2月,妇科病房,多余行,消毒缸-5/w9050,1572679,整行,,1.0/16.5/16.5,,10,
2月,妇科病房,多余行,大镊子-1/Z7534,1573555,整行,,1.0/4.8/4.8,,11,
2月,妇科病房,多余行,剪刀-1/Z1029,1573555,整行,,1.0/4.8/4.8,,12,
2月,妇科病房,多余行,止血钳-1/Z1029,1573555,整行,,4.0/4.8/19.2,,13,
2月,妇科病房,多余行,消毒缸-5/w9050,1573555,整行,,1.0/16.5/16.5,,14,
2月,妇科病房,多余行,大镊子-1/Z7534,1573929,整行,,1.0/4.8/4.8,,15,
2月,妇科病房,多余行,大镊子-1/Z7534,1574270,整行,,2.0/4.8/9.6,,16,
2月,妇科病房,多余行,卵圆钳-1/Z1535,1574270,整行,,1.0/6.6/6.6,,17,
2月,妇科病房,多余行,大镊子-1/Z7534,1574663,整行,,1.0/4.8/4.8,,18,
2月,妇科病房,多余行,大弯-1/z1029,1574663,整行,,1.0/4.8/4.8,,19,
2月,妇科病房,多余行,活检钳-1/Z2032,1574663,整行,,1.0/7.8/7.8,,20,
2月,妇科病房,多余行,消毒缸-5/w9050,1574663,整行,,1.0/16.5/16.5,,21,
2月,妇科病房,多余行,消毒缸-5/w9050,1575454,整行,,1.0/16.5/16.5,,22,
2月,妇科病房,多余行,大镊子-1/Z7534,1576137,整行,,3.0/4.8/14.4,,23,
2月,妇科病房,多余行,大弯-1/z1029,1576137,整行,,1.0/4.8/4.8,,24,
2月,妇科病房,多余行,消毒缸-5/w9050,1576509,整行,,1.0/16.5/16.5,,25,
2月,妇科病房,多余行,消毒缸-5/w9050,1577321,整行,,1.0/16.5/16.5,,26,
2月,妇科病房,多余行,剪刀-1/Z1029,1577641,整行,,1.0/4.8/4.8,,27,
2月,妇科病房,多余行,止血钳-1/Z1029,1577641,整行,,1.0/4.8/4.8,,28,
2月,妇科病房,多余行,消毒缸-5/w9050,1578292,整行,,1.0/16.5/16.5,,29,
2月,妇科病房,多余行,消毒缸-5/w9050,1578905,整行,,1.0/16.5/16.5,,30,
2月,妇科病房,汇总不一致-总价,妇科病房,,总价,256.8,232.8,8,8,
2月,妇科门诊,缺失行,消毒缸-4/W9050,1579512,整行,1.0/13.2/13.2,,9,,
2月,妇科门诊,缺失行,大镊子-1/Z7534,1579982,整行,1.0/4.8/4.8,,10,,
2月,妇科门诊,缺失行,宫颈钳-1/Z1535,1579982,整行,1.0/6.6/6.6,,11,,
2月,妇科门诊,缺失行,探针-1/Z7537,1579982,整行,1.0/4.8/4.8,,12,,
2月,妇科门诊,缺失行,7号吸头-1/Z7530,1580366,整行,1.0/4.8/4.8,,13,,
2月,妇科门诊,缺失行,取环钩-1(不套保护套)/z7537,1580366,整行,1.0/4.8/4.8,,14,,
2月,妇科门诊,缺失行,上环叉-1/Z7537,1580366,整行,1.0/4.8/4.8,,15,,
2月,妇科门诊,缺失行,止血钳-1/Z1029,1580366,整行,1.0/4.8/4.8,,16,,
2月,妇科门诊,缺失行,消毒缸-4/W9050,1580366,整行,1.0/13.2/13.2,,17,,
2月,妇科门诊,缺失行,流产包（12件）,1580366,整行,3.0/39.6/118.8,,18,,
2月,妇科门诊,缺失行,上取环包-9件,1580366,整行,2.0/29.7/59.4,,19,,
2月,妇科门诊,缺失行,大镊子-1/Z7534,1581383,整行,3.0/4.8/14.4,,20,,
2月,妇科门诊,缺失行,消毒缸-4/W9050,1581383,整行,1.0/13.2/13.2,,21,,
2月,妇科门诊,缺失行,宫颈钳-1/Z1535,1581761,整行,1.0/6.6/6.6,,22,,
2月,妇科门诊,缺失行,探针-1/Z7537,1581761,整行,1.0/4.8/4.8,,23,,
2月,妇科门诊,缺失行,大镊子-1/Z7534,1582352,整行,2.0/4.8/9.6,,24,,
2月,妇科门诊,缺失行,宫颈钳-1/Z1535,1582352,整行,1.0/6.6/6.6,,25,,
2月,妇科门诊,缺失行,取环钩-1(不套保护套)/z7537,1582352,整行,1.0/4.8/4.8,,26,,
2月,妇科门诊,缺失行,止血钳-1/Z1029,1582352,整行,2.0/4.8/9.6,,27,,
2月,妇科门诊,缺失行,消毒缸-4/W9050,1582352,整行,1.0/13.2/13.2,,28,,
2月,妇科门诊,缺失行,流产包（12件）,1582352,整行,1.0/39.6/39.6,,29,,
2月,妇科门诊,缺失行,上取环包-9件,1582352,整行,1.0/29.7/29.7,,30,,
2月,妇科门诊,缺失行,喉镜片（低温）-1/Z1530,1582716,整行,3.0/15.0/45.0,,31,,
2月,妇科门诊,缺失行,流产包（12件）,1582716,整行,1.0/39.6/39.6,,32,,
2月,妇科门诊,缺失行,病理钳-1/Z2032,1583214,整行,1.0/7.8/7.8,,33,,
2月,妇科门诊,缺失行,大镊子-1/Z7534,1583214,整行,7.0/4.8/33.6,,34,,
2月,妇科门诊,缺失行,止血钳-1/Z1029,1583214,整行,1.0/4.8/4.8,,35,,
2月,妇科门诊,缺失行,消毒缸-4/W9050,1583214,整行,1.0/13.2/13.2,,36,,
2月,妇科门诊,缺失行,上取环包-9件,1583214,整行,1.0/29.7/29.7,,37,,
2月,妇科门诊,缺失行,大镊子-1/Z7534,1584616,整行,5.0/4.8/24.0,,38,,
2月,妇科门诊,缺失行,取环钩-1(不套保护套)/z7537,1584616,整行,1.0/4.8/4.8,,39,,
2月,妇科门诊,缺失行,止血钳-1/Z1029,1584616,整行,1.0/4.8/4.8,,40,,
2月,妇科门诊,缺失行,上取环包-9件,1584616,整行,1.0/29.7/29.7,,41,,
2月,妇科门诊,缺失行,大镊子-1/Z7534,1585411,整行,3.0/4.8/14.4,,42,,
2月,妇科门诊,缺失行,取环钩-1(不套保护套)/z7537,1585411,整行,1.0/4.8/4.8,,43,,
2月,妇科门诊,缺失行,消毒缸-4/W9050,1585411,整行,1.0/13.2/13.2,,44,,
2月,妇科门诊,缺失行,流产包（12件）,1585411,整行,2.0/39.6/79.2,,45,,
2月,妇科门诊,缺失行,上取环包-9件,1585411,整行,2.0/29.7/59.4,,46,,
2月,妇科门诊,缺失行,宫颈钳-1/Z1535,1585800,整行,1.0/6.6/6.6,,47,,
2月,妇科门诊,缺失行,取环钩-1(不套保护套)/z7537,1585800,整行,1.0/4.8/4.8,,48,,
2月,妇科门诊,缺失行,流产包（12件）,1585800,整行,1.0/39.6/39.6,,49,,
2月,妇科门诊,缺失行,上取环包-9件,1585800,整行,1.0/29.7/29.7,,50,,
2月,妇科门诊,缺失行,宫颈钳-1/Z1535,1586112,整行,1.0/6.6/6.6,,51,,
2月,妇科门诊,缺失行,镊子-1/Z7526,1586112,整行,2.0/4.8/9.6,,52,,
2月,妇科门诊,缺失行,取环钩-1(不套保护套)/z7537,1586112,整行,1.0/4.8/4.8,,53,,
2月,妇科门诊,缺失行,探针-1/Z7537,1586112,整行,1.0/4.8/4.8,,54,,
2月,妇科门诊,缺失行,流产包（12件）,1586112,整行,2.0/39.6/79.2,,55,,
2月,妇科门诊,缺失行,上取环包-9件,1586112,整行,2.0/29.7/59.4,,56,,
2月,妇科门诊,缺失行,消毒缸-4/W9050,1586251,整行,1.0/13.2/13.2,,57,,
2月,妇科门诊,缺失行,病理钳-1/Z2032,1586658,整行,1.0/7.8/7.8,,58,,
2月,妇科门诊,缺失行,大镊子-1/Z7534,1586658,整行,3.0/4.8/14.4,,59,,
2月,妇科门诊,缺失行,宫颈钳-1/Z1535,1586658,整行,2.0/6.6/13.2,,60,,
2月,妇科门诊,缺失行,窥器-1/Z1526,1586658,整行,1.0/6.6/6.6,,61,,
2月,妇科门诊,缺失行,探针-1/Z7537,1586658,整行,1.0/4.8/4.8,,62,,
2月,妇科门诊,缺失行,大镊子-1/Z7534,1587418,整行,1.0/4.8/4.8,,63,,
2月,妇科门诊,缺失行,上环叉-1/Z7537,1587418,整行,1.0/4.8/4.8,,64,,
2月,妇科门诊,缺失行,消毒缸-4/W9050,1587418,整行,1.0/13.2/13.2,,65,,
2月,妇科门诊,缺失行,流产包（12件）,1587418,整行,2.0/39.6/79.2,,66,,
2月,妇科门诊,缺失行,上取环包-9件,1587418,整行,2.0/29.7/59.4,,67,,
2月,妇科门诊,缺失行,取环钩-1(不套保护套)/z7537,1587770,整行,1.0/4.8/4.8,,68,,
2月,妇科门诊,缺失行,上取环包-9件,1587770,整行,1.0/29.7/29.7,,69,,
2月,妇科门诊,多余行,病理钳-1/Z2032,1572719,整行,,1.0/7.8/7.8,,9,
2月,妇科门诊,多余行,大镊子-1/Z7534,1572719,整行,,3.0/4.8/14.4,,10,
2月,妇科门诊,多余行,剪刀-1/Z1029,1572719,整行,,2.0/4.8/9.6,,11,
2月,妇科门诊,多余行,止血钳-1/Z1029,1572719,整行,,1.0/4.8/4.8,,12,
2月,妇科门诊,多余行,消毒缸-4/W9050,1572719,整行,,1.0/13.2/13.2,,13,
2月,妇科门诊,多余行,流产包（12件）,1572719,整行,,3.0/39.6/118.8,,14,
2月,妇科门诊,多余行,7号吸头-1/Z7530,1573421,整行,,1.0/4.8/4.8,,15,
2月,妇科门诊,多余行,病理钳-1/Z2032,1573421,整行,,1.0/7.8/7.8,,16,
2月,妇科门诊,多余行,大镊子-1/Z7534,1573421,整行,,6.0/4.8/28.8,,17,
2月,妇科门诊,多余行,宫颈钳-1/Z1535,1573421,整行,,1.0/6.6/6.6,,18,
2月,妇科门诊,多余行,窥器-1/Z1526,1573421,整行,,1.0/6.6/6.6,,19,
2月,妇科门诊,多余行,探针-1/Z7537,1573421,整行,,1.0/4.8/4.8,,20,
2月,妇科门诊,多余行,流产包（12件）,1573421,整行,,2.0/39.6/79.2,,21,
2月,妇科门诊,多余行,消毒缸-4/W9050,1573562,整行,,1.0/13.2/13.2,,22,
2月,妇科门诊,多余行,病理钳-1/Z2032,1573961,整行,,1.0/7.8/7.8,,23,
2月,妇科门诊,多余行,大镊子-1/Z7534,1573961,整行,,1.0/4.8/4.8,,24,
2月,妇科门诊,多余行,扩棒（4号）-1件/Z7526,1573961,整行,,1.0/4.8/4.8,,25,
2月,妇科门诊,多余行,取环钩-1(不套保护套)/z7537,1573961,整行,,1.0/4.8/4.8,,26,
2月,妇科门诊,多余行,止血钳-1/Z1029,1573961,整行,,1.0/4.8/4.8,,27,
2月,妇科门诊,多余行,流产包（12件）,1573961,整行,,2.0/39.6/79.2,,28,
2月,妇科门诊,多余行,上取环包-9件,1573961,整行,,1.0/29.7/29.7,,29,
2月,妇科门诊,多余行,流产包（12件）,1574276,整行,,1.0/39.6/39.6,,30,
2月,妇科门诊,多余行,消毒缸-4/W9050,1574668,整行,,1.0/13.2/13.2,,31,
2月,妇科门诊,多余行,病理钳-1/Z2032,1575066,整行,,1.0/7.8/7.8,,32,
2月,妇科门诊,多余行,大镊子-1/Z7534,1575066,整行,,3.0/4.8/14.4,,33,
2月,妇科门诊,多余行,宫颈钳-1/Z1535,1575066,整行,,1.0/6.6/6.6,,34,
2月,妇科门诊,多余行,窥器-1/Z1526,1575066,整行,,1.0/6.6/6.6,,35,
2月,妇科门诊,多余行,取环钩-1(不套保护套)/z7537,1575066,整行,,1.0/4.8/4.8,,36,
2月,妇科门诊,多余行,上环叉-1/Z7537,1575066,整行,,1.0/4.8/4.8,,37,
2月,妇科门诊,多余行,上取环包-9件,1575066,整行,,2.0/29.7/59.4,,38,
2月,妇科门诊,多余行,大镊子-1/Z7534,1575319,整行,,3.0/4.8/14.4,,39,
2月,妇科门诊,多余行,宫颈钳-1/Z1535,1575319,整行,,1.0/6.6/6.6,,40,
2月,妇科门诊,多余行,剪刀-1/Z1029,1575319,整行,,1.0/4.8/4.8,,41,
2月,妇科门诊,多余行,扩棒（6.5号）-1件/Z7526,1575319,整行,,1.0/4.8/4.8,,42,
2月,妇科门诊,多余行,取环钩-1(不套保护套)/z7537,1575319,整行,,1.0/4.8/4.8,,43,
2月,妇科门诊,多余行,止血钳-1/Z1029,1575319,整行,,2.0/4.8/9.6,,44,
2月,妇科门诊,多余行,流产包（12件）,1575319,整行,,1.0/39.6/39.6,,45,
2月,妇科门诊,多余行,上取环包-9件,1575319,整行,,2.0/29.7/59.4,,46,
2月,妇科门诊,多余行,消毒缸-4/W9050,1575448,整行,,1.0/13.2/13.2,,47,
2月,妇科门诊,多余行,缝合针-6件/Z7520,1575824,整行,,1.0/8.1/8.1,,48,
2月,妇科门诊,多余行,扩棒（6.5号）-1件/Z7526,1575824,整行,,1.0/4.8/4.8,,49,
2月,妇科门诊,多余行,扩棒（6号）-1件/Z7526,1575824,整行,,1.0/4.8/4.8,,50,
2月,妇科门诊,多余行,扩棒（7号）-1件/Z7526,1575824,整行,,1.0/4.8/4.8,,51,
2月,妇科门诊,多余行,卵圆钳-1/Z1535,1575824,整行,,1.0/6.6/6.6,,52,
2月,妇科门诊,多余行,取环钩-1(不套保护套)/z7537,1575824,整行,,2.0/4.8/9.6,,53,
2月,妇科门诊,多余行,上环叉-1/Z7537,1575824,整行,,1.0/4.8/4.8,,54,
2月,妇科门诊,多余行,流产包（12件）,1575824,整行,,1.0/39.6/39.6,,55,
2月,妇科门诊,多余行,上取环包-9件,1575824,整行,,1.0/29.7/29.7,,56,
2月,妇科门诊,多余行,大镊子-1/Z7534,1576508,整行,,1.0/4.8/4.8,,57,
2月,妇科门诊,多余行,消毒缸-4/W9050,1576508,整行,,1.0/13.2/13.2,,58,
2月,妇科门诊,多余行,取环钩-1(不套保护套)/z7537,1576849,整行,,1.0/4.8/4.8,,59,
2月,妇科门诊,多余行,上取环包-9件,1576849,整行,,1.0/29.7/29.7,,60,
2月,妇科门诊,多余行,大镊子-1/Z7534,1577319,整行,,1.0/4.8/4.8,,61,
2月,妇科门诊,多余行,消毒缸-4/W9050,1577319,整行,,1.0/13.2/13.2,,62,
2月,妇科门诊,多余行,流产包（12件）,1577319,整行,,2.0/39.6/79.2,,63,
2月,妇科门诊,多余行,流产包（12件）,1577975,整行,,1.0/39.6/39.6,,64,
2月,妇科门诊,多余行,消毒缸-4/W9050,1578288,整行,,1.0/13.2/13.2,,65,
2月,妇科门诊,多余行,大镊子-1/Z7534,1578857,整行,,5.0/4.8/24.0,,66,
2月,妇科门诊,多余行,上环叉-1/Z7537,1578857,整行,,1.0/4.8/4.8,,67,
2月,妇科门诊,多余行,流产包（12件）,1578857,整行,,1.0/39.6/39.6,,68,
2月,妇科门诊,多余行,上取环包-9件,1578857,整行,,1.0/29.7/29.7,,69,
2月,妇科门诊,多余行,消毒缸-4/W9050,1578899,整行,,1.0/13.2/13.2,,70,
2月,妇科门诊,多余行,大镊子-1/Z7534,1579240,整行,,5.0/4.8/24.0,,71,
2月,妇科门诊,多余行,取环钩-1(不套保护套)/z7537,1579240,整行,,1.0/4.8/4.8,,72,
2月,妇科门诊,多余行,流产包（12件）,1579240,整行,,1.0/39.6/39.6,,73,
2月,妇科门诊,多余行,上取环包-9件,1579240,整行,,1.0/29.7/29.7,,74,
2月,妇科门诊,汇总不一致-总价,妇科门诊,,总价,1301.1,1295.4,8,8,
2月,心内科,多余行,开口器-1/Z1026,1572822,整行,,1.0/4.8/4.8,,9,
2月,心内科,多余行,喉镜片（低温）-1/Z1530,1572822,整行,,3.0/15.0/45.0,,10,
2月,急诊,缺失行,持针器-1/Z1029,1579505,整行,1.0/4.8/4.8,,9,,
2月,急诊,缺失行,镊子-1/Z7526,1579505,整行,1.0/4.8/4.8,,10,,
2月,急诊,缺失行,皮钩-2/z1026,1579505,整行,1.0/8.1/8.1,,11,,
2月,急诊,缺失行,鹰嘴钳-1/Z2032,1579505,整行,1.0/7.8/7.8,,12,,
2月,急诊,缺失行,消毒缸-8/w9050,1579505,整行,1.0/26.4/26.4,,13,,
2月,急诊,缺失行,缝合包4件,1579505,整行,1.0/13.2/13.2,,14,,
2月,急诊,缺失行,消毒缸-8/w9050,1580367,整行,1.0/26.4/26.4,,15,,
2月,急诊,缺失行,缝合包4件,1580367,整行,1.0/13.2/13.2,,16,,
2月,急诊,缺失行,蚊式-1/Z1026,1581407,整行,1.0/4.8/4.8,,17,,
2月,急诊,缺失行,止血钳-1/Z1029,1581407,整行,1.0/4.8/4.8,,18,,
2月,急诊,缺失行,消毒缸-8/w9050,1581407,整行,1.0/26.4/26.4,,19,,
2月,急诊,缺失行,喉镜片（低温）-1/Z1530,1581715,整行,2.0/15.0/30.0,,20,,
2月,急诊,缺失行,剪刀-1/Z1029,1581995,整行,2.0/4.8/9.6,,21,,
2月,急诊,缺失行,消毒缸-8/w9050,1582350,整行,1.0/26.4/26.4,,22,,
2月,急诊,缺失行,剪刀-1/Z1029,1583072,整行,2.0/4.8/9.6,,23,,
2月,急诊,缺失行,镊子-1/Z7526,1583072,整行,1.0/4.8/4.8,,24,,
2月,急诊,缺失行,缝合包4件,1583072,整行,1.0/13.2/13.2,,25,,
2月,急诊,缺失行,持物钳罐-2/w6050,1583072,整行,1.0/9.9/9.9,,26,,
2月,急诊,缺失行,剪刀-1/Z1029,1583210,整行,1.0/4.8/4.8,,27,,
2月,急诊,缺失行,消毒缸-8/w9050,1583210,整行,1.0/26.4/26.4,,28,,
2月,急诊,缺失行,缝合包4件,1583210,整行,1.0/13.2/13.2,,29,,
2月,急诊,缺失行,弯盘1止血钳1/w6050,1584965,整行,2.0/9.9/19.8,,30,,
2月,急诊,缺失行,钩镊-1/Z7526,1585414,整行,1.0/4.8/4.8,,31,,
2月,急诊,缺失行,蚊式-1/Z1026,1585414,整行,1.0/4.8/4.8,,32,,
2月,急诊,缺失行,止血钳-1/Z1029,1585414,整行,1.0/4.8/4.8,,33,,
2月,急诊,缺失行,消毒缸-8/w9050,1585414,整行,1.0/26.4/26.4,,34,,
2月,急诊,缺失行,缝合包4件,1585414,整行,2.0/13.2/26.4,,35,,
2月,急诊,缺失行,持物钳罐-2/w6050,1585414,整行,1.0/9.9/9.9,,36,,
2月,急诊,缺失行,消毒缸-8/w9050,1586252,整行,1.0/26.4/26.4,,37,,
2月,急诊,缺失行,弯盘1止血钳1/w6050,1586252,整行,1.0/9.9/9.9,,38,,
2月,急诊,缺失行,简易呼吸器-4/z3060,1586902,整行,1.0/52.8/52.8,,39,,
2月,急诊,缺失行,消毒缸-8/w9050,1587421,整行,1.0/26.4/26.4,,40,,
2月,急诊,多余行,消毒缸-8/w9050,1572680,整行,,1.0/26.4/26.4,,9,
2月,急诊,多余行,止血钳-1/Z1029,1573554,整行,,1.0/4.8/4.8,,10,
2月,急诊,多余行,消毒缸-8/w9050,1573554,整行,,1.0/26.4/26.4,,11,
2月,急诊,多余行,止血钳1弯盘1/w6050,1573554,整行,,1.0/9.9/9.9,,12,
2月,急诊,多余行,消毒缸-8/w9050,1574669,整行,,1.0/26.4/26.4,,13,
2月,急诊,多余行,止血钳-1/Z1029,1575318,整行,,1.0/4.8/4.8,,14,
2月,急诊,多余行,缝合包4件,1575318,整行,,1.0/13.2/13.2,,15,
2月,急诊,多余行,消毒缸-8/w9050,1575449,整行,,1.0/26.4/26.4,,16,
2月,急诊,多余行,剪刀-1/Z1029,1575835,整行,,1.0/4.8/4.8,,17,
2月,急诊,多余行,喉镜片（低温）-1/Z1530,1575835,整行,,1.0/15.0/15.0,,18,
2月,急诊,多余行,简易呼吸器-4/z3060,1576070,整行,,1.0/52.8/52.8,,19,
2月,急诊,多余行,消毒缸-8/w9050,1576538,整行,,1.0/26.4/26.4,,20,
2月,急诊,多余行,整形包-13件,1576538,整行,,1.0/42.9/42.9,,21,
2月,急诊,多余行,呼吸机管路-1（EO）/z3040,1576754,整行,,1.0/21.0/21.0,,22,
2月,急诊,多余行,消毒缸-8/w9050,1577314,整行,,1.0/26.4/26.4,,23,
2月,急诊,多余行,人工洗胃缸/W6050,1577314,整行,,1.0/9.9/9.9,,24,
2月,急诊,多余行,剪刀-1/Z1029,1577644,整行,,1.0/4.8/4.8,,25,
2月,急诊,多余行,弯盘1止血钳1/w6050,1577972,整行,,1.0/9.9/9.9,,26,
2月,急诊,多余行,止血钳-1/Z1029,1578313,整行,,2.0/4.8/9.6,,27,
2月,急诊,多余行,消毒缸-8/w9050,1578313,整行,,1.0/26.4/26.4,,28,
2月,急诊,多余行,镊子-1/Z7526,1578621,整行,,1.0/4.8/4.8,,29,
2月,急诊,多余行,止血钳-1/Z1029,1578621,整行,,1.0/4.8/4.8,,30,
2月,急诊,多余行,消毒缸-8/w9050,1578898,整行,,1.0/26.4/26.4,,31,
2月,急诊,多余行,剪刀-1/Z1029,1579242,整行,,1.0/4.8/4.8,,32,
2月,急诊,多余行,镊子-1/Z7526,1579242,整行,,1.0/4.8/4.8,,33,
2月,急诊,多余行,止血钳-1/Z1029,1579242,整行,,1.0/4.8/4.8,,34,
2月,急诊,汇总不一致-总价,急诊,,总价,501.0,438.6,8,8,
2月,息肉中心,缺失行,开口器-1/Z1026,1579634,整行,1.0/4.8/4.8,,9,,
2月,息肉中心,缺失行,压舌板-1/Z7526,1579634,整行,1.0/4.8/4.8,,10,,
2月,息肉中心,缺失行,喉镜片（低温）-1/Z1530,1579637,整行,2.0/15.0/30.0,,11,,
2月,息肉中心,缺失行,喉镜手柄-1/Z1026,1579637,整行,1.0/13.2/13.2,,12,,
2月,息肉中心,缺失行,简易呼吸器-1件/Z3060,1579885,整行,1.0/21.0/21.0,,13,,
2月,息肉中心,缺失行,简易呼吸器-1件/Z3060,1580218,整行,1.0/21.0/21.0,,14,,
2月,手术室,缺失行,超声刀线-1/z3040,1579354,整行,1.0/21.0/21.0,,9,,
2月,手术室,缺失行,胃钳子-1/Z2060（低温）,1579354,整行,1.0/16.8/16.8,,10,,
2月,手术室,缺失行,30 度镜头-1(STORZE)/Z2060,1579354,整行,1.0/16.8/16.8,,11,,
2月,手术室,缺失行,开腹（66件）,1579355,整行,1.0/227.7/227.7,,12,,
2月,手术室,缺失行,普外腹腔镜B(44件）,1579355,整行,1.0/148.5/148.5,,13,,
2月,手术室,缺失行,持物钳罐-5件/w6050,1579355,整行,1.0/16.5/16.5,,14,,
2月,手术室,缺失行,开腹（66件）,1579719,整行,1.0/227.7/227.7,,15,,
2月,手术室,缺失行,切开（28件）,1579719,整行,1.0/95.7/95.7,,16,,
2月,手术室,缺失行,持物钳罐-5件/w6050,1579719,整行,2.0/16.5/33.0,,17,,
2月,手术室,缺失行,PRD生物夹钳(紫)-1/（双，保）Z2060,1580073,整行,2.0/21.0/42.0,,18,,
2月,手术室,缺失行,肠钳子-1（低温）/Z2060,1580073,整行,1.0/16.8/16.8,,19,,
2月,手术室,缺失行,超声刀线-1/z3040,1580073,整行,2.0/21.0/42.0,,20,,
2月,手术室,缺失行,康基可吸收施夹钳-1/双Z2060,1580073,整行,1.0/21.0/21.0,,21,,
2月,手术室,缺失行,康基连发施夹钳（紫）-1/双保Z2060,1580073,整行,1.0/21.0/21.0,,22,,
2月,手术室,缺失行,生物夹钳-1/（双，保护）Z2060,1580073,整行,1.0/21.0/21.0,,23,,
2月,手术室,缺失行,30 度镜头-1(STORZE)/Z2060,1580073,整行,2.0/16.8/33.6,,24,,
2月,手术室,缺失行,妇科子宫旋切器B（17件）,1580074,整行,1.0/59.4/59.4,,25,,
2月,手术室,缺失行,腹腔镜基础包23件,1580074,整行,1.0/79.2/79.2,,26,,
2月,手术室,缺失行,绝育（34件）,1580074,整行,1.0/115.5/115.5,,27,,
2月,手术室,缺失行,开腹（66件）,1580074,整行,1.0/227.7/227.7,,28,,
2月,手术室,缺失行,开胸-50件,1580074,整行,1.0/171.6/171.6,,29,,
2月,手术室,缺失行,髋臼拉勾-7件,1580074,整行,1.0/26.4/26.4,,30,,
2月,手术室,缺失行,普外肠道腔镜器械（56件）,1580074,整行,1.0/188.1/188.1,,31,,
2月,手术室,缺失行,普外腹腔镜A(44件）,1580074,整行,1.0/148.5/148.5,,32,,
2月,手术室,缺失行,气管切开25件,1580074,整行,1.0/85.8/85.8,,33,,
2月,手术室,缺失行,切开（28件）,1580074,整行,1.0/95.7/95.7,,34,,
2月,手术室,缺失行,下肢内固定（37件）,1580074,整行,1.0/125.4/125.4,,35,,
2月,手术室,缺失行,空心钻-3件（加筐4件）/W905060,1580074,整行,1.0/13.2/13.2,,36,,
2月,手术室,缺失行,7号吸头-1/Z7530,1580074,整行,2.0/4.8/9.6,,37,,
2月,手术室,缺失行,8号吸头-1/Z7530,1580074,整行,1.0/4.8/4.8,,38,,
2月,手术室,缺失行,荷包钳-1/（双）Z1540,1580074,整行,1.0/9.9/9.9,,39,,
2月,手术室,缺失行,巾钳子-2/Z1530,1580074,整行,1.0/9.9/9.9,,40,,
2月,手术室,缺失行,弯盘-1/Z2032,1580074,整行,1.0/7.8/7.8,,41,,
2月,手术室,缺失行,蚊式-6/Z1526,1580074,整行,1.0/19.8/19.8,,42,,
2月,手术室,缺失行,纤维钳-1/Z1026,1580074,整行,1.0/4.8/4.8,,43,,
2月,手术室,缺失行,牙钳-2/Z1530,1580074,整行,1.0/9.9/9.9,,44,,
2月,手术室,缺失行,止血钳-1/Z1029,1580074,整行,1.0/4.8/4.8,,45,,
2月,手术室,缺失行,持物钳罐-5件/w6050,1580074,整行,3.0/16.5/49.5,,46,,
2月,手术室,缺失行,颈前路-31件，筐1/W12050,1580074,整行,1.0/105.6/105.6,,47,,
2月,手术室,缺失行,盆2盘2碗1/w9050,1580074,整行,1.0/16.5/16.5,,48,,
2月,手术室,缺失行,三叶拉勾-3件/w9050,1580074,整行,1.0/9.9/9.9,,49,,
2月,手术室,缺失行,小弯-6件/W6050,1580074,整行,1.0/19.8/19.8,,50,,
2月,手术室,缺失行,手术衣-1件/W9050,1580377,整行,4.0/15.0/60.0,,51,,
2月,手术室,缺失行,刷手服/W12050,1580421,整行,3.0/21.0/63.0,,52,,
2月,手术室,缺失行,单子/W12050,1580446,整行,2.0/21.0/42.0,,53,,
2月,手术室,缺失行,PRD生物夹钳(绿)-1/（双，保）Z2060,1580457,整行,1.0/21.0/21.0,,54,,
2月,手术室,缺失行,PRD生物夹钳(紫)-1/（双，保）Z2060,1580457,整行,1.0/21.0/21.0,,55,,
2月,手术室,缺失行,超声刀线-1/z3040,1580457,整行,2.0/21.0/42.0,,56,,
2月,手术室,缺失行,持镜钳-2件/Z双2040,1580457,整行,1.0/26.4/26.4,,57,,
2月,手术室,缺失行,戳卡-4/z1530,1580457,整行,1.0/52.8/52.8,,58,,
2月,手术室,缺失行,戳卡帽-1/Z7520,1580457,整行,8.0/13.2/105.6,,59,,
2月,手术室,缺失行,大直角-1（低温）/Z2060,1580457,整行,1.0/16.8/16.8,,60,,
2月,手术室,缺失行,单极线-1/Z3040,1580457,整行,1.0/21.0/21.0,,61,,
2月,手术室,缺失行,胆囊爬-1/z2060,1580457,整行,1.0/16.8/16.8,,62,,
2月,手术室,缺失行,分离钳-1（低温）/Z2060,1580457,整行,1.0/16.8/16.8,,63,,
2月,手术室,缺失行,妇科旋切导线-3/Z3040,1580457,整行,1.0/39.6/39.6,,64,,
2月,手术室,缺失行,镜鞘2（双层）/z2060,1580457,整行,1.0/26.4/26.4,,65,,
2月,手术室,缺失行,康基可吸收施夹钳-1/双Z2060,1580457,整行,1.0/21.0/21.0,,66,,
2月,手术室,缺失行,康基连发施夹钳（紫）-1/双保Z2060,1580457,整行,1.0/21.0/21.0,,67,,
2月,手术室,缺失行,取石钳-1（低温）/Z2060,1580457,整行,2.0/16.8/33.6,,68,,
2月,手术室,缺失行,手柄-1/z2026,1580457,整行,1.0/16.8/16.8,,69,,
2月,手术室,缺失行,推结器-1/Z7560,1580457,整行,1.0/13.2/13.2,,70,,
2月,手术室,缺失行,胃钳-1件（低温）/（双，保）Z2060,1580457,整行,2.0/21.0/42.0,,71,,
2月,手术室,缺失行,吸引器-1件/Z1550,1580457,整行,1.0/15.0/15.0,,72,,
2月,手术室,缺失行,转换帽-2/z7520,1580457,整行,1.0/26.4/26.4,,73,,
2月,手术室,缺失行,30 度镜头-1(威沙普)/Z2060,1580457,整行,1.0/16.8/16.8,,74,,
2月,手术室,缺失行,3D镜头-1件/Z2060,1580457,整行,1.0/16.8/16.8,,75,,
2月,手术室,缺失行,检查镜-12度-1/Z2060,1580457,整行,1.0/16.8/16.8,,76,,
2月,手术室,缺失行,腹腔镜基础包23件,1580458,整行,1.0/79.2/79.2,,77,,
2月,手术室,缺失行,开腹（66件）,1580458,整行,1.0/227.7/227.7,,78,,
2月,手术室,缺失行,阑尾40件（无纺布）,1580458,整行,1.0/138.6/138.6,,79,,
2月,手术室,缺失行,普外腹腔镜C(45件）,1580458,整行,1.0/151.8/151.8,,80,,
2月,手术室,缺失行,普外腹腔镜D(45件）,1580458,整行,1.0/151.8/151.8,,81,,
2月,手术室,缺失行,妇科针-2/Z7537,1580458,整行,1.0/8.1/8.1,,82,,
2月,手术室,缺失行,取环勾-1/7530,1580458,整行,2.0/4.8/9.6,,83,,
2月,手术室,缺失行,妇科检查包-16件,1580458,整行,1.0/52.8/52.8,,84,,
2月,手术室,缺失行,持物钳罐-5件/w6050,1580458,整行,3.0/16.5/49.5,,85,,
2月,手术室,缺失行,电切环-1/Z7526,1580817,整行,1.0/13.2/13.2,,86,,
2月,手术室,缺失行,电切镜套管-4/双2060,1580817,整行,1.0/52.8/52.8,,87,,
2月,手术室,缺失行,妇科治疗镜-5件盒1/W12050,1580817,整行,1.0/52.8/52.8,,88,,
2月,手术室,缺失行,把持器（10件）,1580824,整行,1.0/36.3/36.3,,89,,
2月,手术室,缺失行,绝育（34件）,1580824,整行,2.0/115.5/231.0,,90,,
2月,手术室,缺失行,切开（28件）,1580824,整行,1.0/95.7/95.7,,91,,
2月,手术室,缺失行,下肢内固定（37件）,1580824,整行,1.0/125.4/125.4,,92,,
2月,手术室,缺失行,中弯-31件,1580824,整行,1.0/105.6/105.6,,93,,
2月,手术室,缺失行,妇科针-2/Z7537,1580824,整行,1.0/8.1/8.1,,94,,
2月,手术室,缺失行,钢丝-2/Z1526,1580824,整行,4.0/9.9/39.6,,95,,
2月,手术室,缺失行,妇科检查包-16件,1580824,整行,1.0/52.8/52.8,,96,,
2月,手术室,缺失行,持物钳罐-5件/w6050,1580824,整行,3.0/16.5/49.5,,97,,
2月,手术室,缺失行,大S拉钩1小S拉钩1/W6050,1580824,整行,1.0/9.9/9.9,,98,,
2月,手术室,缺失行,扩棒（8-10.5）-6件/W6050,1580824,整行,1.0/19.8/19.8,,99,,
2月,手术室,缺失行,单子/W12050,1581122,整行,3.0/21.0/63.0,,100,,
2月,手术室,缺失行,刷手服/W12050,1581122,整行,1.0/21.0/21.0,,101,,
2月,手术室,缺失行,刷手服/W12050,1581139,整行,1.0/21.0/21.0,,102,,
2月,手术室,缺失行,PRD生物夹钳(绿)-1/（双，保）Z2060,1581158,整行,1.0/21.0/21.0,,103,,
2月,手术室,缺失行,PRD生物夹钳(紫)-1/（双，保）Z2060,1581158,整行,1.0/21.0/21.0,,104,,
2月,手术室,缺失行,超声刀线-1/z3040,1581158,整行,4.0/21.0/84.0,,105,,
2月,手术室,缺失行,单极线-1/Z3040,1581158,整行,2.0/21.0/42.0,,106,,
2月,手术室,缺失行,生物夹钳-1/（双，保护）Z2060,1581158,整行,2.0/21.0/42.0,,107,,
2月,手术室,缺失行,胃钳子-1/Z2060（低温）,1581158,整行,2.0/16.8/33.6,,108,,
2月,手术室,缺失行,30 度镜头-1(STORZE)/Z2060,1581158,整行,1.0/16.8/16.8,,109,,
2月,手术室,缺失行,3D镜头-1件/Z2060,1581158,整行,1.0/16.8/16.8,,110,,
2月,手术室,缺失行,腹腔镜基础包23件,1581159,整行,1.0/79.2/79.2,,111,,
2月,手术室,缺失行,甲状腺-52件,1581159,整行,1.0/178.2/178.2,,112,,
2月,手术室,缺失行,绝育（34件）,1581159,整行,1.0/115.5/115.5,,113,,
2月,手术室,缺失行,开腹（66件）,1581159,整行,1.0/227.7/227.7,,114,,
2月,手术室,缺失行,普外肠道腔镜器械（56件）,1581159,整行,1.0/188.1/188.1,,115,,
2月,手术室,缺失行,普外腹腔镜D(45件）,1581159,整行,1.0/151.8/151.8,,116,,
2月,手术室,缺失行,下肢内固定（37件）,1581159,整行,1.0/125.4/125.4,,117,,
2月,手术室,缺失行,荷包钳-1/（双）Z1540,1581159,整行,1.0/9.9/9.9,,118,,
2月,手术室,缺失行,持物钳罐-5件/w6050,1581159,整行,4.0/16.5/66.0,,119,,
2月,手术室,缺失行,大S钩-2/W6050,1581159,整行,1.0/9.9/9.9,,120,,
2月,手术室,缺失行,大S拉钩1小S拉钩1/W6050,1581159,整行,1.0/9.9/9.9,,121,,
2月,手术室,缺失行,腹腔镜基础包23件,1581517,整行,1.0/79.2/79.2,,122,,
2月,手术室,缺失行,开腹（66件）,1581517,整行,1.0/227.7/227.7,,123,,
2月,手术室,缺失行,普外肠道腔镜器械（56件）,1581517,整行,1.0/188.1/188.1,,124,,
2月,手术室,缺失行,普外腹腔镜C(45件）,1581517,整行,1.0/151.8/151.8,,125,,
2月,手术室,缺失行,妇科针-2/Z7537,1581517,整行,1.0/8.1/8.1,,126,,
2月,手术室,缺失行,荷包钳-1/（双）Z1540,1581517,整行,1.0/9.9/9.9,,127,,
2月,手术室,缺失行,小肌钩-2/Z1026,1581517,整行,1.0/8.1/8.1,,128,,
2月,手术室,缺失行,PRD生物夹钳(紫)-1/（双，保）Z2060,1581517,整行,1.0/21.0/21.0,,129,,
2月,手术室,缺失行,超声刀线-1/z3040,1581517,整行,2.0/21.0/42.0,,130,,
2月,手术室,缺失行,单极线-1/Z3040,1581517,整行,1.0/21.0/21.0,,131,,
2月,手术室,缺失行,电切环-1/Z7526,1581517,整行,1.0/13.2/13.2,,132,,
2月,手术室,缺失行,电切镜套管-4/双2060,1581517,整行,1.0/52.8/52.8,,133,,
2月,手术室,缺失行,镜鞘2（双层）/z2060,1581517,整行,1.0/26.4/26.4,,134,,
2月,手术室,缺失行,生物夹钳-1/（双，保护）Z2060,1581517,整行,1.0/21.0/21.0,,135,,
2月,手术室,缺失行,妇科检查包-16件,1581517,整行,2.0/52.8/105.6,,136,,
2月,手术室,缺失行,30 度镜头-1(STORZE)/Z2060,1581517,整行,1.0/16.8/16.8,,137,,
2月,手术室,缺失行,3D镜头-1件/Z2060,1581517,整行,1.0/16.8/16.8,,138,,
2月,手术室,缺失行,检查镜-12度-1/Z2060,1581517,整行,1.0/16.8/16.8,,139,,
2月,手术室,缺失行,治疗镜（粗）-12度-1/Z2060,1581517,整行,1.0/16.8/16.8,,140,,
2月,手术室,缺失行,持物钳罐-5件/w6050,1581517,整行,2.0/16.5/33.0,,141,,
2月,手术室,缺失行,腹膜钳-5/W6050,1581517,整行,1.0/16.5/16.5,,142,,
2月,手术室,缺失行,扩棒（7-9.5）-6件/W6050,1581517,整行,1.0/19.8/19.8,,143,,
2月,手术室,缺失行,手术衣-1件/W9050,1581714,整行,4.0/15.0/60.0,,144,,
2月,手术室,缺失行,腹腔镜基础包23件,1581796,整行,1.0/79.2/79.2,,145,,
2月,手术室,缺失行,绝育（34件）,1581796,整行,1.0/115.5/115.5,,146,,
2月,手术室,缺失行,开腹（66件）,1581796,整行,1.0/227.7/227.7,,147,,
2月,手术室,缺失行,普外肠道腔镜器械（56件）,1581796,整行,1.0/188.1/188.1,,148,,
2月,手术室,缺失行,普外腹腔镜C(45件）,1581796,整行,1.0/151.8/151.8,,149,,
2月,手术室,缺失行,切开（28件）,1581796,整行,1.0/95.7/95.7,,150,,
2月,手术室,缺失行,下肢内固定（37件）,1581796,整行,1.0/125.4/125.4,,151,,
2月,手术室,缺失行,荷包钳-1/（双）Z1540,1581796,整行,1.0/9.9/9.9,,152,,
2月,手术室,缺失行,普外号包-5件/Z2032,1581796,整行,1.0/16.5/16.5,,153,,
2月,手术室,缺失行,止血钳（中）-5/Z1526,1581796,整行,1.0/16.5/16.5,,154,,
2月,手术室,缺失行,PRD生物夹钳(绿)-1/（双，保）Z2060,1581796,整行,1.0/21.0/21.0,,155,,
2月,手术室,缺失行,PRD生物夹钳(紫)-1/（双，保）Z2060,1581796,整行,2.0/21.0/42.0,,156,,
2月,手术室,缺失行,超声刀线-1/z3040,1581796,整行,2.0/21.0/42.0,,157,,
2月,手术室,缺失行,单极线-1/Z3040,1581796,整行,1.0/21.0/21.0,,158,,
2月,手术室,缺失行,30 度镜头-1(STORZE)/Z2060,1581796,整行,1.0/16.8/16.8,,159,,
2月,手术室,缺失行,3D镜头-1件/Z2060,1581796,整行,1.0/16.8/16.8,,160,,
2月,手术室,缺失行,持物钳罐-5件/w6050,1581796,整行,4.0/16.5/66.0,,161,,
2月,手术室,缺失行,大S拉钩1小S拉钩1/W6050,1581796,整行,1.0/9.9/9.9,,162,,
2月,手术室,缺失行,单子/W12050,1581854,整行,1.0/21.0/21.0,,163,,
2月,手术室,缺失行,刷手服/W12050,1581854,整行,2.0/21.0/42.0,,164,,
2月,手术室,缺失行,腹腔镜基础包23件,1582132,整行,2.0/79.2/158.4,,165,,
2月,手术室,缺失行,普外腹腔镜C(45件）,1582132,整行,1.0/151.8/151.8,,166,,
2月,手术室,缺失行,普外腹腔镜D(45件）,1582132,整行,1.0/151.8/151.8,,167,,
2月,手术室,缺失行,整形（37件）,1582132,整行,2.0/125.4/250.8,,168,,
2月,手术室,缺失行,妇科针-2/Z7537,1582132,整行,1.0/8.1/8.1,,169,,
2月,手术室,缺失行,取环勾-1/7530,1582132,整行,1.0/4.8/4.8,,170,,
2月,手术室,缺失行,PRD生物夹钳(紫)-1/（双，保）Z2060,1582132,整行,1.0/21.0/21.0,,171,,
2月,手术室,缺失行,超声刀线-1/z3040,1582132,整行,2.0/21.0/42.0,,172,,
2月,手术室,缺失行,电切环-1/Z7526,1582132,整行,1.0/13.2/13.2,,173,,
2月,手术室,缺失行,电切镜套管-4/双2060,1582132,整行,1.0/52.8/52.8,,174,,
2月,手术室,缺失行,康基可吸收施夹钳-1/双Z2060,1582132,整行,1.0/21.0/21.0,,175,,
2月,手术室,缺失行,生物夹钳-1/（双，保护）Z2060,1582132,整行,1.0/21.0/21.0,,176,,
2月,手术室,缺失行,妇科检查包-16件,1582132,整行,2.0/52.8/105.6,,177,,
2月,手术室,缺失行,30 度镜头-1(STORZE)/Z2060,1582132,整行,2.0/16.8/33.6,,178,,
2月,手术室,缺失行,治疗镜（粗）-12度-1/Z2060,1582132,整行,1.0/16.8/16.8,,179,,
2月,手术室,缺失行,持物钳罐-5件/w6050,1582132,整行,5.0/16.5/82.5,,180,,
2月,手术室,缺失行,扩棒（7-9.5）-6件/W6050,1582132,整行,1.0/19.8/19.8,,181,,
2月,手术室,缺失行,扩棒（8-10.5）-6件/W6050,1582132,整行,1.0/19.8/19.8,,182,,
2月,手术室,缺失行,手术衣-1件/W9050,1582361,整行,1.0/15.0/15.0,,183,,
2月,手术室,缺失行,单子/W12050,1582485,整行,1.0/21.0/21.0,,184,,
2月,手术室,缺失行,刷手服/W12050,1582485,整行,2.0/21.0/42.0,,185,,
2月,手术室,缺失行,妇科腹腔镜A（46件）,1582504,整行,1.0/155.1/155.1,,186,,
2月,手术室,缺失行,腹腔镜基础包23件,1582504,整行,1.0/79.2/79.2,,187,,
2月,手术室,缺失行,开腹（66件）,1582504,整行,2.0/227.7/455.4,,188,,
2月,手术室,缺失行,流产包A（29件）,1582504,整行,1.0/99.0/99.0,,189,,
2月,手术室,缺失行,普外肠道腔镜器械（56件）,1582504,整行,1.0/188.1/188.1,,190,,
2月,手术室,缺失行,普外腹腔镜B(44件）,1582504,整行,1.0/148.5/148.5,,191,,
2月,手术室,缺失行,脑科号包-4件（带筐）/W905060,1582504,整行,1.0/16.5/16.5,,192,,
2月,手术室,缺失行,板钩-2/（双）Z2032,1582504,整行,2.0/9.9/19.8,,193,,
2月,手术室,缺失行,剥离子-1/（双）Z7530,1582504,整行,4.0/6.3/25.2,,194,,
2月,手术室,缺失行,穿刺针-2件/Z7520,1582504,整行,1.0/8.1/8.1,,195,,
2月,手术室,缺失行,大直角-2/Z1530,1582504,整行,1.0/9.9/9.9,,196,,
2月,手术室,缺失行,钢板尺-1/Z7526,1582504,整行,2.0/4.8/9.6,,197,,
2月,手术室,缺失行,刮勺-1/Z7530,1582504,整行,1.0/4.8/4.8,,198,,
2月,手术室,缺失行,后颅凹拉钩-1/（双）Z2530,1582504,整行,1.0/9.9/9.9,,199,,
2月,手术室,缺失行,间盘镜剪刀(高温)-1/Z2060,1582504,整行,1.0/7.8/7.8,,200,,
2月,手术室,缺失行,间盘镜套筒-1/Z1526,1582504,整行,1.0/6.6/6.6,,201,,
2月,手术室,缺失行,内六角-1/Z1029,1582504,整行,1.0/4.8/4.8,,202,,
2月,手术室,缺失行,头皮夹-1/Z1026,1582504,整行,1.0/4.8/4.8,,203,,
2月,手术室,缺失行,弯肠钳子-2/z1530,1582504,整行,1.0/9.9/9.9,,204,,
2月,手术室,缺失行,血管夹-1/Z1026,1582504,整行,3.0/4.8/14.4,,205,,
2月,手术室,缺失行,血管夹-4/Z1026,1582504,整行,1.0/13.2/13.2,,206,,
2月,手术室,缺失行,血管夹-5/Z1026,1582504,整行,1.0/16.5/16.5,,207,,
2月,手术室,缺失行,牙铤子-1/Z7526,1582504,整行,1.0/4.8/4.8,,208,,
2月,手术室,缺失行,直角钳-2/Z1530,1582504,整行,1.0/9.9/9.9,,209,,
2月,手术室,缺失行,椎板咬骨钳-1/z2032,1582504,整行,2.0/7.8/15.6,,210,,
2月,手术室,缺失行,钻头-1/Z7526,1582504,整行,1.0/4.8/4.8,,211,,
2月,手术室,缺失行,钻头-5/Z7526,1582504,整行,5.0/16.5/82.5,,212,,
2月,手术室,缺失行,PRD生物夹钳(绿)-1/（双，保）Z2060,1582504,整行,1.0/21.0/21.0,,213,,
2月,手术室,缺失行,PRD生物夹钳(紫)-1/（双，保）Z2060,1582504,整行,1.0/21.0/21.0,,214,,
2月,手术室,缺失行,肠钳子-1（低温）/Z2060,1582504,整行,1.0/16.8/16.8,,215,,
2月,手术室,缺失行,超声刀线-1/z3040,1582504,整行,2.0/21.0/42.0,,216,,
2月,手术室,缺失行,单极线-1/Z3040,1582504,整行,2.0/21.0/42.0,,217,,
2月,手术室,缺失行,分离钳-1（低温）/Z2060,1582504,整行,1.0/16.8/16.8,,218,,
2月,手术室,缺失行,剪刀-1（低温）/Z2060,1582504,整行,1.0/16.8/16.8,,219,,
2月,手术室,缺失行,30 度镜头-1(STORZE)/Z2060,1582504,整行,1.0/16.8/16.8,,220,,
2月,手术室,缺失行,3D镜头-1件/Z2060,1582504,整行,1.0/16.8/16.8,,221,,
2月,手术室,缺失行,妇科镜头0度-1/Z2060,1582504,整行,1.0/16.8/16.8,,222,,
2月,手术室,缺失行,鞍钩-2/W6050,1582504,整行,1.0/9.9/9.9,,223,,
2月,手术室,缺失行,持物钳罐-5件/w6050,1582504,整行,3.0/16.5/49.5,,224,,
2月,手术室,缺失行,环锯-6/w6050,1582504,整行,1.0/19.8/19.8,,225,,
2月,手术室,缺失行,空心钻-2件/w7050,1582504,整行,1.0/9.9/9.9,,226,,
2月,手术室,缺失行,小儿普外-8件（筐1）/w9050,1582504,整行,1.0/29.7/29.7,,227,,
2月,手术室,缺失行,活检钳-1/Z2032,1582835,整行,1.0/7.8/7.8,,228,,
2月,手术室,缺失行,腹腔镜基础包23件,1582839,整行,1.0/79.2/79.2,,229,,
2月,手术室,缺失行,开腹（66件）,1582839,整行,2.0/227.7/455.4,,230,,
2月,手术室,缺失行,普外肠道腔镜器械（56件）,1582839,整行,1.0/188.1/188.1,,231,,
2月,手术室,缺失行,普外腹腔镜A(44件）,1582839,整行,1.0/148.5/148.5,,232,,
2月,手术室,缺失行,普外腹腔镜C(45件）,1582839,整行,1.0/151.8/151.8,,233,,
2月,手术室,缺失行,切开（28件）,1582839,整行,1.0/95.7/95.7,,234,,
2月,手术室,缺失行,妇科针-2/Z7537,1582839,整行,2.0/8.1/16.2,,235,,
2月,手术室,缺失行,肛门镜-1件/Z1526,1582839,整行,1.0/6.6/6.6,,236,,
2月,手术室,缺失行,肛门拉钩-2/Z1526,1582839,整行,1.0/9.9/9.9,,237,,
2月,手术室,缺失行,荷包钳-1/（双）Z1540,1582839,整行,1.0/9.9/9.9,,238,,
2月,手术室,缺失行,PRD生物夹钳(紫)-1/（双，保）Z2060,1582839,整行,2.0/21.0/42.0,,239,,
2月,手术室,缺失行,超声刀线-1/z3040,1582839,整行,4.0/21.0/84.0,,240,,
2月,手术室,缺失行,单极线-1/Z3040,1582839,整行,1.0/21.0/21.0,,241,,
2月,手术室,缺失行,电切环-1/Z7526,1582839,整行,2.0/13.2/26.4,,242,,
2月,手术室,缺失行,电切镜套管-4/双2060,1582839,整行,1.0/52.8/52.8,,243,,
2月,手术室,缺失行,镜鞘2（双层）/z2060,1582839,整行,2.0/26.4/52.8,,244,,
2月,手术室,缺失行,康基可吸收施夹钳-1/双Z2060,1582839,整行,1.0/21.0/21.0,,245,,
2月,手术室,缺失行,胃钳子-1/Z2060（低温）,1582839,整行,2.0/16.8/33.6,,246,,
2月,手术室,缺失行,吸引器-1件/Z1550,1582839,整行,1.0/15.0/15.0,,247,,
2月,手术室,缺失行,妇科检查包-16件,1582839,整行,2.0/52.8/105.6,,248,,
2月,手术室,缺失行,30 度镜头-1(STORZE)/Z2060,1582839,整行,2.0/16.8/33.6,,249,,
2月,手术室,缺失行,3D镜头-1件/Z2060,1582839,整行,1.0/16.8/16.8,,250,,
2月,手术室,缺失行,妇科治疗镜-5件盒1/W12050,1582839,整行,1.0/52.8/52.8,,251,,
2月,手术室,缺失行,检查镜-12度-1/Z2060,1582839,整行,2.0/16.8/33.6,,252,,
2月,手术室,缺失行,治疗镜（粗）-12度-1/Z2060,1582839,整行,1.0/16.8/16.8,,253,,
2月,手术室,缺失行,持物钳罐-5件/w6050,1582839,整行,4.0/16.5/66.0,,254,,
2月,手术室,缺失行,扩棒（7-9.5）-6件/W6050,1582839,整行,1.0/19.8/19.8,,255,,
2月,手术室,缺失行,扩棒（8-10.5）-6件/W6050,1582839,整行,1.0/19.8/19.8,,256,,
2月,手术室,缺失行,腹腔镜基础包23件,1583074,整行,1.0/79.2/79.2,,257,,
2月,手术室,缺失行,普外腹腔镜D(45件）,1583074,整行,1.0/151.8/151.8,,258,,
2月,手术室,缺失行,拉钩-2/z1026,1583074,整行,1.0/8.1/8.1,,259,,
2月,手术室,缺失行,超声刀线-1/z3040,1583074,整行,1.0/21.0/21.0,,260,,
2月,手术室,缺失行,手术衣-1件/W9050,1583074,整行,1.0/15.0/15.0,,261,,
2月,手术室,缺失行,30 度镜头-1(STORZE)/Z2060,1583074,整行,1.0/16.8/16.8,,262,,
2月,手术室,缺失行,持物钳罐-5件/w6050,1583074,整行,1.0/16.5/16.5,,263,,
2月,手术室,缺失行,单子/W12050,1583109,整行,2.0/21.0/42.0,,264,,
2月,手术室,缺失行,刷手服/W12050,1583109,整行,2.0/21.0/42.0,,265,,
2月,手术室,缺失行,腹腔镜基础包23件,1583319,整行,1.0/79.2/79.2,,266,,
2月,手术室,缺失行,开腹（66件）,1583319,整行,1.0/227.7/227.7,,267,,
2月,手术室,缺失行,阑尾40件（无纺布）,1583319,整行,2.0/138.6/277.2,,268,,
2月,手术室,缺失行,普外肠道腔镜器械（56件）,1583319,整行,1.0/188.1/188.1,,269,,
2月,手术室,缺失行,普外腹腔镜B(44件）,1583319,整行,1.0/148.5/148.5,,270,,
2月,手术室,缺失行,荷包钳-1/（双）Z1540,1583319,整行,1.0/9.9/9.9,,271,,
2月,手术室,缺失行,持物钳罐-5件/w6050,1583319,整行,3.0/16.5/49.5,,272,,
2月,手术室,缺失行,PRD生物夹钳(绿)-1/（双，保）Z2060,1583323,整行,1.0/21.0/21.0,,273,,
2月,手术室,缺失行,PRD生物夹钳(紫)-1/（双，保）Z2060,1583323,整行,2.0/21.0/42.0,,274,,
2月,手术室,缺失行,超声刀线-1/z3040,1583323,整行,2.0/21.0/42.0,,275,,
2月,手术室,缺失行,单极线-1/Z3040,1583323,整行,1.0/21.0/21.0,,276,,
2月,手术室,缺失行,康基可吸收施夹钳-1/双Z2060,1583323,整行,1.0/21.0/21.0,,277,,
2月,手术室,缺失行,30 度镜头-1(STORZE)/Z2060,1583323,整行,1.0/16.8/16.8,,278,,
2月,手术室,缺失行,3D镜头-1件/Z2060,1583323,整行,1.0/16.8/16.8,,279,,
2月,手术室,缺失行,PRD生物夹钳(绿)-1/（双，保）Z2060,1583537,整行,1.0/21.0/21.0,,280,,
2月,手术室,缺失行,PRD生物夹钳(紫)-1/（双，保）Z2060,1583537,整行,1.0/21.0/21.0,,281,,
2月,手术室,缺失行,超声刀线-1/z3040,1583537,整行,1.0/21.0/21.0,,282,,
2月,手术室,缺失行,30 度镜头-1(STORZE)/Z2060,1583537,整行,1.0/16.8/16.8,,283,,
2月,手术室,缺失行,腹腔镜基础包23件,1583538,整行,1.0/79.2/79.2,,284,,
2月,手术室,缺失行,普外腹腔镜A(44件）,1583538,整行,1.0/148.5/148.5,,285,,
2月,手术室,缺失行,手术衣-1件/W9050,1584618,整行,1.0/15.0/15.0,,286,,
2月,手术室,缺失行,PRD生物夹钳(绿)-1/（双，保）Z2060,1584668,整行,1.0/21.0/21.0,,287,,
2月,手术室,缺失行,杯-1/z1526,1584668,整行,1.0/15.0/15.0,,288,,
2月,手术室,缺失行,肠钳子-1（低温）/Z2060,1584668,整行,1.0/16.8/16.8,,289,,
2月,手术室,缺失行,超声刀线-1/z3040,1584668,整行,2.0/21.0/42.0,,290,,
2月,手术室,缺失行,单极线-1/Z3040,1584668,整行,1.0/21.0/21.0,,291,,
2月,手术室,缺失行,电切环-1/Z7526,1584668,整行,1.0/13.2/13.2,,292,,
2月,手术室,缺失行,电切镜套管-4/双2060,1584668,整行,1.0/52.8/52.8,,293,,
2月,手术室,缺失行,生物夹钳-1/（双，保护）Z2060,1584668,整行,1.0/21.0/21.0,,294,,
2月,手术室,缺失行,胃钳-1件（低温）/（双，保）Z2060,1584668,整行,1.0/21.0/21.0,,295,,
2月,手术室,缺失行,30 度镜头-1(STORZE)/Z2060,1584668,整行,1.0/16.8/16.8,,296,,
2月,手术室,缺失行,3D镜头-1件/Z2060,1584668,整行,1.0/16.8/16.8,,297,,
2月,手术室,缺失行,妇科治疗镜-5件盒1/W12050,1584668,整行,1.0/52.8/52.8,,298,,
2月,手术室,缺失行,治疗镜（粗）-12度-1/Z2060,1584668,整行,1.0/16.8/16.8,,299,,
2月,手术室,缺失行,开腹（66件）,1584694,整行,2.0/227.7/455.4,,300,,
2月,手术室,缺失行,普外肠道腔镜器械（56件）,1584694,整行,1.0/188.1/188.1,,301,,
2月,手术室,缺失行,普外腹腔镜D(45件）,1584694,整行,1.0/151.8/151.8,,302,,
2月,手术室,缺失行,切开（28件）,1584694,整行,1.0/95.7/95.7,,303,,
2月,手术室,缺失行,阴式（59件）,1584694,整行,1.0/201.3/201.3,,304,,
2月,手术室,缺失行,艾利斯-2/Z1530,1584694,整行,1.0/9.9/9.9,,305,,
2月,手术室,缺失行,大弯钳-2/Z1535,1584694,整行,1.0/9.9/9.9,,306,,
2月,手术室,缺失行,妇科针-2/Z7537,1584694,整行,2.0/8.1/16.2,,307,,
2月,手术室,缺失行,宫颈钳-1/Z1535,1584694,整行,1.0/6.6/6.6,,308,,
2月,手术室,缺失行,荷包钳-1/（双）Z1540,1584694,整行,1.0/9.9/9.9,,309,,
2月,手术室,缺失行,拉钩-2/z1026,1584694,整行,2.0/8.1/16.2,,310,,
2月,手术室,缺失行,妇科检查包-16件,1584694,整行,2.0/52.8/105.6,,311,,
2月,手术室,缺失行,持物钳罐-5件/w6050,1584694,整行,5.0/16.5/82.5,,312,,
2月,手术室,缺失行,扩棒（7-9.5）-6件/W6050,1584694,整行,1.0/19.8/19.8,,313,,
2月,手术室,缺失行,扩棒（8-10.5）-6件/W6050,1584694,整行,1.0/19.8/19.8,,314,,
2月,手术室,缺失行,三叶拉勾-3件/w9050,1584694,整行,1.0/9.9/9.9,,315,,
2月,手术室,缺失行,单子/W12050,1584713,整行,1.0/21.0/21.0,,316,,
2月,手术室,缺失行,刷手服/W12050,1584713,整行,1.0/21.0/21.0,,317,,
2月,手术室,缺失行,开腹（66件）,1584904,整行,1.0/227.7/227.7,,318,,
2月,手术室,缺失行,钻孔（52件）,1584904,整行,1.0/174.9/174.9,,319,,
2月,手术室,缺失行,钻头-1/Z7526,1584904,整行,1.0/4.8/4.8,,320,,
2月,手术室,缺失行,消毒包/W12050,1584904,整行,2.0/21.0/42.0,,321,,
2月,手术室,缺失行,持物钳罐-5件/w6050,1584904,整行,3.0/16.5/49.5,,322,,
2月,手术室,缺失行,腹腔镜基础包23件,1585107,整行,2.0/79.2/158.4,,323,,
2月,手术室,缺失行,开腹（66件）,1585107,整行,1.0/227.7/227.7,,324,,
2月,手术室,缺失行,普外肠道腔镜器械（56件）,1585107,整行,1.0/188.1/188.1,,325,,
2月,手术室,缺失行,普外腹腔镜A(44件）,1585107,整行,1.0/148.5/148.5,,326,,
2月,手术室,缺失行,普外腹腔镜C(45件）,1585107,整行,1.0/151.8/151.8,,327,,
2月,手术室,缺失行,持物钳罐-5件/w6050,1585107,整行,4.0/16.5/66.0,,328,,
2月,手术室,缺失行,PRD生物夹钳(紫)-1/（双，保）Z2060,1585110,整行,3.0/21.0/63.0,,329,,
2月,手术室,缺失行,超声刀线-1/z3040,1585110,整行,3.0/21.0/63.0,,330,,
2月,手术室,缺失行,单极线-1/Z3040,1585110,整行,2.0/21.0/42.0,,331,,
2月,手术室,缺失行,生物夹钳-1/（双，保护）Z2060,1585110,整行,1.0/21.0/21.0,,332,,
2月,手术室,缺失行,双极钳-1/Z2060,1585110,整行,1.0/16.8/16.8,,333,,
2月,手术室,缺失行,双极线-1/Z3040,1585110,整行,1.0/21.0/21.0,,334,,
2月,手术室,缺失行,30 度镜头-1(STORZE)/Z2060,1585110,整行,2.0/16.8/33.6,,335,,
2月,手术室,缺失行,3D镜头-1件/Z2060,1585110,整行,1.0/16.8/16.8,,336,,
2月,手术室,缺失行,单极线-1/Z3040,1585111,整行,1.0/21.0/21.0,,337,,
2月,手术室,缺失行,PRD生物夹钳(绿)-1/（双，保）Z2060,1585331,整行,1.0/21.0/21.0,,338,,
2月,手术室,缺失行,超声刀线-1/z3040,1585331,整行,2.0/21.0/42.0,,339,,
2月,手术室,缺失行,单极线-1/Z3040,1585331,整行,1.0/21.0/21.0,,340,,
2月,手术室,缺失行,胆道镜-1/双/Z3095,1585331,整行,1.0/180.0/180.0,,341,,
2月,手术室,缺失行,电切环-1/Z7526,1585331,整行,2.0/13.2/26.4,,342,,
2月,手术室,缺失行,镜鞘2（双层）/z2060,1585331,整行,1.0/26.4/26.4,,343,,
2月,手术室,缺失行,2D镜头-1件/Z2060,1585331,整行,1.0/16.8/16.8,,344,,
2月,手术室,缺失行,30 度镜头-1(威沙普)/Z2060,1585331,整行,1.0/16.8/16.8,,345,,
2月,手术室,缺失行,妇科治疗镜-5件盒1/W12050,1585331,整行,1.0/52.8/52.8,,346,,
2月,手术室,缺失行,检查镜-12度-1/Z2060,1585331,整行,1.0/16.8/16.8,,347,,
2月,手术室,缺失行,腹腔镜基础包23件,1585332,整行,2.0/79.2/158.4,,348,,
2月,手术室,缺失行,普外腹腔镜B(44件）,1585332,整行,1.0/148.5/148.5,,349,,
2月,手术室,缺失行,普外腹腔镜D(45件）,1585332,整行,1.0/151.8/151.8,,350,,
2月,手术室,缺失行,妇科针-2/Z7537,1585332,整行,1.0/8.1/8.1,,351,,
2月,手术室,缺失行,妇科检查包-16件,1585332,整行,1.0/52.8/52.8,,352,,
2月,手术室,缺失行,持物钳罐-5件/w6050,1585332,整行,2.0/16.5/33.0,,353,,
2月,手术室,缺失行,扩棒（8-10.5）-6件/W6050,1585332,整行,1.0/19.8/19.8,,354,,
2月,手术室,缺失行,单子/W12050,1585494,整行,3.0/21.0/63.0,,355,,
2月,手术室,缺失行,手术衣-1件/W9050,1585494,整行,3.0/15.0/45.0,,356,,
2月,手术室,缺失行,刷手服/W12050,1585494,整行,2.0/21.0/42.0,,357,,
2月,手术室,缺失行,妇科腹腔镜B（46件）,1585522,整行,1.0/155.1/155.1,,358,,
2月,手术室,缺失行,腹腔镜基础包23件,1585522,整行,1.0/79.2/79.2,,359,,
2月,手术室,缺失行,举宫杯-15件,1585522,整行,1.0/52.8/52.8,,360,,
2月,手术室,缺失行,开腹（66件）,1585522,整行,2.0/227.7/455.4,,361,,
2月,手术室,缺失行,流产包B（29件）,1585522,整行,1.0/99.0/99.0,,362,,
2月,手术室,缺失行,普外肠道腔镜器械（56件）,1585522,整行,1.0/188.1/188.1,,363,,
2月,手术室,缺失行,普外腹腔镜A(44件）,1585522,整行,1.0/148.5/148.5,,364,,
2月,手术室,缺失行,切开（28件）,1585522,整行,1.0/95.7/95.7,,365,,
2月,手术室,缺失行,妇科针-2/Z7537,1585522,整行,1.0/8.1/8.1,,366,,
2月,手术室,缺失行,肛门拉钩-2/Z1526,1585522,整行,1.0/9.9/9.9,,367,,
2月,手术室,缺失行,肛门探针-1/Z7526,1585522,整行,1.0/4.8/4.8,,368,,
2月,手术室,缺失行,脑剪-1/Z1029,1585522,整行,2.0/4.8/9.6,,369,,
2月,手术室,缺失行,取环勾-1/7530,1585522,整行,1.0/4.8/4.8,,370,,
2月,手术室,缺失行,小拉勾-2/Z1026,1585522,整行,1.0/8.1/8.1,,371,,
2月,手术室,缺失行,妇科检查包-16件,1585522,整行,1.0/52.8/52.8,,372,,
2月,手术室,缺失行,持物钳罐-5件/w6050,1585522,整行,3.0/16.5/49.5,,373,,
2月,手术室,缺失行,小弯-6件/W6050,1585522,整行,1.0/19.8/19.8,,374,,
2月,手术室,缺失行,PRD生物夹钳(紫)-1/（双，保）Z2060,1585536,整行,1.0/21.0/21.0,,375,,
2月,手术室,缺失行,超声刀线-1/z3040,1585536,整行,2.0/21.0/42.0,,376,,
2月,手术室,缺失行,单极线-1/Z3040,1585536,整行,3.0/21.0/63.0,,377,,
2月,手术室,缺失行,镜鞘2（双层）/z2060,1585536,整行,1.0/26.4/26.4,,378,,
2月,手术室,缺失行,生物夹钳-1/（双，保护）Z2060,1585536,整行,1.0/21.0/21.0,,379,,
2月,手术室,缺失行,双极钳-1/Z2060,1585536,整行,1.0/16.8/16.8,,380,,
2月,手术室,缺失行,双极线-1/Z3040,1585536,整行,1.0/21.0/21.0,,381,,
2月,手术室,缺失行,胃钳子-1/Z2060（低温）,1585536,整行,1.0/16.8/16.8,,382,,
2月,手术室,缺失行,30 度镜头-1(STORZE)/Z2060,1585536,整行,1.0/16.8/16.8,,383,,
2月,手术室,缺失行,3D镜头-1件/Z2060,1585536,整行,1.0/16.8/16.8,,384,,
2月,手术室,缺失行,妇科0度镜-1(OLYMPUS)/Z2060,1585536,整行,1.0/16.8/16.8,,385,,
2月,手术室,缺失行,检查镜-12度-1/Z2060,1585536,整行,1.0/16.8/16.8,,386,,
2月,手术室,缺失行,开腹（66件）,1585736,整行,1.0/227.7/227.7,,387,,
2月,手术室,缺失行,阴式（59件）,1585736,整行,1.0/201.3/201.3,,388,,
2月,手术室,缺失行,持物钳罐-5件/w6050,1585736,整行,3.0/16.5/49.5,,389,,
2月,手术室,缺失行,腔镜阑尾钳（高温）-1/Z2060,1585806,整行,1.0/7.8/7.8,,390,,
2月,手术室,缺失行,复位钳-8件,1585866,整行,1.0/29.7/29.7,,391,,
2月,手术室,缺失行,腹腔镜基础包23件,1585866,整行,2.0/79.2/158.4,,392,,
2月,手术室,缺失行,绝育（34件）,1585866,整行,1.0/115.5/115.5,,393,,
2月,手术室,缺失行,开腹（66件）,1585866,整行,1.0/227.7/227.7,,394,,
2月,手术室,缺失行,普外肠道腔镜器械（56件）,1585866,整行,1.0/188.1/188.1,,395,,
2月,手术室,缺失行,普外腹腔镜B(44件）,1585866,整行,1.0/148.5/148.5,,396,,
2月,手术室,缺失行,普外腹腔镜C(45件）,1585866,整行,1.0/151.8/151.8,,397,,
2月,手术室,缺失行,下肢内固定（37件）,1585866,整行,1.0/125.4/125.4,,398,,
2月,手术室,缺失行,PRD生物夹钳(紫)-1/（双，保）Z2060,1585866,整行,2.0/21.0/42.0,,399,,
2月,手术室,缺失行,超声刀线-1/z3040,1585866,整行,3.0/21.0/63.0,,400,,
2月,手术室,缺失行,单极线-1/Z3040,1585866,整行,2.0/21.0/42.0,,401,,
2月,手术室,缺失行,康基可吸收施夹钳-1/双Z2060,1585866,整行,1.0/21.0/21.0,,402,,
2月,手术室,缺失行,生物夹钳-1/（双，保护）Z2060,1585866,整行,1.0/21.0/21.0,,403,,
2月,手术室,缺失行,胃钳-1件（低温）/（双，保）Z2060,1585866,整行,1.0/21.0/21.0,,404,,
2月,手术室,缺失行,30 度镜头-1(STORZE)/Z2060,1585866,整行,2.0/16.8/33.6,,405,,
2月,手术室,缺失行,3D镜头-1件/Z2060,1585866,整行,1.0/16.8/16.8,,406,,
2月,手术室,缺失行,手术衣-1件/W9050,1585873,整行,1.0/15.0/15.0,,407,,
2月,手术室,缺失行,持针器-1/Z1029,1585878,整行,1.0/4.8/4.8,,408,,
2月,手术室,缺失行,克氏钳-1/z1526,1585878,整行,1.0/6.6/6.6,,409,,
2月,手术室,缺失行,持物钳罐-5件/w6050,1585878,整行,4.0/16.5/66.0,,410,,
2月,手术室,缺失行,大S拉钩1小S拉钩1/W6050,1585878,整行,1.0/9.9/9.9,,411,,
2月,手术室,缺失行,腹腔镜基础包23件,1586102,整行,2.0/79.2/158.4,,412,,
2月,手术室,缺失行,普外腹腔镜A(44件）,1586102,整行,1.0/148.5/148.5,,413,,
2月,手术室,缺失行,普外腹腔镜D(45件）,1586102,整行,1.0/151.8/151.8,,414,,
2月,手术室,缺失行,妇科针-2/Z7537,1586102,整行,1.0/8.1/8.1,,415,,
2月,手术室,缺失行,拉钩-2/z1026,1586102,整行,1.0/8.1/8.1,,416,,
2月,手术室,缺失行,取环勾-1/7530,1586102,整行,1.0/4.8/4.8,,417,,
2月,手术室,缺失行,妇科检查包-16件,1586102,整行,1.0/52.8/52.8,,418,,
2月,手术室,缺失行,持物钳罐-5件/w6050,1586102,整行,3.0/16.5/49.5,,419,,
2月,手术室,缺失行,扩棒（7-9.5）-6件/W6050,1586102,整行,1.0/19.8/19.8,,420,,
2月,手术室,缺失行,手术衣-1件/W9050,1586111,整行,3.0/15.0/45.0,,421,,
2月,手术室,缺失行,PRD生物夹钳(绿)-1/（双，保）Z2060,1586113,整行,1.0/21.0/21.0,,422,,
2月,手术室,缺失行,PRD生物夹钳(紫)-1/（双，保）Z2060,1586113,整行,1.0/21.0/21.0,,423,,
2月,手术室,缺失行,超声刀线-1/z3040,1586113,整行,2.0/21.0/42.0,,424,,
2月,手术室,缺失行,单极线-1/Z3040,1586113,整行,1.0/21.0/21.0,,425,,
2月,手术室,缺失行,胆道镜-1/双/Z3095,1586113,整行,1.0/180.0/180.0,,426,,
2月,手术室,缺失行,电切环-1/Z7526,1586113,整行,1.0/13.2/13.2,,427,,
2月,手术室,缺失行,取石钳胆道-1/Z2060,1586113,整行,1.0/16.8/16.8,,428,,
2月,手术室,缺失行,胃钳子-1/Z2060（低温）,1586113,整行,1.0/16.8/16.8,,429,,
2月,手术室,缺失行,2D镜头-1件/Z2060,1586113,整行,1.0/16.8/16.8,,430,,
2月,手术室,缺失行,30 度镜头-1(威沙普)/Z2060,1586113,整行,1.0/16.8/16.8,,431,,
2月,手术室,缺失行,妇科治疗镜-5件盒1/W12050,1586113,整行,1.0/52.8/52.8,,432,,
2月,手术室,缺失行,单子/W12050,1586129,整行,3.0/21.0/63.0,,433,,
2月,手术室,缺失行,刷手服/W12050,1586129,整行,2.0/21.0/42.0,,434,,
2月,手术室,缺失行,腹腔镜基础包23件,1586395,整行,1.0/79.2/79.2,,435,,
2月,手术室,缺失行,开腹（66件）,1586395,整行,1.0/227.7/227.7,,436,,
2月,手术室,缺失行,阑尾40件（无纺布）,1586395,整行,1.0/138.6/138.6,,437,,
2月,手术室,缺失行,普外肠道腔镜器械（56件）,1586395,整行,1.0/188.1/188.1,,438,,
2月,手术室,缺失行,普外腹腔镜B(44件）,1586395,整行,1.0/148.5/148.5,,439,,
2月,手术室,缺失行,持物钳罐-5件/w6050,1586395,整行,4.0/16.5/66.0,,440,,
2月,手术室,缺失行,PRD生物夹钳(绿)-1/（双，保）Z2060,1586420,整行,1.0/21.0/21.0,,441,,
2月,手术室,缺失行,超声刀线-1/z3040,1586420,整行,3.0/21.0/63.0,,442,,
2月,手术室,缺失行,单极线-1/Z3040,1586420,整行,1.0/21.0/21.0,,443,,
2月,手术室,缺失行,取石钳胆道-1/Z2060,1586420,整行,1.0/16.8/16.8,,444,,
2月,手术室,缺失行,生物夹钳-1/（双，保护）Z2060,1586420,整行,1.0/21.0/21.0,,445,,
2月,手术室,缺失行,2D镜头-1件/Z2060,1586420,整行,1.0/16.8/16.8,,446,,
2月,手术室,缺失行,3D镜头-1件/Z2060,1586420,整行,1.0/16.8/16.8,,447,,
2月,手术室,缺失行,腹腔镜基础包23件,1586630,整行,2.0/79.2/158.4,,448,,
2月,手术室,缺失行,普外腹腔镜A(44件）,1586630,整行,1.0/148.5/148.5,,449,,
2月,手术室,缺失行,普外腹腔镜D(45件）,1586630,整行,1.0/151.8/151.8,,450,,
2月,手术室,缺失行,小拉勾-2/Z1026,1586630,整行,1.0/8.1/8.1,,451,,
2月,手术室,缺失行,超声刀线-1/z3040,1586630,整行,2.0/21.0/42.0,,452,,
2月,手术室,缺失行,单极线-1/Z3040,1586630,整行,1.0/21.0/21.0,,453,,
2月,手术室,缺失行,生物夹钳-1/（双，保护）Z2060,1586630,整行,2.0/21.0/42.0,,454,,
2月,手术室,缺失行,30 度镜头-1(STORZE)/Z2060,1586630,整行,2.0/16.8/33.6,,455,,
2月,手术室,缺失行,超声刀线-1/z3040,1586786,整行,5.0/21.0/105.0,,456,,
2月,手术室,缺失行,电切环-1/Z7526,1586786,整行,2.0/13.2/26.4,,457,,
2月,手术室,缺失行,电切镜套管-4/双2060,1586786,整行,1.0/52.8/52.8,,458,,
2月,手术室,缺失行,30 度镜头-1(威沙普)/Z2060,1586786,整行,1.0/16.8/16.8,,459,,
2月,手术室,缺失行,妇科治疗镜-5件盒1/W12050,1586786,整行,1.0/52.8/52.8,,460,,
2月,手术室,缺失行,检查镜-12度-3/Z2060,1586786,整行,1.0/39.6/39.6,,461,,
2月,手术室,缺失行,甲状腺-52件,1586787,整行,1.0/178.2/178.2,,462,,
2月,手术室,缺失行,绝育（34件）,1586787,整行,3.0/115.5/346.5,,463,,
2月,手术室,缺失行,切开（28件）,1586787,整行,1.0/95.7/95.7,,464,,
2月,手术室,缺失行,下肢内固定（37件）,1586787,整行,1.0/125.4/125.4,,465,,
2月,手术室,缺失行,整形（37件）,1586787,整行,1.0/125.4/125.4,,466,,
2月,手术室,缺失行,中弯-31件,1586787,整行,1.0/105.6/105.6,,467,,
2月,手术室,缺失行,妇科针-2/Z7537,1586787,整行,1.0/8.1/8.1,,468,,
2月,手术室,缺失行,宫颈钳（单齿）-1/Z1535,1586787,整行,1.0/6.6/6.6,,469,,
2月,手术室,缺失行,克氏针-15/（双）Z7530,1586787,整行,1.0/9.9/9.9,,470,,
2月,手术室,缺失行,直角钳-2/Z1530,1586787,整行,1.0/9.9/9.9,,471,,
2月,手术室,缺失行,妇科检查包-16件,1586787,整行,3.0/52.8/158.4,,472,,
2月,手术室,缺失行,持物钳罐-5件/w6050,1586787,整行,7.0/16.5/115.5,,473,,
2月,手术室,缺失行,大S钩-2/W6050,1586787,整行,1.0/9.9/9.9,,474,,
2月,手术室,缺失行,扩棒（8-10.5）-6件/W6050,1586787,整行,1.0/19.8/19.8,,475,,
2月,手术室,缺失行,单子/W12050,1586800,整行,2.0/21.0/42.0,,476,,
2月,手术室,缺失行,手术衣-1件/W9050,1586800,整行,2.0/15.0/30.0,,477,,
2月,手术室,缺失行,刷手服/W12050,1586800,整行,2.0/21.0/42.0,,478,,
2月,手术室,缺失行,腹腔镜基础包23件,1586990,整行,1.0/79.2/79.2,,479,,
2月,手术室,缺失行,普外腹腔镜B(44件）,1586990,整行,1.0/148.5/148.5,,480,,
2月,手术室,缺失行,PRD生物夹钳(绿)-1/（双，保）Z2060,1586990,整行,1.0/21.0/21.0,,481,,
2月,手术室,缺失行,超声刀线-1/z3040,1586990,整行,1.0/21.0/21.0,,482,,
2月,手术室,缺失行,30 度镜头-1(STORZE)/Z2060,1586990,整行,1.0/16.8/16.8,,483,,
2月,手术室,缺失行,持物钳罐-5件/w6050,1586990,整行,1.0/16.5/16.5,,484,,
2月,手术室,缺失行,把持器（10件）,1587225,整行,1.0/36.3/36.3,,485,,
2月,手术室,缺失行,复位钳-8件,1587225,整行,1.0/29.7/29.7,,486,,
2月,手术室,缺失行,腹腔镜基础包23件,1587225,整行,2.0/79.2/158.4,,487,,
2月,手术室,缺失行,绝育（34件）,1587225,整行,2.0/115.5/231.0,,488,,
2月,手术室,缺失行,开腹（66件）,1587225,整行,1.0/227.7/227.7,,489,,
2月,手术室,缺失行,普外肠道腔镜器械（56件）,1587225,整行,1.0/188.1/188.1,,490,,
2月,手术室,缺失行,普外腹腔镜A(44件）,1587225,整行,1.0/148.5/148.5,,491,,
2月,手术室,缺失行,普外腹腔镜D(45件）,1587225,整行,1.0/151.8/151.8,,492,,
2月,手术室,缺失行,手外伤（30件）,1587225,整行,1.0/102.3/102.3,,493,,
2月,手术室,缺失行,下肢内固定（37件）,1587225,整行,2.0/125.4/250.8,,494,,
2月,手术室,缺失行,整形（37件）,1587225,整行,1.0/125.4/125.4,,495,,
2月,手术室,缺失行,(新）电钻-4件筐1/W905060,1587225,整行,1.0/16.5/16.5,,496,,
2月,手术室,缺失行,大直角-2/Z1530,1587225,整行,1.0/9.9/9.9,,497,,
2月,手术室,缺失行,尿道探子-5/Z1537,1587225,整行,1.0/16.5/16.5,,498,,
2月,手术室,缺失行,疝气穿刺针-1/Z7520,1587225,整行,1.0/4.8/4.8,,499,,
2月,手术室,缺失行,蚊式-6/Z1526,1587225,整行,1.0/19.8/19.8,,500,,
2月,手术室,缺失行,小拉勾-2/Z1026,1587225,整行,1.0/8.1/8.1,,501,,
2月,手术室,缺失行,持物钳罐-5件/w6050,1587225,整行,7.0/16.5/115.5,,502,,
2月,手术室,缺失行,大S钩-2/W6050,1587225,整行,1.0/9.9/9.9,,503,,
2月,手术室,缺失行,大剪刀-1/w905060,1587225,整行,1.0/9.9/9.9,,504,,
2月,手术室,缺失行,盆2盘2碗1/w9050,1587225,整行,1.0/16.5/16.5,,505,,
2月,手术室,缺失行,0度镜头-1/双/Z1555,1587273,整行,1.0/21.0/21.0,,506,,
2月,手术室,缺失行,70度镜头-1/双Z1555,1587273,整行,1.0/21.0/21.0,,507,,
2月,手术室,缺失行,PRD生物夹钳(紫)-1/（双，保）Z2060,1587273,整行,1.0/21.0/21.0,,508,,
2月,手术室,缺失行,膀胱镜-3件/双/Z1555,1587273,整行,1.0/39.6/39.6,,509,,
2月,手术室,缺失行,超声刀线-1/z3040,1587273,整行,4.0/21.0/84.0,,510,,
2月,手术室,缺失行,单极线-1/Z3040,1587273,整行,2.0/21.0/42.0,,511,,
2月,手术室,缺失行,生物夹钳-1/（双，保护）Z2060,1587273,整行,1.0/21.0/21.0,,512,,
2月,手术室,缺失行,胃钳子-1/Z2060（低温）,1587273,整行,1.0/16.8/16.8,,513,,
2月,手术室,缺失行,2D镜头-1件/Z2060,1587273,整行,1.0/16.8/16.8,,514,,
2月,手术室,缺失行,30 度镜头-1(STORZE)/Z2060,1587273,整行,1.0/16.8/16.8,,515,,
2月,手术室,缺失行,3D镜头-1件/Z2060,1587273,整行,1.0/16.8/16.8,,516,,
2月,手术室,缺失行,单子/W12050,1587524,整行,3.0/21.0/63.0,,517,,
2月,手术室,缺失行,刷手服/W12050,1587524,整行,3.0/21.0/63.0,,518,,
2月,手术室,缺失行,绝育（34件）,1587543,整行,1.0/115.5/115.5,,519,,
2月,手术室,缺失行,开腹（66件）,1587543,整行,1.0/227.7/227.7,,520,,
2月,手术室,缺失行,普外肠道腔镜器械（56件）,1587543,整行,1.0/188.1/188.1,,521,,
2月,手术室,缺失行,切开（28件）,1587543,整行,1.0/95.7/95.7,,522,,
2月,手术室,缺失行,下肢内固定（37件）,1587543,整行,1.0/125.4/125.4,,523,,
2月,手术室,缺失行,荷包钳-1/（双）Z1540,1587543,整行,1.0/9.9/9.9,,524,,
2月,手术室,缺失行,小拉勾-2/Z1026,1587543,整行,1.0/8.1/8.1,,525,,
2月,手术室,缺失行,持物钳罐-5件/w6050,1587543,整行,3.0/16.5/49.5,,526,,
2月,手术室,缺失行,超声刀线-1/z3040,1587564,整行,1.0/21.0/21.0,,527,,
2月,手术室,缺失行,单极线-1/Z3040,1587564,整行,1.0/21.0/21.0,,528,,
2月,手术室,缺失行,生物夹钳-1/（双，保护）Z2060,1587564,整行,1.0/21.0/21.0,,529,,
2月,手术室,缺失行,3D镜头-1件/Z2060,1587564,整行,1.0/16.8/16.8,,530,,
2月,手术室,缺失行,腹腔镜基础包23件,1587868,整行,1.0/79.2/79.2,,531,,
2月,手术室,缺失行,开腹（66件）,1587868,整行,1.0/227.7/227.7,,532,,
2月,手术室,缺失行,泌尿号包-16件,1587868,整行,1.0/52.8/52.8,,533,,
2月,手术室,缺失行,普外腹腔镜B(44件）,1587868,整行,1.0/148.5/148.5,,534,,
2月,手术室,缺失行,普外腹腔镜D(45件）,1587868,整行,1.0/151.8/151.8,,535,,
2月,手术室,缺失行,切开（28件）,1587868,整行,3.0/95.7/287.1,,536,,
2月,手术室,缺失行,弯盘-1/Z2032,1587868,整行,1.0/7.8/7.8,,537,,
2月,手术室,缺失行,持物钳罐-5件/w6050,1587868,整行,6.0/16.5/99.0,,538,,
2月,手术室,缺失行,PRD生物夹钳(绿)-1/（双，保）Z2060,1587869,整行,1.0/21.0/21.0,,539,,
2月,手术室,缺失行,PRD生物夹钳(紫)-1/（双，保）Z2060,1587869,整行,1.0/21.0/21.0,,540,,
2月,手术室,缺失行,超声刀线-1/z3040,1587869,整行,2.0/21.0/42.0,,541,,
2月,手术室,缺失行,单极线-1/Z3040,1587869,整行,1.0/21.0/21.0,,542,,
2月,手术室,缺失行,分离钳-1（低温）/Z2060,1587869,整行,1.0/16.8/16.8,,543,,
2月,手术室,缺失行,康基可吸收施夹钳-1/双Z2060,1587869,整行,1.0/21.0/21.0,,544,,
2月,手术室,缺失行,生物夹钳-1/（双，保护）Z2060,1587869,整行,1.0/21.0/21.0,,545,,
2月,手术室,缺失行,胃钳-1件（低温）/（双，保）Z2060,1587869,整行,2.0/21.0/42.0,,546,,
2月,手术室,缺失行,2D镜头-1件/Z2060,1587869,整行,1.0/16.8/16.8,,547,,
2月,手术室,缺失行,30 度镜头-1(STORZE)/Z2060,1587869,整行,1.0/16.8/16.8,,548,,
2月,手术室,缺失行,3D镜头-1件/Z2060,1587869,整行,1.0/16.8/16.8,,549,,
2月,手术室,多余行,PRD生物夹钳(绿)-1/（双，保）Z2060,1572396,整行,,1.0/21.0/21.0,,9,
2月,手术室,多余行,超声刀线-1/z3040,1572396,整行,,1.0/21.0/21.0,,10,
2月,手术室,多余行,生物夹钳-1/（双，保护）Z2060,1572396,整行,,1.0/21.0/21.0,,11,
2月,手术室,多余行,3D镜头-1件/Z2060,1572396,整行,,1.0/16.8/16.8,,12,
2月,手术室,多余行,开腹（66件）,1572397,整行,,1.0/227.7/227.7,,13,
2月,手术室,多余行,阑尾40件（无纺布）,1572397,整行,,1.0/138.6/138.6,,14,
2月,手术室,多余行,普外肠道腔镜器械（56件）,1572397,整行,,1.0/188.1/188.1,,15,
2月,手术室,多余行,整形（37件）,1572397,整行,,1.0/125.4/125.4,,16,
2月,手术室,多余行,荷包钳-1/（双）Z1540,1572397,整行,,1.0/9.9/9.9,,17,
2月,手术室,多余行,持物钳罐-5件/w6050,1572397,整行,,3.0/16.5/49.5,,18,
2月,手术室,多余行,手术衣-1件/W9050,1572720,整行,,6.0/15.0/90.0,,19,
2月,手术室,多余行,单子/W12050,1572801,整行,,2.0/21.0/42.0,,20,
2月,手术室,多余行,刷手服/W12050,1572801,整行,,3.0/21.0/63.0,,21,
2月,手术室,多余行,复位钳-8件,1572823,整行,,1.0/29.7/29.7,,22,
2月,手术室,多余行,腹腔镜基础包23件,1572823,整行,,2.0/79.2/158.4,,23,
2月,手术室,多余行,甲状腺-52件,1572823,整行,,1.0/178.2/178.2,,24,
2月,手术室,多余行,绝育（34件）,1572823,整行,,1.0/115.5/115.5,,25,
2月,手术室,多余行,普外腹腔镜A(44件）,1572823,整行,,1.0/148.5/148.5,,26,
2月,手术室,多余行,普外腹腔镜C(45件）,1572823,整行,,1.0/151.8/151.8,,27,
2月,手术室,多余行,切开（28件）,1572823,整行,,1.0/95.7/95.7,,28,
2月,手术室,多余行,下肢内固定（37件）,1572823,整行,,1.0/125.4/125.4,,29,
2月,手术室,多余行,妇科针-2/Z7537,1572823,整行,,2.0/8.1/16.2,,30,
2月,手术室,多余行,扩棒6.5 7.5 8 8.5 9 9.5-6件/w6050,1572823,整行,,1.0/19.8/19.8,,31,
2月,手术室,多余行,拉钩-2/z1026,1572823,整行,,1.0/8.1/8.1,,32,
2月,手术室,多余行,妇科检查包-16件,1572823,整行,,2.0/52.8/105.6,,33,
2月,手术室,多余行,持物钳罐-5件/w6050,1572823,整行,,4.0/16.5/66.0,,34,
2月,手术室,多余行,扩棒（8-10.5）-6件/W6050,1572823,整行,,1.0/19.8/19.8,,35,
2月,手术室,多余行,PRD生物夹钳(绿)-1/（双，保）Z2060,1572825,整行,,1.0/21.0/21.0,,36,
2月,手术室,多余行,超声刀线-1/z3040,1572825,整行,,1.0/21.0/21.0,,37,
2月,手术室,多余行,单极线-1/Z3040,1572825,整行,,3.0/21.0/63.0,,38,
2月,手术室,多余行,电切环-1/Z7526,1572825,整行,,2.0/13.2/26.4,,39,
2月,手术室,多余行,电切镜套管-4/双2060,1572825,整行,,1.0/52.8/52.8,,40,
2月,手术室,多余行,分离钳-1（低温）/Z2060,1572825,整行,,1.0/16.8/16.8,,41,
2月,手术室,多余行,镜鞘2（双层）/z2060,1572825,整行,,2.0/26.4/52.8,,42,
2月,手术室,多余行,康基可吸收施夹钳-1/双Z2060,1572825,整行,,1.0/21.0/21.0,,43,
2月,手术室,多余行,2D镜头-1件/Z2060,1572825,整行,,1.0/16.8/16.8,,44,
2月,手术室,多余行,30 度镜头-1(STORZE)/Z2060,1572825,整行,,1.0/16.8/16.8,,45,
2月,手术室,多余行,妇科镜头12度-1/双Z1050,1572825,整行,,1.0/21.0/21.0,,46,
2月,手术室,多余行,妇科治疗镜-5件盒1/W12050,1572825,整行,,1.0/52.8/52.8,,47,
2月,手术室,多余行,检查镜-12度-1/Z2060,1572825,整行,,1.0/16.8/16.8,,48,
2月,手术室,多余行,治疗镜（粗）-12度-1/Z2060,1572825,整行,,1.0/16.8/16.8,,49,
2月,手术室,多余行,PRD生物夹钳(紫)-1/（双，保）Z2060,1573191,整行,,2.0/21.0/42.0,,50,
2月,手术室,多余行,超声刀线-1/z3040,1573191,整行,,4.0/21.0/84.0,,51,
2月,手术室,多余行,单极线-1/Z3040,1573191,整行,,1.0/21.0/21.0,,52,
2月,手术室,多余行,生物夹钳-1/（双，保护）Z2060,1573191,整行,,2.0/21.0/42.0,,53,
2月,手术室,多余行,胃钳-1件（低温）/（双，保）Z2060,1573191,整行,,3.0/21.0/63.0,,54,
2月,手术室,多余行,2D镜头-1件/Z2060,1573191,整行,,1.0/16.8/16.8,,55,
2月,手术室,多余行,30 度镜头-1(STORZE)/Z2060,1573191,整行,,1.0/16.8/16.8,,56,
2月,手术室,多余行,3D镜头-1件/Z2060,1573191,整行,,1.0/16.8/16.8,,57,
2月,手术室,多余行,开腹（66件）,1573199,整行,,3.0/227.7/683.1,,58,
2月,手术室,多余行,普外肠道腔镜器械（56件）,1573199,整行,,1.0/188.1/188.1,,59,
2月,手术室,多余行,普外腹腔镜B(44件）,1573199,整行,,1.0/148.5/148.5,,60,
2月,手术室,多余行,普外腹腔镜D(45件）,1573199,整行,,1.0/151.8/151.8,,61,
2月,手术室,多余行,切开（28件）,1573199,整行,,1.0/95.7/95.7,,62,
2月,手术室,多余行,刀柄-1/Z7526,1573199,整行,,1.0/4.8/4.8,,63,
2月,手术室,多余行,荷包钳-1/（双）Z1540,1573199,整行,,2.0/9.9/19.8,,64,
2月,手术室,多余行,小拉勾-2/Z1026,1573199,整行,,1.0/8.1/8.1,,65,
2月,手术室,多余行,持物钳罐-5件/w6050,1573199,整行,,4.0/16.5/66.0,,66,
2月,手术室,多余行,大盆2弯盘2碗1/w9050,1573199,整行,,2.0/16.5/33.0,,67,
2月,手术室,多余行,妇科针-2/Z7537,1573407,整行,,1.0/8.1/8.1,,68,
2月,手术室,多余行,妇科检查包-16件,1573407,整行,,1.0/52.8/52.8,,69,
2月,手术室,多余行,持物钳罐-5件/w6050,1573407,整行,,1.0/16.5/16.5,,70,
2月,手术室,多余行,扩棒（8-10.5）-6件/W6050,1573407,整行,,1.0/19.8/19.8,,71,
2月,手术室,多余行,电切环-1/Z7526,1573408,整行,,1.0/13.2/13.2,,72,
2月,手术室,多余行,镜鞘2（双层）/z2060,1573408,整行,,1.0/26.4/26.4,,73,
2月,手术室,多余行,妇科治疗镜-5件盒1/W12050,1573408,整行,,1.0/52.8/52.8,,74,
2月,手术室,多余行,检查镜-12度-1/Z2060,1573408,整行,,1.0/16.8/16.8,,75,
2月,手术室,多余行,单子/W12050,1573445,整行,,2.0/21.0/42.0,,76,
2月,手术室,多余行,刷手服/W12050,1573445,整行,,2.0/21.0/42.0,,77,
2月,手术室,多余行,PRD生物夹钳(紫)-1/（双，保）Z2060,1573650,整行,,1.0/21.0/21.0,,78,
2月,手术室,多余行,超声刀线-1/z3040,1573650,整行,,1.0/21.0/21.0,,79,
2月,手术室,多余行,单极线-1/Z3040,1573650,整行,,1.0/21.0/21.0,,80,
2月,手术室,多余行,生物夹钳-1/（双，保护）Z2060,1573650,整行,,1.0/21.0/21.0,,81,
2月,手术室,多余行,3D镜头-1件/Z2060,1573650,整行,,1.0/16.8/16.8,,82,
2月,手术室,多余行,开腹（66件）,1573651,整行,,1.0/227.7/227.7,,83,
2月,手术室,多余行,普外肠道腔镜器械（56件）,1573651,整行,,1.0/188.1/188.1,,84,
2月,手术室,多余行,荷包钳-1/（双）Z1540,1573651,整行,,1.0/9.9/9.9,,85,
2月,手术室,多余行,持物钳罐-5件/w6050,1573651,整行,,1.0/16.5/16.5,,86,
2月,手术室,多余行,腹腔镜基础包23件,1574044,整行,,3.0/79.2/237.6,,87,
2月,手术室,多余行,普外腹腔镜A(44件）,1574044,整行,,1.0/148.5/148.5,,88,
2月,手术室,多余行,普外腹腔镜D(45件）,1574044,整行,,1.0/151.8/151.8,,89,
2月,手术室,多余行,普外腹腔镜E(42件）,1574044,整行,,1.0/141.9/141.9,,90,
2月,手术室,多余行,切开（28件）,1574044,整行,,2.0/95.7/191.4,,91,
2月,手术室,多余行,妇科针-2/Z7537,1574044,整行,,1.0/8.1/8.1,,92,
2月,手术室,多余行,宫颈钳-1/Z1535,1574044,整行,,1.0/6.6/6.6,,93,
2月,手术室,多余行,取环勾-1/7530,1574044,整行,,1.0/4.8/4.8,,94,
2月,手术室,多余行,小拉勾-2/Z1026,1574044,整行,,1.0/8.1/8.1,,95,
2月,手术室,多余行,妇科检查包-16件,1574044,整行,,2.0/52.8/105.6,,96,
2月,手术室,多余行,持物钳罐-5件/w6050,1574044,整行,,3.0/16.5/49.5,,97,
2月,手术室,多余行,扩棒（8-10.5）-6件/W6050,1574044,整行,,1.0/19.8/19.8,,98,
2月,手术室,多余行,小碗-2/W6050,1574044,整行,,1.0/9.9/9.9,,99,
2月,手术室,多余行,单子/W12050,1574054,整行,,1.0/21.0/21.0,,100,
2月,手术室,多余行,刷手服/W12050,1574054,整行,,1.0/21.0/21.0,,101,
2月,手术室,多余行,PRD生物夹钳(绿)-1/（双，保）Z2060,1574057,整行,,1.0/21.0/21.0,,102,
2月,手术室,多余行,超声刀线-1/z3040,1574057,整行,,3.0/21.0/63.0,,103,
2月,手术室,多余行,持针器-1（低温等离子）/双/Z1555,1574057,整行,,1.0/21.0/21.0,,104,
2月,手术室,多余行,电切环-1/Z7526,1574057,整行,,3.0/13.2/39.6,,105,
2月,手术室,多余行,康基可吸收施夹钳-1/双Z2060,1574057,整行,,1.0/21.0/21.0,,106,
2月,手术室,多余行,2D镜头-1件/Z2060,1574057,整行,,1.0/16.8/16.8,,107,
2月,手术室,多余行,30 度镜头-1(STORZE)/Z2060,1574057,整行,,2.0/16.8/33.6,,108,
2月,手术室,多余行,妇科治疗镜-5件盒1/W12050,1574057,整行,,1.0/52.8/52.8,,109,
2月,手术室,多余行,妇科腹腔镜B（46件）,1574386,整行,,1.0/155.1/155.1,,110,
2月,手术室,多余行,腹腔镜基础包23件,1574386,整行,,1.0/79.2/79.2,,111,
2月,手术室,多余行,举宫杯16件,1574386,整行,,1.0/56.1/56.1,,112,
2月,手术室,多余行,绝育（34件）,1574386,整行,,1.0/115.5/115.5,,113,
2月,手术室,多余行,开腹（66件）,1574386,整行,,2.0/227.7/455.4,,114,
2月,手术室,多余行,阑尾40件（无纺布）,1574386,整行,,1.0/138.6/138.6,,115,
2月,手术室,多余行,流产包A（29件）,1574386,整行,,1.0/99.0/99.0,,116,
2月,手术室,多余行,泌尿号包-16件,1574386,整行,,1.0/52.8/52.8,,117,
2月,手术室,多余行,普外肠道腔镜器械（56件）,1574386,整行,,1.0/188.1/188.1,,118,
2月,手术室,多余行,普外腹腔镜B(44件）,1574386,整行,,1.0/148.5/148.5,,119,
2月,手术室,多余行,切开（28件）,1574386,整行,,3.0/95.7/287.1,,120,
2月,手术室,多余行,上肢内固定（22件）,1574386,整行,,1.0/75.9/75.9,,121,
2月,手术室,多余行,整形（37件）,1574386,整行,,2.0/125.4/250.8,,122,
2月,手术室,多余行,(黑色）电钻-4件筐1/W905060,1574386,整行,,1.0/16.5/16.5,,123,
2月,手术室,多余行,(新）电钻-4件筐1/W905060,1574386,整行,,1.0/16.5/16.5,,124,
2月,手术室,多余行,大弯-2/Z1535,1574386,整行,,1.0/9.9/9.9,,125,
2月,手术室,多余行,妇科针-2/Z7537,1574386,整行,,1.0/8.1/8.1,,126,
2月,手术室,多余行,取环勾-1/7530,1574386,整行,,1.0/4.8/4.8,,127,
2月,手术室,多余行,妇科检查包-16件,1574386,整行,,1.0/52.8/52.8,,128,
2月,手术室,多余行,持物钳罐-5件/w6050,1574386,整行,,9.0/16.5/148.5,,129,
2月,手术室,多余行,扩棒（7-9.5）-6件/W6050,1574386,整行,,1.0/19.8/19.8,,130,
2月,手术室,多余行,超声刀线-1/z3040,1574392,整行,,2.0/21.0/42.0,,131,
2月,手术室,多余行,单极线-1/Z3040,1574392,整行,,2.0/21.0/42.0,,132,
2月,手术室,多余行,电切环-1/Z7526,1574392,整行,,1.0/13.2/13.2,,133,
2月,手术室,多余行,分离钳-1（低温）/Z2060,1574392,整行,,1.0/16.8/16.8,,134,
2月,手术室,多余行,镜鞘2（双层）/z2060,1574392,整行,,2.0/26.4/52.8,,135,
2月,手术室,多余行,康基可吸收施夹钳-1/双Z2060,1574392,整行,,1.0/21.0/21.0,,136,
2月,手术室,多余行,康基连发施夹钳（紫）-1/双保Z2060,1574392,整行,,1.0/21.0/21.0,,137,
2月,手术室,多余行,生物夹钳-1/（双，保护）Z2060,1574392,整行,,1.0/21.0/21.0,,138,
2月,手术室,多余行,双极钳-1/Z2060,1574392,整行,,1.0/16.8/16.8,,139,
2月,手术室,多余行,双极线-1/Z3040,1574392,整行,,1.0/21.0/21.0,,140,
2月,手术室,多余行,胃钳-1件（低温）/（双，保）Z2060,1574392,整行,,1.0/21.0/21.0,,141,
2月,手术室,多余行,2D镜头-1件/Z2060,1574392,整行,,1.0/16.8/16.8,,142,
2月,手术室,多余行,3D镜头-1件/Z2060,1574392,整行,,1.0/16.8/16.8,,143,
2月,手术室,多余行,妇科0度镜-1(OLYMPUS)/Z2060,1574392,整行,,1.0/16.8/16.8,,144,
2月,手术室,多余行,妇科治疗镜-5件盒1/W12050,1574392,整行,,1.0/52.8/52.8,,145,
2月,手术室,多余行,检查镜-12度-1/Z2060,1574392,整行,,1.0/16.8/16.8,,146,
2月,手术室,多余行,开腹（66件）,1574553,整行,,1.0/227.7/227.7,,147,
2月,手术室,多余行,普外腹腔镜D(45件）,1574553,整行,,1.0/151.8/151.8,,148,
2月,手术室,多余行,切开（28件）,1574553,整行,,1.0/95.7/95.7,,149,
2月,手术室,多余行,刮勺-1/Z7530,1574553,整行,,1.0/4.8/4.8,,150,
2月,手术室,多余行,荷包钳-1/（双）Z1540,1574553,整行,,1.0/9.9/9.9,,151,
2月,手术室,多余行,持物钳罐-5件/w6050,1574553,整行,,2.0/16.5/33.0,,152,
2月,手术室,多余行,超声刀线-1/z3040,1574568,整行,,1.0/21.0/21.0,,153,
2月,手术室,多余行,单极线-1/Z3040,1574568,整行,,1.0/21.0/21.0,,154,
2月,手术室,多余行,胃钳-1件（低温）/（双，保）Z2060,1574568,整行,,2.0/21.0/42.0,,155,
2月,手术室,多余行,30 度镜头-1(STORZE)/Z2060,1574568,整行,,1.0/16.8/16.8,,156,
2月,手术室,多余行,手术衣-1件/W9050,1574670,整行,,1.0/15.0/15.0,,157,
2月,手术室,多余行,单子/W12050,1574728,整行,,2.0/21.0/42.0,,158,
2月,手术室,多余行,刷手服/W12050,1574728,整行,,1.0/21.0/21.0,,159,
2月,手术室,多余行,开腹（66件）,1574743,整行,,1.0/227.7/227.7,,160,
2月,手术室,多余行,脑科固定器（22件）,1574743,整行,,1.0/75.9/75.9,,161,
2月,手术室,多余行,普外腹腔镜C(45件）,1574743,整行,,1.0/151.8/151.8,,162,
2月,手术室,多余行,血管器械（13件）,1574743,整行,,1.0/46.2/46.2,,163,
2月,手术室,多余行,妇科针-2/Z7537,1574743,整行,,1.0/8.1/8.1,,164,
2月,手术室,多余行,宫颈钳（单齿）-1/Z1535,1574743,整行,,1.0/6.6/6.6,,165,
2月,手术室,多余行,弯盘-1/Z2032,1574743,整行,,1.0/7.8/7.8,,166,
2月,手术室,多余行,吸头-1/Z7530,1574743,整行,,2.0/4.8/9.6,,167,
2月,手术室,多余行,转换头-1/Z1026,1574743,整行,,1.0/4.8/4.8,,168,
2月,手术室,多余行,妇科检查包-16件,1574743,整行,,1.0/52.8/52.8,,169,
2月,手术室,多余行,气胸（9件）,1574743,整行,,1.0/29.7/29.7,,170,
2月,手术室,多余行,大拉钩-4件/w9050,1574743,整行,,1.0/13.2/13.2,,171,
2月,手术室,多余行,大盆2弯盘2碗1/w9050,1574743,整行,,1.0/16.5/16.5,,172,
2月,手术室,多余行,二叶拉钩-2件/w9050,1574743,整行,,1.0/9.9/9.9,,173,
2月,手术室,多余行,弓形钻-5件（带筐）/w9050,1574743,整行,,1.0/19.8/19.8,,174,
2月,手术室,多余行,扩棒（8-10.5）-6件/W6050,1574743,整行,,1.0/19.8/19.8,,175,
2月,手术室,多余行,孙主任拉钩-1/w6050,1574743,整行,,2.0/9.9/19.8,,176,
2月,手术室,多余行,小弯-6件/W6050,1574743,整行,,1.0/19.8/19.8,,177,
2月,手术室,多余行,超声刀线-1/z3040,1574755,整行,,2.0/21.0/42.0,,178,
2月,手术室,多余行,穿刺针-1/Z1526,1574755,整行,,1.0/15.0/15.0,,179,
2月,手术室,多余行,单极线-1/Z3040,1574755,整行,,1.0/21.0/21.0,,180,
2月,手术室,多余行,电切环-1/Z7526,1574755,整行,,1.0/13.2/13.2,,181,
2月,手术室,多余行,电切镜套管-4/双2060,1574755,整行,,1.0/52.8/52.8,,182,
2月,手术室,多余行,康基连发施夹钳（紫）-1/双保Z2060,1574755,整行,,1.0/21.0/21.0,,183,
2月,手术室,多余行,取石钳-1（低温）/Z2060,1574755,整行,,1.0/16.8/16.8,,184,
2月,手术室,多余行,胃钳-1件（低温）/（双，保）Z2060,1574755,整行,,2.0/21.0/42.0,,185,
2月,手术室,多余行,3D镜头-1件/Z2060,1574755,整行,,1.0/16.8/16.8,,186,
2月,手术室,多余行,治疗镜（粗）-12度-1/Z2060,1574755,整行,,1.0/16.8/16.8,,187,
2月,手术室,多余行,绝育（34件）,1574954,整行,,1.0/115.5/115.5,,188,
2月,手术室,多余行,下肢内固定（37件）,1574954,整行,,1.0/125.4/125.4,,189,
2月,手术室,多余行,空心钻-3件（加筐4件）/W905060,1574954,整行,,1.0/13.2/13.2,,190,
2月,手术室,多余行,持物钳罐-5件/w6050,1574954,整行,,1.0/16.5/16.5,,191,
2月,手术室,多余行,单子/W12050,1575356,整行,,2.0/21.0/42.0,,192,
2月,手术室,多余行,手术衣-1件/W9050,1575356,整行,,1.0/15.0/15.0,,193,
2月,手术室,多余行,刷手服/W12050,1575356,整行,,3.0/21.0/63.0,,194,
2月,手术室,多余行,肠钳子-1（低温）/Z2060,1575570,整行,,1.0/16.8/16.8,,195,
2月,手术室,多余行,蛇牌铣刀导线-1/Z3040,1575570,整行,,1.0/21.0/21.0,,196,
2月,手术室,多余行,开腹（66件）,1575571,整行,,1.0/227.7/227.7,,197,
2月,手术室,多余行,颅钻-3件（带筐）/W905060,1575571,整行,,1.0/13.2/13.2,,198,
2月,手术室,多余行,蛇牌电钻-7件（加筐8件）/W905060,1575571,整行,,1.0/29.7/29.7,,199,
2月,手术室,多余行,蛇形拉钩-3 筐1/W12050,1575571,整行,,1.0/13.2/13.2,,200,
2月,手术室,多余行,T型六角-2件/（双）Z1526,1575571,整行,,1.0/9.9/9.9,,201,
2月,手术室,多余行,剥离子-1/（双）Z7530,1575571,整行,,1.0/6.3/6.3,,202,
2月,手术室,多余行,测深器-1/Z1035,1575571,整行,,1.0/4.8/4.8,,203,
2月,手术室,多余行,持夹器-1/Z1530,1575571,整行,,2.0/6.6/13.2,,204,
2月,手术室,多余行,持针器-1/Z1029,1575571,整行,,1.0/4.8/4.8,,205,
2月,手术室,多余行,大镊子-1/Z7534,1575571,整行,,1.0/4.8/4.8,,206,
2月,手术室,多余行,胆道刮勺-2/Z1026,1575571,整行,,1.0/8.1/8.1,,207,
2月,手术室,多余行,骨刀-1/z7530,1575571,整行,,1.0/4.8/4.8,,208,
2月,手术室,多余行,哈巴狗钳-1/Z1026,1575571,整行,,1.0/4.8/4.8,,209,
2月,手术室,多余行,剪刀-1/Z1029,1575571,整行,,3.0/4.8/14.4,,210,
2月,手术室,多余行,内六角-1/Z1029,1575571,整行,,2.0/4.8/9.6,,211,
2月,手术室,多余行,脑显剪刀-2/Z1530,1575571,整行,,1.0/9.9/9.9,,212,
2月,手术室,多余行,取石钳-1/Z2032,1575571,整行,,1.0/7.8/7.8,,213,
2月,手术室,多余行,取石钳-4件/z1535,1575571,整行,,1.0/13.2/13.2,,214,
2月,手术室,多余行,头钉-3/Z7520,1575571,整行,,1.0/9.9/9.9,,215,
2月,手术室,多余行,挖勺-1/Z7526,1575571,整行,,3.0/4.8/14.4,,216,
2月,手术室,多余行,吸头-2/Z7530,1575571,整行,,4.0/8.1/32.4,,217,
2月,手术室,多余行,吸引器-1件 （高温）/Z1045,1575571,整行,,1.0/4.8/4.8,,218,
2月,手术室,多余行,线锯-2/Z1526,1575571,整行,,3.0/9.9/29.7,,219,
2月,手术室,多余行,阴道拉钩-2/Z2032,1575571,整行,,1.0/9.9/9.9,,220,
2月,手术室,多余行,椎板咬骨钳-1/z2032,1575571,整行,,1.0/7.8/7.8,,221,
2月,手术室,多余行,钻头-3/Z7526,1575571,整行,,1.0/9.9/9.9,,222,
2月,手术室,多余行,持物钳罐-5件/w6050,1575571,整行,,1.0/16.5/16.5,,223,
2月,手术室,多余行,大S钩-2/W6050,1575571,整行,,1.0/9.9/9.9,,224,
2月,手术室,多余行,骨撬-2/W6050,1575571,整行,,1.0/9.9/9.9,,225,
2月,手术室,多余行,复位钳-8件,1575818,整行,,1.0/29.7/29.7,,226,
2月,手术室,多余行,绝育（34件）,1575818,整行,,1.0/115.5/115.5,,227,
2月,手术室,多余行,(新）电钻-4件筐1/W905060,1575818,整行,,1.0/16.5/16.5,,228,
2月,手术室,多余行,持物钳罐-5件/w6050,1575818,整行,,1.0/16.5/16.5,,229,
2月,手术室,多余行,下肢内固定（37件）,1575906,整行,,1.0/125.4/125.4,,230,
2月,手术室,多余行,腹腔镜基础包23件,1575935,整行,,1.0/79.2/79.2,,231,
2月,手术室,多余行,开腹（66件）,1575935,整行,,1.0/227.7/227.7,,232,
2月,手术室,多余行,阑尾40件（无纺布）,1575935,整行,,1.0/138.6/138.6,,233,
2月,手术室,多余行,普外肠道腔镜器械（56件）,1575935,整行,,1.0/188.1/188.1,,234,
2月,手术室,多余行,普外腹腔镜B(44件）,1575935,整行,,1.0/148.5/148.5,,235,
2月,手术室,多余行,切开（28件）,1575935,整行,,2.0/95.7/191.4,,236,
2月,手术室,多余行,拉钩-2/z1026,1575935,整行,,2.0/8.1/16.2,,237,
2月,手术室,多余行,椎板咬骨钳-1/z2032,1575935,整行,,1.0/7.8/7.8,,238,
2月,手术室,多余行,PRD生物夹钳(紫)-1/（双，保）Z2060,1575935,整行,,1.0/21.0/21.0,,239,
2月,手术室,多余行,超声刀线-1/z3040,1575935,整行,,2.0/21.0/42.0,,240,
2月,手术室,多余行,单极线-1/Z3040,1575935,整行,,1.0/21.0/21.0,,241,
2月,手术室,多余行,康基可吸收施夹钳-1/双Z2060,1575935,整行,,1.0/21.0/21.0,,242,
2月,手术室,多余行,腔镜持夹钳-3/Z2035,1575935,整行,,1.0/39.6/39.6,,243,
2月,手术室,多余行,30 度镜头-1(STORZE)/Z2060,1575935,整行,,1.0/16.8/16.8,,244,
2月,手术室,多余行,3D镜头-1件/Z2060,1575935,整行,,1.0/16.8/16.8,,245,
2月,手术室,多余行,持物钳罐-5件/w6050,1575935,整行,,5.0/16.5/82.5,,246,
2月,手术室,多余行,腹腔镜基础包23件,1576231,整行,,1.0/79.2/79.2,,247,
2月,手术室,多余行,绝育（34件）,1576231,整行,,1.0/115.5/115.5,,248,
2月,手术室,多余行,阑尾40件（无纺布）,1576231,整行,,2.0/138.6/277.2,,249,
2月,手术室,多余行,普外腹腔镜A(44件）,1576231,整行,,1.0/148.5/148.5,,250,
2月,手术室,多余行,中弯-31件,1576231,整行,,1.0/105.6/105.6,,251,
2月,手术室,多余行,大直角-2/Z1530,1576231,整行,,1.0/9.9/9.9,,252,
2月,手术室,多余行,刀柄-1/Z7526,1576231,整行,,2.0/4.8/9.6,,253,
2月,手术室,多余行,妇科针-2/Z7537,1576231,整行,,1.0/8.1/8.1,,254,
2月,手术室,多余行,宫颈钳-1/Z1535,1576231,整行,,1.0/6.6/6.6,,255,
2月,手术室,多余行,超声刀线-1/z3040,1576231,整行,,1.0/21.0/21.0,,256,
2月,手术室,多余行,镜鞘2（双层）/z2060,1576231,整行,,1.0/26.4/26.4,,257,
2月,手术室,多余行,妇科检查包-16件,1576231,整行,,1.0/52.8/52.8,,258,
2月,手术室,多余行,30 度镜头-1(STORZE)/Z2060,1576231,整行,,1.0/16.8/16.8,,259,
2月,手术室,多余行,妇科治疗镜-5件盒1/W12050,1576231,整行,,1.0/52.8/52.8,,260,
2月,手术室,多余行,检查镜-12度-1/Z2060,1576231,整行,,1.0/16.8/16.8,,261,
2月,手术室,多余行,持物钳罐-5件/w6050,1576231,整行,,6.0/16.5/99.0,,262,
2月,手术室,多余行,扩棒（8-10.5）-6件/W6050,1576231,整行,,1.0/19.8/19.8,,263,
2月,手术室,多余行,腹腔镜基础包23件,1576611,整行,,2.0/79.2/158.4,,264,
2月,手术室,多余行,绝育（34件）,1576611,整行,,1.0/115.5/115.5,,265,
2月,手术室,多余行,普外腹腔镜B(44件）,1576611,整行,,1.0/148.5/148.5,,266,
2月,手术室,多余行,普外腹腔镜C(45件）,1576611,整行,,1.0/151.8/151.8,,267,
2月,手术室,多余行,中弯-31件,1576611,整行,,1.0/105.6/105.6,,268,
2月,手术室,多余行,刀柄-1/Z7526,1576611,整行,,1.0/4.8/4.8,,269,
2月,手术室,多余行,PRD生物夹钳(绿)-1/（双，保）Z2060,1576611,整行,,1.0/21.0/21.0,,270,
2月,手术室,多余行,肠钳子-1/Z2060,1576611,整行,,1.0/16.8/16.8,,271,
2月,手术室,多余行,超声刀线-1/z3040,1576611,整行,,2.0/21.0/42.0,,272,
2月,手术室,多余行,单极线-1/Z3040,1576611,整行,,1.0/21.0/21.0,,273,
2月,手术室,多余行,电切环-1/Z7526,1576611,整行,,1.0/13.2/13.2,,274,
2月,手术室,多余行,华兴单极线-1/Z3040,1576611,整行,,1.0/21.0/21.0,,275,
2月,手术室,多余行,镜鞘-1/z1550,1576611,整行,,1.0/15.0/15.0,,276,
2月,手术室,多余行,康基可吸收施夹钳-1/双Z2060,1576611,整行,,2.0/21.0/42.0,,277,
2月,手术室,多余行,胃钳子-1/Z2060（低温）,1576611,整行,,1.0/16.8/16.8,,278,
2月,手术室,多余行,2D镜头-1件/Z2060,1576611,整行,,1.0/16.8/16.8,,279,
2月,手术室,多余行,30 度镜头-1(STORZE)/Z2060,1576611,整行,,1.0/16.8/16.8,,280,
2月,手术室,多余行,30 度镜头-1(威沙普)/Z2060,1576611,整行,,1.0/16.8/16.8,,281,
2月,手术室,多余行,检查镜-12度-1/Z2060,1576611,整行,,1.0/16.8/16.8,,282,
2月,手术室,多余行,持物钳罐-5件/w6050,1576611,整行,,2.0/16.5/33.0,,283,
2月,手术室,多余行,单子/W12050,1576619,整行,,2.0/21.0/42.0,,284,
2月,手术室,多余行,刷手服/W12050,1576619,整行,,3.0/21.0/63.0,,285,
2月,手术室,多余行,腹腔镜基础包23件,1576951,整行,,1.0/79.2/79.2,,286,
2月,手术室,多余行,绝育（34件）,1576951,整行,,1.0/115.5/115.5,,287,
2月,手术室,多余行,开腹（66件）,1576951,整行,,1.0/227.7/227.7,,288,
2月,手术室,多余行,阑尾40件（无纺布）,1576951,整行,,1.0/138.6/138.6,,289,
2月,手术室,多余行,泌尿号包-16件,1576951,整行,,1.0/52.8/52.8,,290,
2月,手术室,多余行,普外腹腔镜A(44件）,1576951,整行,,1.0/148.5/148.5,,291,
2月,手术室,多余行,普外腹腔镜C(45件）,1576951,整行,,1.0/151.8/151.8,,292,
2月,手术室,多余行,切开（28件）,1576951,整行,,1.0/95.7/95.7,,293,
2月,手术室,多余行,下肢内固定（37件）,1576951,整行,,1.0/125.4/125.4,,294,
2月,手术室,多余行,大直角-2/Z1530,1576951,整行,,1.0/9.9/9.9,,295,
2月,手术室,多余行,妇科针-2/Z7537,1576951,整行,,1.0/8.1/8.1,,296,
2月,手术室,多余行,肛门拉钩-2/Z1526,1576951,整行,,1.0/9.9/9.9,,297,
2月,手术室,多余行,拉钩-2/z1026,1576951,整行,,1.0/8.1/8.1,,298,
2月,手术室,多余行,肠钳子-1（低温）/Z2060,1576951,整行,,1.0/16.8/16.8,,299,
2月,手术室,多余行,超声刀线-1/z3040,1576951,整行,,3.0/21.0/63.0,,300,
2月,手术室,多余行,单极线-1/Z3040,1576951,整行,,1.0/21.0/21.0,,301,
2月,手术室,多余行,镜鞘2（双层）/z2060,1576951,整行,,1.0/26.4/26.4,,302,
2月,手术室,多余行,康基可吸收施夹钳-1/双Z2060,1576951,整行,,2.0/21.0/42.0,,303,
2月,手术室,多余行,妇科检查包-16件,1576951,整行,,1.0/52.8/52.8,,304,
2月,手术室,多余行,2D镜头-1件/Z2060,1576951,整行,,1.0/16.8/16.8,,305,
2月,手术室,多余行,30 度镜头-1(STORZE)/Z2060,1576951,整行,,1.0/16.8/16.8,,306,
2月,手术室,多余行,妇科镜头12度-1/双Z1050,1576951,整行,,1.0/21.0/21.0,,307,
2月,手术室,多余行,持物钳罐-5件/w6050,1576951,整行,,5.0/16.5/82.5,,308,
2月,手术室,多余行,腹腔镜基础包23件,1577161,整行,,1.0/79.2/79.2,,309,
2月,手术室,多余行,流产包B（29件）,1577161,整行,,1.0/99.0/99.0,,310,
2月,手术室,多余行,普外腹腔镜A(44件）,1577161,整行,,1.0/148.5/148.5,,311,
2月,手术室,多余行,宫颈钳-1/Z1535,1577161,整行,,1.0/6.6/6.6,,312,
2月,手术室,多余行,取环勾-1/7530,1577161,整行,,1.0/4.8/4.8,,313,
2月,手术室,多余行,持物钳罐-5件/w6050,1577161,整行,,2.0/16.5/33.0,,314,
2月,手术室,多余行,小碗-2/W6050,1577161,整行,,1.0/9.9/9.9,,315,
2月,手术室,多余行,超声刀线-1/z3040,1577164,整行,,1.0/21.0/21.0,,316,
2月,手术室,多余行,30 度镜头-1(STORZE)/Z2060,1577164,整行,,1.0/16.8/16.8,,317,
2月,手术室,多余行,单子/W12050,1577184,整行,,2.0/21.0/42.0,,318,
2月,手术室,多余行,刷手服/W12050,1577184,整行,,2.0/21.0/42.0,,319,
2月,手术室,多余行,绝育（34件）,1577433,整行,,1.0/115.5/115.5,,320,
2月,手术室,多余行,中弯-31件,1577433,整行,,1.0/105.6/105.6,,321,
2月,手术室,多余行,妇科针-2/Z7537,1577433,整行,,1.0/8.1/8.1,,322,
2月,手术室,多余行,妇科检查包-16件,1577433,整行,,1.0/52.8/52.8,,323,
2月,手术室,多余行,持物钳罐-5件/w6050,1577433,整行,,1.0/16.5/16.5,,324,
2月,手术室,多余行,大S拉钩1小S拉钩1/W6050,1577433,整行,,1.0/9.9/9.9,,325,
2月,手术室,多余行,超声刀线-1/z3040,1577435,整行,,2.0/21.0/42.0,,326,
2月,手术室,多余行,镜鞘2（双层）/z2060,1577435,整行,,1.0/26.4/26.4,,327,
2月,手术室,多余行,妇科镜头12度-1/双Z1050,1577435,整行,,1.0/21.0/21.0,,328,
2月,手术室,多余行,PRD生物夹钳(紫)-1/（双，保）Z2060,1577639,整行,,1.0/21.0/21.0,,329,
2月,手术室,多余行,超声刀线-1/z3040,1577639,整行,,1.0/21.0/21.0,,330,
2月,手术室,多余行,30 度镜头-1(STORZE)/Z2060,1577639,整行,,1.0/16.8/16.8,,331,
2月,手术室,多余行,腹腔镜基础包23件,1577640,整行,,1.0/79.2/79.2,,332,
2月,手术室,多余行,泌尿号包-16件,1577640,整行,,1.0/52.8/52.8,,333,
2月,手术室,多余行,普外腹腔镜B(44件）,1577640,整行,,1.0/148.5/148.5,,334,
2月,手术室,多余行,切开（28件）,1577640,整行,,1.0/95.7/95.7,,335,
2月,手术室,多余行,肛门探针-1/Z7526,1577640,整行,,1.0/4.8/4.8,,336,
2月,手术室,多余行,小拉勾-2/Z1026,1577640,整行,,1.0/8.1/8.1,,337,
2月,手术室,多余行,持物钳罐-5件/w6050,1577640,整行,,2.0/16.5/33.0,,338,
2月,手术室,多余行,手术衣-1件/W9050,1577683,整行,,2.0/15.0/30.0,,339,
2月,手术室,多余行,开腹（66件）,1577775,整行,,2.0/227.7/455.4,,340,
2月,手术室,多余行,普外肠道腔镜器械（56件）,1577775,整行,,1.0/188.1/188.1,,341,
2月,手术室,多余行,普外腹腔镜A(44件）,1577775,整行,,1.0/148.5/148.5,,342,
2月,手术室,多余行,切开（28件）,1577775,整行,,1.0/95.7/95.7,,343,
2月,手术室,多余行,阴式（59件）,1577775,整行,,1.0/201.3/201.3,,344,
2月,手术室,多余行,妇科检查包-16件,1577775,整行,,1.0/52.8/52.8,,345,
2月,手术室,多余行,持物钳罐-5件/w6050,1577775,整行,,4.0/16.5/66.0,,346,
2月,手术室,多余行,PRD生物夹钳(紫)-1/（双，保）Z2060,1577776,整行,,1.0/21.0/21.0,,347,
2月,手术室,多余行,超声刀线-1/z3040,1577776,整行,,2.0/21.0/42.0,,348,
2月,手术室,多余行,单极线-1/Z3040,1577776,整行,,1.0/21.0/21.0,,349,
2月,手术室,多余行,生物夹钳-1/（双，保护）Z2060,1577776,整行,,1.0/21.0/21.0,,350,
2月,手术室,多余行,2D镜头-1件/Z2060,1577776,整行,,1.0/16.8/16.8,,351,
2月,手术室,多余行,3D镜头-1件/Z2060,1577776,整行,,1.0/16.8/16.8,,352,
2月,手术室,多余行,单子/W12050,1577787,整行,,1.0/21.0/21.0,,353,
2月,手术室,多余行,刷手服/W12050,1577787,整行,,1.0/21.0/21.0,,354,
2月,手术室,多余行,消毒包/W12050,1577912,整行,,1.0/21.0/21.0,,355,
2月,手术室,多余行,镜鞘2（双层）/z2060,1578056,整行,,1.0/26.4/26.4,,356,
2月,手术室,多余行,检查镜-12度-1/Z2060,1578056,整行,,1.0/16.8/16.8,,357,
2月,手术室,多余行,阑尾40件（无纺布）,1578057,整行,,1.0/138.6/138.6,,358,
2月,手术室,多余行,泌尿号包-16件,1578057,整行,,1.0/52.8/52.8,,359,
2月,手术室,多余行,妇科针-2/Z7537,1578057,整行,,1.0/8.1/8.1,,360,
2月,手术室,多余行,取环勾-1/7530,1578057,整行,,1.0/4.8/4.8,,361,
2月,手术室,多余行,妇科检查包-16件,1578057,整行,,1.0/52.8/52.8,,362,
2月,手术室,多余行,持物钳罐-5件/w6050,1578057,整行,,3.0/16.5/49.5,,363,
2月,手术室,多余行,开腹（66件）,1578386,整行,,1.0/227.7/227.7,,364,
2月,手术室,多余行,普外肠道腔镜器械（56件）,1578386,整行,,1.0/188.1/188.1,,365,
2月,手术室,多余行,荷包钳-1/（双）Z1540,1578386,整行,,1.0/9.9/9.9,,366,
2月,手术室,多余行,持物钳罐-5件/w6050,1578386,整行,,2.0/16.5/33.0,,367,
2月,手术室,多余行,PRD生物夹钳(紫)-1/（双，保）Z2060,1578403,整行,,1.0/21.0/21.0,,368,
2月,手术室,多余行,超声刀线-1/z3040,1578403,整行,,1.0/21.0/21.0,,369,
2月,手术室,多余行,生物夹钳-1/（双，保护）Z2060,1578403,整行,,2.0/21.0/42.0,,370,
2月,手术室,多余行,30 度镜头-1(STORZE)/Z2060,1578403,整行,,1.0/16.8/16.8,,371,
2月,手术室,多余行,3D镜头-1件/Z2060,1578403,整行,,1.0/16.8/16.8,,372,
2月,手术室,多余行,检查镜-30度-1/Z2060,1578403,整行,,1.0/16.8/16.8,,373,
2月,手术室,多余行,单子/W12050,1578419,整行,,3.0/21.0/63.0,,374,
2月,手术室,多余行,刷手服/W12050,1578419,整行,,2.0/21.0/42.0,,375,
2月,手术室,多余行,超声刀线-1/z3040,1578612,整行,,1.0/21.0/21.0,,376,
2月,手术室,多余行,单极线-1/Z3040,1578612,整行,,1.0/21.0/21.0,,377,
2月,手术室,多余行,2D镜头-1件/Z2060,1578612,整行,,1.0/16.8/16.8,,378,
2月,手术室,多余行,腹腔镜基础包23件,1578613,整行,,1.0/79.2/79.2,,379,
2月,手术室,多余行,开腹（66件）,1578613,整行,,1.0/227.7/227.7,,380,
2月,手术室,多余行,普外腹腔镜A(44件）,1578613,整行,,1.0/148.5/148.5,,381,
2月,手术室,多余行,小拉勾-2/Z1026,1578613,整行,,1.0/8.1/8.1,,382,
2月,手术室,多余行,持物钳罐-5件/w6050,1578613,整行,,1.0/16.5/16.5,,383,
2月,手术室,多余行,切开（28件）,1578688,整行,,1.0/95.7/95.7,,384,
2月,手术室,多余行,挖勺-1/Z7526,1578688,整行,,1.0/4.8/4.8,,385,
2月,手术室,多余行,持物钳罐-5件/w6050,1578688,整行,,1.0/16.5/16.5,,386,
2月,手术室,多余行,绝育（34件）,1578977,整行,,1.0/115.5/115.5,,387,
2月,手术室,多余行,阑尾40件（无纺布）,1578977,整行,,1.0/138.6/138.6,,388,
2月,手术室,多余行,下肢内固定（37件）,1578977,整行,,1.0/125.4/125.4,,389,
2月,手术室,多余行,持物钳罐-5件/w6050,1578977,整行,,2.0/16.5/33.0,,390,
2月,手术室,多余行,大S拉钩1小S拉钩1/W6050,1578977,整行,,1.0/9.9/9.9,,391,
2月,手术室,多余行,单子/W12050,1578985,整行,,2.0/21.0/42.0,,392,
2月,手术室,多余行,刷手服/W12050,1578985,整行,,2.0/21.0/42.0,,393,
2月,手术室,多余行,2026-01-13 12:43:23.950000,2026-02-24 12:06:00.390000,整行,,None/None/None,,409,
2月,手术室,汇总不一致-总价,手术室,,总价,33747.9,22091.1,8,8,
2月,手术室（备货）,缺失行,下肢器械（国药科学）1/2,1586394,整行,1.0/85.8/85.8,,9,,
2月,手术室（备货）,缺失行,下肢器械（国药科学）2/2,1586394,整行,1.0/0.0/0.0,,10,,
2月,手术室（备货）,缺失行,全膝关节器械（国药科学）1/8,1586785,整行,1.0/75.9/75.9,,11,,
2月,手术室（备货）,缺失行,全膝关节器械（国药科学）2/8,1586785,整行,1.0/42.9/42.9,,12,,
2月,手术室（备货）,缺失行,全膝关节器械（国药科学）3/8,1586785,整行,1.0/36.3/36.3,,13,,
2月,手术室（备货）,缺失行,全膝关节器械（国药科学）4/8,1586785,整行,1.0/72.6/72.6,,14,,
2月,手术室（备货）,缺失行,全膝关节器械（国药科学）5/8,1586785,整行,1.0/56.1/56.1,,15,,
2月,手术室（备货）,缺失行,全膝关节器械（国药科学）6/8,1586785,整行,1.0/66.0/66.0,,16,,
2月,手术室（备货）,缺失行,全膝关节器械（国药科学）7/8,1586785,整行,1.0/115.5/115.5,,17,,
2月,手术室（备货）,缺失行,全膝关节器械（国药科学）8/8,1586785,整行,1.0/26.4/26.4,,18,,
2月,普外一,缺失行,消毒缸-3/ZW7050,1579511,整行,1.0/9.9/9.9,,9,,
2月,普外一,缺失行,止血钳-1/Z1029,1580368,整行,2.0/4.8/9.6,,10,,
2月,普外一,缺失行,消毒缸-3/ZW7050,1580368,整行,1.0/9.9/9.9,,11,,
2月,普外一,缺失行,开口器-1/Z1026,1580680,整行,1.0/4.8/4.8,,12,,
2月,普外一,缺失行,压舌板-1/Z7526,1580680,整行,1.0/4.8/4.8,,13,,
2月,普外一,缺失行,喉镜柄（低温）-1/Z1530,1580680,整行,1.0/15.0/15.0,,14,,
2月,普外一,缺失行,喉镜片（低温）-1/Z1530,1580680,整行,3.0/15.0/45.0,,15,,
2月,普外一,缺失行,简易呼吸器-1件/Z3060,1580928,整行,1.0/21.0/21.0,,16,,
2月,普外一,缺失行,消毒缸-3/ZW7050,1581386,整行,1.0/9.9/9.9,,17,,
2月,普外一,缺失行,消毒缸-3/ZW7050,1582358,整行,1.0/9.9/9.9,,18,,
2月,普外一,缺失行,消毒缸-3/ZW7050,1583211,整行,1.0/9.9/9.9,,19,,
2月,普外一,缺失行,止血钳-1/Z1029,1583584,整行,1.0/4.8/4.8,,20,,
2月,普外一,缺失行,消毒缸-3/ZW7050,1585409,整行,1.0/9.9/9.9,,21,,
2月,普外一,缺失行,消毒缸-3/ZW7050,1586249,整行,1.0/9.9/9.9,,22,,
2月,普外一,缺失行,止血钳-1/Z1029,1587062,整行,1.0/4.8/4.8,,23,,
2月,普外一,缺失行,消毒缸-3/ZW7050,1587427,整行,1.0/9.9/9.9,,24,,
2月,普外一,多余行,止血钳-1/Z1029,1572295,整行,,1.0/4.8/4.8,,9,
2月,普外一,多余行,消毒缸-3/ZW7050,1572681,整行,,1.0/9.9/9.9,,10,
2月,普外一,多余行,止血钳-1/Z1029,1573552,整行,,1.0/4.8/4.8,,11,
2月,普外一,多余行,消毒缸-3/ZW7050,1573552,整行,,1.0/9.9/9.9,,12,
2月,普外一,多余行,持针器-1/Z1029,1574275,整行,,1.0/4.8/4.8,,13,
2月,普外一,多余行,刀柄-1/Z7526,1574275,整行,,1.0/4.8/4.8,,14,
2月,普外一,多余行,止血钳-1/Z1029,1574275,整行,,1.0/4.8/4.8,,15,
2月,普外一,多余行,消毒缸-3/ZW7050,1574665,整行,,1.0/9.9/9.9,,16,
2月,普外一,多余行,止血钳-1/Z1029,1575068,整行,,2.0/4.8/9.6,,17,
2月,普外一,多余行,消毒缸-3/ZW7050,1575450,整行,,1.0/9.9/9.9,,18,
2月,普外一,多余行,止血钳-1/Z1029,1575821,整行,,2.0/4.8/9.6,,19,
2月,普外一,多余行,消毒缸-3/ZW7050,1576515,整行,,1.0/9.9/9.9,,20,
2月,普外一,多余行,止血钳-1/Z1029,1576850,整行,,1.0/4.8/4.8,,21,
2月,普外一,多余行,止血钳-1/Z1029,1577317,整行,,1.0/4.8/4.8,,22,
2月,普外一,多余行,消毒缸-3/ZW7050,1577317,整行,,1.0/9.9/9.9,,23,
2月,普外一,多余行,止血钳-1/Z1029,1577642,整行,,1.0/4.8/4.8,,24,
2月,普外一,多余行,消毒缸-3/ZW7050,1578294,整行,,1.0/9.9/9.9,,25,
2月,普外一,多余行,消毒缸-3/ZW7050,1578900,整行,,1.0/9.9/9.9,,26,
2月,普外一,多余行,止血钳-1/Z1029,1579058,整行,,1.0/4.8/4.8,,27,
2月,普外一,汇总不一致-总价,普外一,,总价,189.0,141.6,8,8,
2月,普外二,缺失行,开口器-1/Z1026,1584617,整行,1.0/4.8/4.8,,9,,
2月,普外二,缺失行,喉镜片（低温）-1/Z1530,1584617,整行,3.0/15.0/45.0,,10,,
2月,普外二,缺失行,简易呼吸器-1件/Z3060,1584837,整行,1.0/21.0/21.0,,11,,
2月,普外二,缺失行,持针器-1/Z1029,1584964,整行,1.0/4.8/4.8,,12,,
2月,检验科,缺失行,加样枪头/w9050,1579504,整行,1.0/21.0/21.0,,9,,
2月,检验科,缺失行,玻璃管包（轻拿轻放！！！）/w9050,1582071,整行,1.0/21.0/21.0,,10,,
2月,检验科,缺失行,吸头-8/W9050,1585805,整行,1.0/92.4/92.4,,11,,
2月,检验科,多余行,加样枪头/w9050,1573564,整行,,1.0/21.0/21.0,,9,
2月,检验科,汇总不一致-总价,检验科,,总价,134.4,21.0,8,8,
2月,泌外腔镜,缺失行,金柄基础包-9件,1579985,整行,1.0/29.7/29.7,,9,,
2月,泌外腔镜,缺失行,尿道探子F20-1（低温）/z2060,1580816,整行,1.0/16.8/16.8,,10,,
2月,泌外腔镜,缺失行,0°膀胱镜-1件/z2060,1583322,整行,1.0/16.8/16.8,,11,,
2月,泌外腔镜,缺失行,70°膀胱镜-1/双Z1050,1583322,整行,1.0/21.0/21.0,,12,,
2月,泌外腔镜,缺失行,膀胱镜-4件（布！！！）,1583322,整行,1.0/52.8/52.8,,13,,
2月,泌外腔镜,缺失行,尿道探子F20-1（低温）/z2060,1585737,整行,1.0/16.8/16.8,,14,,
2月,泌外腔镜,缺失行,0°膀胱镜-1件/z2060,1586419,整行,1.0/16.8/16.8,,15,,
2月,泌外腔镜,缺失行,膀胱镜F19.8-2件/z2060,1586419,整行,1.0/26.4/26.4,,16,,
2月,泌外腔镜,缺失行,膀胱镜-3/z2060,1587270,整行,1.0/39.6/39.6,,17,,
2月,泌外腔镜,缺失行,尿道探子F14-1件（低温）/z7530,1587270,整行,1.0/13.2/13.2,,18,,
2月,泌外腔镜,多余行,膀胱镜-6件,1572394,整行,,1.0/66.0/66.0,,9,
2月,泌外腔镜,多余行,基础-11,1573932,整行,,1.0/39.6/39.6,,10,
2月,泌外腔镜,多余行,尿道探子F20-1（低温）/z2060,1574391,整行,,1.0/16.8/16.8,,11,
2月,泌外腔镜,多余行,基础-11,1574741,整行,,1.0/39.6/39.6,,12,
2月,泌外腔镜,多余行,尿道探子18-1件/Z2060,1575569,整行,,1.0/16.8/16.8,,13,
2月,泌外腔镜,多余行,基础-11件,1577911,整行,,1.0/39.6/39.6,,14,
2月,泌外腔镜,多余行,0°膀胱镜-1件/z2060,1578055,整行,,1.0/16.8/16.8,,15,
2月,泌外腔镜,多余行,尿道探子F20-1（低温）/z2060,1578402,整行,,1.0/16.8/16.8,,16,
2月,泌外腔镜,汇总不一致-总价,泌外腔镜,,总价,249.9,252.0,8,8,
2月,消化内镜,缺失行,打孔器 带芯-2件/（标签贴背面！）Z7506,1579632,整行,1.0/8.1/8.1,,9,,
2月,消化内镜,缺失行,盒子-1/Z2540,1579632,整行,2.0/9.6/19.2,,10,,
2月,消化内镜,缺失行,止血钳-1/Z1029,1579632,整行,2.0/4.8/9.6,,11,,
2月,消化内镜,缺失行,ERCP管-2/Z2032,1580369,整行,1.0/9.9/9.9,,12,,
2月,消化内镜,缺失行,盒子-1/Z2540,1580369,整行,1.0/9.6/9.6,,13,,
2月,消化内镜,缺失行,止血钳-1/Z1029,1580687,整行,1.0/4.8/4.8,,14,,
2月,消化内镜,缺失行,ERCP管-2/Z2032,1581406,整行,1.0/9.9/9.9,,15,,
2月,消化内镜,缺失行,FG-47L-1/Z2032,1581406,整行,1.0/7.8/7.8,,16,,
2月,消化内镜,缺失行,方盘-1/Z2530,1581406,整行,2.0/9.6/19.2,,17,,
2月,消化内镜,缺失行,开口器-1/Z1026,1581406,整行,1.0/4.8/4.8,,18,,
2月,消化内镜,缺失行,压舌板-1/Z7526,1581406,整行,1.0/4.8/4.8,,19,,
2月,消化内镜,缺失行,喉镜-2（低温）/Z1526,1581406,整行,2.0/26.4/52.8,,20,,
2月,消化内镜,缺失行,止血钳-1/Z1029,1581718,整行,1.0/4.8/4.8,,21,,
2月,消化内镜,缺失行,26N-1/Z2025,1582415,整行,1.0/7.8/7.8,,22,,
2月,消化内镜,缺失行,方盘-1/Z2530,1582415,整行,2.0/9.6/19.2,,23,,
2月,消化内镜,缺失行,乐奥2件/Z2035,1582415,整行,1.0/26.4/26.4,,24,,
2月,消化内镜,缺失行,喉镜片-3（EO）/Z1026,1582608,整行,1.0/39.6/39.6,,25,,
2月,消化内镜,缺失行,激光导线(高温)-1/Z2530,1582712,整行,1.0/9.6/9.6,,26,,
2月,消化内镜,缺失行,止血钳-1/Z1029,1582712,整行,1.0/4.8/4.8,,27,,
2月,消化内镜,缺失行,穿刺架-1/Z1029,1583137,整行,1.0/4.8/4.8,,28,,
2月,消化内镜,缺失行,盒子-1/Z2540,1583220,整行,1.0/9.6/9.6,,29,,
2月,消化内镜,缺失行,止血钳-1/Z1029,1583220,整行,2.0/4.8/9.6,,30,,
2月,消化内镜,缺失行,活检钳-1/Z2032,1583461,整行,1.0/16.8/16.8,,31,,
2月,消化内镜,缺失行,26N-1/Z2025,1583585,整行,1.0/7.8/7.8,,32,,
2月,消化内镜,缺失行,打孔器 带芯-2件/（标签贴背面！）Z7506,1583585,整行,1.0/8.1/8.1,,33,,
2月,消化内镜,缺失行,盒子-1/Z2540,1583585,整行,1.0/9.6/9.6,,34,,
2月,消化内镜,缺失行,剪刀-1/Z1029,1583585,整行,1.0/4.8/4.8,,35,,
2月,消化内镜,缺失行,止血钳-1/Z1029,1583585,整行,1.0/4.8/4.8,,36,,
2月,消化内镜,缺失行,激光导线-1/Z2530,1583585,整行,1.0/18.0/18.0,,37,,
2月,消化内镜,缺失行,打孔器 带芯-2件/（标签贴背面！）Z7506,1584968,整行,1.0/8.1/8.1,,38,,
2月,消化内镜,缺失行,盒子-1/Z2540,1584968,整行,1.0/9.6/9.6,,39,,
2月,消化内镜,缺失行,乐奥2件/Z2035,1584968,整行,1.0/26.4/26.4,,40,,
2月,消化内镜,缺失行,打孔器 带芯-2件/（标签贴背面！）Z7506,1585413,整行,1.0/8.1/8.1,,41,,
2月,消化内镜,缺失行,盒子-1/Z2540,1585413,整行,3.0/9.6/28.8,,42,,
2月,消化内镜,缺失行,打孔器 带芯-2件/（标签贴背面！）Z7506,1585801,整行,2.0/8.1/16.2,,43,,
2月,消化内镜,缺失行,盒子-1/Z2540,1585801,整行,1.0/9.6/9.6,,44,,
2月,消化内镜,缺失行,穿刺架-1/Z1029,1586209,整行,1.0/4.8/4.8,,45,,
2月,消化内镜,缺失行,11OUR-1/Z2032,1586291,整行,1.0/7.8/7.8,,46,,
2月,消化内镜,缺失行,26N-1/Z2025,1586291,整行,1.0/7.8/7.8,,47,,
2月,消化内镜,缺失行,持针器-1/Z1029,1586291,整行,1.0/4.8/4.8,,48,,
2月,消化内镜,缺失行,打孔器 带芯-2件/（标签贴背面！）Z7506,1586291,整行,1.0/8.1/8.1,,49,,
2月,消化内镜,缺失行,打孔器 蓝色-3件/（标签贴背面！）Z1026,1586291,整行,1.0/9.9/9.9,,50,,
2月,消化内镜,缺失行,方盘-1/Z2530,1586291,整行,2.0/9.6/19.2,,51,,
2月,消化内镜,缺失行,剪刀-1/Z1029,1586291,整行,1.0/4.8/4.8,,52,,
2月,消化内镜,缺失行,弯盘-1/Z2032,1586291,整行,2.0/7.8/15.6,,53,,
2月,消化内镜,缺失行,止血钳-1/Z1029,1586291,整行,3.0/4.8/14.4,,54,,
2月,消化内镜,缺失行,小肠镜钳子（低温）-1件/Z2035,1586291,整行,1.0/16.8/16.8,,55,,
2月,消化内镜,缺失行,简易呼吸器-1件/Z3060,1586538,整行,1.0/21.0/21.0,,56,,
2月,消化内镜,缺失行,穿刺架-1/Z1029,1586632,整行,1.0/4.8/4.8,,57,,
2月,消化内镜,缺失行,打孔器 带芯-2件/（标签贴背面！）Z7506,1586632,整行,2.0/8.1/16.2,,58,,
2月,消化内镜,缺失行,方盘-1/Z2530,1586632,整行,1.0/9.6/9.6,,59,,
2月,消化内镜,缺失行,止血钳-1/Z1029,1586632,整行,1.0/4.8/4.8,,60,,
2月,消化内镜,缺失行,止血钳-1/Z1029,1587070,整行,1.0/4.8/4.8,,61,,
2月,消化内镜,缺失行,穿刺架-1/Z1029,1587319,整行,1.0/4.8/4.8,,62,,
2月,消化内镜,缺失行,26N-1/Z2025,1587428,整行,1.0/7.8/7.8,,63,,
2月,消化内镜,缺失行,ERCP管-2/Z2032,1587428,整行,1.0/9.9/9.9,,64,,
2月,消化内镜,缺失行,打孔器 带芯-2件/（标签贴背面！）Z7506,1587428,整行,1.0/8.1/8.1,,65,,
2月,消化内镜,缺失行,盒子-1/Z2540,1587428,整行,1.0/9.6/9.6,,66,,
2月,消化内镜,缺失行,弯盘-1/Z2032,1587428,整行,1.0/7.8/7.8,,67,,
2月,消化内镜,缺失行,止血钳-1/Z1029,1587428,整行,1.0/4.8/4.8,,68,,
2月,消化内镜,缺失行,穿刺架-1/Z1029,1587743,整行,1.0/4.8/4.8,,69,,
2月,消化内镜,缺失行,盒子-1/Z2540,1587743,整行,1.0/9.6/9.6,,70,,
2月,消化内镜,缺失行,弯盘-1/Z2032,1587743,整行,1.0/7.8/7.8,,71,,
2月,消化内镜,缺失行,蚊式-1/Z1026,1587743,整行,1.0/4.8/4.8,,72,,
2月,消化内镜,多余行,穿刺架-1/Z1029,1572257,整行,,2.0/4.8/9.6,,9,
2月,消化内镜,多余行,弯盘-1/Z2032,1572257,整行,,1.0/7.8/7.8,,10,
2月,消化内镜,多余行,止血钳-1/Z1029,1572257,整行,,1.0/4.8/4.8,,11,
2月,消化内镜,多余行,26N钳子-1/Z2032,1573064,整行,,1.0/7.8/7.8,,12,
2月,消化内镜,多余行,盒子-1/Z2540,1573064,整行,,2.0/9.6/19.2,,13,
2月,消化内镜,多余行,止血钳-1/Z1029,1573064,整行,,1.0/4.8/4.8,,14,
2月,消化内镜,多余行,穿刺架-1/Z1029,1573517,整行,,1.0/4.8/4.8,,15,
2月,消化内镜,多余行,打孔器 带芯-1/（标签贴背面！）Z7526,1573517,整行,,1.0/4.8/4.8,,16,
2月,消化内镜,多余行,方盘-1/Z2530,1573517,整行,,1.0/9.6/9.6,,17,
2月,消化内镜,多余行,弯盘-1/Z2032,1573517,整行,,1.0/7.8/7.8,,18,
2月,消化内镜,多余行,止血钳-1/Z1029,1573517,整行,,1.0/4.8/4.8,,19,
2月,消化内镜,多余行,ERCP管-2/Z2032,1573888,整行,,1.0/9.9/9.9,,20,
2月,消化内镜,多余行,穿刺架-1/Z1029,1573888,整行,,1.0/4.8/4.8,,21,
2月,消化内镜,多余行,打孔器 带芯-2件/（标签贴背面！）Z7506,1573888,整行,,1.0/8.1/8.1,,22,
2月,消化内镜,多余行,方盘-1/Z2530,1573888,整行,,1.0/9.6/9.6,,23,
2月,消化内镜,多余行,弯盘-1/Z2032,1573888,整行,,1.0/7.8/7.8,,24,
2月,消化内镜,多余行,止血钳-1/Z1029,1573888,整行,,1.0/4.8/4.8,,25,
2月,消化内镜,多余行,打孔器 带芯-2件/（标签贴背面！）Z7506,1574272,整行,,1.0/8.1/8.1,,26,
2月,消化内镜,多余行,盒子-1/Z2540,1574272,整行,,1.0/9.6/9.6,,27,
2月,消化内镜,多余行,止血钳-1/Z1029,1574272,整行,,1.0/4.8/4.8,,28,
2月,消化内镜,多余行,ERCP管-2/Z2032,1574661,整行,,1.0/9.9/9.9,,29,
2月,消化内镜,多余行,打孔器 带芯-2件/（标签贴背面！）Z7506,1574661,整行,,1.0/8.1/8.1,,30,
2月,消化内镜,多余行,方盘-1/Z2530,1574661,整行,,1.0/9.6/9.6,,31,
2月,消化内镜,多余行,盆-1/Z2530,1575069,整行,,2.0/9.6/19.2,,32,
2月,消化内镜,多余行,激光导线-1/Z2530,1575069,整行,,1.0/18.0/18.0,,33,
2月,消化内镜,多余行,听诊器-1/Z3035,1575447,整行,,1.0/21.0/21.0,,34,
2月,消化内镜,多余行,49L-1/Z2032,1575819,整行,,1.0/7.8/7.8,,35,
2月,消化内镜,多余行,持针器-1/Z1029,1575819,整行,,1.0/4.8/4.8,,36,
2月,消化内镜,多余行,穿刺架-1/Z1029,1575819,整行,,1.0/4.8/4.8,,37,
2月,消化内镜,多余行,打孔器 带芯-2件/（标签贴背面！）Z7506,1575819,整行,,2.0/8.1/16.2,,38,
2月,消化内镜,多余行,方盘-1/Z2530,1575819,整行,,2.0/9.6/19.2,,39,
2月,消化内镜,多余行,弯盘-1/Z2032,1575819,整行,,1.0/7.8/7.8,,40,
2月,消化内镜,多余行,止血钳-1/Z1029,1575819,整行,,2.0/4.8/9.6,,41,
2月,消化内镜,多余行,盒子-1/Z2540,1576154,整行,,1.0/9.6/9.6,,42,
2月,消化内镜,多余行,简易呼吸器-1（低温）件/Z3060,1576154,整行,,1.0/21.0/21.0,,43,
2月,消化内镜,多余行,持针器-1/Z1029,1576456,整行,,1.0/4.8/4.8,,44,
2月,消化内镜,多余行,穿刺架-1/Z1029,1576456,整行,,1.0/4.8/4.8,,45,
2月,消化内镜,多余行,打孔器 带芯-2件/（标签贴背面！）Z7506,1576456,整行,,1.0/8.1/8.1,,46,
2月,消化内镜,多余行,盒子-1/Z2540,1576456,整行,,1.0/9.6/9.6,,47,
2月,消化内镜,多余行,弯盘-1/Z2032,1576456,整行,,1.0/7.8/7.8,,48,
2月,消化内镜,多余行,止血钳-1/Z1029,1576456,整行,,1.0/4.8/4.8,,49,
2月,消化内镜,多余行,26N-1/Z2025,1576842,整行,,1.0/7.8/7.8,,50,
2月,消化内镜,多余行,46Q-1/Z2032,1576842,整行,,1.0/7.8/7.8,,51,
2月,消化内镜,多余行,MAJ-403 -1/z2030,1576842,整行,,1.0/7.8/7.8,,52,
2月,消化内镜,多余行,盒子-1/Z2540,1576842,整行,,1.0/9.6/9.6,,53,
2月,消化内镜,多余行,止血钳-1/Z1029,1576842,整行,,1.0/4.8/4.8,,54,
2月,消化内镜,多余行,盒子-1/Z2540,1577310,整行,,1.0/9.6/9.6,,55,
2月,消化内镜,多余行,激光导线(高温)-1/Z2530,1577310,整行,,1.0/9.6/9.6,,56,
2月,消化内镜,多余行,止血钳-1/Z1029,1577310,整行,,2.0/4.8/9.6,,57,
2月,消化内镜,多余行,乐奥输送器-2/Z2032,1577564,整行,,1.0/26.4/26.4,,58,
2月,消化内镜,多余行,110Q-1/Z2026,1577643,整行,,1.0/7.8/7.8,,59,
2月,消化内镜,多余行,26N-1/Z2025,1577643,整行,,1.0/7.8/7.8,,60,
2月,消化内镜,多余行,方盘-1/Z2530,1577643,整行,,1.0/9.6/9.6,,61,
2月,消化内镜,多余行,乐奥2件/Z2035,1577643,整行,,1.0/26.4/26.4,,62,
2月,消化内镜,汇总不一致-总价,消化内镜,,总价,728.4,524.4,8,8,
2月,消化科,缺失行,大单/W12050,1580422,整行,2.0/21.0/42.0,,9,,
2月,消化科,缺失行,敷料包/W12050,1580422,整行,6.0/21.0/126.0,,10,,
2月,消化科,缺失行,大单/W12050,1580447,整行,1.0/21.0/21.0,,11,,
2月,消化科,缺失行,敷料包/W12050,1580447,整行,7.0/21.0/147.0,,12,,
2月,消化科,缺失行,大单/W12050,1581123,整行,1.0/21.0/21.0,,13,,
2月,消化科,缺失行,敷料包/W12050,1581123,整行,7.0/21.0/147.0,,14,,
2月,消化科,缺失行,敷料包/W12050,1581140,整行,8.0/21.0/168.0,,15,,
2月,消化科,缺失行,大单/W12050,1581855,整行,1.0/21.0/21.0,,16,,
2月,消化科,缺失行,刷手服/W12050,1581855,整行,14.0/21.0/294.0,,17,,
2月,消化科,缺失行,大单/W12050,1582486,整行,1.0/21.0/21.0,,18,,
2月,消化科,缺失行,刷手服/W12050,1582486,整行,14.0/21.0/294.0,,19,,
2月,消化科,缺失行,大单/W12050,1583110,整行,1.0/21.0/21.0,,20,,
2月,消化科,缺失行,刷手服/W12050,1583110,整行,13.0/21.0/273.0,,21,,
2月,消化科,缺失行,大单/W12050,1584714,整行,1.0/21.0/21.0,,22,,
2月,消化科,缺失行,刷手服/W12050,1584714,整行,8.0/21.0/168.0,,23,,
2月,消化科,缺失行,大单/W12050,1585495,整行,1.0/21.0/21.0,,24,,
2月,消化科,缺失行,敷料包/W12050,1585495,整行,4.0/21.0/84.0,,25,,
2月,消化科,缺失行,刷手服/W12050,1585495,整行,11.0/21.0/231.0,,26,,
2月,消化科,缺失行,大单/W12050,1586130,整行,2.0/21.0/42.0,,27,,
2月,消化科,缺失行,敷料包/W12050,1586130,整行,8.0/21.0/168.0,,28,,
2月,消化科,缺失行,刷手服/W12050,1586130,整行,9.0/21.0/189.0,,29,,
2月,消化科,缺失行,大单/W12050,1586801,整行,1.0/21.0/21.0,,30,,
2月,消化科,缺失行,刷手服/W12050,1586801,整行,10.0/21.0/210.0,,31,,
2月,消化科,缺失行,大单/W12050,1587476,整行,1.0/21.0/21.0,,32,,
2月,消化科,缺失行,敷料/W9050,1587476,整行,1.0/18.0/18.0,,33,,
2月,消化科,缺失行,刷手服/W12050,1587476,整行,14.0/21.0/294.0,,34,,
2月,消化科,缺失行,刷手服/W12050,1587525,整行,1.0/21.0/21.0,,35,,
2月,消化科,多余行,大单/W12050,1572800,整行,,1.0/21.0/21.0,,9,
2月,消化科,多余行,敷料/W9050,1572800,整行,,1.0/18.0/18.0,,10,
2月,消化科,多余行,刷手服/W12050,1572800,整行,,5.0/21.0/105.0,,11,
2月,消化科,多余行,刷手服/W12050,1572818,整行,,6.0/21.0/126.0,,12,
2月,消化科,多余行,刷手服/W12050,1572820,整行,,2.0/21.0/42.0,,13,
2月,消化科,多余行,大单/W12050,1573446,整行,,2.0/21.0/42.0,,14,
2月,消化科,多余行,刷手服/W12050,1573446,整行,,16.0/21.0/336.0,,15,
2月,消化科,多余行,大单/W12050,1574055,整行,,1.0/21.0/21.0,,16,
2月,消化科,多余行,刷手服/W12050,1574055,整行,,10.0/21.0/210.0,,17,
2月,消化科,多余行,敷料/W9050,1574729,整行,,1.0/18.0/18.0,,18,
2月,消化科,多余行,敷料包/W12050,1574729,整行,,12.0/21.0/252.0,,19,
2月,消化科,多余行,刷手服/W12050,1574729,整行,,4.0/21.0/84.0,,20,
2月,消化科,多余行,大单/W12050,1575357,整行,,2.0/21.0/42.0,,21,
2月,消化科,多余行,刷手服/W12050,1575357,整行,,15.0/21.0/315.0,,22,
2月,消化科,多余行,大单/W12050,1575946,整行,,1.0/21.0/21.0,,23,
2月,消化科,多余行,敷料包/W12050,1575946,整行,,7.0/21.0/147.0,,24,
2月,消化科,多余行,大单/W12050,1576618,整行,,1.0/21.0/21.0,,25,
2月,消化科,多余行,敷料/W9050,1576618,整行,,1.0/18.0/18.0,,26,
2月,消化科,多余行,敷料包/W12050,1576618,整行,,7.0/21.0/147.0,,27,
2月,消化科,多余行,刷手服/W12050,1576618,整行,,7.0/21.0/147.0,,28,
2月,消化科,多余行,大单/W12050,1577185,整行,,2.0/21.0/42.0,,29,
2月,消化科,多余行,敷料包/W12050,1577185,整行,,15.0/21.0/315.0,,30,
2月,消化科,多余行,刷手服/W12050,1577788,整行,,9.0/21.0/189.0,,31,
2月,消化科,多余行,大单/W12050,1578420,整行,,1.0/21.0/21.0,,32,
2月,消化科,多余行,敷料包/W12050,1578420,整行,,4.0/21.0/84.0,,33,
2月,消化科,多余行,刷手服/W12050,1578420,整行,,8.0/21.0/168.0,,34,
2月,消化科,多余行,敷料/W9050,1578986,整行,,1.0/18.0/18.0,,35,
2月,消化科,多余行,敷料包/W12050,1578986,整行,,3.0/21.0/63.0,,36,
2月,消化科,多余行,刷手服/W12050,1578986,整行,,11.0/21.0/231.0,,37,
2月,消化科,汇总不一致-总价,消化科,,总价,3105.0,3264.0,8,8,
2月,皮肤门诊,缺失行,消毒缸-7/w9050,1579510,整行,1.0/23.1/23.1,,9,,
2月,皮肤门诊,缺失行,镊子-1/Z7526,1579983,整行,2.0/4.8/9.6,,10,,
2月,皮肤门诊,缺失行,门皮 手术包-6件（双信封包装！！！）,1579983,整行,5.0/21.828/109.14,,11,,
2月,皮肤门诊,缺失行,消毒缸-7/w9050,1580364,整行,1.0/23.1/23.1,,12,,
2月,皮肤门诊,缺失行,门皮 手术包-6件（双信封包装！！！）,1580364,整行,6.0/21.828/130.968,,13,,
2月,皮肤门诊,缺失行,门皮 手术包-6件（双信封包装！！！）,1580681,整行,5.0/21.828/109.14,,14,,
2月,皮肤门诊,缺失行,小镊子-1/Z7526,1581387,整行,3.0/4.8/14.4,,15,,
2月,皮肤门诊,缺失行,消毒缸-7/w9050,1581387,整行,1.0/23.1/23.1,,16,,
2月,皮肤门诊,缺失行,门皮 手术包-6件（双信封包装！！！）,1581387,整行,1.0/21.828/21.828,,17,,
2月,皮肤门诊,缺失行,门皮 手术包-6件（双信封包装！！！）,1581716,整行,4.0/21.828/87.312,,18,,
2月,皮肤门诊,缺失行,门皮 手术包-6件（双信封包装！！！）,1581994,整行,3.0/21.828/65.484,,19,,
2月,皮肤门诊,缺失行,消毒缸-7/w9050,1582356,整行,1.0/23.1/23.1,,20,,
2月,皮肤门诊,缺失行,门皮 手术包-6件（双信封包装！！！）,1582714,整行,6.0/21.828/130.968,,21,,
2月,皮肤门诊,缺失行,持针器-1/Z1029,1583213,整行,1.0/4.8/4.8,,22,,
2月,皮肤门诊,缺失行,止血钳-1/Z1029,1583213,整行,1.0/4.8/4.8,,23,,
2月,皮肤门诊,缺失行,消毒缸-7/w9050,1583213,整行,1.0/23.1/23.1,,24,,
2月,皮肤门诊,缺失行,门皮 手术包-6件（双信封包装！！！）,1583213,整行,1.0/21.828/21.828,,25,,
2月,皮肤门诊,缺失行,止血钳-1/Z1029,1583587,整行,4.0/4.8/19.2,,26,,
2月,皮肤门诊,缺失行,门皮 手术包-6件（双信封包装！！！）,1583587,整行,3.0/21.828/65.484,,27,,
2月,皮肤门诊,缺失行,持针器-1/Z1029,1584966,整行,1.0/4.8/4.8,,28,,
2月,皮肤门诊,缺失行,止血钳-1/Z1029,1584966,整行,2.0/4.8/9.6,,29,,
2月,皮肤门诊,缺失行,门皮 手术包-6件（双信封包装！！！）,1584966,整行,7.0/21.828/152.796,,30,,
2月,皮肤门诊,缺失行,止血钳-1/Z1029,1585405,整行,2.0/4.8/9.6,,31,,
2月,皮肤门诊,缺失行,消毒缸-7/w9050,1585405,整行,1.0/23.1/23.1,,32,,
2月,皮肤门诊,缺失行,门皮 手术包-6件（双信封包装！！！）,1585405,整行,1.0/21.828/21.828,,33,,
2月,皮肤门诊,缺失行,止血钳-1/Z1029,1585803,整行,3.0/4.8/14.4,,34,,
2月,皮肤门诊,缺失行,门皮 手术包-6件（双信封包装！！！）,1585803,整行,4.0/21.828/87.312,,35,,
2月,皮肤门诊,缺失行,消毒缸-7/w9050,1586258,整行,1.0/23.1/23.1,,36,,
2月,皮肤门诊,缺失行,镊子-1/Z7526,1586657,整行,1.0/4.8/4.8,,37,,
2月,皮肤门诊,缺失行,止血钳-1/Z1029,1586657,整行,3.0/4.8/14.4,,38,,
2月,皮肤门诊,缺失行,门皮 手术包-6件（双信封包装！！！）,1586657,整行,1.0/21.828/21.828,,39,,
2月,皮肤门诊,缺失行,剪刀-1/Z1029,1587068,整行,4.0/4.8/19.2,,40,,
2月,皮肤门诊,缺失行,镊子-1/Z7526,1587068,整行,2.0/4.8/9.6,,41,,
2月,皮肤门诊,缺失行,止血钳-1/Z1029,1587068,整行,2.0/4.8/9.6,,42,,
2月,皮肤门诊,缺失行,门皮 手术包-6件（双信封包装！！！）,1587068,整行,2.0/21.828/43.656,,43,,
2月,皮肤门诊,缺失行,消毒缸-7/w9050,1587425,整行,1.0/23.1/23.1,,44,,
2月,皮肤门诊,缺失行,门皮 手术包-6件（双信封包装！！！）,1587425,整行,2.0/21.828/43.656,,45,,
2月,皮肤门诊,多余行,镊子-1/Z7526,1572293,整行,,1.0/4.8/4.8,,9,
2月,皮肤门诊,多余行,止血钳-1/Z1029,1572293,整行,,2.0/4.8/9.6,,10,
2月,皮肤门诊,多余行,门皮 手术包-6件（双信封包装！！！）,1572293,整行,,3.0/22.01/66.03,,11,
2月,皮肤门诊,多余行,消毒缸-7/w9050,1572678,整行,,1.0/23.1/23.1,,12,
2月,皮肤门诊,多余行,门皮 手术包-6件（双信封包装！！！）,1572678,整行,,2.0/22.01/44.02,,13,
2月,皮肤门诊,多余行,止血钳-1/Z1029,1573061,整行,,1.0/4.8/4.8,,14,
2月,皮肤门诊,多余行,门皮 手术包-6件（双信封包装！！！）,1573061,整行,,1.0/22.01/22.01,,15,
2月,皮肤门诊,多余行,消毒缸-7/w9050,1573558,整行,,1.0/23.1/23.1,,16,
2月,皮肤门诊,多余行,持针器-1/Z1029,1573934,整行,,1.0/4.8/4.8,,17,
2月,皮肤门诊,多余行,小镊子-1/Z7526,1573934,整行,,3.0/4.8/14.4,,18,
2月,皮肤门诊,多余行,止血钳-1/Z1029,1573934,整行,,3.0/4.8/14.4,,19,
2月,皮肤门诊,多余行,门皮 手术包-6件（双信封包装！！！）,1573934,整行,,2.0/22.01/44.02,,20,
2月,皮肤门诊,多余行,止血钳-1/Z1029,1574659,整行,,2.0/4.8/9.6,,21,
2月,皮肤门诊,多余行,消毒缸-7/w9050,1574659,整行,,1.0/23.1/23.1,,22,
2月,皮肤门诊,多余行,门皮 手术包-6件（双信封包装！！！）,1574659,整行,,1.0/22.01/22.01,,23,
2月,皮肤门诊,多余行,门皮 手术包-6件（双信封包装！！！）,1575070,整行,,2.0/22.01/44.02,,24,
2月,皮肤门诊,多余行,小镊子-1/Z7526,1575451,整行,,3.0/4.8/14.4,,25,
2月,皮肤门诊,多余行,消毒缸-7/w9050,1575451,整行,,1.0/23.1/23.1,,26,
2月,皮肤门诊,多余行,止血钳-1/Z1029,1575823,整行,,2.0/4.8/9.6,,27,
2月,皮肤门诊,多余行,小镊子-1/Z7526,1576138,整行,,1.0/4.8/4.8,,28,
2月,皮肤门诊,多余行,止血钳-1/Z1029,1576138,整行,,2.0/4.8/9.6,,29,
2月,皮肤门诊,多余行,止血钳-1/Z1029,1576506,整行,,1.0/4.8/4.8,,30,
2月,皮肤门诊,多余行,消毒缸-7/w9050,1576506,整行,,1.0/23.1/23.1,,31,
2月,皮肤门诊,多余行,门皮 手术包-6件（双信封包装！！！）,1576506,整行,,3.0/22.01/66.03,,32,
2月,皮肤门诊,多余行,门皮 手术包-6件（双信封包装！！！）,1576852,整行,,3.0/22.01/66.03,,33,
2月,皮肤门诊,多余行,止血钳-1/Z1029,1577316,整行,,4.0/4.8/19.2,,34,
2月,皮肤门诊,多余行,消毒缸-7/w9050,1577316,整行,,1.0/23.1/23.1,,35,
2月,皮肤门诊,多余行,艾利斯-1/z1029,1577971,整行,,1.0/4.8/4.8,,36,
2月,皮肤门诊,多余行,小镊子-1/Z7526,1577971,整行,,1.0/4.8/4.8,,37,
2月,皮肤门诊,多余行,止血钳-1/Z1029,1577971,整行,,2.0/4.8/9.6,,38,
2月,皮肤门诊,多余行,镊子-1/Z7526,1578293,整行,,1.0/4.8/4.8,,39,
2月,皮肤门诊,多余行,消毒缸-7/w9050,1578293,整行,,1.0/23.1/23.1,,40,
2月,皮肤门诊,多余行,门皮 手术包-6件（双信封包装！！！）,1578293,整行,,1.0/22.01/22.01,,41,
2月,皮肤门诊,多余行,镊子-1/Z7526,1578622,整行,,1.0/4.8/4.8,,42,
2月,皮肤门诊,多余行,止血钳-1/Z1029,1578622,整行,,1.0/4.8/4.8,,43,
2月,皮肤门诊,多余行,消毒缸-7/w9050,1578901,整行,,1.0/23.1/23.1,,44,
2月,皮肤门诊,汇总不一致-总价,皮肤门诊,,总价,1446.828,739.38,8,8,
2月,眼科门诊,缺失行,泪点扩张器-1/Z7520,1586655,整行,1.0/4.8/4.8,,9,,
2月,眼科门诊,多余行,泪点扩张器-1/Z7520,1575067,整行,,1.0/4.8/4.8,,9,
2月,眼科门诊,多余行,散粒肿包,1575456,整行,,1.0/16.5/16.5,,10,
2月,眼科门诊,多余行,霰粒肿包-5件,1575933,整行,,1.0/16.5/16.5,,11,
2月,眼科门诊,多余行,霰粒肿包-5件,1577973,整行,,1.0/16.5/16.5,,12,
2月,眼科门诊,汇总不一致-总价,眼科门诊,,总价,4.8,54.3,8,8,
2月,神内二科,缺失行,开口器-1/Z1026,1584969,整行,1.0/4.8/4.8,,9,,
2月,神内二科,缺失行,压舌板-1/Z7526,1584969,整行,2.0/4.8/9.6,,10,,
2月,神内二科,缺失行,喉镜片（低温）-1/Z1530,1584969,整行,2.0/15.0/30.0,,11,,
2月,神内二科,缺失行,简易呼吸器-1件/Z3060,1585212,整行,1.0/21.0/21.0,,12,,
2月,神内二科,缺失行,简易呼吸器-1件/Z3060,1587666,整行,1.0/21.0/21.0,,13,,
2月,美外新,多余行,简易呼吸器-1件/Z3060,1576071,整行,,1.0/21.0/21.0,,9,
2月,美容整形外科,缺失行,消毒缸-4/W9050,1579515,整行,2.0/13.2/26.4,,9,,
2月,美容整形外科,缺失行,镊子缸-2（缸底贴日期）/z1535,1579631,整行,2.0/9.9/19.8,,10,,
2月,美容整形外科,缺失行,手术包-6件（双信封包装 ！）,1579631,整行,1.0/21.828/21.828,,11,,
2月,美容整形外科,缺失行,剪刀-1/Z1029,1579914,整行,1.0/4.8/4.8,,12,,
2月,美容整形外科,缺失行,镊子缸-2（缸底贴日期）/z1535,1579914,整行,1.0/9.9/9.9,,13,,
2月,美容整形外科,缺失行,挖勺-1/Z7526,1579914,整行,1.0/4.8/4.8,,14,,
2月,美容整形外科,缺失行,眼袋拉钩-1/Z7526,1579914,整行,1.0/4.8/4.8,,15,,
2月,美容整形外科,缺失行,手术包-6件（双信封包装 ！）,1579914,整行,7.0/21.828/152.796,,16,,
2月,美容整形外科,缺失行,孔巾/Z2535,1579986,整行,1.0/2.4/2.4,,17,,
2月,美容整形外科,缺失行,消毒缸-4/W9050,1580373,整行,2.0/13.2/26.4,,18,,
2月,美容整形外科,缺失行,孔巾/Z2535,1580373,整行,7.0/2.4/16.8,,19,,
2月,美容整形外科,缺失行,镊子缸-2（缸底贴日期）/z1535,1580658,整行,2.0/9.9/19.8,,20,,
2月,美容整形外科,缺失行,手术包-6件（双信封包装 ！）,1580658,整行,6.0/21.828/130.968,,21,,
2月,美容整形外科,缺失行,孔巾/Z2535,1580963,整行,6.0/2.4/14.4,,22,,
2月,美容整形外科,缺失行,剪刀-1/Z1029,1581157,整行,1.0/4.8/4.8,,23,,
2月,美容整形外科,缺失行,镊子缸-2（缸底贴日期）/z1535,1581157,整行,1.0/9.9/9.9,,24,,
2月,美容整形外科,缺失行,双头挖勺-1/Z7526,1581157,整行,2.0/4.8/9.6,,25,,
2月,美容整形外科,缺失行,手术包-6件（双信封包装 ！）,1581157,整行,7.0/21.828/152.796,,26,,
2月,美容整形外科,缺失行,消毒缸-4/W9050,1581389,整行,2.0/13.2/26.4,,27,,
2月,美容整形外科,缺失行,剥离子-1/（双）Z7530,1581762,整行,2.0/6.3/12.6,,28,,
2月,美容整形外科,缺失行,持针器-1/Z1029,1581762,整行,6.0/4.8/28.8,,29,,
2月,美容整形外科,缺失行,骨锉-1/Z7530,1581762,整行,1.0/4.8/4.8,,30,,
2月,美容整形外科,缺失行,剪刀-1/Z1029,1581762,整行,7.0/4.8/33.6,,31,,
2月,美容整形外科,缺失行,拉钩-1/z7520,1581762,整行,3.0/4.8/14.4,,32,,
2月,美容整形外科,缺失行,镊子-1/Z7526,1581762,整行,1.0/4.8/4.8,,33,,
2月,美容整形外科,缺失行,镊子缸-2（缸底贴日期）/z1535,1581762,整行,1.0/9.9/9.9,,34,,
2月,美容整形外科,缺失行,显微止血钳-1/Z1026,1581762,整行,1.0/4.8/4.8,,35,,
2月,美容整形外科,缺失行,小镊子-1/Z7526,1581762,整行,5.0/4.8/24.0,,36,,
2月,美容整形外科,缺失行,眼袋拉钩-1/Z7526,1581762,整行,1.0/4.8/4.8,,37,,
2月,美容整形外科,缺失行,咬骨钳-1/（双）Z2032,1581762,整行,1.0/9.9/9.9,,38,,
2月,美容整形外科,缺失行,止血钳-1/Z1029,1581762,整行,2.0/4.8/9.6,,39,,
2月,美容整形外科,缺失行,手术包-6件（双信封包装 ！）,1581762,整行,2.0/21.828/43.656,,40,,
2月,美容整形外科,缺失行,私密-6件/w6050,1581762,整行,1.0/19.8/19.8,,41,,
2月,美容整形外科,缺失行,孔巾/Z2535,1581762,整行,7.0/2.4/16.8,,42,,
2月,美容整形外科,缺失行,镊子缸-2（缸底贴日期）/z1535,1581993,整行,1.0/9.9/9.9,,43,,
2月,美容整形外科,缺失行,手术包-6件（双信封包装 ！）,1581993,整行,2.0/21.828/43.656,,44,,
2月,美容整形外科,缺失行,消毒缸-4/W9050,1582362,整行,2.0/13.2/26.4,,45,,
2月,美容整形外科,缺失行,孔巾/Z2535,1582362,整行,4.0/2.4/9.6,,46,,
2月,美容整形外科,缺失行,剪刀-1/Z1029,1582748,整行,1.0/4.8/4.8,,47,,
2月,美容整形外科,缺失行,拉钩-1/z7520,1582748,整行,2.0/4.8/9.6,,48,,
2月,美容整形外科,缺失行,镊子缸-2（缸底贴日期）/z1535,1582748,整行,3.0/9.9/29.7,,49,,
2月,美容整形外科,缺失行,蚊式-1/Z1026,1582748,整行,1.0/4.8/4.8,,50,,
2月,美容整形外科,缺失行,止血钳-1/Z1029,1582748,整行,1.0/4.8/4.8,,51,,
2月,美容整形外科,缺失行,手术包-6件（双信封包装 ！）,1582748,整行,5.0/21.828/109.14,,52,,
2月,美容整形外科,缺失行,胸包-15件（双信封包装）,1582748,整行,1.0/51.528/51.528,,53,,
2月,美容整形外科,缺失行,孔巾/Z2535,1583073,整行,7.0/2.4/16.8,,54,,
2月,美容整形外科,缺失行,剪刀-1/Z1029,1583218,整行,1.0/4.8/4.8,,55,,
2月,美容整形外科,缺失行,镊子缸-2（缸底贴日期）/z1535,1583218,整行,1.0/9.9/9.9,,56,,
2月,美容整形外科,缺失行,小圆针-1/Z7520,1583218,整行,1.0/4.8/4.8,,57,,
2月,美容整形外科,缺失行,消毒缸-4/W9050,1583218,整行,2.0/13.2/26.4,,58,,
2月,美容整形外科,缺失行,手术包-6件（双信封包装 ！）,1583218,整行,4.0/21.828/87.312,,59,,
2月,美容整形外科,缺失行,孔巾/Z2535,1584967,整行,4.0/2.4/9.6,,60,,
2月,美容整形外科,缺失行,消毒缸-4/W9050,1585404,整行,2.0/13.2/26.4,,61,,
2月,美容整形外科,缺失行,镊子缸-2（缸底贴日期）/z1535,1585799,整行,2.0/9.9/19.8,,62,,
2月,美容整形外科,缺失行,手术包-6件（双信封包装 ！）,1585799,整行,2.0/21.828/43.656,,63,,
2月,美容整形外科,缺失行,孔巾/Z2535,1585799,整行,1.0/2.4/2.4,,64,,
2月,美容整形外科,缺失行,孔巾/Z2535,1586108,整行,2.0/2.4/4.8,,65,,
2月,美容整形外科,缺失行,剪刀-1/Z1029,1586247,整行,1.0/4.8/4.8,,66,,
2月,美容整形外科,缺失行,镊子缸-2（缸底贴日期）/z1535,1586247,整行,2.0/9.9/19.8,,67,,
2月,美容整形外科,缺失行,消毒缸-4/W9050,1586247,整行,2.0/13.2/26.4,,68,,
2月,美容整形外科,缺失行,手术包-6件（双信封包装 ！）,1586247,整行,2.0/21.828/43.656,,69,,
2月,美容整形外科,缺失行,镊子缸-2（缸底贴日期）/z1535,1586659,整行,1.0/9.9/9.9,,70,,
2月,美容整形外科,缺失行,手术包-6件（双信封包装 ！）,1586659,整行,3.0/21.828/65.484,,71,,
2月,美容整形外科,缺失行,孔巾/Z2535,1587069,整行,6.0/2.4/14.4,,72,,
2月,美容整形外科,缺失行,镊子缸-2（缸底贴日期）/z1535,1587420,整行,1.0/9.9/9.9,,73,,
2月,美容整形外科,缺失行,消毒缸-4/W9050,1587420,整行,2.0/13.2/26.4,,74,,
2月,美容整形外科,缺失行,手术包-6件（双信封包装 ！）,1587420,整行,3.0/21.828/65.484,,75,,
2月,美容整形外科,缺失行,镊子缸-2（缸底贴日期）/z1535,1587771,整行,1.0/9.9/9.9,,76,,
2月,美容整形外科,缺失行,手术包-6件（双信封包装 ！）,1587771,整行,3.0/21.828/65.484,,77,,
2月,美容整形外科,多余行,孔巾/Z2535,1572352,整行,,7.0/2.4/16.8,,9,
2月,美容整形外科,多余行,孔巾/Z2535,1572393,整行,,2.0/2.4/4.8,,10,
2月,美容整形外科,多余行,镊子缸-2（缸底贴日期）/z1535,1572686,整行,,2.0/9.9/19.8,,11,
2月,美容整形外科,多余行,消毒缸-4/W9050,1572686,整行,,2.0/13.2/26.4,,12,
2月,美容整形外科,多余行,手术包-6件（双信封包装 ！）,1572686,整行,,2.0/22.01/44.02,,13,
2月,美容整形外科,多余行,双头挖勺-1/Z7526,1572811,整行,,1.0/4.8/4.8,,14,
2月,美容整形外科,多余行,镊子缸-2（缸底贴日期）/z1535,1573062,整行,,1.0/9.9/9.9,,15,
2月,美容整形外科,多余行,止血钳-1/Z1029,1573062,整行,,1.0/4.8/4.8,,16,
2月,美容整形外科,多余行,手术包-6件（双信封包装 ！）,1573062,整行,,3.0/22.01/66.03,,17,
2月,美容整形外科,多余行,孔巾/Z2535,1573062,整行,,7.0/2.4/16.8,,18,
2月,美容整形外科,多余行,孔巾/Z2535,1573422,整行,,3.0/2.4/7.2,,19,
2月,美容整形外科,多余行,镊子缸-2（缸底贴日期）/z1535,1573516,整行,,2.0/9.9/19.8,,20,
2月,美容整形外科,多余行,手术包-6件（双信封包装 ！）,1573516,整行,,4.0/22.01/88.04,,21,
2月,美容整形外科,多余行,消毒缸-4/W9050,1573560,整行,,2.0/13.2/26.4,,22,
2月,美容整形外科,多余行,钻石手锯（面部，大）-1/W12050,1573648,整行,,1.0/21.0/21.0,,23,
2月,美容整形外科,多余行,钻石手锯（面部，小）-1/Z2060,1573648,整行,,1.0/16.8/16.8,,24,
2月,美容整形外科,多余行,钻石手锯（眼部）-1/Z2060,1573648,整行,,1.0/16.8/16.8,,25,
2月,美容整形外科,多余行,吸脂盆-1W6050,1573648,整行,,1.0/9.9/9.9,,26,
2月,美容整形外科,多余行,镊子缸-2（缸底贴日期）/z1535,1573933,整行,,2.0/9.9/19.8,,27,
2月,美容整形外科,多余行,手术包-6件（双信封包装 ！）,1573933,整行,,6.0/22.01/132.06,,28,
2月,美容整形外科,多余行,镊子缸-2（缸底贴日期）/z1535,1574273,整行,,3.0/9.9/29.7,,29,
2月,美容整形外科,多余行,吸脂针-1/Z7526,1574273,整行,,3.0/4.8/14.4,,30,
2月,美容整形外科,多余行,手术包-6件（双信封包装 ！）,1574273,整行,,4.0/22.01/88.04,,31,
2月,美容整形外科,多余行,钻石手锯（面部，大）-1/W12050,1574273,整行,,1.0/21.0/21.0,,32,
2月,美容整形外科,多余行,吸脂盆-1W6050,1574273,整行,,1.0/9.9/9.9,,33,
2月,美容整形外科,多余行,孔巾/Z2535,1574287,整行,,10.0/2.4/24.0,,34,
2月,美容整形外科,多余行,消毒缸-4/W9050,1574666,整行,,2.0/13.2/26.4,,35,
2月,美容整形外科,多余行,手术包-6件（双信封包装 ！）,1574666,整行,,1.0/22.01/22.01,,36,
2月,美容整形外科,多余行,孔巾/Z2535,1574666,整行,,4.0/2.4/9.6,,37,
2月,美容整形外科,多余行,镊子缸-2（缸底贴日期）/z1535,1574742,整行,,1.0/9.9/9.9,,38,
2月,美容整形外科,多余行,手术包-6件（双信封包装 ！）,1574742,整行,,5.0/22.01/110.05,,39,
2月,美容整形外科,多余行,孔巾/Z2535,1574742,整行,,1.0/2.4/2.4,,40,
2月,美容整形外科,多余行,缝合针-6件/Z7520,1575065,整行,,1.0/8.1/8.1,,41,
2月,美容整形外科,多余行,镊子缸-2（缸底贴日期）/z1535,1575065,整行,,2.0/9.9/19.8,,42,
2月,美容整形外科,多余行,手术包-6件（双信封包装 ！）,1575065,整行,,3.0/22.01/66.03,,43,
2月,美容整形外科,多余行,镊子缸-2（缸底贴日期）/z1535,1575317,整行,,2.0/9.9/19.8,,44,
2月,美容整形外科,多余行,蚊式-1/Z1026,1575317,整行,,1.0/4.8/4.8,,45,
2月,美容整形外科,多余行,手术包-6件（双信封包装 ！）,1575317,整行,,7.0/22.01/154.07,,46,
2月,美容整形外科,多余行,胸包-15件（双信封包装）,1575317,整行,,1.0/51.528/51.528,,47,
2月,美容整形外科,多余行,孔巾/Z2535,1575317,整行,,6.0/2.4/14.4,,48,
2月,美容整形外科,多余行,消毒缸-4/W9050,1575472,整行,,2.0/13.2/26.4,,49,
2月,美容整形外科,多余行,开口器-1/Z1026,1575820,整行,,1.0/4.8/4.8,,50,
2月,美容整形外科,多余行,镊子缸-2（缸底贴日期）/z1535,1575820,整行,,1.0/9.9/9.9,,51,
2月,美容整形外科,多余行,手术包-6件（双信封包装 ！）,1575820,整行,,2.0/22.01/44.02,,52,
2月,美容整形外科,多余行,孔巾/Z2535,1575836,整行,,8.0/2.4/19.2,,53,
2月,美容整形外科,多余行,镊子缸-2（缸底贴日期）/z1535,1576141,整行,,1.0/9.9/9.9,,54,
2月,美容整形外科,多余行,蚊式-1/Z1026,1576141,整行,,1.0/4.8/4.8,,55,
2月,美容整形外科,多余行,手术包-6件（双信封包装 ！）,1576141,整行,,2.0/22.01/44.02,,56,
2月,美容整形外科,多余行,孔巾/Z2535,1576174,整行,,11.0/2.4/26.4,,57,
2月,美容整形外科,多余行,消毒缸-4/W9050,1576544,整行,,2.0/13.2/26.4,,58,
2月,美容整形外科,多余行,手术包-6件（双信封包装 ！）,1576544,整行,,1.0/22.01/22.01,,59,
2月,美容整形外科,多余行,孔巾/Z2535,1576544,整行,,2.0/2.4/4.8,,60,
2月,美容整形外科,多余行,镊子缸-2（缸底贴日期）/z1535,1576829,整行,,2.0/9.9/19.8,,61,
2月,美容整形外科,多余行,手术包-6件（双信封包装 ！）,1576829,整行,,7.0/22.01/154.07,,62,
2月,美容整形外科,多余行,孔巾/Z2535,1576878,整行,,1.0/2.4/2.4,,63,
2月,美容整形外科,多余行,手术包-6件（双信封包装 ！）,1576947,整行,,2.0/22.01/44.02,,64,
2月,美容整形外科,多余行,孔巾/Z2535,1577096,整行,,8.0/2.4/19.2,,65,
2月,美容整形外科,多余行,镊子缸-2（缸底贴日期）/z1535,1577318,整行,,2.0/9.9/19.8,,66,
2月,美容整形外科,多余行,消毒缸-4/W9050,1577318,整行,,2.0/13.2/26.4,,67,
2月,美容整形外科,多余行,手术包-6件（双信封包装 ！）,1577318,整行,,3.0/22.01/66.03,,68,
2月,美容整形外科,多余行,孔巾/Z2535,1577393,整行,,2.0/2.4/4.8,,69,
2月,美容整形外科,多余行,镊子缸-2（缸底贴日期）/z1535,1577986,整行,,2.0/9.9/19.8,,70,
2月,美容整形外科,多余行,手术包-6件（双信封包装 ！）,1577986,整行,,4.0/22.01/88.04,,71,
2月,美容整形外科,多余行,孔巾/Z2535,1577986,整行,,3.0/2.4/7.2,,72,
2月,美容整形外科,多余行,镊子缸-2（缸底贴日期）/z1535,1578290,整行,,1.0/9.9/9.9,,73,
2月,美容整形外科,多余行,消毒缸-4/W9050,1578290,整行,,2.0/13.2/26.4,,74,
2月,美容整形外科,多余行,手术包-6件（双信封包装 ！）,1578290,整行,,3.0/22.01/66.03,,75,
2月,美容整形外科,多余行,孔巾/Z2535,1578315,整行,,4.0/2.4/9.6,,76,
2月,美容整形外科,多余行,镊子缸-2（缸底贴日期）/z1535,1578611,整行,,2.0/9.9/19.8,,77,
2月,美容整形外科,多余行,手术包-6件（双信封包装 ！）,1578611,整行,,7.0/22.01/154.07,,78,
2月,美容整形外科,多余行,小圆针-1/Z7520,1578624,整行,,1.0/4.8/4.8,,79,
2月,美容整形外科,多余行,孔巾/Z2535,1578629,整行,,3.0/2.4/7.2,,80,
2月,美容整形外科,多余行,手术包-6件（双信封包装 ！）,1578855,整行,,3.0/22.01/66.03,,81,
2月,美容整形外科,多余行,持针器-1/Z1029,1578856,整行,,1.0/4.8/4.8,,82,
2月,美容整形外科,多余行,剪刀-1/Z1029,1578856,整行,,1.0/4.8/4.8,,83,
2月,美容整形外科,多余行,镊子-1/Z7526,1578856,整行,,1.0/4.8/4.8,,84,
2月,美容整形外科,多余行,镊子缸-2（缸底贴日期）/z1535,1578856,整行,,1.0/9.9/9.9,,85,
2月,美容整形外科,多余行,蚊式-1/Z1026,1578856,整行,,1.0/4.8/4.8,,86,
2月,美容整形外科,多余行,消毒缸-4/W9050,1578904,整行,,2.0/13.2/26.4,,87,
2月,美容整形外科,多余行,小圆针-2/Z7520,1578915,整行,,9.0/4.8/43.2,,88,
2月,美容整形外科,多余行,持针器-1/Z1029,1578976,整行,,1.0/4.8/4.8,,89,
2月,美容整形外科,多余行,剪刀-1/Z1029,1578976,整行,,1.0/4.8/4.8,,90,
2月,美容整形外科,多余行,手术包-6件（双信封包装 ！）,1578976,整行,,3.0/22.01/66.03,,91,
2月,美容整形外科,多余行,孔巾/Z2535,1579057,整行,,8.0/2.4/19.2,,92,
2月,美容整形外科,多余行,孔巾/Z2535,1579239,整行,,8.0/2.4/19.2,,93,
2月,美容整形外科,多余行,拔牙钳-1/Z1029,1572687,整行,,3.0/4.8/14.4,,94,
2月,美容整形外科,多余行,镊子缸-2（缸底贴日期）/z1535,1572687,整行,,2.0/9.9/19.8,,95,
2月,美容整形外科,多余行,双头挖勺-1/Z7526,1572687,整行,,3.0/4.8/14.4,,96,
2月,美容整形外科,多余行,蚊式-1/Z1026,1572687,整行,,1.0/4.8/4.8,,97,
2月,美容整形外科,多余行,牙铤子-1/Z7526,1572687,整行,,2.0/4.8/9.6,,98,
2月,美容整形外科,多余行,注射器-1/Z1026,1572687,整行,,3.0/4.8/14.4,,99,
2月,美容整形外科,多余行,消毒缸-2/w7050,1572687,整行,,1.0/9.9/9.9,,100,
2月,美容整形外科,多余行,消毒缸-4/W9050,1572687,整行,,2.0/13.2/26.4,,101,
2月,美容整形外科,多余行,大弯-1/z1029,1573106,整行,,1.0/4.8/4.8,,102,
2月,美容整形外科,多余行,镊子缸-2（缸底贴日期）/z1535,1573106,整行,,1.0/9.9/9.9,,103,
2月,美容整形外科,多余行,排针-1/Z7520,1573106,整行,,2.0/4.8/9.6,,104,
2月,美容整形外科,多余行,双头挖勺-1/Z7526,1573106,整行,,1.0/4.8/4.8,,105,
2月,美容整形外科,多余行,蚊式-1/Z1026,1573106,整行,,1.0/4.8/4.8,,106,
2月,美容整形外科,多余行,牙铤子-1/Z7526,1573106,整行,,2.0/4.8/9.6,,107,
2月,美容整形外科,多余行,止血钳-1/Z1029,1573106,整行,,1.0/4.8/4.8,,108,
2月,美容整形外科,多余行,注射器-1/Z1026,1573106,整行,,1.0/4.8/4.8,,109,
2月,美容整形外科,多余行,拔牙钳-1/Z1029,1573553,整行,,2.0/4.8/9.6,,110,
2月,美容整形外科,多余行,开口器-1/Z1026,1573553,整行,,1.0/4.8/4.8,,111,
2月,美容整形外科,多余行,镊子-1/Z7526,1573553,整行,,1.0/4.8/4.8,,112,
2月,美容整形外科,多余行,排针-1/Z7520,1573553,整行,,1.0/4.8/4.8,,113,
2月,美容整形外科,多余行,双头挖勺-1/Z7526,1573553,整行,,1.0/4.8/4.8,,114,
2月,美容整形外科,多余行,蚊式-1/Z1026,1573553,整行,,1.0/4.8/4.8,,115,
2月,美容整形外科,多余行,牙铤子-1/Z7526,1573553,整行,,1.0/4.8/4.8,,116,
2月,美容整形外科,多余行,注射器-1/Z1026,1573553,整行,,1.0/4.8/4.8,,117,
2月,美容整形外科,多余行,消毒缸-2/w7050,1573553,整行,,1.0/9.9/9.9,,118,
2月,美容整形外科,多余行,消毒缸-4/W9050,1573553,整行,,2.0/13.2/26.4,,119,
2月,美容整形外科,多余行,手术包-6件（双信封包装 ！）,1573553,整行,,1.0/22.01/22.01,,120,
2月,美容整形外科,多余行,剥离子-1/（双）Z7530,1573928,整行,,1.0/6.3/6.3,,121,
2月,美容整形外科,多余行,镊子缸-2（缸底贴日期）/z1535,1573928,整行,,1.0/9.9/9.9,,122,
2月,美容整形外科,多余行,双头挖勺-1/Z7526,1573928,整行,,2.0/4.8/9.6,,123,
2月,美容整形外科,多余行,牙铤子-1/Z7526,1573928,整行,,5.0/4.8/24.0,,124,
2月,美容整形外科,多余行,止血钳-1/Z1029,1573928,整行,,2.0/4.8/9.6,,125,
2月,美容整形外科,多余行,注射器-1/Z1026,1573928,整行,,2.0/4.8/9.6,,126,
2月,美容整形外科,多余行,手术包-6件（双信封包装 ！）,1574277,整行,,1.0/22.01/22.01,,127,
2月,美容整形外科,多余行,拔牙钳-1/Z1029,1574671,整行,,1.0/4.8/4.8,,128,
2月,美容整形外科,多余行,剥离子-1/（双）Z7530,1574671,整行,,1.0/6.3/6.3,,129,
2月,美容整形外科,多余行,镊子缸-2（缸底贴日期）/z1535,1574671,整行,,2.0/9.9/19.8,,130,
2月,美容整形外科,多余行,排针-1/Z7520,1574671,整行,,3.0/4.8/14.4,,131,
2月,美容整形外科,多余行,双头挖勺-1/Z7526,1574671,整行,,3.0/4.8/14.4,,132,
2月,美容整形外科,多余行,蚊式-1/Z1026,1574671,整行,,1.0/4.8/4.8,,133,
2月,美容整形外科,多余行,牙铤子-1/Z7526,1574671,整行,,4.0/4.8/19.2,,134,
2月,美容整形外科,多余行,注射器-1/Z1026,1574671,整行,,3.0/4.8/14.4,,135,
2月,美容整形外科,多余行,消毒缸-2/w7050,1574671,整行,,1.0/9.9/9.9,,136,
2月,美容整形外科,多余行,消毒缸-4/W9050,1574671,整行,,2.0/13.2/26.4,,137,
2月,美容整形外科,多余行,手术包-6件（双信封包装 ！）,1574740,整行,,1.0/22.01/22.01,,138,
2月,美容整形外科,多余行,拔牙钳-1/Z1029,1575064,整行,,2.0/4.8/9.6,,139,
2月,美容整形外科,多余行,剥离子-1/（双）Z7530,1575064,整行,,1.0/6.3/6.3,,140,
2月,美容整形外科,多余行,镊子缸-2（缸底贴日期）/z1535,1575064,整行,,1.0/9.9/9.9,,141,
2月,美容整形外科,多余行,双头挖勺-1/Z7526,1575064,整行,,3.0/4.8/14.4,,142,
2月,美容整形外科,多余行,牙铤子-1/Z7526,1575064,整行,,7.0/4.8/33.6,,143,
2月,美容整形外科,多余行,注射器-1/Z1026,1575064,整行,,3.0/4.8/14.4,,144,
2月,美容整形外科,多余行,拔牙钳-1/Z1029,1575474,整行,,4.0/4.8/19.2,,145,
2月,美容整形外科,多余行,骨锉-1/Z7530,1575474,整行,,1.0/4.8/4.8,,146,
2月,美容整形外科,多余行,镊子-1/Z7526,1575474,整行,,1.0/4.8/4.8,,147,
2月,美容整形外科,多余行,镊子缸-2（缸底贴日期）/z1535,1575474,整行,,1.0/9.9/9.9,,148,
2月,美容整形外科,多余行,双头挖勺-1/Z7526,1575474,整行,,3.0/4.8/14.4,,149,
2月,美容整形外科,多余行,小剪刀-1/Z7526,1575474,整行,,1.0/4.8/4.8,,150,
2月,美容整形外科,多余行,牙铤子-1/Z7526,1575474,整行,,5.0/4.8/24.0,,151,
2月,美容整形外科,多余行,凿子-1/z7530,1575474,整行,,1.0/4.8/4.8,,152,
2月,美容整形外科,多余行,注射器-1/Z1026,1575474,整行,,1.0/4.8/4.8,,153,
2月,美容整形外科,多余行,消毒缸-2/w7050,1575474,整行,,1.0/9.9/9.9,,154,
2月,美容整形外科,多余行,消毒缸-4/W9050,1575474,整行,,2.0/13.2/26.4,,155,
2月,美容整形外科,多余行,手术包-6件（双信封包装 ！）,1575825,整行,,1.0/22.01/22.01,,156,
2月,美容整形外科,多余行,拔牙钳-1/Z1029,1576175,整行,,1.0/4.8/4.8,,157,
2月,美容整形外科,多余行,镊子缸-2（缸底贴日期）/z1535,1576175,整行,,1.0/9.9/9.9,,158,
2月,美容整形外科,多余行,双头挖勺-1/Z7526,1576175,整行,,2.0/4.8/9.6,,159,
2月,美容整形外科,多余行,牙铤子-1/Z7526,1576175,整行,,4.0/4.8/19.2,,160,
2月,美容整形外科,多余行,注射器-1/Z1026,1576175,整行,,2.0/4.8/9.6,,161,
2月,美容整形外科,多余行,剥离子-1/（双）Z7530,1576539,整行,,1.0/6.3/6.3,,162,
2月,美容整形外科,多余行,镊子缸-2（缸底贴日期）/z1535,1576539,整行,,1.0/9.9/9.9,,163,
2月,美容整形外科,多余行,排针-1/Z7520,1576539,整行,,5.0/4.8/24.0,,164,
2月,美容整形外科,多余行,双头挖勺-1/Z7526,1576539,整行,,2.0/4.8/9.6,,165,
2月,美容整形外科,多余行,牙铤子-1/Z7526,1576539,整行,,6.0/4.8/28.8,,166,
2月,美容整形外科,多余行,注射器-1/Z1026,1576539,整行,,2.0/4.8/9.6,,167,
2月,美容整形外科,多余行,消毒缸-2/w7050,1576539,整行,,1.0/9.9/9.9,,168,
2月,美容整形外科,多余行,消毒缸-4/W9050,1576539,整行,,2.0/13.2/26.4,,169,
2月,美容整形外科,多余行,剥离子-1/（双）Z7530,1576847,整行,,1.0/6.3/6.3,,170,
2月,美容整形外科,多余行,镊子缸-2（缸底贴日期）/z1535,1576847,整行,,1.0/9.9/9.9,,171,
2月,美容整形外科,多余行,双头挖勺-1/Z7526,1576847,整行,,2.0/4.8/9.6,,172,
2月,美容整形外科,多余行,蚊式-1/Z1026,1576847,整行,,2.0/4.8/9.6,,173,
2月,美容整形外科,多余行,牙铤子-1/Z7526,1576847,整行,,2.0/4.8/9.6,,174,
2月,美容整形外科,多余行,止血钳-1/Z1029,1576847,整行,,1.0/4.8/4.8,,175,
2月,美容整形外科,多余行,注射器-1/Z1026,1576847,整行,,1.0/4.8/4.8,,176,
2月,美容整形外科,多余行,手术包-6件（双信封包装 ！）,1576847,整行,,1.0/22.01/22.01,,177,
2月,美容整形外科,多余行,拔牙钳-1/Z1029,1577392,整行,,1.0/4.8/4.8,,178,
2月,美容整形外科,多余行,剥离子-1/（双）Z7530,1577392,整行,,1.0/6.3/6.3,,179,
2月,美容整形外科,多余行,镊子缸-2（缸底贴日期）/z1535,1577392,整行,,1.0/9.9/9.9,,180,
2月,美容整形外科,多余行,排针-1/Z7520,1577392,整行,,3.0/4.8/14.4,,181,
2月,美容整形外科,多余行,双头挖勺-1/Z7526,1577392,整行,,2.0/4.8/9.6,,182,
2月,美容整形外科,多余行,牙铤子-1/Z7526,1577392,整行,,2.0/4.8/9.6,,183,
2月,美容整形外科,多余行,止血钳-1/Z1029,1577392,整行,,1.0/4.8/4.8,,184,
2月,美容整形外科,多余行,注射器-1/Z1026,1577392,整行,,2.0/4.8/9.6,,185,
2月,美容整形外科,多余行,消毒缸-2/w7050,1577392,整行,,1.0/9.9/9.9,,186,
2月,美容整形外科,多余行,消毒缸-4/W9050,1577392,整行,,2.0/13.2/26.4,,187,
2月,美容整形外科,多余行,排针-1/Z7520,1577416,整行,,1.0/4.8/4.8,,188,
2月,美容整形外科,多余行,拔牙钳-1/Z1029,1578314,整行,,1.0/4.8/4.8,,189,
2月,美容整形外科,多余行,大弯-1/z1029,1578314,整行,,1.0/4.8/4.8,,190,
2月,美容整形外科,多余行,镊子-1/Z7526,1578314,整行,,1.0/4.8/4.8,,191,
2月,美容整形外科,多余行,镊子缸-2（缸底贴日期）/z1535,1578314,整行,,1.0/9.9/9.9,,192,
2月,美容整形外科,多余行,排针-1/Z7520,1578314,整行,,2.0/4.8/9.6,,193,
2月,美容整形外科,多余行,双头挖勺-1/Z7526,1578314,整行,,2.0/4.8/9.6,,194,
2月,美容整形外科,多余行,蚊式-1/Z1026,1578314,整行,,2.0/4.8/9.6,,195,
2月,美容整形外科,多余行,小剪刀-1/Z7526,1578314,整行,,1.0/4.8/4.8,,196,
2月,美容整形外科,多余行,牙铤子-1/Z7526,1578314,整行,,1.0/4.8/4.8,,197,
2月,美容整形外科,多余行,注射器-1/Z1026,1578314,整行,,2.0/4.8/9.6,,198,
2月,美容整形外科,多余行,消毒缸-2/w7050,1578314,整行,,1.0/9.9/9.9,,199,
2月,美容整形外科,多余行,消毒缸-4/W9050,1578314,整行,,2.0/13.2/26.4,,200,
2月,美容整形外科,多余行,拔牙钳-1/Z1029,1578628,整行,,1.0/4.8/4.8,,201,
2月,美容整形外科,多余行,剥离子-1/（双）Z7530,1578628,整行,,2.0/6.3/12.6,,202,
2月,美容整形外科,多余行,镊子缸-2（缸底贴日期）/z1535,1578628,整行,,1.0/9.9/9.9,,203,
2月,美容整形外科,多余行,排针-1/Z7520,1578628,整行,,1.0/4.8/4.8,,204,
2月,美容整形外科,多余行,双头挖勺-1/Z7526,1578628,整行,,2.0/4.8/9.6,,205,
2月,美容整形外科,多余行,牙铤子-1/Z7526,1578628,整行,,5.0/4.8/24.0,,206,
2月,美容整形外科,多余行,止血钳-1/Z1029,1578628,整行,,1.0/4.8/4.8,,207,
2月,美容整形外科,多余行,注射器-1/Z1026,1578628,整行,,3.0/4.8/14.4,,208,
2月,美容整形外科,多余行,手术包-6件（双信封包装 ！）,1578628,整行,,1.0/22.01/22.01,,209,
2月,美容整形外科,多余行,消毒缸-2/w7050,1578911,整行,,1.0/9.9/9.9,,210,
2月,美容整形外科,多余行,消毒缸-4/W9050,1578911,整行,,2.0/13.2/26.4,,211,
2月,美容整形外科,多余行,镊子-1/Z7526,1578912,整行,,1.0/4.8/4.8,,212,
2月,美容整形外科,多余行,排针-1/Z7520,1578912,整行,,3.0/4.8/14.4,,213,
2月,美容整形外科,多余行,双头挖勺-1/Z7526,1578912,整行,,1.0/4.8/4.8,,214,
2月,美容整形外科,汇总不一致-总价,美容整形外科,,总价,1823.844,3962.51,8,8,
2月,耳鼻喉科,缺失行,消毒缸-5/w9050,1579513,整行,1.0/16.5/16.5,,9,,
2月,耳鼻喉科,缺失行,鼻镜-5/Z2032,1579633,整行,3.0/16.5/49.5,,10,,
2月,耳鼻喉科,缺失行,镊子-5/Z1030,1579633,整行,2.0/16.5/33.0,,11,,
2月,耳鼻喉科,缺失行,吸头-5/Z1035,1579633,整行,3.0/16.5/49.5,,12,,
2月,耳鼻喉科,缺失行,无菌缸-5件/W9050,1580372,整行,1.0/16.5/16.5,,13,,
2月,耳鼻喉科,缺失行,艾利斯-1/z1029,1581408,整行,1.0/4.8/4.8,,14,,
2月,耳鼻喉科,缺失行,鼻骨复位器-1/Z1530,1581408,整行,1.0/6.6/6.6,,15,,
2月,耳鼻喉科,缺失行,鼻镜-5/Z2032,1581408,整行,6.0/16.5/99.0,,16,,
2月,耳鼻喉科,缺失行,病理钳-1/Z2032,1581408,整行,2.0/7.8/15.6,,17,,
2月,耳鼻喉科,缺失行,剥离子-1/（双）Z7530,1581408,整行,1.0/6.3/6.3,,18,,
2月,耳鼻喉科,缺失行,长滴入针头-1/Z7520,1581408,整行,2.0/4.8/9.6,,19,,
2月,耳鼻喉科,缺失行,长吸引器头-1/Z7526,1581408,整行,1.0/4.8/4.8,,20,,
2月,耳鼻喉科,缺失行,穿刺针-2件/Z7526,1581408,整行,4.0/8.1/32.4,,21,,
2月,耳鼻喉科,缺失行,喉息肉钳-1/z2032,1581408,整行,1.0/7.8/7.8,,22,,
2月,耳鼻喉科,缺失行,镊子-5/Z1030,1581408,整行,3.0/16.5/49.5,,23,,
2月,耳鼻喉科,缺失行,蚊式-1/Z1026,1581408,整行,1.0/4.8/4.8,,24,,
2月,耳鼻喉科,缺失行,吸头-5/Z1035,1581408,整行,4.0/16.5/66.0,,25,,
2月,耳鼻喉科,缺失行,吸引器头-1/z7526,1581408,整行,1.0/4.8/4.8,,26,,
2月,耳鼻喉科,缺失行,眼科剪刀-1/Z7526,1581408,整行,1.0/4.8/4.8,,27,,
2月,耳鼻喉科,缺失行,直角钳-1/z1029,1581408,整行,1.0/4.8/4.8,,28,,
2月,耳鼻喉科,缺失行,直角压舌板-1/Z1526,1581408,整行,1.0/6.6/6.6,,29,,
2月,耳鼻喉科,缺失行,缸子-5/W9050,1581408,整行,1.0/16.5/16.5,,30,,
2月,耳鼻喉科,缺失行,棉片/z1020,1581432,整行,5.0/1.5/7.5,,31,,
2月,耳鼻喉科,缺失行,缸子-5/W9050,1582357,整行,1.0/16.5/16.5,,32,,
2月,耳鼻喉科,缺失行,鼻镜-5/Z2032,1582713,整行,4.0/16.5/66.0,,33,,
2月,耳鼻喉科,缺失行,镊子-5/Z1030,1582713,整行,3.0/16.5/49.5,,34,,
2月,耳鼻喉科,缺失行,吸引器头-5/z7526,1582713,整行,3.0/16.5/49.5,,35,,
2月,耳鼻喉科,缺失行,无菌缸-5件/W9050,1583206,整行,1.0/16.5/16.5,,36,,
2月,耳鼻喉科,缺失行,缸子-5/W9050,1585410,整行,1.0/16.5/16.5,,37,,
2月,耳鼻喉科,缺失行,鼻镜-5/Z2032,1585802,整行,5.0/16.5/82.5,,38,,
2月,耳鼻喉科,缺失行,镊子-5/Z1030,1585802,整行,2.0/16.5/33.0,,39,,
2月,耳鼻喉科,缺失行,吸头-5/Z1035,1585802,整行,2.0/16.5/33.0,,40,,
2月,耳鼻喉科,缺失行,异物钳-1/Z2032,1585802,整行,1.0/7.8/7.8,,41,,
2月,耳鼻喉科,缺失行,无菌缸-5件/W9050,1586254,整行,1.0/16.5/16.5,,42,,
2月,耳鼻喉科,缺失行,鼻镜-5/Z2032,1587065,整行,3.0/16.5/49.5,,43,,
2月,耳鼻喉科,缺失行,镊子-5/Z1030,1587065,整行,1.0/16.5/16.5,,44,,
2月,耳鼻喉科,缺失行,吸引器头-5/z7526,1587065,整行,2.0/16.5/33.0,,45,,
2月,耳鼻喉科,缺失行,穿刺针-2件/Z7526,1587541,整行,3.0/8.1/24.3,,46,,
2月,耳鼻喉科,缺失行,缸子-5/W9050,1587541,整行,1.0/16.5/16.5,,47,,
2月,耳鼻喉科,多余行,无菌缸-5件/W9050,1572683,整行,,1.0/16.5/16.5,,9,
2月,耳鼻喉科,多余行,鼻镜-5/Z2032,1573063,整行,,3.0/16.5/49.5,,10,
2月,耳鼻喉科,多余行,镊子-5/Z1030,1573063,整行,,2.0/16.5/33.0,,11,
2月,耳鼻喉科,多余行,吸引器头-5/z7526,1573063,整行,,2.0/16.5/33.0,,12,
2月,耳鼻喉科,多余行,缸子-5/W9050,1573561,整行,,1.0/16.5/16.5,,13,
2月,耳鼻喉科,多余行,鼻镜-5/Z2032,1574660,整行,,3.0/16.5/49.5,,14,
2月,耳鼻喉科,多余行,镊子-5/Z1030,1574660,整行,,1.0/16.5/16.5,,15,
2月,耳鼻喉科,多余行,吸引器头-5/z7526,1574660,整行,,3.0/16.5/49.5,,16,
2月,耳鼻喉科,多余行,无菌缸-5件/W9050,1574660,整行,,1.0/16.5/16.5,,17,
2月,耳鼻喉科,多余行,鼻镜-5/Z2032,1575473,整行,,2.0/16.5/33.0,,18,
2月,耳鼻喉科,多余行,镊子-5/Z1030,1575473,整行,,1.0/16.5/16.5,,19,
2月,耳鼻喉科,多余行,消毒缸-5/w9050,1575473,整行,,1.0/16.5/16.5,,20,
2月,耳鼻喉科,多余行,鼻镜-5/Z2032,1576139,整行,,2.0/16.5/33.0,,21,
2月,耳鼻喉科,多余行,耵聍钩-1/z7526,1576139,整行,,1.0/4.8/4.8,,22,
2月,耳鼻喉科,多余行,镊子-5/Z1030,1576139,整行,,1.0/16.5/16.5,,23,
2月,耳鼻喉科,多余行,吸引器头-5/z7526,1576139,整行,,2.0/16.5/33.0,,24,
2月,耳鼻喉科,多余行,消毒缸-5/w9050,1576513,整行,,1.0/16.5/16.5,,25,
2月,耳鼻喉科,多余行,鼻镜-5/Z2032,1576848,整行,,2.0/16.5/33.0,,26,
2月,耳鼻喉科,多余行,镊子-5/Z1030,1576848,整行,,2.0/16.5/33.0,,27,
2月,耳鼻喉科,多余行,吸引器头-5/z7526,1576848,整行,,2.0/16.5/33.0,,28,
2月,耳鼻喉科,多余行,缸子-5/W9050,1577320,整行,,1.0/16.5/16.5,,29,
2月,耳鼻喉科,多余行,鼻镜-5/Z2032,1577985,整行,,2.0/16.5/33.0,,30,
2月,耳鼻喉科,多余行,耳息肉钳-1/z1530,1577985,整行,,1.0/6.6/6.6,,31,
2月,耳鼻喉科,多余行,镊子-5/Z1030,1577985,整行,,2.0/16.5/33.0,,32,
2月,耳鼻喉科,多余行,吸头-5/Z1035,1577985,整行,,1.0/16.5/16.5,,33,
2月,耳鼻喉科,多余行,缸子-5/W9050,1578289,整行,,1.0/16.5/16.5,,34,
2月,耳鼻喉科,汇总不一致-总价,耳鼻喉科,,总价,1044.3,671.4,8,8,
2月,血管科,缺失行,蚊式-1/Z1026,1579984,整行,1.0/4.8/4.8,,9,,
2月,血管科,缺失行,器械包-4件/W6050,1579984,整行,1.0/13.2/13.2,,10,,
2月,血管科,缺失行,剪刀-1/Z1029,1580686,整行,1.0/4.8/4.8,,11,,
2月,血管科,缺失行,蚊式-1/Z1026,1580686,整行,2.0/4.8/9.6,,12,,
2月,血管科,缺失行,器械包-4件/W6050,1580686,整行,1.0/13.2/13.2,,13,,
2月,血管科,缺失行,剪刀-1/Z1029,1583216,整行,1.0/4.8/4.8,,14,,
2月,血管科,缺失行,剪刀-1/Z1029,1584962,整行,1.0/4.8/4.8,,15,,
2月,血管科,缺失行,器械包-4件/W6050,1587066,整行,1.0/13.2/13.2,,16,,
2月,血管科,缺失行,蚊式-1/Z1026,1587768,整行,2.0/4.8/9.6,,17,,
2月,血管科,多余行,剪刀-1/Z1029,1572351,整行,,2.0/4.8/9.6,,9,
2月,血管科,多余行,蚊式-1/Z1026,1572351,整行,,1.0/4.8/4.8,,10,
2月,血管科,多余行,蚊式-1/Z1026,1573930,整行,,1.0/4.8/4.8,,11,
2月,血管科,多余行,蚊式-1/Z1026,1574271,整行,,1.0/4.8/4.8,,12,
2月,血管科,多余行,止血钳-1/Z1029,1574662,整行,,2.0/4.8/9.6,,13,
2月,血管科,多余行,剪刀-1/Z1029,1575826,整行,,1.0/4.8/4.8,,14,
2月,血管科,多余行,蚊式-1/Z1026,1575826,整行,,1.0/4.8/4.8,,15,
2月,血管科,多余行,切开包4件,1575826,整行,,1.0/13.2/13.2,,16,
2月,血管科,多余行,剪刀-1/Z1029,1576865,整行,,1.0/4.8/4.8,,17,
2月,血管科,汇总不一致-总价,血管科,,总价,78.0,61.2,8,8,
2月,骨脑,缺失行,消毒缸-1 /W6050,1579509,整行,1.0/9.9/9.9,,9,,
2月,骨脑,缺失行,喉镜柄（低温）-1/Z1530,1579987,整行,1.0/15.0/15.0,,10,,
2月,骨脑,缺失行,喉镜片（低温）-1/Z1530,1579987,整行,1.0/15.0/15.0,,11,,
2月,骨脑,缺失行,简易呼吸器-1件/Z3060,1580217,整行,1.0/21.0/21.0,,12,,
2月,骨脑,缺失行,消毒缸-1 /W6050,1580374,整行,1.0/9.9/9.9,,13,,
2月,骨脑,缺失行,刮勺-1/Z7530,1580685,整行,1.0/4.8/4.8,,14,,
2月,骨脑,缺失行,止血钳-1/Z1029,1580685,整行,1.0/4.8/4.8,,15,,
2月,骨脑,缺失行,面罩-1/z1526,1581241,整行,1.0/15.0/15.0,,16,,
2月,骨脑,缺失行,消毒缸-1 /W6050,1581381,整行,1.0/9.9/9.9,,17,,
2月,骨脑,缺失行,消毒缸-1 /W6050,1582351,整行,1.0/9.9/9.9,,18,,
2月,骨脑,缺失行,消毒缸-1 /W6050,1583207,整行,1.0/9.9/9.9,,19,,
2月,骨脑,缺失行,剪刀-1/Z1029,1583583,整行,1.0/4.8/4.8,,20,,
2月,骨脑,缺失行,蚊式-1/Z1026,1583583,整行,1.0/4.8/4.8,,21,,
2月,骨脑,缺失行,消毒缸-1 /W6050,1585403,整行,1.0/9.9/9.9,,22,,
2月,骨脑,缺失行,消毒缸-1 /W6050,1586256,整行,1.0/9.9/9.9,,23,,
2月,骨脑,缺失行,消毒缸-1 /W6050,1587415,整行,1.0/9.9/9.9,,24,,
2月,骨脑,多余行,持针器-1/Z1029,1572294,整行,,1.0/4.8/4.8,,9,
2月,骨脑,多余行,克氏钳-1/z1526,1572294,整行,,1.0/6.6/6.6,,10,
2月,骨脑,多余行,消毒缸-1 /W6050,1572684,整行,,1.0/9.9/9.9,,11,
2月,骨脑,多余行,蚊式-1/Z1026,1573068,整行,,1.0/4.8/4.8,,12,
2月,骨脑,多余行,消毒缸-1 /W6050,1573563,整行,,1.0/9.9/9.9,,13,
2月,骨脑,多余行,持针器-1/Z1029,1573931,整行,,1.0/4.8/4.8,,14,
2月,骨脑,多余行,刮勺-1/Z7530,1573931,整行,,1.0/4.8/4.8,,15,
2月,骨脑,多余行,镊子-1/Z7526,1573931,整行,,1.0/4.8/4.8,,16,
2月,骨脑,多余行,止血钳-1/Z1029,1573931,整行,,1.0/4.8/4.8,,17,
2月,骨脑,多余行,消毒缸-1 /W6050,1574667,整行,,1.0/9.9/9.9,,18,
2月,骨脑,多余行,消毒缸-1 /W6050,1575453,整行,,1.0/9.9/9.9,,19,
2月,骨脑,多余行,消毒缸-1 /W6050,1576512,整行,,1.0/9.9/9.9,,20,
2月,骨脑,多余行,持针器-1/Z1029,1577311,整行,,1.0/4.8/4.8,,21,
2月,骨脑,多余行,刮勺-1/Z7530,1577311,整行,,1.0/4.8/4.8,,22,
2月,骨脑,多余行,剪刀-1/Z1029,1577311,整行,,1.0/4.8/4.8,,23,
2月,骨脑,多余行,镊子-1/Z7526,1577311,整行,,1.0/4.8/4.8,,24,
2月,骨脑,多余行,消毒缸-1 /W6050,1577311,整行,,1.0/9.9/9.9,,25,
2月,骨脑,多余行,咬骨钳-1/（双）Z2032,1578286,整行,,1.0/9.9/9.9,,26,
2月,骨脑,多余行,消毒缸-1 /W6050,1578286,整行,,1.0/9.9/9.9,,27,
2月,骨脑,多余行,气管切开包-19件/w6050,1578286,整行,,1.0/62.7/62.7,,28,
2月,骨脑,多余行,止血钳-1/Z1029,1578623,整行,,1.0/4.8/4.8,,29,
2月,骨脑,多余行,消毒缸-1 /W6050,1578902,整行,,1.0/9.9/9.9,,30,
2月,骨脑,汇总不一致-总价,骨脑,,总价,164.4,211.2,8,8,
3月,全部科室(汇总对比),缺失行,持针器-1/Z1029,1588240,整行,1.0/4.8/4.8,,12,,
3月,全部科室(汇总对比),缺失行,简易呼吸器-3件/z3060,1588546,整行,1.0/39.6/39.6,,13,,
3月,全部科室(汇总对比),缺失行,止血钳-1/Z1029,1595798,整行,2.0/4.8/9.6,,14,,
3月,全部科室(汇总对比),缺失行,缸子-5/W9050,1588229,整行,1.0/16.5/16.5,,9,,
3月,全部科室(汇总对比),缺失行,无菌缸-5件/W9050,1589384,整行,1.0/16.5/16.5,,10,,
3月,全部科室(汇总对比),缺失行,鼻镜-5/Z2032,1589915,整行,7.0/16.5/115.5,,11,,
3月,全部科室(汇总对比),缺失行,镊子-5/Z1030,1589915,整行,5.0/16.5/82.5,,12,,
3月,全部科室(汇总对比),缺失行,吸头-5/Z1035,1589915,整行,6.0/16.5/99.0,,13,,
3月,全部科室(汇总对比),缺失行,缸子-5/W9050,1590331,整行,1.0/16.5/16.5,,14,,
3月,全部科室(汇总对比),缺失行,艾利斯-1/z1029,1591087,整行,1.0/4.8/4.8,,15,,
3月,全部科室(汇总对比),缺失行,鼻镜-5/Z2032,1591087,整行,3.0/16.5/49.5,,16,,
3月,全部科室(汇总对比),缺失行,镊子-5/Z1030,1591087,整行,1.0/16.5/16.5,,17,,
3月,全部科室(汇总对比),缺失行,吸头-5/Z1035,1591087,整行,1.0/16.5/16.5,,18,,
3月,全部科室(汇总对比),缺失行,异物钳-1/Z2032,1591087,整行,1.0/7.8/7.8,,19,,
3月,全部科室(汇总对比),缺失行,缸子-5/W9050,1591488,整行,1.0/16.5/16.5,,20,,
3月,全部科室(汇总对比),缺失行,鼻镜-5/Z2032,1591983,整行,2.0/16.5/33.0,,21,,
3月,全部科室(汇总对比),缺失行,镊子-5/Z1030,1591983,整行,2.0/16.5/33.0,,22,,
3月,全部科室(汇总对比),缺失行,吸引器头-5/z7526,1591983,整行,2.0/16.5/33.0,,23,,
3月,全部科室(汇总对比),缺失行,缸子-5/W9050,1592244,整行,1.0/16.5/16.5,,24,,
3月,全部科室(汇总对比),缺失行,缸子-5/W9050,1593263,整行,1.0/16.5/16.5,,25,,
3月,全部科室(汇总对比),缺失行,鼻镜-5/Z2032,1593721,整行,4.0/16.5/66.0,,26,,
3月,全部科室(汇总对比),缺失行,镊子-5/Z1030,1593721,整行,1.0/16.5/16.5,,27,,
3月,全部科室(汇总对比),缺失行,吸引器头-5/z7526,1593721,整行,2.0/16.5/33.0,,28,,
3月,全部科室(汇总对比),缺失行,无菌缸-5件/W9050,1594236,整行,1.0/16.5/16.5,,29,,
3月,全部科室(汇总对比),缺失行,鼻镜-5/Z2032,1595027,整行,4.0/16.5/66.0,,30,,
3月,全部科室(汇总对比),缺失行,镊子-5/Z1030,1595027,整行,3.0/16.5/49.5,,31,,
3月,全部科室(汇总对比),缺失行,吸头-5/Z1035,1595027,整行,3.0/16.5/49.5,,32,,
3月,全部科室(汇总对比),缺失行,无菌缸-5件/W9050,1595379,整行,1.0/16.5/16.5,,33,,
3月,全部科室(汇总对比),缺失行,鼻镜-5/Z2032,1595799,整行,1.0/16.5/16.5,,34,,
3月,全部科室(汇总对比),缺失行,镊子-5/Z1030,1595799,整行,2.0/16.5/33.0,,35,,
3月,全部科室(汇总对比),缺失行,吸引器头-5/z7526,1595799,整行,3.0/16.5/49.5,,36,,
3月,全部科室(汇总对比),缺失行,缸子-5/W9050,1596350,整行,1.0/16.5/16.5,,37,,
3月,全部科室(汇总对比),缺失行,消毒缸-5/w9050,1588236,整行,1.0/16.5/16.5,,9,,
3月,全部科室(汇总对比),缺失行,大镊子-1/Z7534,1588996,整行,2.0/4.8/9.6,,10,,
3月,全部科室(汇总对比),缺失行,剪刀-1/Z1029,1588996,整行,1.0/4.8/4.8,,11,,
3月,全部科室(汇总对比),缺失行,扩棒（5号）-1件/Z7526,1588996,整行,1.0/4.8/4.8,,12,,
3月,全部科室(汇总对比),缺失行,探针-1/Z7537,1588996,整行,1.0/4.8/4.8,,13,,
3月,全部科室(汇总对比),缺失行,检查包-9件/W7050,1588996,整行,1.0/29.7/29.7,,14,,
3月,全部科室(汇总对比),缺失行,剪刀-1/Z1029,1589391,整行,1.0/4.8/4.8,,15,,
3月,全部科室(汇总对比),缺失行,止血钳-1/Z1029,1589391,整行,2.0/4.8/9.6,,16,,
3月,全部科室(汇总对比),缺失行,消毒缸-5/w9050,1589391,整行,1.0/16.5/16.5,,17,,
3月,全部科室(汇总对比),缺失行,大镊子-1/Z7534,1589775,整行,1.0/4.8/4.8,,18,,
3月,全部科室(汇总对比),缺失行,大镊子-1/Z7534,1590149,整行,1.0/4.8/4.8,,19,,
3月,全部科室(汇总对比),缺失行,大镊子-1/Z7534,1590324,整行,2.0/4.8/9.6,,20,,
3月,全部科室(汇总对比),缺失行,大弯-1/z1029,1590324,整行,1.0/4.8/4.8,,21,,
3月,全部科室(汇总对比),缺失行,剪刀-1/Z1029,1590324,整行,1.0/4.8/4.8,,22,,
3月,全部科室(汇总对比),缺失行,止血钳-1/Z1029,1590324,整行,1.0/4.8/4.8,,23,,
3月,全部科室(汇总对比),缺失行,消毒缸-5/w9050,1590324,整行,1.0/16.5/16.5,,24,,
3月,全部科室(汇总对比),缺失行,剪刀-1/Z1029,1590709,整行,1.0/4.8/4.8,,25,,
3月,全部科室(汇总对比),缺失行,蚊式-1/Z1026,1590709,整行,1.0/4.8/4.8,,26,,
3月,全部科室(汇总对比),缺失行,窥器-1/Z1526,1591089,整行,1.0/6.6/6.6,,27,,
3月,全部科室(汇总对比),缺失行,消毒缸-5/w9050,1591492,整行,1.0/16.5/16.5,,28,,
3月,全部科室(汇总对比),缺失行,消毒缸-5/w9050,1592243,整行,1.0/16.5/16.5,,29,,
3月,全部科室(汇总对比),缺失行,剪刀-1/Z1029,1592490,整行,1.0/4.8/4.8,,30,,
3月,全部科室(汇总对比),缺失行,大弯-1/z1029,1592867,整行,1.0/4.8/4.8,,31,,
3月,全部科室(汇总对比),缺失行,取环钩-1(不套保护套)/z7537,1592867,整行,1.0/4.8/4.8,,32,,
3月,全部科室(汇总对比),缺失行,止血钳-1/Z1029,1592867,整行,1.0/4.8/4.8,,33,,
3月,全部科室(汇总对比),缺失行,检查包-9件/W7050,1592867,整行,1.0/29.7/29.7,,34,,
3月,全部科室(汇总对比),缺失行,消毒缸-5/w9050,1593267,整行,1.0/16.5/16.5,,35,,
3月,全部科室(汇总对比),缺失行,大镊子-1/Z7534,1593720,整行,1.0/4.8/4.8,,36,,
3月,全部科室(汇总对比),缺失行,探针-1/Z7537,1594230,整行,1.0/4.8/4.8,,37,,
3月,全部科室(汇总对比),缺失行,消毒缸-5/w9050,1594230,整行,1.0/16.5/16.5,,38,,
3月,全部科室(汇总对比),缺失行,大镊子-1/Z7534,1595026,整行,1.0/4.8/4.8,,39,,
3月,全部科室(汇总对比),缺失行,大弯-1/z1029,1595026,整行,1.0/4.8/4.8,,40,,
3月,全部科室(汇总对比),缺失行,止血钳-1/Z1029,1595026,整行,1.0/4.8/4.8,,41,,
3月,全部科室(汇总对比),缺失行,消毒缸-5/w9050,1595384,整行,1.0/16.5/16.5,,42,,
3月,全部科室(汇总对比),缺失行,大镊子-1/Z7534,1596354,整行,1.0/4.8/4.8,,43,,
3月,全部科室(汇总对比),缺失行,剪刀-1/Z1029,1596354,整行,1.0/4.8/4.8,,44,,
3月,全部科室(汇总对比),缺失行,止血钳-1/Z1029,1596354,整行,2.0/4.8/9.6,,45,,
3月,全部科室(汇总对比),缺失行,消毒缸-5/w9050,1596354,整行,1.0/16.5/16.5,,46,,
3月,全部科室(汇总对比),缺失行,宫颈钳-1/Z1535,1588117,整行,2.0/6.6/13.2,,9,,
3月,全部科室(汇总对比),缺失行,镊子-1/Z7526,1588117,整行,1.0/4.8/4.8,,10,,
3月,全部科室(汇总对比),缺失行,取环钩-1(不套保护套)/z7537,1588117,整行,1.0/4.8/4.8,,11,,
3月,全部科室(汇总对比),缺失行,探针-1/Z7537,1588117,整行,1.0/4.8/4.8,,12,,
3月,全部科室(汇总对比),缺失行,上取环包-9件,1588117,整行,1.0/29.7/29.7,,13,,
3月,全部科室(汇总对比),缺失行,消毒缸-4/W9050,1588232,整行,1.0/13.2/13.2,,14,,
3月,全部科室(汇总对比),缺失行,病理钳-1/Z2032,1588635,整行,1.0/7.8/7.8,,15,,
3月,全部科室(汇总对比),缺失行,大镊子-1/Z7534,1588635,整行,2.0/4.8/9.6,,16,,
3月,全部科室(汇总对比),缺失行,宫颈钳-1/Z1535,1588635,整行,1.0/6.6/6.6,,17,,
3月,全部科室(汇总对比),缺失行,取环钩-1(不套保护套)/z7537,1588635,整行,2.0/4.8/9.6,,18,,
3月,全部科室(汇总对比),缺失行,止血钳-1/Z1029,1588635,整行,2.0/4.8/9.6,,19,,
3月,全部科室(汇总对比),缺失行,上取环包-9件,1588635,整行,3.0/29.7/89.1,,20,,
3月,全部科室(汇总对比),缺失行,流产包（12件）,1588997,整行,1.0/39.6/39.6,,21,,
3月,全部科室(汇总对比),缺失行,大镊子-1/Z7534,1589401,整行,5.0/4.8/24.0,,22,,
3月,全部科室(汇总对比),缺失行,宫颈钳（单齿）-1/Z1526,1589401,整行,1.0/6.6/6.6,,23,,
3月,全部科室(汇总对比),缺失行,扩棒（3号）-1件/Z7526,1589401,整行,2.0/4.8/9.6,,24,,
3月,全部科室(汇总对比),缺失行,扩棒（4号）-1件/Z7526,1589401,整行,1.0/4.8/4.8,,25,,
3月,全部科室(汇总对比),缺失行,扩棒3.5-1件/z7526,1589401,整行,1.0/4.8/4.8,,26,,
3月,全部科室(汇总对比),缺失行,取环钩-1(不套保护套)/z7537,1589401,整行,1.0/4.8/4.8,,27,,
3月,全部科室(汇总对比),缺失行,探针-1/Z7537,1589401,整行,1.0/4.8/4.8,,28,,
3月,全部科室(汇总对比),缺失行,消毒缸-4/W9050,1589401,整行,1.0/13.2/13.2,,29,,
3月,全部科室(汇总对比),缺失行,上取环包-9件,1589401,整行,1.0/29.7/29.7,,30,,
3月,全部科室(汇总对比),缺失行,病理钳-1/Z2032,1589777,整行,1.0/7.8/7.8,,31,,
3月,全部科室(汇总对比),缺失行,大镊子-1/Z7534,1589777,整行,1.0/4.8/4.8,,32,,
3月,全部科室(汇总对比),缺失行,宫颈钳-1/Z1535,1589777,整行,1.0/6.6/6.6,,33,,
3月,全部科室(汇总对比),缺失行,取环钩-1(不套保护套)/z7537,1589777,整行,1.0/4.8/4.8,,34,,
3月,全部科室(汇总对比),缺失行,流产包（12件）,1589777,整行,1.0/39.6/39.6,,35,,
3月,全部科室(汇总对比),缺失行,上取环包-9件,1589777,整行,1.0/29.7/29.7,,36,,
3月,全部科室(汇总对比),缺失行,大镊子-1/Z7534,1590150,整行,3.0/4.8/14.4,,37,,
3月,全部科室(汇总对比),缺失行,剪刀-1/Z1029,1590150,整行,1.0/4.8/4.8,,38,,
3月,全部科室(汇总对比),缺失行,取环钩-1(不套保护套)/z7537,1590150,整行,1.0/4.8/4.8,,39,,
3月,全部科室(汇总对比),缺失行,止血钳-1/Z1029,1590150,整行,1.0/4.8/4.8,,40,,
3月,全部科室(汇总对比),缺失行,流产包（12件）,1590150,整行,1.0/39.6/39.6,,41,,
3月,全部科室(汇总对比),缺失行,上取环包-9件,1590150,整行,1.0/29.7/29.7,,42,,
3月,全部科室(汇总对比),缺失行,消毒缸-4/W9050,1590332,整行,1.0/13.2/13.2,,43,,
3月,全部科室(汇总对比),缺失行,大镊子-1/Z7534,1590715,整行,3.0/4.8/14.4,,44,,
3月,全部科室(汇总对比),缺失行,剪刀-1/Z1029,1590715,整行,1.0/4.8/4.8,,45,,
3月,全部科室(汇总对比),缺失行,取环钩-1(不套保护套)/z7537,1590715,整行,2.0/4.8/9.6,,46,,
3月,全部科室(汇总对比),缺失行,探针-1/Z7537,1590715,整行,1.0/4.8/4.8,,47,,
3月,全部科室(汇总对比),缺失行,止血钳-1/Z1029,1590715,整行,2.0/4.8/9.6,,48,,
3月,全部科室(汇总对比),缺失行,上取环包-9件,1590715,整行,1.0/29.7/29.7,,49,,
3月,全部科室(汇总对比),缺失行,病理钳-1/Z2032,1591555,整行,1.0/7.8/7.8,,50,,
3月,全部科室(汇总对比),缺失行,大镊子-1/Z7534,1591555,整行,1.0/4.8/4.8,,51,,
3月,全部科室(汇总对比),缺失行,宫颈钳-1/Z1535,1591555,整行,1.0/6.6/6.6,,52,,
3月,全部科室(汇总对比),缺失行,取环钩-1(不套保护套)/z7537,1591555,整行,2.0/4.8/9.6,,53,,
3月,全部科室(汇总对比),缺失行,止血钳-1/Z1029,1591555,整行,1.0/4.8/4.8,,54,,
3月,全部科室(汇总对比),缺失行,消毒缸-4/W9050,1591555,整行,1.0/13.2/13.2,,55,,
3月,全部科室(汇总对比),缺失行,上取环包-9件,1591555,整行,2.0/29.7/59.4,,56,,
3月,全部科室(汇总对比),缺失行,剪刀-1/Z1029,1591567,整行,1.0/4.8/4.8,,57,,
3月,全部科室(汇总对比),缺失行,扩棒（7.5号）-1件/Z7526,1591892,整行,1.0/4.8/4.8,,58,,
3月,全部科室(汇总对比),缺失行,简易呼吸器-1件/Z3060,1592137,整行,1.0/21.0/21.0,,59,,
3月,全部科室(汇总对比),缺失行,气夹-1/z1535,1592137,整行,1.0/15.0/15.0,,60,,
3月,全部科室(汇总对比),缺失行,大镊子-1/Z7534,1592247,整行,3.0/4.8/14.4,,61,,
3月,全部科室(汇总对比),缺失行,宫颈钳-1/Z1535,1592247,整行,1.0/6.6/6.6,,62,,
3月,全部科室(汇总对比),缺失行,取环钩-1(不套保护套)/z7537,1592247,整行,3.0/4.8/14.4,,63,,
3月,全部科室(汇总对比),缺失行,探针-1/Z7537,1592247,整行,1.0/4.8/4.8,,64,,
3月,全部科室(汇总对比),缺失行,止血钳-1/Z1029,1592247,整行,1.0/4.8/4.8,,65,,
3月,全部科室(汇总对比),缺失行,消毒缸-4/W9050,1592247,整行,1.0/13.2/13.2,,66,,
3月,全部科室(汇总对比),缺失行,流产包（12件）,1592247,整行,1.0/39.6/39.6,,67,,
3月,全部科室(汇总对比),缺失行,上取环包-9件,1592247,整行,3.0/29.7/89.1,,68,,
3月,全部科室(汇总对比),缺失行,大镊子-1/Z7534,1592494,整行,2.0/4.8/9.6,,69,,
3月,全部科室(汇总对比),缺失行,宫颈钳-1/Z1535,1592494,整行,1.0/6.6/6.6,,70,,
3月,全部科室(汇总对比),缺失行,剪刀-1/Z1029,1592494,整行,1.0/4.8/4.8,,71,,
3月,全部科室(汇总对比),缺失行,探针-1/Z7537,1592494,整行,1.0/4.8/4.8,,72,,
3月,全部科室(汇总对比),缺失行,病理钳-1/Z2032,1593262,整行,2.0/7.8/15.6,,73,,
3月,全部科室(汇总对比),缺失行,持针器-1/Z1029,1593262,整行,1.0/4.8/4.8,,74,,
3月,全部科室(汇总对比),缺失行,大镊子-1/Z7534,1593262,整行,3.0/4.8/14.4,,75,,
3月,全部科室(汇总对比),缺失行,宫颈钳-1/Z1535,1593262,整行,2.0/6.6/13.2,,76,,
3月,全部科室(汇总对比),缺失行,剪刀-1/Z1029,1593262,整行,2.0/4.8/9.6,,77,,
3月,全部科室(汇总对比),缺失行,止血钳-1/Z1029,1593262,整行,2.0/4.8/9.6,,78,,
3月,全部科室(汇总对比),缺失行,消毒缸-4/W9050,1593262,整行,1.0/13.2/13.2,,79,,
3月,全部科室(汇总对比),缺失行,大镊子-1/Z7534,1594073,整行,8.0/4.8/38.4,,80,,
3月,全部科室(汇总对比),缺失行,剪刀-1/Z1029,1594073,整行,1.0/4.8/4.8,,81,,
3月,全部科室(汇总对比),缺失行,取环钩-1(不套保护套)/z7537,1594073,整行,1.0/4.8/4.8,,82,,
3月,全部科室(汇总对比),缺失行,流产包（12件）,1594073,整行,1.0/39.6/39.6,,83,,
3月,全部科室(汇总对比),缺失行,上取环包-9件,1594073,整行,1.0/29.7/29.7,,84,,
3月,全部科室(汇总对比),缺失行,消毒缸-4/W9050,1594240,整行,1.0/13.2/13.2,,85,,
3月,全部科室(汇总对比),缺失行,病理钳-1/Z2032,1594653,整行,1.0/7.8/7.8,,86,,
3月,全部科室(汇总对比),缺失行,大镊子-1/Z7534,1594653,整行,1.0/4.8/4.8,,87,,
3月,全部科室(汇总对比),缺失行,宫颈钳-1/Z1535,1594653,整行,1.0/6.6/6.6,,88,,
3月,全部科室(汇总对比),缺失行,剪刀-1/Z1029,1594653,整行,1.0/4.8/4.8,,89,,
3月,全部科室(汇总对比),缺失行,取环钩-1(不套保护套)/z7537,1594653,整行,1.0/4.8/4.8,,90,,
3月,全部科室(汇总对比),缺失行,止血钳-1/Z1029,1594653,整行,1.0/4.8/4.8,,91,,
3月,全部科室(汇总对比),缺失行,流产包（12件）,1594653,整行,1.0/39.6/39.6,,92,,
3月,全部科室(汇总对比),缺失行,上取环包-9件,1594653,整行,2.0/29.7/59.4,,93,,
3月,全部科室(汇总对比),缺失行,大镊子-1/Z7534,1595022,整行,1.0/4.8/4.8,,94,,
3月,全部科室(汇总对比),缺失行,剪刀-1/Z1029,1595022,整行,1.0/4.8/4.8,,95,,
3月,全部科室(汇总对比),缺失行,流产包（12件）,1595022,整行,2.0/39.6/79.2,,96,,
3月,全部科室(汇总对比),缺失行,大镊子-1/Z7534,1595378,整行,5.0/4.8/24.0,,97,,
3月,全部科室(汇总对比),缺失行,消毒缸-4/W9050,1595378,整行,1.0/13.2/13.2,,98,,
3月,全部科室(汇总对比),缺失行,流产包（12件）,1595378,整行,1.0/39.6/39.6,,99,,
3月,全部科室(汇总对比),缺失行,大镊子-1/Z7534,1595822,整行,1.0/4.8/4.8,,100,,
3月,全部科室(汇总对比),缺失行,取环钩-1(不套保护套)/z7537,1595822,整行,2.0/4.8/9.6,,101,,
3月,全部科室(汇总对比),缺失行,上取环包-9件,1595822,整行,2.0/29.7/59.4,,102,,
3月,全部科室(汇总对比),缺失行,大镊子-1/Z7534,1596198,整行,4.0/4.8/19.2,,103,,
3月,全部科室(汇总对比),缺失行,宫颈钳-1/Z1535,1596198,整行,1.0/6.6/6.6,,104,,
3月,全部科室(汇总对比),缺失行,流产包（12件）,1596198,整行,1.0/39.6/39.6,,105,,
3月,全部科室(汇总对比),缺失行,消毒缸-4/W9050,1596353,整行,1.0/13.2/13.2,,106,,
3月,全部科室(汇总对比),缺失行,消毒缸-1 /W6050,1588225,整行,1.0/9.9/9.9,,9,,
3月,全部科室(汇总对比),缺失行,消毒缸-1 /W6050,1589392,整行,1.0/9.9/9.9,,10,,
3月,全部科室(汇总对比),缺失行,消毒缸-1 /W6050,1590328,整行,1.0/9.9/9.9,,11,,
3月,全部科室(汇总对比),缺失行,消毒缸-1 /W6050,1591484,整行,1.0/9.9/9.9,,12,,
3月,全部科室(汇总对比),缺失行,消毒缸-1 /W6050,1592237,整行,1.0/9.9/9.9,,13,,
3月,全部科室(汇总对比),缺失行,消毒缸-1 /W6050,1593259,整行,1.0/9.9/9.9,,14,,
3月,全部科室(汇总对比),缺失行,消毒缸-1 /W6050,1594229,整行,1.0/9.9/9.9,,15,,
3月,全部科室(汇总对比),缺失行,消毒缸-1 /W6050,1595382,整行,1.0/9.9/9.9,,16,,
3月,全部科室(汇总对比),缺失行,消毒缸-1 /W6050,1596334,整行,1.0/9.9/9.9,,17,,
3月,全部科室(汇总对比),缺失行,切开包-11/w6050,1588118,整行,1.0/36.3/36.3,,9,,
3月,全部科室(汇总对比),缺失行,消毒缸-8/w9050,1588226,整行,1.0/26.4/26.4,,10,,
3月,全部科室(汇总对比),缺失行,简易呼吸器-3件/z3060,1588890,整行,1.0/39.6/39.6,,11,,
3月,全部科室(汇总对比),缺失行,喉镜片（低温）-1/Z1530,1589031,整行,1.0/15.0/15.0,,12,,
3月,全部科室(汇总对比),缺失行,呼吸机管路-1（EO）/z3040,1589240,整行,1.0/21.0/21.0,,13,,
3月,全部科室(汇总对比),缺失行,简易呼吸器一套/z3060,1589240,整行,1.0/21.0/21.0,,14,,
3月,全部科室(汇总对比),缺失行,止血钳-1/Z1029,1589388,整行,2.0/4.8/9.6,,15,,
3月,全部科室(汇总对比),缺失行,消毒缸-8/w9050,1589388,整行,1.0/26.4/26.4,,16,,
3月,全部科室(汇总对比),缺失行,整形包-13件,1589388,整行,1.0/42.9/42.9,,17,,
3月,全部科室(汇总对比),缺失行,缝合包-4/w6050,1589388,整行,1.0/13.2/13.2,,18,,
3月,全部科室(汇总对比),缺失行,消毒缸-8/w9050,1590329,整行,1.0/26.4/26.4,,19,,
3月,全部科室(汇总对比),缺失行,整形包-13件,1590329,整行,1.0/42.9/42.9,,20,,
3月,全部科室(汇总对比),缺失行,缝合包4件,1591092,整行,1.0/13.2/13.2,,21,,
3月,全部科室(汇总对比),缺失行,消毒缸-8/w9050,1591491,整行,1.0/26.4/26.4,,22,,
3月,全部科室(汇总对比),缺失行,剪刀-1/Z1029,1591894,整行,1.0/4.8/4.8,,23,,
3月,全部科室(汇总对比),缺失行,剪刀-1/Z1029,1592248,整行,2.0/4.8/9.6,,24,,
3月,全部科室(汇总对比),缺失行,止血钳-1/Z1029,1592248,整行,3.0/4.8/14.4,,25,,
3月,全部科室(汇总对比),缺失行,消毒缸-8/w9050,1592248,整行,1.0/26.4/26.4,,26,,
3月,全部科室(汇总对比),缺失行,缝合包4件,1592248,整行,1.0/13.2/13.2,,27,,
3月,全部科室(汇总对比),缺失行,剪刀-1/Z1029,1592487,整行,1.0/4.8/4.8,,28,,
3月,全部科室(汇总对比),缺失行,镊子-1/Z7526,1592487,整行,1.0/4.8/4.8,,29,,
3月,全部科室(汇总对比),缺失行,缝合包4件,1592487,整行,1.0/13.2/13.2,,30,,
3月,全部科室(汇总对比),缺失行,缝合包4件,1592892,整行,1.0/13.2/13.2,,31,,
3月,全部科室(汇总对比),缺失行,剪刀-1/Z1029,1593261,整行,1.0/4.8/4.8,,32,,
3月,全部科室(汇总对比),缺失行,止血钳-1/Z1029,1593261,整行,1.0/4.8/4.8,,33,,
3月,全部科室(汇总对比),缺失行,消毒缸-8/w9050,1593261,整行,1.0/26.4/26.4,,34,,
3月,全部科室(汇总对比),缺失行,缝合包4件,1593261,整行,1.0/13.2/13.2,,35,,
3月,全部科室(汇总对比),缺失行,小镊子-1/Z7526,1594072,整行,1.0/4.8/4.8,,36,,
3月,全部科室(汇总对比),缺失行,喉镜片（低温）-1/Z1530,1594072,整行,1.0/15.0/15.0,,37,,
3月,全部科室(汇总对比),缺失行,缝合包4件,1594072,整行,1.0/13.2/13.2,,38,,
3月,全部科室(汇总对比),缺失行,消毒缸-8/w9050,1594231,整行,1.0/26.4/26.4,,39,,
3月,全部科室(汇总对比),缺失行,简易呼吸器-3件/z3060,1594522,整行,1.0/39.6/39.6,,40,,
3月,全部科室(汇总对比),缺失行,剪刀-1/Z1029,1595024,整行,1.0/4.8/4.8,,41,,
3月,全部科室(汇总对比),缺失行,止血钳-1/Z1029,1595024,整行,1.0/4.8/4.8,,42,,
3月,全部科室(汇总对比),缺失行,止血钳-1/Z1029,1595380,整行,1.0/4.8/4.8,,43,,
3月,全部科室(汇总对比),缺失行,消毒缸-8/w9050,1595380,整行,1.0/26.4/26.4,,44,,
3月,全部科室(汇总对比),缺失行,剪刀-1/Z1029,1596177,整行,1.0/4.8/4.8,,45,,
3月,全部科室(汇总对比),缺失行,消毒缸-8/w9050,1596349,整行,1.0/26.4/26.4,,46,,
3月,全部科室(汇总对比),缺失行,吸头-8/W9050,1593724,整行,1.0/92.4/92.4,,9,,
3月,全部科室(汇总对比),缺失行,加样枪头/w9050,1594242,整行,1.0/21.0/21.0,,10,,
3月,全部科室(汇总对比),缺失行,玻璃管包（轻拿轻放！！！）/w9050,1594655,整行,1.0/21.0/21.0,,11,,
3月,全部科室(汇总对比),缺失行,敷料包/W12050,1588140,整行,1.0/21.0/21.0,,9,,
3月,全部科室(汇总对比),缺失行,敷料包/W12050,1588741,整行,1.0/21.0/21.0,,10,,
3月,全部科室(汇总对比),缺失行,蚊式-1/Z1026,1589117,整行,1.0/4.8/4.8,,11,,
3月,全部科室(汇总对比),缺失行,敷料包/W12050,1589484,整行,1.0/21.0/21.0,,12,,
3月,全部科室(汇总对比),缺失行,敷料包/W12050,1590202,整行,1.0/21.0/21.0,,13,,
3月,全部科室(汇总对比),缺失行,敷料包/W12050,1590829,整行,1.0/21.0/21.0,,14,,
3月,全部科室(汇总对比),缺失行,敷料包/W12050,1591574,整行,1.0/21.0/21.0,,15,,
3月,全部科室(汇总对比),缺失行,刷手服/W12050,1592277,整行,1.0/21.0/21.0,,16,,
3月,全部科室(汇总对比),缺失行,敷料包/W12050,1593417,整行,2.0/21.0/42.0,,17,,
3月,全部科室(汇总对比),缺失行,刷手服/W12050,1594100,整行,2.0/21.0/42.0,,18,,
3月,全部科室(汇总对比),缺失行,刷手服/W12050,1595527,整行,2.0/21.0/42.0,,19,,
3月,全部科室(汇总对比),缺失行,敷料包/W12050,1596225,整行,1.0/21.0/21.0,,20,,
3月,全部科室(汇总对比),缺失行,消毒缸-16/w12050,1588230,整行,1.0/52.8/52.8,,9,,
3月,全部科室(汇总对比),缺失行,消毒缸-16/w12050,1589385,整行,1.0/52.8/52.8,,10,,
3月,全部科室(汇总对比),缺失行,消毒缸-16/w12050,1590330,整行,1.0/52.8/52.8,,11,,
3月,全部科室(汇总对比),缺失行,消毒缸-16/w12050,1591489,整行,1.0/52.8/52.8,,12,,
3月,全部科室(汇总对比),缺失行,消毒缸-16/w12050,1592239,整行,1.0/52.8/52.8,,13,,
3月,全部科室(汇总对比),缺失行,消毒缸-16/w12050,1593265,整行,1.0/52.8/52.8,,14,,
3月,全部科室(汇总对比),缺失行,消毒缸-16/w12050,1594235,整行,1.0/52.8/52.8,,15,,
3月,全部科室(汇总对比),缺失行,消毒缸-16/w12050,1595383,整行,1.0/52.8/52.8,,16,,
3月,全部科室(汇总对比),缺失行,消毒缸-16/w12050,1596347,整行,1.0/52.8/52.8,,17,,
3月,全部科室(汇总对比),缺失行,消毒缸-2/w7050,1588239,整行,1.0/9.9/9.9,,9,,
3月,全部科室(汇总对比),缺失行,消毒缸-4/W9050,1588239,整行,2.0/13.2/26.4,,10,,
3月,全部科室(汇总对比),缺失行,拔牙钳-1/Z1029,1588654,整行,3.0/4.8/14.4,,11,,
3月,全部科室(汇总对比),缺失行,镊子缸-2（缸底贴日期）/z1535,1588654,整行,1.0/9.9/9.9,,12,,
3月,全部科室(汇总对比),缺失行,排针-1/Z7520,1588654,整行,2.0/4.8/9.6,,13,,
3月,全部科室(汇总对比),缺失行,双头挖勺-1/Z7526,1588654,整行,2.0/4.8/9.6,,14,,
3月,全部科室(汇总对比),缺失行,蚊式-1/Z1026,1588654,整行,2.0/4.8/9.6,,15,,
3月,全部科室(汇总对比),缺失行,牙铤子-1/Z7526,1588654,整行,4.0/4.8/19.2,,16,,
3月,全部科室(汇总对比),缺失行,注射器-1/Z1026,1588654,整行,3.0/4.8/14.4,,17,,
3月,全部科室(汇总对比),缺失行,拔牙钳-1/Z1029,1589400,整行,2.0/4.8/9.6,,18,,
3月,全部科室(汇总对比),缺失行,剥离子-1/（双）Z7530,1589400,整行,1.0/6.3/6.3,,19,,
3月,全部科室(汇总对比),缺失行,镊子缸-2（缸底贴日期）/z1535,1589400,整行,2.0/9.9/19.8,,20,,
3月,全部科室(汇总对比),缺失行,双头挖勺-1/Z7526,1589400,整行,4.0/4.8/19.2,,21,,
3月,全部科室(汇总对比),缺失行,牙铤子-1/Z7526,1589400,整行,7.0/4.8/33.6,,22,,
3月,全部科室(汇总对比),缺失行,注射器-1/Z1026,1589400,整行,3.0/4.8/14.4,,23,,
3月,全部科室(汇总对比),缺失行,消毒缸-2/w7050,1589400,整行,1.0/9.9/9.9,,24,,
3月,全部科室(汇总对比),缺失行,消毒缸-4/W9050,1589400,整行,2.0/13.2/26.4,,25,,
3月,全部科室(汇总对比),缺失行,手术包-6件（双信封包装 ！）,1589400,整行,1.0/21.828/21.828,,26,,
3月,全部科室(汇总对比),缺失行,拔牙钳-1/Z1029,1589794,整行,3.0/4.8/14.4,,27,,
3月,全部科室(汇总对比),缺失行,镊子缸-2（缸底贴日期）/z1535,1589794,整行,1.0/9.9/9.9,,28,,
3月,全部科室(汇总对比),缺失行,排针-1/Z7520,1589794,整行,3.0/4.8/14.4,,29,,
3月,全部科室(汇总对比),缺失行,双头挖勺-1/Z7526,1589794,整行,1.0/4.8/4.8,,30,,
3月,全部科室(汇总对比),缺失行,蚊式-1/Z1026,1589794,整行,1.0/4.8/4.8,,31,,
3月,全部科室(汇总对比),缺失行,牙铤子-1/Z7526,1589794,整行,3.0/4.8/14.4,,32,,
3月,全部科室(汇总对比),缺失行,注射器-1/Z1026,1589794,整行,3.0/4.8/14.4,,33,,
3月,全部科室(汇总对比),缺失行,消毒缸-2/w7050,1590335,整行,1.0/9.9/9.9,,34,,
3月,全部科室(汇总对比),缺失行,消毒缸-4/W9050,1590335,整行,2.0/13.2/26.4,,35,,
3月,全部科室(汇总对比),缺失行,拔牙钳-1/Z1029,1590647,整行,6.0/4.8/28.8,,36,,
3月,全部科室(汇总对比),缺失行,剥离子-1/（双）Z7530,1590647,整行,2.0/6.3/12.6,,37,,
3月,全部科室(汇总对比),缺失行,钢丝剪-1/Z1530,1590647,整行,1.0/6.6/6.6,,38,,
3月,全部科室(汇总对比),缺失行,根尖挺-1/Z7526,1590647,整行,2.0/4.8/9.6,,39,,
3月,全部科室(汇总对比),缺失行,开口器-1/Z1026,1590647,整行,2.0/4.8/9.6,,40,,
3月,全部科室(汇总对比),缺失行,镊子缸-2（缸底贴日期）/z1535,1590647,整行,1.0/9.9/9.9,,41,,
3月,全部科室(汇总对比),缺失行,双头挖勺-1/Z7526,1590647,整行,4.0/4.8/19.2,,42,,
3月,全部科室(汇总对比),缺失行,蚊式-1/Z1026,1590647,整行,2.0/4.8/9.6,,43,,
3月,全部科室(汇总对比),缺失行,牙铤子-1/Z7526,1590647,整行,7.0/4.8/33.6,,44,,
3月,全部科室(汇总对比),缺失行,凿子-1/z7530,1590647,整行,5.0/4.8/24.0,,45,,
3月,全部科室(汇总对比),缺失行,注射器-1/Z1026,1590647,整行,4.0/4.8/19.2,,46,,
3月,全部科室(汇总对比),缺失行,手术包-6件（双信封包装 ！）,1590647,整行,1.0/21.828/21.828,,47,,
3月,全部科室(汇总对比),缺失行,拔牙钳-1/Z1029,1591124,整行,5.0/4.8/24.0,,48,,
3月,全部科室(汇总对比),缺失行,镊子缸-2（缸底贴日期）/z1535,1591124,整行,1.0/9.9/9.9,,49,,
3月,全部科室(汇总对比),缺失行,双头挖勺-1/Z7526,1591124,整行,2.0/4.8/9.6,,50,,
3月,全部科室(汇总对比),缺失行,牙铤子-1/Z7526,1591124,整行,3.0/4.8/14.4,,51,,
3月,全部科室(汇总对比),缺失行,注射器-1/Z1026,1591124,整行,2.0/4.8/9.6,,52,,
3月,全部科室(汇总对比),缺失行,消毒缸-2/w7050,1591490,整行,1.0/9.9/9.9,,53,,
3月,全部科室(汇总对比),缺失行,消毒缸-4/W9050,1591490,整行,2.0/13.2/26.4,,54,,
3月,全部科室(汇总对比),缺失行,拔牙钳-1/Z1029,1591947,整行,3.0/4.8/14.4,,55,,
3月,全部科室(汇总对比),缺失行,开口器-1/Z1026,1591947,整行,2.0/4.8/9.6,,56,,
3月,全部科室(汇总对比),缺失行,镊子缸-2（缸底贴日期）/z1535,1591947,整行,1.0/9.9/9.9,,57,,
3月,全部科室(汇总对比),缺失行,排针-1/Z7520,1591947,整行,3.0/4.8/14.4,,58,,
3月,全部科室(汇总对比),缺失行,双头挖勺-1/Z7526,1591947,整行,2.0/4.8/9.6,,59,,
3月,全部科室(汇总对比),缺失行,牙铤子-1/Z7526,1591947,整行,3.0/4.8/14.4,,60,,
3月,全部科室(汇总对比),缺失行,注射器-1/Z1026,1591947,整行,2.0/4.8/9.6,,61,,
3月,全部科室(汇总对比),缺失行,消毒缸-2/w7050,1592241,整行,1.0/9.9/9.9,,62,,
3月,全部科室(汇总对比),缺失行,消毒缸-4/W9050,1592241,整行,2.0/13.2/26.4,,63,,
3月,全部科室(汇总对比),缺失行,拔牙钳-1/Z1029,1592488,整行,3.0/4.8/14.4,,64,,
3月,全部科室(汇总对比),缺失行,镊子缸-2（缸底贴日期）/z1535,1592488,整行,1.0/9.9/9.9,,65,,
3月,全部科室(汇总对比),缺失行,双头挖勺-1/Z7526,1592488,整行,3.0/4.8/14.4,,66,,
3月,全部科室(汇总对比),缺失行,蚊式-1/Z1026,1592488,整行,1.0/4.8/4.8,,67,,
3月,全部科室(汇总对比),缺失行,牙铤子-1/Z7526,1592488,整行,6.0/4.8/28.8,,68,,
3月,全部科室(汇总对比),缺失行,注射器-1/Z1026,1592488,整行,3.0/4.8/14.4,,69,,
3月,全部科室(汇总对比),缺失行,消毒缸-2/w7050,1593268,整行,1.0/9.9/9.9,,70,,
3月,全部科室(汇总对比),缺失行,消毒缸-4/W9050,1593268,整行,2.0/13.2/26.4,,71,,
3月,全部科室(汇总对比),缺失行,拔牙钳-1/Z1029,1593774,整行,1.0/4.8/4.8,,72,,
3月,全部科室(汇总对比),缺失行,剥离子-1/（双）Z7530,1593774,整行,1.0/6.3/6.3,,73,,
3月,全部科室(汇总对比),缺失行,大弯-1/z1029,1593774,整行,1.0/4.8/4.8,,74,,
3月,全部科室(汇总对比),缺失行,夹子-2/Z7520,1593774,整行,1.0/8.1/8.1,,75,,
3月,全部科室(汇总对比),缺失行,镊子-1/Z7526,1593774,整行,1.0/4.8/4.8,,76,,
3月,全部科室(汇总对比),缺失行,排针-1/Z7520,1593774,整行,1.0/4.8/4.8,,77,,
3月,全部科室(汇总对比),缺失行,双头挖勺-1/Z7526,1593774,整行,5.0/4.8/24.0,,78,,
3月,全部科室(汇总对比),缺失行,蚊式-1/Z1026,1593774,整行,1.0/4.8/4.8,,79,,
3月,全部科室(汇总对比),缺失行,牙铤子-1/Z7526,1593774,整行,6.0/4.8/28.8,,80,,
3月,全部科室(汇总对比),缺失行,注射器-1/Z1026,1593774,整行,3.0/4.8/14.4,,81,,
3月,全部科室(汇总对比),缺失行,钻头-1/Z7526,1593774,整行,7.0/4.8/33.6,,82,,
3月,全部科室(汇总对比),缺失行,橡皮碗-1/Z7520,1593774,整行,1.0/13.2/13.2,,83,,
3月,全部科室(汇总对比),缺失行,手术包-6件（双信封包装 ！）,1593774,整行,1.0/21.828/21.828,,84,,
3月,全部科室(汇总对比),缺失行,消毒缸-2/w7050,1594238,整行,1.0/9.9/9.9,,85,,
3月,全部科室(汇总对比),缺失行,消毒缸-4/W9050,1594238,整行,2.0/13.2/26.4,,86,,
3月,全部科室(汇总对比),缺失行,拔牙钳-1/Z1029,1594652,整行,2.0/4.8/9.6,,87,,
3月,全部科室(汇总对比),缺失行,镊子-1/Z7526,1594652,整行,1.0/4.8/4.8,,88,,
3月,全部科室(汇总对比),缺失行,镊子缸-2（缸底贴日期）/z1535,1594652,整行,1.0/9.9/9.9,,89,,
3月,全部科室(汇总对比),缺失行,双头挖勺-1/Z7526,1594652,整行,3.0/4.8/14.4,,90,,
3月,全部科室(汇总对比),缺失行,蚊式-1/Z1026,1594652,整行,1.0/4.8/4.8,,91,,
3月,全部科室(汇总对比),缺失行,牙铤子-1/Z7526,1594652,整行,6.0/4.8/28.8,,92,,
3月,全部科室(汇总对比),缺失行,止血钳-1/Z1029,1594652,整行,2.0/4.8/9.6,,93,,
3月,全部科室(汇总对比),缺失行,注射器-1/Z1026,1594652,整行,3.0/4.8/14.4,,94,,
3月,全部科室(汇总对比),缺失行,消毒缸-2/w7050,1595385,整行,1.0/9.9/9.9,,95,,
3月,全部科室(汇总对比),缺失行,消毒缸-4/W9050,1595385,整行,2.0/13.2/26.4,,96,,
3月,全部科室(汇总对比),缺失行,拔牙钳-1/Z1029,1595823,整行,2.0/4.8/9.6,,97,,
3月,全部科室(汇总对比),缺失行,镊子缸-2（缸底贴日期）/z1535,1595823,整行,2.0/9.9/19.8,,98,,
3月,全部科室(汇总对比),缺失行,排针-1/Z7520,1595823,整行,5.0/4.8/24.0,,99,,
3月,全部科室(汇总对比),缺失行,双头挖勺-1/Z7526,1595823,整行,3.0/4.8/14.4,,100,,
3月,全部科室(汇总对比),缺失行,牙铤子-1/Z7526,1595823,整行,3.0/4.8/14.4,,101,,
3月,全部科室(汇总对比),缺失行,注射器-1/Z1026,1595823,整行,3.0/4.8/14.4,,102,,
3月,全部科室(汇总对比),缺失行,拔牙钳-1/Z1029,1596355,整行,1.0/4.8/4.8,,103,,
3月,全部科室(汇总对比),缺失行,剥离子-1/（双）Z7530,1596355,整行,1.0/6.3/6.3,,104,,
3月,全部科室(汇总对比),缺失行,镊子-1/Z7526,1596355,整行,1.0/4.8/4.8,,105,,
3月,全部科室(汇总对比),缺失行,镊子缸-2（缸底贴日期）/z1535,1596355,整行,2.0/9.9/19.8,,106,,
3月,全部科室(汇总对比),缺失行,排针-1/Z7520,1596355,整行,2.0/4.8/9.6,,107,,
3月,全部科室(汇总对比),缺失行,双头挖勺-1/Z7526,1596355,整行,3.0/4.8/14.4,,108,,
3月,全部科室(汇总对比),缺失行,蚊式-1/Z1026,1596355,整行,2.0/4.8/9.6,,109,,
3月,全部科室(汇总对比),缺失行,牙铤子-1/Z7526,1596355,整行,7.0/4.8/33.6,,110,,
3月,全部科室(汇总对比),缺失行,注射器-1/Z1026,1596355,整行,3.0/4.8/14.4,,111,,
3月,全部科室(汇总对比),缺失行,消毒缸-2/w7050,1596355,整行,1.0/9.9/9.9,,112,,
3月,全部科室(汇总对比),缺失行,消毒缸-4/W9050,1596355,整行,2.0/13.2/26.4,,113,,
3月,全部科室(汇总对比),缺失行,孔巾/Z2535,1588068,整行,7.0/2.4/16.8,,9,,
3月,全部科室(汇总对比),缺失行,持针器-1/Z1029,1588231,整行,1.0/4.8/4.8,,10,,
3月,全部科室(汇总对比),缺失行,镊子-1/Z7526,1588231,整行,1.0/4.8/4.8,,11,,
3月,全部科室(汇总对比),缺失行,镊子缸-2（缸底贴日期）/z1535,1588231,整行,2.0/9.9/19.8,,12,,
3月,全部科室(汇总对比),缺失行,消毒缸-4/W9050,1588231,整行,2.0/13.2/26.4,,13,,
3月,全部科室(汇总对比),缺失行,手术包-6件（双信封包装 ！）,1588231,整行,5.0/21.828/109.14,,14,,
3月,全部科室(汇总对比),缺失行,镊子缸-2（缸底贴日期）/z1535,1589007,整行,2.0/9.9/19.8,,15,,
3月,全部科室(汇总对比),缺失行,手术包-6件（双信封包装 ！）,1589007,整行,4.0/21.828/87.312,,16,,
3月,全部科室(汇总对比),缺失行,孔巾/Z2535,1589007,整行,4.0/2.4/9.6,,17,,
3月,全部科室(汇总对比),缺失行,消毒缸-4/W9050,1589386,整行,2.0/13.2/26.4,,18,,
3月,全部科室(汇总对比),缺失行,隆鼻器-1/Z7530,1589776,整行,1.0/4.8/4.8,,19,,
3月,全部科室(汇总对比),缺失行,镊子缸-2（缸底贴日期）/z1535,1589776,整行,1.0/9.9/9.9,,20,,
3月,全部科室(汇总对比),缺失行,手术包-6件（双信封包装 ！）,1589776,整行,4.0/21.828/87.312,,21,,
3月,全部科室(汇总对比),缺失行,孔巾/Z2535,1589776,整行,4.0/2.4/9.6,,22,,
3月,全部科室(汇总对比),缺失行,孔巾/Z2535,1590141,整行,5.0/2.4/12.0,,23,,
3月,全部科室(汇总对比),缺失行,残根钳-1/Z1526,1590268,整行,1.0/6.6/6.6,,24,,
3月,全部科室(汇总对比),缺失行,镊子缸-2（缸底贴日期）/z1535,1590268,整行,1.0/9.9/9.9,,25,,
3月,全部科室(汇总对比),缺失行,手术包-6件（双信封包装 ！）,1590268,整行,3.0/21.828/65.484,,26,,
3月,全部科室(汇总对比),缺失行,手术包-6件（双信封包装 ！）,1590272,整行,1.0/21.828/21.828,,27,,
3月,全部科室(汇总对比),缺失行,消毒缸-4/W9050,1590334,整行,2.0/13.2/26.4,,28,,
3月,全部科室(汇总对比),缺失行,手术包-6件（双信封包装 ！）,1590420,整行,3.0/21.828/65.484,,29,,
3月,全部科室(汇总对比),缺失行,手术包-6件（双信封包装 ！）,1590648,整行,3.0/21.828/65.484,,30,,
3月,全部科室(汇总对比),缺失行,镊子缸-2（缸底贴日期）/z1535,1590865,整行,1.0/9.9/9.9,,31,,
3月,全部科室(汇总对比),缺失行,手术包-6件（双信封包装 ！）,1590865,整行,2.0/21.828/43.656,,32,,
3月,全部科室(汇总对比),缺失行,手术包-6件（双信封包装 ！）,1591088,整行,1.0/21.828/21.828,,33,,
3月,全部科室(汇总对比),缺失行,孔巾/Z2535,1591125,整行,9.0/2.4/21.6,,34,,
3月,全部科室(汇总对比),缺失行,孔巾/Z2535,1591198,整行,2.0/2.4/4.8,,35,,
3月,全部科室(汇总对比),缺失行,剪刀-1/Z1029,1591405,整行,1.0/4.8/4.8,,36,,
3月,全部科室(汇总对比),缺失行,镊子缸-2（缸底贴日期）/z1535,1591405,整行,3.0/9.9/29.7,,37,,
3月,全部科室(汇总对比),缺失行,手术包-6件（双信封包装 ！）,1591405,整行,4.0/21.828/87.312,,38,,
3月,全部科室(汇总对比),缺失行,剥离子-1/（双）Z7530,1591501,整行,3.0/6.3/18.9,,39,,
3月,全部科室(汇总对比),缺失行,持针器-1/Z1029,1591501,整行,3.0/4.8/14.4,,40,,
3月,全部科室(汇总对比),缺失行,骨锉-1/Z7530,1591501,整行,1.0/4.8/4.8,,41,,
3月,全部科室(汇总对比),缺失行,骨锯-1/Z7526,1591501,整行,2.0/4.8/9.6,,42,,
3月,全部科室(汇总对比),缺失行,剪刀-1/Z1029,1591501,整行,4.0/4.8/19.2,,43,,
3月,全部科室(汇总对比),缺失行,巾钳子-1/Z1029,1591501,整行,3.0/4.8/14.4,,44,,
3月,全部科室(汇总对比),缺失行,拉钩-1/z7520,1591501,整行,5.0/4.8/24.0,,45,,
3月,全部科室(汇总对比),缺失行,连接器-1/z1026,1591501,整行,6.0/4.8/28.8,,46,,
3月,全部科室(汇总对比),缺失行,连接吸脂针-2/Z7530,1591501,整行,1.0/8.1/8.1,,47,,
3月,全部科室(汇总对比),缺失行,双头挖勺-1/Z7526,1591501,整行,1.0/4.8/4.8,,48,,
3月,全部科室(汇总对比),缺失行,头皮夹-1/Z1526,1591501,整行,2.0/6.6/13.2,,49,,
3月,全部科室(汇总对比),缺失行,吸脂针-1/Z7526,1591501,整行,22.0/4.8/105.6,,50,,
3月,全部科室(汇总对比),缺失行,眼袋拉钩-1/Z7526,1591501,整行,3.0/4.8/14.4,,51,,
3月,全部科室(汇总对比),缺失行,咬骨剪-1/双/z2032,1591501,整行,1.0/7.8/7.8,,52,,
3月,全部科室(汇总对比),缺失行,咬骨钳-1/（双）Z2032,1591501,整行,1.0/9.9/9.9,,53,,
3月,全部科室(汇总对比),缺失行,腋嗅刮勺-1/z7526,1591501,整行,1.0/4.8/4.8,,54,,
3月,全部科室(汇总对比),缺失行,凿子-1/z7530,1591501,整行,1.0/4.8/4.8,,55,,
3月,全部科室(汇总对比),缺失行,针/Z7520,1591501,整行,10.0/4.8/48.0,,56,,
3月,全部科室(汇总对比),缺失行,钻头-1/Z7526,1591501,整行,8.0/4.8/38.4,,57,,
3月,全部科室(汇总对比),缺失行,洁牙器（低温）-1/Z7526,1591501,整行,1.0/13.2/13.2,,58,,
3月,全部科室(汇总对比),缺失行,吸脂头-1/Z1020,1591501,整行,1.0/13.2/13.2,,59,,
3月,全部科室(汇总对比),缺失行,吸脂头-2件/Z1026,1591501,整行,2.0/26.4/52.8,,60,,
3月,全部科室(汇总对比),缺失行,消毒缸-4/W9050,1591501,整行,2.0/13.2/26.4,,61,,
3月,全部科室(汇总对比),缺失行,孔巾/Z2535,1591501,整行,3.0/2.4/7.2,,62,,
3月,全部科室(汇总对比),缺失行,骨锉-1/Z7530,1591554,整行,1.0/4.8/4.8,,63,,
3月,全部科室(汇总对比),缺失行,拉钩-1/z7520,1591554,整行,1.0/4.8/4.8,,64,,
3月,全部科室(汇总对比),缺失行,吸脂针-1/Z7526,1591554,整行,2.0/4.8/9.6,,65,,
3月,全部科室(汇总对比),缺失行,凿子-1/z7530,1591554,整行,2.0/4.8/9.6,,66,,
3月,全部科室(汇总对比),缺失行,镊子缸-2（缸底贴日期）/z1535,1591982,整行,1.0/9.9/9.9,,67,,
3月,全部科室(汇总对比),缺失行,双头挖勺-1/Z7526,1591982,整行,1.0/4.8/4.8,,68,,
3月,全部科室(汇总对比),缺失行,手术包-6件（双信封包装 ！）,1591982,整行,3.0/21.828/65.484,,69,,
3月,全部科室(汇总对比),缺失行,消毒缸-4/W9050,1592242,整行,2.0/13.2/26.4,,70,,
3月,全部科室(汇总对比),缺失行,孔巾/Z2535,1592242,整行,9.0/2.4/21.6,,71,,
3月,全部科室(汇总对比),缺失行,手术包-6件（双信封包装 ！）,1592489,整行,2.0/21.828/43.656,,72,,
3月,全部科室(汇总对比),缺失行,孔巾/Z2535,1592489,整行,4.0/2.4/9.6,,73,,
3月,全部科室(汇总对比),缺失行,镊子缸-2（缸底贴日期）/z1535,1592864,整行,3.0/9.9/29.7,,74,,
3月,全部科室(汇总对比),缺失行,蚊式-1/Z1026,1592864,整行,1.0/4.8/4.8,,75,,
3月,全部科室(汇总对比),缺失行,显微止血钳-1/Z1026,1592864,整行,1.0/4.8/4.8,,76,,
3月,全部科室(汇总对比),缺失行,手术包-6件（双信封包装 ！）,1592864,整行,4.0/21.828/87.312,,77,,
3月,全部科室(汇总对比),缺失行,剪刀-1/Z1029,1593260,整行,1.0/4.8/4.8,,78,,
3月,全部科室(汇总对比),缺失行,镊子缸-2（缸底贴日期）/z1535,1593260,整行,1.0/9.9/9.9,,79,,
3月,全部科室(汇总对比),缺失行,小圆针-10/Z7520,1593260,整行,3.0/13.2/39.6,,80,,
3月,全部科室(汇总对比),缺失行,消毒缸-4/W9050,1593260,整行,2.0/13.2/26.4,,81,,
3月,全部科室(汇总对比),缺失行,手术包-6件（双信封包装 ！）,1593260,整行,2.0/21.828/43.656,,82,,
3月,全部科室(汇总对比),缺失行,孔巾/Z2535,1593374,整行,6.0/2.4/14.4,,83,,
3月,全部科室(汇总对比),缺失行,手术包-6件（双信封包装 ！）,1593422,整行,1.0/21.828/21.828,,84,,
3月,全部科室(汇总对比),缺失行,孔巾/Z2535,1593725,整行,2.0/2.4/4.8,,85,,
3月,全部科室(汇总对比),缺失行,孔巾/Z2535,1594070,整行,2.0/2.4/4.8,,86,,
3月,全部科室(汇总对比),缺失行,镊子缸-2（缸底贴日期）/z1535,1594232,整行,1.0/9.9/9.9,,87,,
3月,全部科室(汇总对比),缺失行,消毒缸-4/W9050,1594232,整行,2.0/13.2/26.4,,88,,
3月,全部科室(汇总对比),缺失行,手术包-6件（双信封包装 ！）,1594232,整行,3.0/21.828/65.484,,89,,
3月,全部科室(汇总对比),缺失行,镊子缸-2（缸底贴日期）/z1535,1595050,整行,1.0/9.9/9.9,,90,,
3月,全部科室(汇总对比),缺失行,手术包-6件（双信封包装 ！）,1595050,整行,4.0/21.828/87.312,,91,,
3月,全部科室(汇总对比),缺失行,孔巾/Z2535,1595050,整行,3.0/2.4/7.2,,92,,
3月,全部科室(汇总对比),缺失行,消毒缸-4/W9050,1595414,整行,2.0/13.2/26.4,,93,,
3月,全部科室(汇总对比),缺失行,孔巾/Z2535,1595414,整行,4.0/2.4/9.6,,94,,
3月,全部科室(汇总对比),缺失行,双头挖勺-1/Z7526,1595591,整行,1.0/4.8/4.8,,95,,
3月,全部科室(汇总对比),缺失行,手术包-6件（双信封包装 ！）,1595591,整行,2.0/21.828/43.656,,96,,
3月,全部科室(汇总对比),缺失行,孔巾/Z2535,1596093,整行,2.0/2.4/4.8,,97,,
3月,全部科室(汇总对比),缺失行,剪刀-1/Z1029,1596197,整行,2.0/4.8/9.6,,98,,
3月,全部科室(汇总对比),缺失行,镊子缸-2（缸底贴日期）/z1535,1596197,整行,3.0/9.9/29.7,,99,,
3月,全部科室(汇总对比),缺失行,钻头-1/Z7526,1596197,整行,2.0/4.8/9.6,,100,,
3月,全部科室(汇总对比),缺失行,手术包-6件（双信封包装 ！）,1596197,整行,5.0/21.828/109.14,,101,,
3月,全部科室(汇总对比),缺失行,消毒缸-4/W9050,1596351,整行,2.0/13.2/26.4,,102,,
3月,全部科室(汇总对比),缺失行,尿道探子F20-1（低温）/z2060,1589493,整行,1.0/16.8/16.8,,9,,
3月,全部科室(汇总对比),缺失行,尿道探子F20-1（低温）/z2060,1593427,整行,1.0/16.8/16.8,,10,,
3月,全部科室(汇总对比),缺失行,0°膀胱镜-1件/z2060,1594799,整行,1.0/16.8/16.8,,11,,
3月,全部科室(汇总对比),缺失行,70°膀胱镜-1/双Z1050,1594799,整行,1.0/21.0/21.0,,12,,
3月,全部科室(汇总对比),缺失行,膀胱镜-4件/w9050,1594799,整行,1.0/52.8/52.8,,13,,
3月,全部科室(汇总对比),缺失行,异物钳-1/z1532,1594799,整行,1.0/15.0/15.0,,14,,
3月,全部科室(汇总对比),缺失行,开口器-1/Z1026,1591855,整行,1.0/4.8/4.8,,9,,
3月,全部科室(汇总对比),缺失行,喉镜片（低温）-1/Z1530,1593723,整行,2.0/15.0/30.0,,10,,
3月,全部科室(汇总对比),缺失行,喉镜片（低温）-1/Z1530,1595415,整行,1.0/15.0/15.0,,11,,
3月,全部科室(汇总对比),缺失行,消毒缸-7/w9050,1588234,整行,1.0/23.1/23.1,,9,,
3月,全部科室(汇总对比),缺失行,门皮 手术包-6件（双信封包装！！！）,1588234,整行,1.0/21.828/21.828,,10,,
3月,全部科室(汇总对比),缺失行,镊子-1/Z7526,1588633,整行,1.0/4.8/4.8,,11,,
3月,全部科室(汇总对比),缺失行,止血钳-1/Z1029,1588633,整行,4.0/4.8/19.2,,12,,
3月,全部科室(汇总对比),缺失行,门皮 手术包-6件（双信封包装！！！）,1588633,整行,1.0/21.828/21.828,,13,,
3月,全部科室(汇总对比),缺失行,门皮 手术包-6件（双信封包装！！！）,1588994,整行,4.0/21.828/87.312,,14,,
3月,全部科室(汇总对比),缺失行,镊子-1/Z7526,1589389,整行,1.0/4.8/4.8,,15,,
3月,全部科室(汇总对比),缺失行,止血钳-1/Z1029,1589389,整行,2.0/4.8/9.6,,16,,
3月,全部科室(汇总对比),缺失行,消毒缸-7/w9050,1589389,整行,1.0/23.1/23.1,,17,,
3月,全部科室(汇总对比),缺失行,门皮 手术包-6件（双信封包装！！！）,1589389,整行,4.0/21.828/87.312,,18,,
3月,全部科室(汇总对比),缺失行,门皮 手术包-6件（双信封包装！！！）,1589774,整行,7.0/21.828/152.796,,19,,
3月,全部科室(汇总对比),缺失行,持针器-1/Z1029,1590325,整行,1.0/4.8/4.8,,20,,
3月,全部科室(汇总对比),缺失行,镊子-1/Z7526,1590325,整行,1.0/4.8/4.8,,21,,
3月,全部科室(汇总对比),缺失行,排针-1/Z7520,1590325,整行,1.0/4.8/4.8,,22,,
3月,全部科室(汇总对比),缺失行,止血钳-1/Z1029,1590325,整行,2.0/4.8/9.6,,23,,
3月,全部科室(汇总对比),缺失行,消毒缸-7/w9050,1590325,整行,1.0/23.1/23.1,,24,,
3月,全部科室(汇总对比),缺失行,门皮 手术包-6件（双信封包装！！！）,1590325,整行,2.0/21.828/43.656,,25,,
3月,全部科室(汇总对比),缺失行,门皮 手术包-6件（双信封包装！！！）,1590714,整行,2.0/21.828/43.656,,26,,
3月,全部科室(汇总对比),缺失行,门皮 手术包-6件（双信封包装！！！）,1591091,整行,2.0/21.828/43.656,,27,,
3月,全部科室(汇总对比),缺失行,消毒缸-7/w9050,1591486,整行,1.0/23.1/23.1,,28,,
3月,全部科室(汇总对比),缺失行,门皮 手术包-6件（双信封包装！！！）,1591486,整行,2.0/21.828/43.656,,29,,
3月,全部科室(汇总对比),缺失行,尖镊-1/Z7526,1591891,整行,2.0/4.8/9.6,,30,,
3月,全部科室(汇总对比),缺失行,止血钳-1/Z1029,1591891,整行,3.0/4.8/14.4,,31,,
3月,全部科室(汇总对比),缺失行,门皮 手术包-6件（双信封包装！！！）,1591891,整行,4.0/21.828/87.312,,32,,
3月,全部科室(汇总对比),缺失行,消毒缸-7/w9050,1592240,整行,1.0/23.1/23.1,,33,,
3月,全部科室(汇总对比),缺失行,镊子-1/Z7526,1592493,整行,3.0/4.8/14.4,,34,,
3月,全部科室(汇总对比),缺失行,止血钳-1/Z1029,1592493,整行,3.0/4.8/14.4,,35,,
3月,全部科室(汇总对比),缺失行,镊子-1/Z7526,1592865,整行,1.0/4.8/4.8,,36,,
3月,全部科室(汇总对比),缺失行,止血钳-1/Z1029,1592865,整行,3.0/4.8/14.4,,37,,
3月,全部科室(汇总对比),缺失行,门皮 手术包-6件（双信封包装！！！）,1592865,整行,2.0/21.828/43.656,,38,,
3月,全部科室(汇总对比),缺失行,消毒缸-7/w9050,1593264,整行,1.0/23.1/23.1,,39,,
3月,全部科室(汇总对比),缺失行,消毒缸-7/w9050,1594237,整行,1.0/23.1/23.1,,40,,
3月,全部科室(汇总对比),缺失行,镊子-1/Z7526,1594654,整行,1.0/4.8/4.8,,41,,
3月,全部科室(汇总对比),缺失行,止血钳-1/Z1029,1594654,整行,2.0/4.8/9.6,,42,,
3月,全部科室(汇总对比),缺失行,门皮 手术包-6件（双信封包装！！！）,1594654,整行,5.0/21.828/109.14,,43,,
3月,全部科室(汇总对比),缺失行,门皮 手术包-6件（双信封包装！！！）,1595021,整行,4.0/21.828/87.312,,44,,
3月,全部科室(汇总对比),缺失行,消毒缸-7/w9050,1595376,整行,1.0/23.1/23.1,,45,,
3月,全部科室(汇总对比),缺失行,门皮 手术包-6件（双信封包装！！！）,1595376,整行,1.0/21.828/21.828,,46,,
3月,全部科室(汇总对比),缺失行,艾利斯-1/z1029,1595793,整行,1.0/4.8/4.8,,47,,
3月,全部科室(汇总对比),缺失行,止血钳-1/Z1029,1595793,整行,2.0/4.8/9.6,,48,,
3月,全部科室(汇总对比),缺失行,门皮 手术包-6件（双信封包装！！！）,1595793,整行,2.0/21.828/43.656,,49,,
3月,全部科室(汇总对比),缺失行,消毒缸-7/w9050,1596348,整行,1.0/23.1/23.1,,50,,
3月,全部科室(汇总对比),缺失行,持针器-1/Z1029,1588120,整行,1.0/4.8/4.8,,9,,
3月,全部科室(汇总对比),缺失行,消毒缸-3/ZW7050,1588237,整行,1.0/9.9/9.9,,10,,
3月,全部科室(汇总对比),缺失行,止血钳-1/Z1029,1588993,整行,1.0/4.8/4.8,,11,,
3月,全部科室(汇总对比),缺失行,消毒缸-3/ZW7050,1589387,整行,1.0/9.9/9.9,,12,,
3月,全部科室(汇总对比),缺失行,消毒缸-3/ZW7050,1590333,整行,1.0/9.9/9.9,,13,,
3月,全部科室(汇总对比),缺失行,消毒缸-3/ZW7050,1591487,整行,1.0/9.9/9.9,,14,,
3月,全部科室(汇总对比),缺失行,止血钳-1/Z1029,1592238,整行,1.0/4.8/4.8,,15,,
3月,全部科室(汇总对比),缺失行,消毒缸-3/ZW7050,1592238,整行,1.0/9.9/9.9,,16,,
3月,全部科室(汇总对比),缺失行,止血钳-1/Z1029,1592866,整行,1.0/4.8/4.8,,17,,
3月,全部科室(汇总对比),缺失行,消毒缸-3/ZW7050,1593266,整行,1.0/9.9/9.9,,18,,
3月,全部科室(汇总对比),缺失行,消毒缸-3/ZW7050,1594241,整行,1.0/9.9/9.9,,19,,
3月,全部科室(汇总对比),缺失行,止血钳-1/Z1029,1595381,整行,1.0/4.8/4.8,,20,,
3月,全部科室(汇总对比),缺失行,消毒缸-3/ZW7050,1595381,整行,1.0/9.9/9.9,,21,,
3月,全部科室(汇总对比),缺失行,持针器-1/Z1029,1596345,整行,1.0/4.8/4.8,,22,,
3月,全部科室(汇总对比),缺失行,止血钳-1/Z1029,1596345,整行,1.0/4.8/4.8,,23,,
3月,全部科室(汇总对比),缺失行,消毒缸-3/ZW7050,1596345,整行,1.0/9.9/9.9,,24,,
3月,全部科室(汇总对比),缺失行,蚊式-1/Z1026,1588233,整行,2.0/4.8/9.6,,9,,
3月,全部科室(汇总对比),缺失行,止血钳-1/Z1029,1588233,整行,1.0/4.8/4.8,,10,,
3月,全部科室(汇总对比),缺失行,换药包-2件/w6050,1588233,整行,3.0/9.9/29.7,,11,,
3月,全部科室(汇总对比),缺失行,剪刀1持物罐1/w6050,1588233,整行,1.0/9.9/9.9,,12,,
3月,全部科室(汇总对比),缺失行,蚊式-1/Z1026,1588995,整行,1.0/4.8/4.8,,13,,
3月,全部科室(汇总对比),缺失行,换药包-2件/w6050,1588995,整行,1.0/9.9/9.9,,14,,
3月,全部科室(汇总对比),缺失行,换药包-3/w6050,1588995,整行,1.0/9.9/9.9,,15,,
3月,全部科室(汇总对比),缺失行,剪刀1持物罐1/w6050,1588995,整行,1.0/9.9/9.9,,16,,
3月,全部科室(汇总对比),缺失行,蚊式-1/Z1026,1590326,整行,3.0/4.8/14.4,,17,,
3月,全部科室(汇总对比),缺失行,换药包-2件/w6050,1590326,整行,3.0/9.9/29.7,,18,,
3月,全部科室(汇总对比),缺失行,蚊式-1/Z1026,1590711,整行,3.0/4.8/14.4,,19,,
3月,全部科室(汇总对比),缺失行,止血钳-1/Z1029,1590711,整行,1.0/4.8/4.8,,20,,
3月,全部科室(汇总对比),缺失行,换药包-2件/w6050,1590711,整行,1.0/9.9/9.9,,21,,
3月,全部科室(汇总对比),缺失行,换药包-3/w6050,1590711,整行,1.0/9.9/9.9,,22,,
3月,全部科室(汇总对比),缺失行,剪刀1持物罐1/w6050,1590711,整行,1.0/9.9/9.9,,23,,
3月,全部科室(汇总对比),缺失行,换药包-2件/w6050,1591090,整行,1.0/9.9/9.9,,24,,
3月,全部科室(汇总对比),缺失行,蚊式-1/Z1026,1592492,整行,3.0/4.8/14.4,,25,,
3月,全部科室(汇总对比),缺失行,换药包-2件/w6050,1592492,整行,3.0/9.9/29.7,,26,,
3月,全部科室(汇总对比),缺失行,剪刀1持物罐1/w6050,1592492,整行,1.0/9.9/9.9,,27,,
3月,全部科室(汇总对比),缺失行,换药包-2件/w6050,1592895,整行,1.0/9.9/9.9,,28,,
3月,全部科室(汇总对比),缺失行,换药包-3/w6050,1592895,整行,1.0/9.9/9.9,,29,,
3月,全部科室(汇总对比),缺失行,蚊式-1/Z1026,1594239,整行,3.0/4.8/14.4,,30,,
3月,全部科室(汇总对比),缺失行,换药包-2件/w6050,1594239,整行,4.0/9.9/39.6,,31,,
3月,全部科室(汇总对比),缺失行,剪刀1持物罐1/w6050,1594239,整行,1.0/9.9/9.9,,32,,
3月,全部科室(汇总对比),缺失行,蚊式-1/Z1026,1595025,整行,4.0/4.8/19.2,,33,,
3月,全部科室(汇总对比),缺失行,换药包（小弯1碗1）-2件/w6050,1595025,整行,1.0/9.9/9.9,,34,,
3月,全部科室(汇总对比),缺失行,换药包-2件/w6050,1595025,整行,3.0/9.9/29.7,,35,,
3月,全部科室(汇总对比),缺失行,蚊式-1/Z1026,1596352,整行,2.0/4.8/9.6,,36,,
3月,全部科室(汇总对比),缺失行,换药包（蚊式1碗1）-2件/w6050,1596352,整行,3.0/9.9/29.7,,37,,
3月,全部科室(汇总对比),缺失行,剪刀1持物罐1/w6050,1596352,整行,1.0/9.9/9.9,,38,,
3月,全部科室(汇总对比),缺失行,开口器-1/Z1026,1591984,整行,1.0/4.8/4.8,,9,,
3月,全部科室(汇总对比),缺失行,压舌板-1/Z7526,1591984,整行,1.0/4.8/4.8,,10,,
3月,全部科室(汇总对比),缺失行,喉镜片（低温）-1/Z1530,1591984,整行,3.0/15.0/45.0,,11,,
3月,全部科室(汇总对比),缺失行,简易呼吸器-1件/Z3060,1592138,整行,1.0/21.0/21.0,,12,,
3月,全部科室(汇总对比),缺失行,开腹（66件）,1588119,整行,1.0/227.7/227.7,,9,,
3月,全部科室(汇总对比),缺失行,普外肠道腔镜器械（56件）,1588119,整行,1.0/188.1/188.1,,10,,
3月,全部科室(汇总对比),缺失行,超声刀线-1/z3040,1588119,整行,1.0/21.0/21.0,,11,,
3月,全部科室(汇总对比),缺失行,3D镜头-1件/Z2060,1588119,整行,1.0/16.8/16.8,,12,,
3月,全部科室(汇总对比),缺失行,持物钳罐-5件/w6050,1588119,整行,1.0/16.5/16.5,,13,,
3月,全部科室(汇总对比),缺失行,手术衣-1件/W9050,1588124,整行,3.0/15.0/45.0,,14,,
3月,全部科室(汇总对比),缺失行,刷手服/W12050,1588141,整行,3.0/21.0/63.0,,15,,
3月,全部科室(汇总对比),缺失行,单子/W12050,1588156,整行,2.0/21.0/42.0,,16,,
3月,全部科室(汇总对比),缺失行,开腹（66件）,1588390,整行,1.0/227.7/227.7,,17,,
3月,全部科室(汇总对比),缺失行,普外肠道腔镜器械（56件）,1588390,整行,1.0/188.1/188.1,,18,,
3月,全部科室(汇总对比),缺失行,钻孔-81件,1588390,整行,1.0/270.6/270.6,,19,,
3月,全部科室(汇总对比),缺失行,妇科针-2/Z7537,1588390,整行,1.0/8.1/8.1,,20,,
3月,全部科室(汇总对比),缺失行,超声刀线-1/z3040,1588390,整行,1.0/21.0/21.0,,21,,
3月,全部科室(汇总对比),缺失行,妇科检查包-16件,1588390,整行,2.0/52.8/105.6,,22,,
3月,全部科室(汇总对比),缺失行,眼包（8件）,1588390,整行,1.0/26.4/26.4,,23,,
3月,全部科室(汇总对比),缺失行,3D镜头-1件/Z2060,1588390,整行,1.0/16.8/16.8,,24,,
3月,全部科室(汇总对比),缺失行,检查镜-12度-3/Z2060,1588390,整行,1.0/39.6/39.6,,25,,
3月,全部科室(汇总对比),缺失行,持物钳罐-5件/w6050,1588390,整行,1.0/16.5/16.5,,26,,
3月,全部科室(汇总对比),缺失行,开腹（66件）,1588730,整行,1.0/227.7/227.7,,27,,
3月,全部科室(汇总对比),缺失行,普外肠道腔镜器械（56件）,1588730,整行,1.0/188.1/188.1,,28,,
3月,全部科室(汇总对比),缺失行,切开（28件）,1588730,整行,2.0/95.7/191.4,,29,,
3月,全部科室(汇总对比),缺失行,妇科针-2/Z7537,1588730,整行,2.0/8.1/16.2,,30,,
3月,全部科室(汇总对比),缺失行,蚊式-6/Z1526,1588730,整行,1.0/19.8/19.8,,31,,
3月,全部科室(汇总对比),缺失行,PRD生物夹钳(绿)-1/（双，保）Z2060,1588730,整行,1.0/21.0/21.0,,32,,
3月,全部科室(汇总对比),缺失行,单极线-1/Z3040,1588730,整行,1.0/21.0/21.0,,33,,
3月,全部科室(汇总对比),缺失行,电切环-1/Z7526,1588730,整行,2.0/13.2/26.4,,34,,
3月,全部科室(汇总对比),缺失行,胃钳子-1/Z2060（低温）,1588730,整行,1.0/16.8/16.8,,35,,
3月,全部科室(汇总对比),缺失行,妇科检查包-16件,1588730,整行,3.0/52.8/158.4,,36,,
3月,全部科室(汇总对比),缺失行,3D镜头-1件/Z2060,1588730,整行,1.0/16.8/16.8,,37,,
3月,全部科室(汇总对比),缺失行,妇科治疗镜A 12度-5件盒1/W12050,1588730,整行,1.0/52.8/52.8,,38,,
3月,全部科室(汇总对比),缺失行,妇科治疗镜B 12度-5件盒1/W12050,1588730,整行,1.0/52.8/52.8,,39,,
3月,全部科室(汇总对比),缺失行,检查镜-12度-3/Z2060,1588730,整行,1.0/39.6/39.6,,40,,
3月,全部科室(汇总对比),缺失行,持物钳罐-5件/w6050,1588730,整行,5.0/16.5/82.5,,41,,
3月,全部科室(汇总对比),缺失行,扩棒（7-9.5）-6件/W6050,1588730,整行,1.0/19.8/19.8,,42,,
3月,全部科室(汇总对比),缺失行,扩棒（8-10.5）-6件/W6050,1588730,整行,1.0/19.8/19.8,,43,,
3月,全部科室(汇总对比),缺失行,单子/W12050,1588742,整行,1.0/21.0/21.0,,44,,
3月,全部科室(汇总对比),缺失行,刷手服/W12050,1588742,整行,2.0/21.0/42.0,,45,,
3月,全部科室(汇总对比),缺失行,腹腔镜基础包23件,1589118,整行,1.0/79.2/79.2,,46,,
3月,全部科室(汇总对比),缺失行,开腹（66件）,1589118,整行,1.0/227.7/227.7,,47,,
3月,全部科室(汇总对比),缺失行,普外腹腔镜D(45件）,1589118,整行,1.0/151.8/151.8,,48,,
3月,全部科室(汇总对比),缺失行,切开（28件）,1589118,整行,1.0/95.7/95.7,,49,,
3月,全部科室(汇总对比),缺失行,大拉钩-4件（加筐5件）/W905060,1589118,整行,1.0/16.5/16.5,,50,,
3月,全部科室(汇总对比),缺失行,拉钩-2/z1026,1589118,整行,1.0/8.1/8.1,,51,,
3月,全部科室(汇总对比),缺失行,超声刀线-1/z3040,1589118,整行,2.0/21.0/42.0,,52,,
3月,全部科室(汇总对比),缺失行,单极线-1/Z3040,1589118,整行,1.0/21.0/21.0,,53,,
3月,全部科室(汇总对比),缺失行,生物夹钳-1/（双，保护）Z2060,1589118,整行,2.0/21.0/42.0,,54,,
3月,全部科室(汇总对比),缺失行,胃钳子-1/Z2060（低温）,1589118,整行,1.0/16.8/16.8,,55,,
3月,全部科室(汇总对比),缺失行,2D镜头-1件/Z2060,1589118,整行,1.0/16.8/16.8,,56,,
3月,全部科室(汇总对比),缺失行,持物钳罐-5件/w6050,1589118,整行,3.0/16.5/49.5,,57,,
3月,全部科室(汇总对比),缺失行,大盆2弯盘2碗1/w9050,1589118,整行,1.0/16.5/16.5,,58,,
3月,全部科室(汇总对比),缺失行,小碗-2/W6050,1589118,整行,1.0/9.9/9.9,,59,,
3月,全部科室(汇总对比),缺失行,超声刀线-1/z3040,1589332,整行,1.0/21.0/21.0,,60,,
3月,全部科室(汇总对比),缺失行,30 度镜头-1(威沙普)/Z2060,1589332,整行,1.0/16.8/16.8,,61,,
3月,全部科室(汇总对比),缺失行,腹腔镜基础包23件,1589333,整行,1.0/79.2/79.2,,62,,
3月,全部科室(汇总对比),缺失行,普外腹腔镜A(44件）,1589333,整行,1.0/148.5/148.5,,63,,
3月,全部科室(汇总对比),缺失行,小拉勾-2/Z1026,1589333,整行,1.0/8.1/8.1,,64,,
3月,全部科室(汇总对比),缺失行,腿套/Z2032,1589399,整行,2.0/2.4/4.8,,65,,
3月,全部科室(汇总对比),缺失行,单子/W12050,1589485,整行,2.0/21.0/42.0,,66,,
3月,全部科室(汇总对比),缺失行,刷手服/W12050,1589485,整行,2.0/21.0/42.0,,67,,
3月,全部科室(汇总对比),缺失行,妇科腹腔镜A（46件）,1589494,整行,1.0/155.1/155.1,,68,,
3月,全部科室(汇总对比),缺失行,妇科子宫旋切器A（17件）,1589494,整行,1.0/59.4/59.4,,69,,
3月,全部科室(汇总对比),缺失行,腹腔镜基础包23件,1589494,整行,2.0/79.2/158.4,,70,,
3月,全部科室(汇总对比),缺失行,举宫杯-15件,1589494,整行,1.0/52.8/52.8,,71,,
3月,全部科室(汇总对比),缺失行,流产包A（29件）,1589494,整行,1.0/99.0/99.0,,72,,
3月,全部科室(汇总对比),缺失行,普外腹腔镜D(45件）,1589494,整行,1.0/151.8/151.8,,73,,
3月,全部科室(汇总对比),缺失行,超声刀线-1/z3040,1589494,整行,2.0/21.0/42.0,,74,,
3月,全部科室(汇总对比),缺失行,单极线-1/Z3040,1589494,整行,1.0/21.0/21.0,,75,,
3月,全部科室(汇总对比),缺失行,妇科旋切手柄-2/z2035,1589494,整行,2.0/26.4/52.8,,76,,
3月,全部科室(汇总对比),缺失行,3D镜头-1件/Z2060,1589494,整行,1.0/16.8/16.8,,77,,
3月,全部科室(汇总对比),缺失行,妇科镜头0度-1/Z2060,1589494,整行,1.0/16.8/16.8,,78,,
3月,全部科室(汇总对比),缺失行,持物钳罐-5件/w6050,1589494,整行,4.0/16.5/66.0,,79,,
3月,全部科室(汇总对比),缺失行,PRD生物夹钳(紫)-1/（双，保）Z2060,1589749,整行,2.0/21.0/42.0,,80,,
3月,全部科室(汇总对比),缺失行,超声刀线-1/z3040,1589749,整行,2.0/21.0/42.0,,81,,
3月,全部科室(汇总对比),缺失行,持针器-1（低温等离子）/双/Z1555,1589749,整行,1.0/21.0/21.0,,82,,
3月,全部科室(汇总对比),缺失行,单极线-1/Z3040,1589749,整行,1.0/21.0/21.0,,83,,
3月,全部科室(汇总对比),缺失行,电切环-1/Z7526,1589749,整行,3.0/13.2/39.6,,84,,
3月,全部科室(汇总对比),缺失行,胃钳子-1/Z2060（低温）,1589749,整行,2.0/16.8/33.6,,85,,
3月,全部科室(汇总对比),缺失行,2D镜头-1件/Z2060,1589749,整行,1.0/16.8/16.8,,86,,
3月,全部科室(汇总对比),缺失行,30 度镜头-1(威沙普)/Z2060,1589749,整行,1.0/16.8/16.8,,87,,
3月,全部科室(汇总对比),缺失行,妇科治疗镜A 12度-5件盒1/W12050,1589749,整行,1.0/52.8/52.8,,88,,
3月,全部科室(汇总对比),缺失行,妇儿（64件）,1589750,整行,1.0/217.8/217.8,,89,,
3月,全部科室(汇总对比),缺失行,开腹（66件）,1589750,整行,2.0/227.7/455.4,,90,,
3月,全部科室(汇总对比),缺失行,流产包B（29件）,1589750,整行,1.0/99.0/99.0,,91,,
3月,全部科室(汇总对比),缺失行,普外肠道腔镜器械（56件）,1589750,整行,1.0/188.1/188.1,,92,,
3月,全部科室(汇总对比),缺失行,普外腹腔镜B(44件）,1589750,整行,1.0/148.5/148.5,,93,,
3月,全部科室(汇总对比),缺失行,阴式（59件）,1589750,整行,1.0/201.3/201.3,,94,,
3月,全部科室(汇总对比),缺失行,持针器-1/Z1029,1589750,整行,1.0/4.8/4.8,,95,,
3月,全部科室(汇总对比),缺失行,妇科针-2/Z7537,1589750,整行,1.0/8.1/8.1,,96,,
3月,全部科室(汇总对比),缺失行,荷包钳-1/（双）Z1540,1589750,整行,1.0/9.9/9.9,,97,,
3月,全部科室(汇总对比),缺失行,巾钳子-2/Z1530,1589750,整行,1.0/9.9/9.9,,98,,
3月,全部科室(汇总对比),缺失行,拉钩-2/z1026,1589750,整行,1.0/8.1/8.1,,99,,
3月,全部科室(汇总对比),缺失行,止血钳-2/Z1530,1589750,整行,1.0/9.9/9.9,,100,,
3月,全部科室(汇总对比),缺失行,妇科检查包-16件,1589750,整行,3.0/52.8/158.4,,101,,
3月,全部科室(汇总对比),缺失行,持物钳罐-5件/w6050,1589750,整行,5.0/16.5/82.5,,102,,
3月,全部科室(汇总对比),缺失行,扩棒（7-9.5）-6件/W6050,1589750,整行,1.0/19.8/19.8,,103,,
3月,全部科室(汇总对比),缺失行,腹腔镜基础包23件,1589916,整行,1.0/79.2/79.2,,104,,
3月,全部科室(汇总对比),缺失行,普外腹腔镜C(45件）,1589916,整行,1.0/151.8/151.8,,105,,
3月,全部科室(汇总对比),缺失行,切开（28件）,1589916,整行,1.0/95.7/95.7,,106,,
3月,全部科室(汇总对比),缺失行,肛门窥器-1/双/Z1526,1589916,整行,1.0/11.1/11.1,,107,,
3月,全部科室(汇总对比),缺失行,肛门拉钩-2/Z1526,1589916,整行,1.0/9.9/9.9,,108,,
3月,全部科室(汇总对比),缺失行,单极线-1/Z3040,1589916,整行,1.0/21.0/21.0,,109,,
3月,全部科室(汇总对比),缺失行,红帽-1/Z7520,1589916,整行,3.0/13.2/39.6,,110,,
3月,全部科室(汇总对比),缺失行,30 度镜头-1(STORZE)/Z2060,1589916,整行,1.0/16.8/16.8,,111,,
3月,全部科室(汇总对比),缺失行,持物钳罐-5件/w6050,1589916,整行,2.0/16.5/33.0,,112,,
3月,全部科室(汇总对比),缺失行,开腹（66件）,1590140,整行,1.0/227.7/227.7,,113,,
3月,全部科室(汇总对比),缺失行,普外腹腔镜A(44件）,1590140,整行,1.0/148.5/148.5,,114,,
3月,全部科室(汇总对比),缺失行,荷包钳-1/（双）Z1540,1590140,整行,1.0/9.9/9.9,,115,,
3月,全部科室(汇总对比),缺失行,取环勾-1/7530,1590140,整行,1.0/4.8/4.8,,116,,
3月,全部科室(汇总对比),缺失行,妇科检查包-16件,1590140,整行,2.0/52.8/105.6,,117,,
3月,全部科室(汇总对比),缺失行,持物钳罐-5件/w6050,1590140,整行,2.0/16.5/33.0,,118,,
3月,全部科室(汇总对比),缺失行,超声刀线-1/z3040,1590142,整行,1.0/21.0/21.0,,119,,
3月,全部科室(汇总对比),缺失行,单极线-1/Z3040,1590142,整行,1.0/21.0/21.0,,120,,
3月,全部科室(汇总对比),缺失行,生物夹钳-1/（双，保护）Z2060,1590142,整行,2.0/21.0/42.0,,121,,
3月,全部科室(汇总对比),缺失行,胃钳子-1/Z2060（低温）,1590142,整行,2.0/16.8/33.6,,122,,
3月,全部科室(汇总对比),缺失行,3D镜头-1件/Z2060,1590142,整行,1.0/16.8/16.8,,123,,
3月,全部科室(汇总对比),缺失行,单子/W12050,1590198,整行,2.0/21.0/42.0,,124,,
3月,全部科室(汇总对比),缺失行,手术衣-1件/W9050,1590198,整行,3.0/15.0/45.0,,125,,
3月,全部科室(汇总对比),缺失行,刷手服/W12050,1590203,整行,2.0/21.0/42.0,,126,,
3月,全部科室(汇总对比),缺失行,单子/W12050,1590830,整行,1.0/21.0/21.0,,127,,
3月,全部科室(汇总对比),缺失行,刷手服/W12050,1590830,整行,1.0/21.0/21.0,,128,,
3月,全部科室(汇总对比),缺失行,腹腔镜基础包23件,1590866,整行,2.0/79.2/158.4,,129,,
3月,全部科室(汇总对比),缺失行,绝育（34件）,1590866,整行,1.0/115.5/115.5,,130,,
3月,全部科室(汇总对比),缺失行,普外腹腔镜B(44件）,1590866,整行,1.0/148.5/148.5,,131,,
3月,全部科室(汇总对比),缺失行,普外腹腔镜C(45件）,1590866,整行,1.0/151.8/151.8,,132,,
3月,全部科室(汇总对比),缺失行,下肢内固定（35件）,1590866,整行,1.0/118.8/118.8,,133,,
3月,全部科室(汇总对比),缺失行,妇科针-2/Z7537,1590866,整行,1.0/8.1/8.1,,134,,
3月,全部科室(汇总对比),缺失行,凿子-1/z7530,1590866,整行,2.0/4.8/9.6,,135,,
3月,全部科室(汇总对比),缺失行,妇科检查包-16件,1590866,整行,1.0/52.8/52.8,,136,,
3月,全部科室(汇总对比),缺失行,持物钳罐-5件/w6050,1590866,整行,3.0/16.5/49.5,,137,,
3月,全部科室(汇总对比),缺失行,骨刀-1/W6050,1590866,整行,2.0/9.9/19.8,,138,,
3月,全部科室(汇总对比),缺失行,扩棒（7-9.5）-6件/W6050,1590866,整行,1.0/19.8/19.8,,139,,
3月,全部科室(汇总对比),缺失行,超声刀线-1/z3040,1590868,整行,2.0/21.0/42.0,,140,,
3月,全部科室(汇总对比),缺失行,单极线-1/Z3040,1590868,整行,2.0/21.0/42.0,,141,,
3月,全部科室(汇总对比),缺失行,电切环-1/Z7526,1590868,整行,1.0/13.2/13.2,,142,,
3月,全部科室(汇总对比),缺失行,生物夹钳-1/（双，保护）Z2060,1590868,整行,3.0/21.0/63.0,,143,,
3月,全部科室(汇总对比),缺失行,2D镜头-1件/Z2060,1590868,整行,1.0/16.8/16.8,,144,,
3月,全部科室(汇总对比),缺失行,3D镜头-1件/Z2060,1590868,整行,1.0/16.8/16.8,,145,,
3月,全部科室(汇总对比),缺失行,检查镜-12度-3/Z2060,1590868,整行,1.0/39.6/39.6,,146,,
3月,全部科室(汇总对比),缺失行,腹腔镜基础包23件,1591199,整行,2.0/79.2/158.4,,147,,
3月,全部科室(汇总对比),缺失行,绝育（34件）,1591199,整行,2.0/115.5/231.0,,148,,
3月,全部科室(汇总对比),缺失行,开腹（66件）,1591199,整行,2.0/227.7/455.4,,149,,
3月,全部科室(汇总对比),缺失行,普外肠道腔镜器械（56件）,1591199,整行,1.0/188.1/188.1,,150,,
3月,全部科室(汇总对比),缺失行,普外腹腔镜A(44件）,1591199,整行,1.0/148.5/148.5,,151,,
3月,全部科室(汇总对比),缺失行,普外腹腔镜C(45件）,1591199,整行,1.0/151.8/151.8,,152,,
3月,全部科室(汇总对比),缺失行,普外腹腔镜D(45件）,1591199,整行,1.0/151.8/151.8,,153,,
3月,全部科室(汇总对比),缺失行,切开（28件）,1591199,整行,1.0/95.7/95.7,,154,,
3月,全部科室(汇总对比),缺失行,下肢内固定（35件）,1591199,整行,1.0/118.8/118.8,,155,,
3月,全部科室(汇总对比),缺失行,妇科针-2/Z7537,1591199,整行,1.0/8.1/8.1,,156,,
3月,全部科室(汇总对比),缺失行,荷包钳-1/（双）Z1540,1591199,整行,1.0/9.9/9.9,,157,,
3月,全部科室(汇总对比),缺失行,皮钩-2/z1026,1591199,整行,1.0/8.1/8.1,,158,,
3月,全部科室(汇总对比),缺失行,取环勾-1/7530,1591199,整行,1.0/4.8/4.8,,159,,
3月,全部科室(汇总对比),缺失行,妇科检查包-16件,1591199,整行,3.0/52.8/158.4,,160,,
3月,全部科室(汇总对比),缺失行,持物钳罐-5件/w6050,1591199,整行,7.0/16.5/115.5,,161,,
3月,全部科室(汇总对比),缺失行,锤子-1/W6050,1591199,整行,1.0/9.9/9.9,,162,,
3月,全部科室(汇总对比),缺失行,骨刀-4/w6050,1591199,整行,1.0/13.2/13.2,,163,,
3月,全部科室(汇总对比),缺失行,扩棒（8-10.5）-6件/W6050,1591199,整行,1.0/19.8/19.8,,164,,
3月,全部科室(汇总对比),缺失行,超声刀线-1/z3040,1591208,整行,4.0/21.0/84.0,,165,,
3月,全部科室(汇总对比),缺失行,单极线-1/Z3040,1591208,整行,2.0/21.0/42.0,,166,,
3月,全部科室(汇总对比),缺失行,电凝铲-1/Z7550,1591208,整行,1.0/13.2/13.2,,167,,
3月,全部科室(汇总对比),缺失行,康基可吸收施夹钳-1/双Z2060,1591208,整行,1.0/21.0/21.0,,168,,
3月,全部科室(汇总对比),缺失行,生物夹钳-1/（双，保护）Z2060,1591208,整行,3.0/21.0/63.0,,169,,
3月,全部科室(汇总对比),缺失行,胃钳-1件（低温）/（双，保）Z2060,1591208,整行,2.0/21.0/42.0,,170,,
3月,全部科室(汇总对比),缺失行,2D镜头-1件/Z2060,1591208,整行,1.0/16.8/16.8,,171,,
3月,全部科室(汇总对比),缺失行,30 度镜头-1(STORZE)/Z2060,1591208,整行,1.0/16.8/16.8,,172,,
3月,全部科室(汇总对比),缺失行,30 度镜头-1(威沙普)/Z2060,1591208,整行,1.0/16.8/16.8,,173,,
3月,全部科室(汇总对比),缺失行,3D镜头-1件/Z2060,1591208,整行,1.0/16.8/16.8,,174,,
3月,全部科室(汇总对比),缺失行,妇科治疗镜A 12度-5件盒1/W12050,1591208,整行,1.0/52.8/52.8,,175,,
3月,全部科室(汇总对比),缺失行,检查镜-12度-3/Z2060,1591208,整行,1.0/39.6/39.6,,176,,
3月,全部科室(汇总对比),缺失行,超声刀线-1/z3040,1591444,整行,2.0/21.0/42.0,,177,,
3月,全部科室(汇总对比),缺失行,2D镜头-1件/Z2060,1591444,整行,1.0/16.8/16.8,,178,,
3月,全部科室(汇总对比),缺失行,30 度镜头-1(威沙普)/Z2060,1591444,整行,1.0/16.8/16.8,,179,,
3月,全部科室(汇总对比),缺失行,单子/W12050,1591575,整行,1.0/21.0/21.0,,180,,
3月,全部科室(汇总对比),缺失行,刷手服/W12050,1591575,整行,1.0/21.0/21.0,,181,,
3月,全部科室(汇总对比),缺失行,超声刀线-1/z3040,1591596,整行,1.0/21.0/21.0,,182,,
3月,全部科室(汇总对比),缺失行,单极线-1/Z3040,1591596,整行,1.0/21.0/21.0,,183,,
3月,全部科室(汇总对比),缺失行,电切环-1/Z7526,1591596,整行,2.0/13.2/26.4,,184,,
3月,全部科室(汇总对比),缺失行,生物夹钳-1/（双，保护）Z2060,1591596,整行,4.0/21.0/84.0,,185,,
3月,全部科室(汇总对比),缺失行,3D镜头-1件/Z2060,1591596,整行,1.0/16.8/16.8,,186,,
3月,全部科室(汇总对比),缺失行,腹腔镜基础包23件,1591597,整行,2.0/79.2/158.4,,187,,
3月,全部科室(汇总对比),缺失行,开腹（66件）,1591597,整行,1.0/227.7/227.7,,188,,
3月,全部科室(汇总对比),缺失行,普外肠道腔镜器械（56件）,1591597,整行,1.0/188.1/188.1,,189,,
3月,全部科室(汇总对比),缺失行,普外腹腔镜A(44件）,1591597,整行,1.0/148.5/148.5,,190,,
3月,全部科室(汇总对比),缺失行,普外腹腔镜B(44件）,1591597,整行,1.0/148.5/148.5,,191,,
3月,全部科室(汇总对比),缺失行,持物钳罐-5件/w6050,1591597,整行,3.0/16.5/49.5,,192,,
3月,全部科室(汇总对比),缺失行,腹腔镜基础包23件,1591856,整行,2.0/79.2/158.4,,193,,
3月,全部科室(汇总对比),缺失行,开腹（66件）,1591856,整行,1.0/227.7/227.7,,194,,
3月,全部科室(汇总对比),缺失行,普外腹腔镜C(45件）,1591856,整行,1.0/151.8/151.8,,195,,
3月,全部科室(汇总对比),缺失行,普外腹腔镜E(42件）,1591856,整行,1.0/141.9/141.9,,196,,
3月,全部科室(汇总对比),缺失行,大拉钩-4件（加筐5件）/W905060,1591856,整行,1.0/16.5/16.5,,197,,
3月,全部科室(汇总对比),缺失行,超声刀线-1/z3040,1591856,整行,2.0/21.0/42.0,,198,,
3月,全部科室(汇总对比),缺失行,持针器-1（低温等离子）/双/Z1555,1591856,整行,1.0/21.0/21.0,,199,,
3月,全部科室(汇总对比),缺失行,单极线-1/Z3040,1591856,整行,1.0/21.0/21.0,,200,,
3月,全部科室(汇总对比),缺失行,胆道镜-1/双/Z3095,1591856,整行,1.0/180.0/180.0,,201,,
3月,全部科室(汇总对比),缺失行,生物夹钳-1/（双，保护）Z2060,1591856,整行,1.0/21.0/21.0,,202,,
3月,全部科室(汇总对比),缺失行,推结器-1/Z7560,1591856,整行,1.0/13.2/13.2,,203,,
3月,全部科室(汇总对比),缺失行,2D镜头-1件/Z2060,1591856,整行,1.0/16.8/16.8,,204,,
3月,全部科室(汇总对比),缺失行,30 度镜头-1(威沙普)/Z2060,1591856,整行,1.0/16.8/16.8,,205,,
3月,全部科室(汇总对比),缺失行,持物钳罐-5件/w6050,1591856,整行,3.0/16.5/49.5,,206,,
3月,全部科室(汇总对比),缺失行,超声刀线-1/z3040,1591985,整行,2.0/21.0/42.0,,207,,
3月,全部科室(汇总对比),缺失行,单极线-1/Z3040,1591985,整行,1.0/21.0/21.0,,208,,
3月,全部科室(汇总对比),缺失行,生物夹钳-1/（双，保护）Z2060,1591985,整行,1.0/21.0/21.0,,209,,
3月,全部科室(汇总对比),缺失行,胃钳-1件（低温）/（双，保）Z2060,1591985,整行,1.0/21.0/21.0,,210,,
3月,全部科室(汇总对比),缺失行,30 度镜头-1(威沙普)/Z2060,1591985,整行,1.0/16.8/16.8,,211,,
3月,全部科室(汇总对比),缺失行,3D镜头-1件/Z2060,1591985,整行,1.0/16.8/16.8,,212,,
3月,全部科室(汇总对比),缺失行,检查镜-12度-3/Z2060,1591985,整行,1.0/39.6/39.6,,213,,
3月,全部科室(汇总对比),缺失行,腹腔镜基础包23件,1591986,整行,2.0/79.2/158.4,,214,,
3月,全部科室(汇总对比),缺失行,绝育（34件）,1591986,整行,1.0/115.5/115.5,,215,,
3月,全部科室(汇总对比),缺失行,阑尾40件（无纺布）,1591986,整行,1.0/138.6/138.6,,216,,
3月,全部科室(汇总对比),缺失行,普外腹腔镜A(44件）,1591986,整行,1.0/148.5/148.5,,217,,
3月,全部科室(汇总对比),缺失行,普外腹腔镜D(45件）,1591986,整行,1.0/151.8/151.8,,218,,
3月,全部科室(汇总对比),缺失行,切开（28件）,1591986,整行,1.0/95.7/95.7,,219,,
3月,全部科室(汇总对比),缺失行,下肢内固定（35件）,1591986,整行,1.0/118.8/118.8,,220,,
3月,全部科室(汇总对比),缺失行,妇科针-2/Z7537,1591986,整行,1.0/8.1/8.1,,221,,
3月,全部科室(汇总对比),缺失行,妇科检查包-16件,1591986,整行,1.0/52.8/52.8,,222,,
3月,全部科室(汇总对比),缺失行,眼包（8件）,1591986,整行,1.0/26.4/26.4,,223,,
3月,全部科室(汇总对比),缺失行,持物钳罐-5件/w6050,1591986,整行,5.0/16.5/82.5,,224,,
3月,全部科室(汇总对比),缺失行,单子/W12050,1592278,整行,4.0/21.0/84.0,,225,,
3月,全部科室(汇总对比),缺失行,刷手服/W12050,1592278,整行,2.0/21.0/42.0,,226,,
3月,全部科室(汇总对比),缺失行,PRD生物夹钳(绿)-1/（双，保）Z2060,1592609,整行,1.0/21.0/21.0,,227,,
3月,全部科室(汇总对比),缺失行,超声刀线-1/z3040,1592609,整行,3.0/21.0/63.0,,228,,
3月,全部科室(汇总对比),缺失行,单极线-1/Z3040,1592609,整行,1.0/21.0/21.0,,229,,
3月,全部科室(汇总对比),缺失行,康基可吸收施夹钳-1/双Z2060,1592609,整行,1.0/21.0/21.0,,230,,
3月,全部科室(汇总对比),缺失行,胃钳-1件（低温）/（双，保）Z2060,1592609,整行,1.0/21.0/21.0,,231,,
3月,全部科室(汇总对比),缺失行,2D镜头-1件/Z2060,1592609,整行,1.0/16.8/16.8,,232,,
3月,全部科室(汇总对比),缺失行,30 度镜头-1(威沙普)/Z2060,1592609,整行,1.0/16.8/16.8,,233,,
3月,全部科室(汇总对比),缺失行,3D镜头-1件/Z2060,1592609,整行,1.0/16.8/16.8,,234,,
3月,全部科室(汇总对比),缺失行,腹腔镜基础包23件,1592618,整行,3.0/79.2/237.6,,235,,
3月,全部科室(汇总对比),缺失行,普外腹腔镜A(44件）,1592618,整行,1.0/148.5/148.5,,236,,
3月,全部科室(汇总对比),缺失行,普外腹腔镜B(44件）,1592618,整行,1.0/148.5/148.5,,237,,
3月,全部科室(汇总对比),缺失行,普外腹腔镜C(45件）,1592618,整行,1.0/151.8/151.8,,238,,
3月,全部科室(汇总对比),缺失行,西山磨钻-4件（加筐5件）/W905060,1592618,整行,1.0/16.5/16.5,,239,,
3月,全部科室(汇总对比),缺失行,持针器-1/Z1029,1592618,整行,1.0/4.8/4.8,,240,,
3月,全部科室(汇总对比),缺失行,大直角-2/Z1530,1592618,整行,1.0/9.9/9.9,,241,,
3月,全部科室(汇总对比),缺失行,骨膜剥离子-1/（双）Z7530,1592618,整行,2.0/6.3/12.6,,242,,
3月,全部科室(汇总对比),缺失行,刮勺-1/Z7530,1592618,整行,1.0/4.8/4.8,,243,,
3月,全部科室(汇总对比),缺失行,木把螺丝刀-1/Z7526,1592618,整行,1.0/4.8/4.8,,244,,
3月,全部科室(汇总对比),缺失行,取皮刀片-2/z7526,1592618,整行,1.0/8.1/8.1,,245,,
3月,全部科室(汇总对比),缺失行,取石钳-1/Z2032,1592618,整行,1.0/7.8/7.8,,246,,
3月,全部科室(汇总对比),缺失行,小爪钩-2/z1530,1592618,整行,1.0/9.9/9.9,,247,,
3月,全部科室(汇总对比),缺失行,阴道拉钩-2/Z2032,1592618,整行,1.0/9.9/9.9,,248,,
3月,全部科室(汇总对比),缺失行,持物钳罐-5件/w6050,1592618,整行,2.0/16.5/33.0,,249,,
3月,全部科室(汇总对比),缺失行,骨刀-5/W605050,1592618,整行,1.0/16.5/16.5,,250,,
3月,全部科室(汇总对比),缺失行,自动拉钩-1 /W9050,1592618,整行,1.0/9.9/9.9,,251,,
3月,全部科室(汇总对比),缺失行,腹腔镜基础包23件,1593018,整行,2.0/79.2/158.4,,252,,
3月,全部科室(汇总对比),缺失行,普外腹腔镜C(45件）,1593018,整行,1.0/151.8/151.8,,253,,
3月,全部科室(汇总对比),缺失行,普外腹腔镜D(45件）,1593018,整行,1.0/151.8/151.8,,254,,
3月,全部科室(汇总对比),缺失行,切开（28件）,1593018,整行,1.0/95.7/95.7,,255,,
3月,全部科室(汇总对比),缺失行,妇科针-2/Z7537,1593018,整行,1.0/8.1/8.1,,256,,
3月,全部科室(汇总对比),缺失行,钢丝-1/Z1526,1593018,整行,1.0/6.6/6.6,,257,,
3月,全部科室(汇总对比),缺失行,钢丝-2/Z1526,1593018,整行,3.0/9.9/29.7,,258,,
3月,全部科室(汇总对比),缺失行,拉钩-2/z1026,1593018,整行,1.0/8.1/8.1,,259,,
3月,全部科室(汇总对比),缺失行,三棱钻-1/（保）Z1026,1593018,整行,1.0/4.8/4.8,,260,,
3月,全部科室(汇总对比),缺失行,纤维钳-1/Z1026,1593018,整行,1.0/4.8/4.8,,261,,
3月,全部科室(汇总对比),缺失行,牙钳-2/Z1530,1593018,整行,1.0/9.9/9.9,,262,,
3月,全部科室(汇总对比),缺失行,妇科检查包-16件,1593018,整行,1.0/52.8/52.8,,263,,
3月,全部科室(汇总对比),缺失行,持物钳罐-5件/w6050,1593018,整行,4.0/16.5/66.0,,264,,
3月,全部科室(汇总对比),缺失行,超声刀线-1/z3040,1593035,整行,2.0/21.0/42.0,,265,,
3月,全部科室(汇总对比),缺失行,单极线-1/Z3040,1593035,整行,1.0/21.0/21.0,,266,,
3月,全部科室(汇总对比),缺失行,生物夹钳-1/（双，保护）Z2060,1593035,整行,2.0/21.0/42.0,,267,,
3月,全部科室(汇总对比),缺失行,2D镜头-1件/Z2060,1593035,整行,1.0/16.8/16.8,,268,,
3月,全部科室(汇总对比),缺失行,30 度镜头-1(威沙普)/Z2060,1593035,整行,1.0/16.8/16.8,,269,,
3月,全部科室(汇总对比),缺失行,妇科治疗镜A 12度-5件盒1/W12050,1593035,整行,1.0/52.8/52.8,,270,,
3月,全部科室(汇总对比),缺失行,检查镜-12度-3/Z2060,1593035,整行,1.0/39.6/39.6,,271,,
3月,全部科室(汇总对比),缺失行,开腹（66件）,1593042,整行,1.0/227.7/227.7,,272,,
3月,全部科室(汇总对比),缺失行,普外肠道腔镜器械（56件）,1593042,整行,1.0/188.1/188.1,,273,,
3月,全部科室(汇总对比),缺失行,荷包钳-1/（双）Z1540,1593042,整行,1.0/9.9/9.9,,274,,
3月,全部科室(汇总对比),缺失行,持物钳罐-5件/w6050,1593042,整行,1.0/16.5/16.5,,275,,
3月,全部科室(汇总对比),缺失行,PRD生物夹钳(紫)-1/（双，保）Z2060,1593043,整行,1.0/21.0/21.0,,276,,
3月,全部科室(汇总对比),缺失行,超声刀线-1/z3040,1593043,整行,1.0/21.0/21.0,,277,,
3月,全部科室(汇总对比),缺失行,单极线-1/Z3040,1593043,整行,1.0/21.0/21.0,,278,,
3月,全部科室(汇总对比),缺失行,生物夹钳-1/（双，保护）Z2060,1593043,整行,1.0/21.0/21.0,,279,,
3月,全部科室(汇总对比),缺失行,3D镜头-1件/Z2060,1593043,整行,1.0/16.8/16.8,,280,,
3月,全部科室(汇总对比),缺失行,单子/W12050,1593416,整行,2.0/21.0/42.0,,281,,
3月,全部科室(汇总对比),缺失行,刷手服/W12050,1593416,整行,2.0/21.0/42.0,,282,,
3月,全部科室(汇总对比),缺失行,妇科腹腔镜B（46件）,1593423,整行,1.0/155.1/155.1,,283,,
3月,全部科室(汇总对比),缺失行,腹腔镜基础包23件,1593423,整行,3.0/79.2/237.6,,284,,
3月,全部科室(汇总对比),缺失行,绝育（34件）,1593423,整行,2.0/115.5/231.0,,285,,
3月,全部科室(汇总对比),缺失行,流产包B（16件）,1593423,整行,1.0/56.1/56.1,,286,,
3月,全部科室(汇总对比),缺失行,普外腹腔镜A(44件）,1593423,整行,1.0/148.5/148.5,,287,,
3月,全部科室(汇总对比),缺失行,普外腹腔镜B(44件）,1593423,整行,1.0/148.5/148.5,,288,,
3月,全部科室(汇总对比),缺失行,切开（28件）,1593423,整行,2.0/95.7/191.4,,289,,
3月,全部科室(汇总对比),缺失行,上肢内固定（22件）,1593423,整行,1.0/75.9/75.9,,290,,
3月,全部科室(汇总对比),缺失行,下肢内固定（35件）,1593423,整行,1.0/118.8/118.8,,291,,
3月,全部科室(汇总对比),缺失行,(黑色）电钻-4件筐1/W905060,1593423,整行,1.0/16.5/16.5,,292,,
3月,全部科室(汇总对比),缺失行,(银色）电钻-4件筐1/W905060,1593423,整行,1.0/16.5/16.5,,293,,
3月,全部科室(汇总对比),缺失行,克氏针-15/（双）Z7530,1593423,整行,2.0/9.9/19.8,,294,,
3月,全部科室(汇总对比),缺失行,拉钩-2/z1026,1593423,整行,2.0/8.1/16.2,,295,,
3月,全部科室(汇总对比),缺失行,妇科检查包-16件,1593423,整行,1.0/52.8/52.8,,296,,
3月,全部科室(汇总对比),缺失行,持物钳罐-5件/w6050,1593423,整行,6.0/16.5/99.0,,297,,
3月,全部科室(汇总对比),缺失行,扩棒（7-9.5）-6件/W6050,1593423,整行,1.0/19.8/19.8,,298,,
3月,全部科室(汇总对比),缺失行,超声刀线-1/z3040,1593428,整行,3.0/21.0/63.0,,299,,
3月,全部科室(汇总对比),缺失行,单极线-1/Z3040,1593428,整行,2.0/21.0/42.0,,300,,
3月,全部科室(汇总对比),缺失行,生物夹钳-1/（双，保护）Z2060,1593428,整行,3.0/21.0/63.0,,301,,
3月,全部科室(汇总对比),缺失行,胃钳子-1/Z2060（低温）,1593428,整行,1.0/16.8/16.8,,302,,
3月,全部科室(汇总对比),缺失行,0 度镜头-1(威沙普)/Z2060,1593428,整行,1.0/16.8/16.8,,303,,
3月,全部科室(汇总对比),缺失行,30 度镜头-1(威沙普)/Z2060,1593428,整行,2.0/16.8/33.6,,304,,
3月,全部科室(汇总对比),缺失行,3D镜头-1件/Z2060,1593428,整行,1.0/16.8/16.8,,305,,
3月,全部科室(汇总对比),缺失行,检查镜-12度-3/Z2060,1593428,整行,1.0/39.6/39.6,,306,,
3月,全部科室(汇总对比),缺失行,腹腔镜基础包23件,1593429,整行,1.0/79.2/79.2,,307,,
3月,全部科室(汇总对比),缺失行,普外肠道腔镜器械（56件）,1593429,整行,1.0/188.1/188.1,,308,,
3月,全部科室(汇总对比),缺失行,普外腹腔镜D(45件）,1593429,整行,1.0/151.8/151.8,,309,,
3月,全部科室(汇总对比),缺失行,板钩-2/（双）Z2032,1593429,整行,1.0/9.9/9.9,,310,,
3月,全部科室(汇总对比),缺失行,PRD生物夹钳(绿)-1/（双，保）Z2060,1593429,整行,1.0/21.0/21.0,,311,,
3月,全部科室(汇总对比),缺失行,超声刀线-1/z3040,1593429,整行,1.0/21.0/21.0,,312,,
3月,全部科室(汇总对比),缺失行,2D镜头-1件/Z2060,1593429,整行,1.0/16.8/16.8,,313,,
3月,全部科室(汇总对比),缺失行,30 度镜头-1(威沙普)/Z2060,1593429,整行,1.0/16.8/16.8,,314,,
3月,全部科室(汇总对比),缺失行,大拉钩-4件/w9050,1593429,整行,1.0/13.2/13.2,,315,,
3月,全部科室(汇总对比),缺失行,开腹（66件）,1593663,整行,2.0/227.7/455.4,,316,,
3月,全部科室(汇总对比),缺失行,妇科针-2/Z7537,1593663,整行,1.0/8.1/8.1,,317,,
3月,全部科室(汇总对比),缺失行,超声刀线-1/z3040,1593663,整行,1.0/21.0/21.0,,318,,
3月,全部科室(汇总对比),缺失行,电切环-1/Z7526,1593663,整行,3.0/13.2/39.6,,319,,
3月,全部科室(汇总对比),缺失行,妇科检查包-16件,1593663,整行,2.0/52.8/105.6,,320,,
3月,全部科室(汇总对比),缺失行,妇科治疗镜A 12度-5件盒1/W12050,1593663,整行,1.0/52.8/52.8,,321,,
3月,全部科室(汇总对比),缺失行,妇科治疗镜B 12度-5件盒1/W12050,1593663,整行,1.0/52.8/52.8,,322,,
3月,全部科室(汇总对比),缺失行,持物钳罐-5件/w6050,1593663,整行,4.0/16.5/66.0,,323,,
3月,全部科室(汇总对比),缺失行,扩棒（7-9.5）-6件/W6050,1593663,整行,1.0/19.8/19.8,,324,,
3月,全部科室(汇总对比),缺失行,扩棒（8-10.5）-6件/W6050,1593663,整行,1.0/19.8/19.8,,325,,
3月,全部科室(汇总对比),缺失行,开腹（66件）,1593838,整行,1.0/227.7/227.7,,326,,
3月,全部科室(汇总对比),缺失行,普外肠道腔镜器械（56件）,1593838,整行,1.0/188.1/188.1,,327,,
3月,全部科室(汇总对比),缺失行,荷包钳-1/（双）Z1540,1593838,整行,1.0/9.9/9.9,,328,,
3月,全部科室(汇总对比),缺失行,超声刀线-1/z3040,1593838,整行,1.0/21.0/21.0,,329,,
3月,全部科室(汇总对比),缺失行,胆道镜-1/双/Z3095,1593838,整行,1.0/180.0/180.0,,330,,
3月,全部科室(汇总对比),缺失行,生物夹钳-1/（双，保护）Z2060,1593838,整行,1.0/21.0/21.0,,331,,
3月,全部科室(汇总对比),缺失行,2D镜头-1件/Z2060,1593838,整行,1.0/16.8/16.8,,332,,
3月,全部科室(汇总对比),缺失行,持物钳罐-5件/w6050,1593838,整行,2.0/16.5/33.0,,333,,
3月,全部科室(汇总对比),缺失行,超声刀线-1/z3040,1594068,整行,1.0/21.0/21.0,,334,,
3月,全部科室(汇总对比),缺失行,单极线-1/Z3040,1594068,整行,1.0/21.0/21.0,,335,,
3月,全部科室(汇总对比),缺失行,生物夹钳-1/（双，保护）Z2060,1594068,整行,2.0/21.0/42.0,,336,,
3月,全部科室(汇总对比),缺失行,胃钳子-1/Z2060（低温）,1594068,整行,2.0/16.8/33.6,,337,,
3月,全部科室(汇总对比),缺失行,3D镜头-1件/Z2060,1594068,整行,1.0/16.8/16.8,,338,,
3月,全部科室(汇总对比),缺失行,开腹（66件）,1594071,整行,1.0/227.7/227.7,,339,,
3月,全部科室(汇总对比),缺失行,普外腹腔镜C(45件）,1594071,整行,1.0/151.8/151.8,,340,,
3月,全部科室(汇总对比),缺失行,持物钳罐-5件/w6050,1594071,整行,1.0/16.5/16.5,,341,,
3月,全部科室(汇总对比),缺失行,单子/W12050,1594097,整行,4.0/21.0/84.0,,342,,
3月,全部科室(汇总对比),缺失行,手术衣-1件/W9050,1594097,整行,2.0/15.0/30.0,,343,,
3月,全部科室(汇总对比),缺失行,刷手服/W12050,1594097,整行,3.0/21.0/63.0,,344,,
3月,全部科室(汇总对比),缺失行,开腹（66件）,1594360,整行,1.0/227.7/227.7,,345,,
3月,全部科室(汇总对比),缺失行,普外腹腔镜C(45件）,1594360,整行,1.0/151.8/151.8,,346,,
3月,全部科室(汇总对比),缺失行,荷包钳-1/（双）Z1540,1594360,整行,1.0/9.9/9.9,,347,,
3月,全部科室(汇总对比),缺失行,上环叉-1/7530,1594360,整行,1.0/4.8/4.8,,348,,
3月,全部科室(汇总对比),缺失行,PRD生物夹钳(紫)-1/（双，保）Z2060,1594360,整行,1.0/21.0/21.0,,349,,
3月,全部科室(汇总对比),缺失行,超声刀线-1/z3040,1594360,整行,1.0/21.0/21.0,,350,,
3月,全部科室(汇总对比),缺失行,单极线-1/Z3040,1594360,整行,1.0/21.0/21.0,,351,,
3月,全部科室(汇总对比),缺失行,生物夹钳-1/（双，保护）Z2060,1594360,整行,1.0/21.0/21.0,,352,,
3月,全部科室(汇总对比),缺失行,胃钳子-1/Z2060（低温）,1594360,整行,2.0/16.8/33.6,,353,,
3月,全部科室(汇总对比),缺失行,3D镜头-1件/Z2060,1594360,整行,1.0/16.8/16.8,,354,,
3月,全部科室(汇总对比),缺失行,持物钳罐-5件/w6050,1594360,整行,2.0/16.5/33.0,,355,,
3月,全部科室(汇总对比),缺失行,妇儿（64件）,1594800,整行,1.0/217.8/217.8,,356,,
3月,全部科室(汇总对比),缺失行,阑尾40件（无纺布）,1594800,整行,1.0/138.6/138.6,,357,,
3月,全部科室(汇总对比),缺失行,流产包B（16件）,1594800,整行,1.0/56.1/56.1,,358,,
3月,全部科室(汇总对比),缺失行,妇科针-2/Z7537,1594800,整行,1.0/8.1/8.1,,359,,
3月,全部科室(汇总对比),缺失行,上环叉-1/7530,1594800,整行,1.0/4.8/4.8,,360,,
3月,全部科室(汇总对比),缺失行,电切环-1/Z7526,1594800,整行,1.0/13.2/13.2,,361,,
3月,全部科室(汇总对比),缺失行,妇科检查包-16件,1594800,整行,1.0/52.8/52.8,,362,,
3月,全部科室(汇总对比),缺失行,妇科治疗镜B 12度-5件盒1/W12050,1594800,整行,1.0/52.8/52.8,,363,,
3月,全部科室(汇总对比),缺失行,持物钳罐-5件/w6050,1594800,整行,5.0/16.5/82.5,,364,,
3月,全部科室(汇总对比),缺失行,扩棒（7-9.5）-6件/W6050,1594800,整行,1.0/19.8/19.8,,365,,
3月,全部科室(汇总对比),缺失行,腹腔镜基础包23件,1595143,整行,1.0/79.2/79.2,,366,,
3月,全部科室(汇总对比),缺失行,普外腹腔镜B(44件）,1595143,整行,1.0/148.5/148.5,,367,,
3月,全部科室(汇总对比),缺失行,切开（28件）,1595143,整行,3.0/95.7/287.1,,368,,
3月,全部科室(汇总对比),缺失行,小拉勾-2/Z1026,1595143,整行,2.0/8.1/16.2,,369,,
3月,全部科室(汇总对比),缺失行,PRD生物夹钳(绿)-1/（双，保）Z2060,1595143,整行,1.0/21.0/21.0,,370,,
3月,全部科室(汇总对比),缺失行,PRD生物夹钳(紫)-1/（双，保）Z2060,1595143,整行,1.0/21.0/21.0,,371,,
3月,全部科室(汇总对比),缺失行,超声刀线-1/z3040,1595143,整行,1.0/21.0/21.0,,372,,
3月,全部科室(汇总对比),缺失行,单极线-1/Z3040,1595143,整行,1.0/21.0/21.0,,373,,
3月,全部科室(汇总对比),缺失行,30 度镜头-1(STORZE)/Z2060,1595143,整行,1.0/16.8/16.8,,374,,
3月,全部科室(汇总对比),缺失行,持物钳罐-5件/w6050,1595143,整行,4.0/16.5/66.0,,375,,
3月,全部科室(汇总对比),缺失行,手术衣-1件/W9050,1595444,整行,2.0/15.0/30.0,,376,,
3月,全部科室(汇总对比),缺失行,刷手服/W12050,1595528,整行,3.0/21.0/63.0,,377,,
3月,全部科室(汇总对比),缺失行,单子/W12050,1595571,整行,1.0/21.0/21.0,,378,,
3月,全部科室(汇总对比),缺失行,腹腔镜基础包23件,1595596,整行,2.0/79.2/158.4,,379,,
3月,全部科室(汇总对比),缺失行,开腹（66件）,1595596,整行,1.0/227.7/227.7,,380,,
3月,全部科室(汇总对比),缺失行,普外肠道腔镜器械（56件）,1595596,整行,1.0/188.1/188.1,,381,,
3月,全部科室(汇总对比),缺失行,普外腹腔镜B(44件）,1595596,整行,1.0/148.5/148.5,,382,,
3月,全部科室(汇总对比),缺失行,普外腹腔镜D(45件）,1595596,整行,1.0/151.8/151.8,,383,,
3月,全部科室(汇总对比),缺失行,切开（28件）,1595596,整行,1.0/95.7/95.7,,384,,
3月,全部科室(汇总对比),缺失行,整形（37件）,1595596,整行,2.0/125.4/250.8,,385,,
3月,全部科室(汇总对比),缺失行,整形加件B (20件）,1595596,整行,2.0/69.3/138.6,,386,,
3月,全部科室(汇总对比),缺失行,妇科针-2/Z7537,1595596,整行,1.0/8.1/8.1,,387,,
3月,全部科室(汇总对比),缺失行,拉钩-2/z1026,1595596,整行,1.0/8.1/8.1,,388,,
3月,全部科室(汇总对比),缺失行,普外号包-5件/Z2032,1595596,整行,1.0/16.5/16.5,,389,,
3月,全部科室(汇总对比),缺失行,小拉勾-2/Z1026,1595596,整行,1.0/8.1/8.1,,390,,
3月,全部科室(汇总对比),缺失行,PRD生物夹钳(绿)-1/（双，保）Z2060,1595596,整行,1.0/21.0/21.0,,391,,
3月,全部科室(汇总对比),缺失行,PRD生物夹钳(紫)-1/（双，保）Z2060,1595596,整行,2.0/21.0/42.0,,392,,
3月,全部科室(汇总对比),缺失行,超声刀线-1/z3040,1595596,整行,4.0/21.0/84.0,,393,,
3月,全部科室(汇总对比),缺失行,单极线-1/Z3040,1595596,整行,1.0/21.0/21.0,,394,,
3月,全部科室(汇总对比),缺失行,电切环-1/Z7526,1595596,整行,1.0/13.2/13.2,,395,,
3月,全部科室(汇总对比),缺失行,生物夹钳-1/（双，保护）Z2060,1595596,整行,3.0/21.0/63.0,,396,,
3月,全部科室(汇总对比),缺失行,双极钳-1/Z2060,1595596,整行,1.0/16.8/16.8,,397,,
3月,全部科室(汇总对比),缺失行,双极线-1/Z3040,1595596,整行,1.0/21.0/21.0,,398,,
3月,全部科室(汇总对比),缺失行,妇科检查包-16件,1595596,整行,1.0/52.8/52.8,,399,,
3月,全部科室(汇总对比),缺失行,30 度镜头-1(STORZE)/Z2060,1595596,整行,2.0/16.8/33.6,,400,,
3月,全部科室(汇总对比),缺失行,3D镜头-1件/Z2060,1595596,整行,1.0/16.8/16.8,,401,,
3月,全部科室(汇总对比),缺失行,妇科治疗镜A 12度-5件盒1/W12050,1595596,整行,1.0/52.8/52.8,,402,,
3月,全部科室(汇总对比),缺失行,持物钳罐-5件/w6050,1595596,整行,4.0/16.5/66.0,,403,,
3月,全部科室(汇总对比),缺失行,扩棒（7-9.5）-6件/W6050,1595596,整行,1.0/19.8/19.8,,404,,
3月,全部科室(汇总对比),缺失行,开腹（66件）,1595912,整行,1.0/227.7/227.7,,405,,
3月,全部科室(汇总对比),缺失行,普外腹腔镜B(44件）,1595912,整行,1.0/148.5/148.5,,406,,
3月,全部科室(汇总对比),缺失行,PRD生物夹钳(紫)-1/（双，保）Z2060,1595912,整行,1.0/21.0/21.0,,407,,
3月,全部科室(汇总对比),缺失行,超声刀线-1/z3040,1595912,整行,1.0/21.0/21.0,,408,,
3月,全部科室(汇总对比),缺失行,单极线-1/Z3040,1595912,整行,1.0/21.0/21.0,,409,,
3月,全部科室(汇总对比),缺失行,胃钳子-1/Z2060（低温）,1595912,整行,2.0/16.8/33.6,,410,,
3月,全部科室(汇总对比),缺失行,3D镜头-1件/Z2060,1595912,整行,1.0/16.8/16.8,,411,,
3月,全部科室(汇总对比),缺失行,持物钳罐-5件/w6050,1595912,整行,2.0/16.5/33.0,,412,,
3月,全部科室(汇总对比),缺失行,腹腔镜基础包23件,1596179,整行,3.0/79.2/237.6,,413,,
3月,全部科室(汇总对比),缺失行,间盘A（52件）1/2,1596179,整行,1.0/102.3/102.3,,414,,
3月,全部科室(汇总对比),缺失行,举宫杯16件,1596179,整行,1.0/56.1/56.1,,415,,
3月,全部科室(汇总对比),缺失行,绝育（34件）,1596179,整行,1.0/115.5/115.5,,416,,
3月,全部科室(汇总对比),缺失行,开腹（66件）,1596179,整行,1.0/227.7/227.7,,417,,
3月,全部科室(汇总对比),缺失行,普外肠道腔镜器械（56件）,1596179,整行,1.0/188.1/188.1,,418,,
3月,全部科室(汇总对比),缺失行,普外腹腔镜A(44件）,1596179,整行,1.0/148.5/148.5,,419,,
3月,全部科室(汇总对比),缺失行,普外腹腔镜D(45件）,1596179,整行,1.0/151.8/151.8,,420,,
3月,全部科室(汇总对比),缺失行,切开（28件）,1596179,整行,1.0/95.7/95.7,,421,,
3月,全部科室(汇总对比),缺失行,下肢内固定（35件）,1596179,整行,1.0/118.8/118.8,,422,,
3月,全部科室(汇总对比),缺失行,(新）电钻-4件筐1/W905060,1596179,整行,1.0/16.5/16.5,,423,,
3月,全部科室(汇总对比),缺失行,西山磨钻-4件（加筐5件）/W905060,1596179,整行,1.0/16.5/16.5,,424,,
3月,全部科室(汇总对比),缺失行,剥离子-1/（双）Z7530,1596179,整行,1.0/6.3/6.3,,425,,
3月,全部科室(汇总对比),缺失行,拆线包-5件/Z1526,1596179,整行,1.0/16.5/16.5,,426,,
3月,全部科室(汇总对比),缺失行,刀柄-1/Z7526,1596179,整行,1.0/4.8/4.8,,427,,
3月,全部科室(汇总对比),缺失行,钢板尺-1/Z7526,1596179,整行,1.0/4.8/4.8,,428,,
3月,全部科室(汇总对比),缺失行,刮勺-1/Z7530,1596179,整行,1.0/4.8/4.8,,429,,
3月,全部科室(汇总对比),缺失行,吸引器-1件 （高温）/Z1045,1596179,整行,2.0/4.8/9.6,,430,,
3月,全部科室(汇总对比),缺失行,小拉勾-2/Z1026,1596179,整行,1.0/8.1/8.1,,431,,
3月,全部科室(汇总对比),缺失行,持物钳罐-5件/w6050,1596179,整行,5.0/16.5/82.5,,432,,
3月,全部科室(汇总对比),缺失行,大S钩-2/W6050,1596179,整行,1.0/9.9/9.9,,433,,
3月,全部科室(汇总对比),缺失行,盆2盘2碗1/w9050,1596179,整行,1.0/16.5/16.5,,434,,
3月,全部科室(汇总对比),缺失行,超声刀线-1/z3040,1596180,整行,4.0/21.0/84.0,,435,,
3月,全部科室(汇总对比),缺失行,单极线-1/Z3040,1596180,整行,3.0/21.0/63.0,,436,,
3月,全部科室(汇总对比),缺失行,生物夹钳-1/（双，保护）Z2060,1596180,整行,3.0/21.0/63.0,,437,,
3月,全部科室(汇总对比),缺失行,2D镜头-1件/Z2060,1596180,整行,1.0/16.8/16.8,,438,,
3月,全部科室(汇总对比),缺失行,30 度镜头-1(STORZE)/Z2060,1596180,整行,2.0/16.8/33.6,,439,,
3月,全部科室(汇总对比),缺失行,妇科0度镜-1(OLYMPUS)/Z2060,1596180,整行,1.0/16.8/16.8,,440,,
3月,全部科室(汇总对比),缺失行,单子/W12050,1596226,整行,2.0/21.0/42.0,,441,,
3月,全部科室(汇总对比),缺失行,刷手服/W12050,1596226,整行,2.0/21.0/42.0,,442,,
3月,全部科室(汇总对比),缺失行,妇科腹腔镜A（46件）,1596436,整行,1.0/155.1/155.1,,443,,
3月,全部科室(汇总对比),缺失行,开腹（66件）,1596436,整行,1.0/227.7/227.7,,444,,
3月,全部科室(汇总对比),缺失行,髋关节器械（34件）,1596436,整行,1.0/115.5/115.5,,445,,
3月,全部科室(汇总对比),缺失行,流产包B（16件）,1596436,整行,1.0/56.1/56.1,,446,,
3月,全部科室(汇总对比),缺失行,普外肠道腔镜器械（56件）,1596436,整行,1.0/188.1/188.1,,447,,
3月,全部科室(汇总对比),缺失行,普外腹腔镜A(44件）,1596436,整行,1.0/148.5/148.5,,448,,
3月,全部科室(汇总对比),缺失行,荷包钳-1/（双）Z1540,1596436,整行,1.0/9.9/9.9,,449,,
3月,全部科室(汇总对比),缺失行,持物钳罐-5件/w6050,1596436,整行,1.0/16.5/16.5,,450,,
3月,全部科室(汇总对比),缺失行,大剪刀-1/w905060,1596436,整行,1.0/9.9/9.9,,451,,
3月,全部科室(汇总对比),缺失行,颈前路-31件，筐1/W12050,1596436,整行,1.0/105.6/105.6,,452,,
3月,全部科室(汇总对比),缺失行,肠钳子-1（低温）/Z2060,1596437,整行,1.0/16.8/16.8,,453,,
3月,全部科室(汇总对比),缺失行,超声刀线-1/z3040,1596437,整行,2.0/21.0/42.0,,454,,
3月,全部科室(汇总对比),缺失行,生物夹钳-1/（双，保护）Z2060,1596437,整行,2.0/21.0/42.0,,455,,
3月,全部科室(汇总对比),缺失行,胃钳-1件（低温）/（双，保）Z2060,1596437,整行,1.0/21.0/21.0,,456,,
3月,全部科室(汇总对比),缺失行,30 度镜头-1(STORZE)/Z2060,1596437,整行,1.0/16.8/16.8,,457,,
3月,全部科室(汇总对比),缺失行,30 度镜头-1(威沙普)/Z2060,1596437,整行,1.0/16.8/16.8,,458,,
3月,全部科室(汇总对比),缺失行,3D镜头-1件/Z2060,1596437,整行,1.0/16.8/16.8,,459,,
3月,全部科室(汇总对比),缺失行,半髋器械（国药科学）1/2,1592608,整行,1.0/62.7/62.7,,9,,
3月,全部科室(汇总对比),缺失行,半髋器械（国药科学）2/2,1592608,整行,1.0/115.5/115.5,,10,,
3月,全部科室(汇总对比),缺失行,蚊式-1/Z1026,1588228,整行,1.0/4.8/4.8,,9,,
3月,全部科室(汇总对比),缺失行,止血钳-1/Z1029,1588228,整行,1.0/4.8/4.8,,10,,
3月,全部科室(汇总对比),缺失行,消毒缸-5/w9050,1588228,整行,1.0/16.5/16.5,,11,,
3月,全部科室(汇总对比),缺失行,蚊式-1/Z1026,1588634,整行,2.0/4.8/9.6,,12,,
3月,全部科室(汇总对比),缺失行,刀柄-1/Z7526,1588999,整行,1.0/4.8/4.8,,13,,
3月,全部科室(汇总对比),缺失行,手术包-8件,1588999,整行,1.0/26.4/26.4,,14,,
3月,全部科室(汇总对比),缺失行,消毒缸-5/w9050,1589390,整行,1.0/16.5/16.5,,15,,
3月,全部科室(汇总对比),缺失行,手术包-10件（80*80布）,1589390,整行,1.0/33.0/33.0,,16,,
3月,全部科室(汇总对比),缺失行,消毒缸-5/w9050,1590327,整行,1.0/16.5/16.5,,17,,
3月,全部科室(汇总对比),缺失行,消毒缸-4/W9050,1591483,整行,1.0/13.2/13.2,,18,,
3月,全部科室(汇总对比),缺失行,手术包-10件（80*80布）,1591893,整行,1.0/33.0/33.0,,19,,
3月,全部科室(汇总对比),缺失行,消毒缸-4/W9050,1592245,整行,1.0/13.2/13.2,,20,,
3月,全部科室(汇总对比),缺失行,剪刀-1/Z1029,1592491,整行,1.0/4.8/4.8,,21,,
3月,全部科室(汇总对比),缺失行,蚊式-1/Z1026,1592491,整行,1.0/4.8/4.8,,22,,
3月,全部科室(汇总对比),缺失行,手术包-10件（80*80布）,1592491,整行,1.0/33.0/33.0,,23,,
3月,全部科室(汇总对比),缺失行,蚊式-1/Z1026,1592896,整行,3.0/4.8/14.4,,24,,
3月,全部科室(汇总对比),缺失行,刮勺-1/Z7530,1593258,整行,1.0/4.8/4.8,,25,,
3月,全部科室(汇总对比),缺失行,直钳-1/Z1029,1593258,整行,1.0/4.8/4.8,,26,,
3月,全部科室(汇总对比),缺失行,消毒缸-4/W9050,1593258,整行,1.0/13.2/13.2,,27,,
3月,全部科室(汇总对比),缺失行,手术包-10件（80*80布）,1593258,整行,1.0/33.0/33.0,,28,,
3月,全部科室(汇总对比),缺失行,简易呼吸器-5件/Z3060,1593557,整行,1.0/52.8/52.8,,29,,
3月,全部科室(汇总对比),缺失行,手术包-10件（80*80布）,1593719,整行,1.0/33.0/33.0,,30,,
3月,全部科室(汇总对比),缺失行,消毒缸-4/W9050,1594233,整行,1.0/13.2/13.2,,31,,
3月,全部科室(汇总对比),缺失行,直钳-1/Z1029,1594650,整行,1.0/4.8/4.8,,32,,
3月,全部科室(汇总对比),缺失行,手术包-10件（80*80布）,1594650,整行,2.0/33.0/66.0,,33,,
3月,全部科室(汇总对比),缺失行,消毒缸-4/W9050,1595377,整行,1.0/13.2/13.2,,34,,
3月,全部科室(汇总对比),缺失行,剪刀-1/Z1029,1596346,整行,1.0/4.8/4.8,,35,,
3月,全部科室(汇总对比),缺失行,蚊式-1/Z1026,1596346,整行,1.0/4.8/4.8,,36,,
3月,全部科室(汇总对比),缺失行,消毒缸-4/W9050,1596346,整行,1.0/13.2/13.2,,37,,
3月,全部科室(汇总对比),缺失行,大单/W12050,1588142,整行,1.0/21.0/21.0,,9,,
3月,全部科室(汇总对比),缺失行,敷料/W9050,1588142,整行,4.0/18.0/72.0,,10,,
3月,全部科室(汇总对比),缺失行,敷料包/W12050,1588142,整行,6.0/21.0/126.0,,11,,
3月,全部科室(汇总对比),缺失行,敷料包/W12050,1588157,整行,6.0/21.0/126.0,,12,,
3月,全部科室(汇总对比),缺失行,刷手服/W12050,1588729,整行,1.0/21.0/21.0,,13,,
3月,全部科室(汇总对比),缺失行,大单/W12050,1588740,整行,1.0/21.0/21.0,,14,,
3月,全部科室(汇总对比),缺失行,敷料包/W12050,1588740,整行,4.0/21.0/84.0,,15,,
3月,全部科室(汇总对比),缺失行,刷手服/W12050,1588740,整行,3.0/21.0/63.0,,16,,
3月,全部科室(汇总对比),缺失行,大单/W12050,1589483,整行,2.0/21.0/42.0,,17,,
3月,全部科室(汇总对比),缺失行,敷料包/W12050,1589483,整行,13.0/21.0/273.0,,18,,
3月,全部科室(汇总对比),缺失行,敷料/W9050,1589492,整行,1.0/18.0/18.0,,19,,
3月,全部科室(汇总对比),缺失行,大单/W12050,1590199,整行,2.0/21.0/42.0,,20,,
3月,全部科室(汇总对比),缺失行,刷手服/W12050,1590199,整行,6.0/21.0/126.0,,21,,
3月,全部科室(汇总对比),缺失行,刷手服/W12050,1590204,整行,9.0/21.0/189.0,,22,,
3月,全部科室(汇总对比),缺失行,大单/W12050,1590831,整行,1.0/21.0/21.0,,23,,
3月,全部科室(汇总对比),缺失行,敷料包/W12050,1590831,整行,9.0/21.0/189.0,,24,,
3月,全部科室(汇总对比),缺失行,大单/W12050,1591576,整行,1.0/21.0/21.0,,25,,
3月,全部科室(汇总对比),缺失行,敷料/W9050,1591576,整行,1.0/18.0/18.0,,26,,
3月,全部科室(汇总对比),缺失行,敷料包/W12050,1591576,整行,13.0/21.0/273.0,,27,,
3月,全部科室(汇总对比),缺失行,大单/W12050,1592279,整行,1.0/21.0/21.0,,28,,
3月,全部科室(汇总对比),缺失行,刷手服/W12050,1592279,整行,14.0/21.0/294.0,,29,,
3月,全部科室(汇总对比),缺失行,大单/W12050,1593415,整行,2.0/21.0/42.0,,30,,
3月,全部科室(汇总对比),缺失行,敷料包/W12050,1593415,整行,18.0/21.0/378.0,,31,,
3月,全部科室(汇总对比),缺失行,大单/W12050,1594098,整行,1.0/21.0/21.0,,32,,
3月,全部科室(汇总对比),缺失行,敷料包/W12050,1594098,整行,3.0/21.0/63.0,,33,,
3月,全部科室(汇总对比),缺失行,刷手服/W12050,1594098,整行,5.0/21.0/105.0,,34,,
3月,全部科室(汇总对比),缺失行,敷料包/W12050,1594101,整行,1.0/21.0/21.0,,35,,
3月,全部科室(汇总对比),缺失行,刷手服/W12050,1594101,整行,5.0/21.0/105.0,,36,,
3月,全部科室(汇总对比),缺失行,大单/W12050,1594797,整行,1.0/21.0/21.0,,37,,
3月,全部科室(汇总对比),缺失行,敷料包/W12050,1594797,整行,3.0/21.0/63.0,,38,,
3月,全部科室(汇总对比),缺失行,刷手服/W12050,1594797,整行,4.0/21.0/84.0,,39,,
3月,全部科室(汇总对比),缺失行,大单/W12050,1595529,整行,1.0/21.0/21.0,,40,,
3月,全部科室(汇总对比),缺失行,敷料包/W12050,1595529,整行,3.0/21.0/63.0,,41,,
3月,全部科室(汇总对比),缺失行,刷手服/W12050,1595529,整行,1.0/21.0/21.0,,42,,
3月,全部科室(汇总对比),缺失行,大单/W12050,1595572,整行,1.0/21.0/21.0,,43,,
3月,全部科室(汇总对比),缺失行,敷料包/W12050,1595572,整行,9.0/21.0/189.0,,44,,
3月,全部科室(汇总对比),缺失行,刷手服/W12050,1595572,整行,3.0/21.0/63.0,,45,,
3月,全部科室(汇总对比),缺失行,大单/W12050,1596212,整行,1.0/21.0/21.0,,46,,
3月,全部科室(汇总对比),缺失行,敷料/W9050,1596212,整行,1.0/18.0/18.0,,47,,
3月,全部科室(汇总对比),缺失行,敷料包/W12050,1596212,整行,16.0/21.0/336.0,,48,,
3月,全部科室(汇总对比),缺失行,敷料包/W12050,1596227,整行,3.0/21.0/63.0,,49,,
3月,全部科室(汇总对比),缺失行,打孔器 带芯-2件/（标签贴背面！）Z7506,1588227,整行,1.0/8.1/8.1,,9,,
3月,全部科室(汇总对比),缺失行,弯盘-1/Z2032,1588227,整行,1.0/7.8/7.8,,10,,
3月,全部科室(汇总对比),缺失行,40Q-1/Z2032,1588655,整行,1.0/7.8/7.8,,11,,
3月,全部科室(汇总对比),缺失行,46Q-1/Z2032,1588655,整行,1.0/7.8/7.8,,12,,
3月,全部科室(汇总对比),缺失行,打孔器 带芯-2件/（标签贴背面！）Z7506,1588655,整行,2.0/8.1/16.2,,13,,
3月,全部科室(汇总对比),缺失行,盒子-1/Z2540,1588655,整行,1.0/9.6/9.6,,14,,
3月,全部科室(汇总对比),缺失行,ERCP管-2/Z2032,1589383,整行,1.0/9.9/9.9,,15,,
3月,全部科室(汇总对比),缺失行,打孔器 带芯-2件/（标签贴背面！）Z7506,1589383,整行,1.0/8.1/8.1,,16,,
3月,全部科室(汇总对比),缺失行,方盘-1/Z2530,1589383,整行,1.0/9.6/9.6,,17,,
3月,全部科室(汇总对比),缺失行,乐奥2件/Z2035,1589383,整行,1.0/26.4/26.4,,18,,
3月,全部科室(汇总对比),缺失行,FG-6L-1/Z2032,1589795,整行,1.0/7.8/7.8,,19,,
3月,全部科室(汇总对比),缺失行,盒子-1/Z2540,1589795,整行,1.0/9.6/9.6,,20,,
3月,全部科室(汇总对比),缺失行,穿刺架-1/Z1029,1590649,整行,1.0/4.8/4.8,,21,,
3月,全部科室(汇总对比),缺失行,打孔器 带芯-2件/（标签贴背面！）Z7506,1590649,整行,2.0/8.1/16.2,,22,,
3月,全部科室(汇总对比),缺失行,盒子-1/Z2540,1590649,整行,1.0/9.6/9.6,,23,,
3月,全部科室(汇总对比),缺失行,激光导线(高温)-1/Z2530,1590649,整行,1.0/9.6/9.6,,24,,
3月,全部科室(汇总对比),缺失行,弯盘-1/Z2032,1590649,整行,1.0/7.8/7.8,,25,,
3月,全部科室(汇总对比),缺失行,止血钳-1/Z1029,1590649,整行,1.0/4.8/4.8,,26,,
3月,全部科室(汇总对比),缺失行,乐奥2件/Z2035,1591126,整行,1.0/26.4/26.4,,27,,
3月,全部科室(汇总对比),缺失行,穿刺架-1/Z1029,1591407,整行,1.0/4.8/4.8,,28,,
3月,全部科室(汇总对比),缺失行,方盘-1/Z2530,1591407,整行,2.0/9.6/19.2,,29,,
3月,全部科室(汇总对比),缺失行,弯盘-1/Z2032,1591407,整行,1.0/7.8/7.8,,30,,
3月,全部科室(汇总对比),缺失行,止血钳-1/Z1029,1591407,整行,1.0/4.8/4.8,,31,,
3月,全部科室(汇总对比),缺失行,26N钳子-1/Z2032,1591553,整行,1.0/7.8/7.8,,32,,
3月,全部科室(汇总对比),缺失行,激光导线(高温)-1/Z2530,1591890,整行,1.0/9.6/9.6,,33,,
3月,全部科室(汇总对比),缺失行,穿刺架-1/Z1029,1592389,整行,1.0/4.8/4.8,,34,,
3月,全部科室(汇总对比),缺失行,40Q-1/Z2032,1592486,整行,1.0/7.8/7.8,,35,,
3月,全部科室(汇总对比),缺失行,44N-1/Z2032,1592486,整行,1.0/7.8/7.8,,36,,
3月,全部科室(汇总对比),缺失行,5L-1/Z2032,1592486,整行,1.0/7.8/7.8,,37,,
3月,全部科室(汇总对比),缺失行,FD- Iu-1件/Z2032,1592486,整行,1.0/7.8/7.8,,38,,
3月,全部科室(汇总对比),缺失行,M2-4K-1/Z2025,1592486,整行,1.0/7.8/7.8,,39,,
3月,全部科室(汇总对比),缺失行,PR104Q-1/Z2032,1592486,整行,1.0/7.8/7.8,,40,,
3月,全部科室(汇总对比),缺失行,持针器-1/Z1029,1592486,整行,1.0/4.8/4.8,,41,,
3月,全部科室(汇总对比),缺失行,盒子-1/Z2540,1592486,整行,1.0/9.6/9.6,,42,,
3月,全部科室(汇总对比),缺失行,止血钳-1/Z1029,1592486,整行,2.0/4.8/9.6,,43,,
3月,全部科室(汇总对比),缺失行,乐奥输送器-2/Z2032,1592748,整行,1.0/26.4/26.4,,44,,
3月,全部科室(汇总对比),缺失行,26N-1/Z2025,1593257,整行,1.0/7.8/7.8,,45,,
3月,全部科室(汇总对比),缺失行,打孔器 带芯-2件/（标签贴背面！）Z7506,1593257,整行,1.0/8.1/8.1,,46,,
3月,全部科室(汇总对比),缺失行,开口器-1/Z1026,1593257,整行,1.0/4.8/4.8,,47,,
3月,全部科室(汇总对比),缺失行,压舌板-1/Z7526,1593257,整行,1.0/4.8/4.8,,48,,
3月,全部科室(汇总对比),缺失行,激光导线-1/Z2530,1593257,整行,1.0/18.0/18.0,,49,,
3月,全部科室(汇总对比),缺失行,ERCP管-2/Z2032,1593722,整行,1.0/9.9/9.9,,50,,
3月,全部科室(汇总对比),缺失行,打孔器 带芯-2件/（标签贴背面！）Z7506,1593722,整行,1.0/8.1/8.1,,51,,
3月,全部科室(汇总对比),缺失行,盒子-1/Z2540,1593722,整行,1.0/9.6/9.6,,52,,
3月,全部科室(汇总对比),缺失行,打孔器 带芯-2件/（标签贴背面！）Z7506,1594234,整行,1.0/8.1/8.1,,53,,
3月,全部科室(汇总对比),缺失行,止血钳-1/Z1029,1594234,整行,1.0/4.8/4.8,,54,,
3月,全部科室(汇总对比),缺失行,ERCP管-2/Z2032,1594664,整行,1.0/9.9/9.9,,55,,
3月,全部科室(汇总对比),缺失行,打孔器 带芯-2件/（标签贴背面！）Z7506,1594664,整行,1.0/8.1/8.1,,56,,
3月,全部科室(汇总对比),缺失行,打孔器 带芯-2件/（标签贴背面！）Z7506,1594664,整行,1.0/13.2/13.2,,57,,
3月,全部科室(汇总对比),缺失行,激光导线-1/Z2530,1594664,整行,1.0/18.0/18.0,,58,,
3月,全部科室(汇总对比),缺失行,打孔器 带芯-2件/（标签贴背面！）Z7506,1595051,整行,3.0/8.1/24.3,,59,,
3月,全部科室(汇总对比),缺失行,乐奥2件/Z2035,1595051,整行,1.0/26.4/26.4,,60,,
3月,全部科室(汇总对比),缺失行,简易呼吸器-2件/z3060,1595261,整行,1.0/26.4/26.4,,61,,
3月,全部科室(汇总对比),缺失行,方盘-1/Z2530,1595416,整行,2.0/9.6/19.2,,62,,
3月,全部科室(汇总对比),缺失行,止血钳-1/Z1029,1595416,整行,1.0/4.8/4.8,,63,,
3月,全部科室(汇总对比),缺失行,乐奥2件/Z2035,1595416,整行,1.0/26.4/26.4,,64,,
3月,全部科室(汇总对比),缺失行,ERCP管-2/Z2032,1595794,整行,1.0/9.9/9.9,,65,,
3月,全部科室(汇总对比),缺失行,盒子-1/Z2540,1595794,整行,2.0/9.6/19.2,,66,,
3月,全部科室(汇总对比),缺失行,打孔器 带芯-2件/（标签贴背面！）Z7506,1596386,整行,1.0/8.1/8.1,,67,,
3月,全部科室(汇总对比),缺失行,活检钳-1/Z2032,1596386,整行,1.0/7.8/7.8,,68,,
3月,全部科室(汇总对比),缺失行,止血钳-1/Z1029,1596386,整行,1.0/4.8/4.8,,69,,
3月,全部科室(汇总对比),缺失行,持针器-1/Z1029,1594663,整行,2.0/4.8/9.6,,9,,
3月,全部科室(汇总对比),缺失行,开口器-1/Z1026,1594663,整行,1.0/4.8/4.8,,10,,
3月,全部科室(汇总对比),缺失行,舌钳子-1/1526,1594663,整行,1.0/6.6/6.6,,11,,
3月,全部科室(汇总对比),缺失行,喉镜灯泡-1/Z7520,1594663,整行,2.0/13.2/26.4,,12,,
3月,全部科室(汇总对比),缺失行,喉镜片（低温）-1/Z1530,1594663,整行,3.0/15.0/45.0,,13,,
3月,全部科室(汇总对比),缺失行,简易呼吸器-1件/Z3060,1594931,整行,1.0/21.0/21.0,,14,,
3月,全部科室(汇总对比),缺失行,开口器-1/Z1026,1596333,整行,1.0/4.8/4.8,,9,,
3月,全部科室(汇总对比),缺失行,舌钳子-1/1526,1596333,整行,1.0/6.6/6.6,,10,,
3月,全部科室(汇总对比),缺失行,灯泡-1/Z1016,1596333,整行,2.0/13.2/26.4,,11,,
3月,全部科室(汇总对比),缺失行,喉镜片（低温）-1/Z1530,1596333,整行,3.0/15.0/45.0,,12,,
3月,全部科室(汇总对比),缺失行,简易呼吸器-1件/Z3060,1590562,整行,1.0/21.0/21.0,,9,,
3月,全部科室(汇总对比),缺失行,剪刀-1/Z1029,1588636,整行,1.0/4.8/4.8,,9,,
3月,全部科室(汇总对比),缺失行,止血钳-1/Z1029,1588636,整行,1.0/4.8/4.8,,10,,
3月,全部科室(汇总对比),缺失行,蚊式-1/Z1026,1590151,整行,1.0/4.8/4.8,,11,,
3月,全部科室(汇总对比),缺失行,剪刀-1/Z1029,1591485,整行,1.0/4.8/4.8,,12,,
3月,全部科室(汇总对比),缺失行,止血钳-1/Z1029,1591485,整行,1.0/4.8/4.8,,13,,
3月,全部科室(汇总对比),缺失行,切开包4件,1591485,整行,1.0/13.2/13.2,,14,,
3月,全部科室(汇总对比),缺失行,止血钳-1/Z1029,1592863,整行,1.0/4.8/4.8,,15,,
3月,全部科室(汇总对比),缺失行,剪刀-1/Z1029,1594651,整行,1.0/4.8/4.8,,16,,
3月,全部科室(汇总对比),缺失行,蚊式-1/Z1026,1594651,整行,1.0/4.8/4.8,,17,,
3月,全部科室(汇总对比),缺失行,止血钳-1/Z1029,1594651,整行,2.0/4.8/9.6,,18,,
3月,全部科室(汇总对比),缺失行,器械包-4件/W6050,1594651,整行,1.0/13.2/13.2,,19,,
3月,全部科室(汇总对比),缺失行,止血钳-1/Z1029,1595023,整行,1.0/4.8/4.8,,20,,
3月,全部科室(汇总对比),缺失行,剪刀-1/Z1029,1595797,整行,1.0/4.8/4.8,,21,,
3月,全部科室(汇总对比),缺失行,剪刀-1/Z1029,1595911,整行,1.0/4.8/4.8,,22,,
3月,全部科室(汇总对比),缺失行,止血钳-1/Z1029,1595911,整行,1.0/4.8/4.8,,23,,
4月,ICU,缺失行,剪刀-1/Z1029,1597144,整行,1.0/4.8/4.8,,12,,
4月,ICU,缺失行,喉镜片（低温）-1/Z1530,1598415,整行,3.0/15.0/45.0,,13,,
4月,ICU,缺失行,简易呼吸器-3件/z3060,1599109,整行,1.0/39.6/39.6,,14,,
4月,ICU,缺失行,止血钳-1/Z1029,1600435,整行,1.0/4.8/4.8,,15,,
4月,ICU,缺失行,喉镜片（低温）-1/Z1530,1600435,整行,1.0/15.0/15.0,,16,,
4月,ICU,缺失行,开口器-1/Z1026,1600902,整行,1.0/4.8/4.8,,17,,
4月,ICU,缺失行,压舌板-1/Z7526,1600902,整行,1.0/4.8/4.8,,18,,
4月,ICU,缺失行,剪刀-1/Z1029,1601648,整行,2.0/4.8/9.6,,19,,
4月,ICU,缺失行,简易呼吸器-3件/z3060,1601853,整行,1.0/39.6/39.6,,20,,
4月,ICU,缺失行,持针器-1/Z1029,1602358,整行,1.0/4.8/4.8,,21,,
4月,ICU,多余行,持针器-1/Z1029,1588240,整行,,1.0/4.8/4.8,,11,
4月,ICU,多余行,简易呼吸器-3件/z3060,1588546,整行,,1.0/39.6/39.6,,12,
4月,ICU,多余行,止血钳-1/Z1029,1595798,整行,,2.0/4.8/9.6,,13,
4月,ICU,汇总不一致-总价,ICU,,总价,172.8,54.0,11,10,
4月,介入科,缺失行,刀柄-1/Z7526,1597143,整行,1.0/4.8/4.8,,9,,
4月,介入科,缺失行,盘1碗2/Z2530,1597143,整行,1.0/9.9/9.9,,10,,
4月,介入科,缺失行,切开包-22件,1597143,整行,1.0/72.6/72.6,,11,,
4月,介入科,缺失行,显微包,1597143,整行,1.0/52.8/52.8,,12,,
4月,介入科,缺失行,刷手服/W12050,1597626,整行,1.0/21.0/21.0,,13,,
4月,介入科,缺失行,敷料包/W12050,1598276,整行,1.0/21.0/21.0,,14,,
4月,介入科,缺失行,敷料包/W12050,1598963,整行,1.0/21.0/21.0,,15,,
4月,介入科,缺失行,敷料包/W12050,1599714,整行,2.0/21.0/42.0,,16,,
4月,介入科,缺失行,刷手服/W12050,1600953,整行,1.0/21.0/21.0,,17,,
4月,介入科,缺失行,剪刀-1/Z1029,1601644,整行,1.0/4.8/4.8,,18,,
4月,介入科,缺失行,敷料包/W12050,1601723,整行,1.0/21.0/21.0,,19,,
4月,介入科,缺失行,敷料包/W12050,1602504,整行,1.0/21.0/21.0,,20,,
4月,介入科,缺失行,敷料包/W12050,1603202,整行,1.0/21.0/21.0,,21,,
4月,介入科,缺失行,刷手服/W12050,1603877,整行,1.0/21.0/21.0,,22,,
4月,介入科,缺失行,敷料包/W12050,1604489,整行,1.0/21.0/21.0,,23,,
4月,介入科,多余行,敷料包/W12050,1588140,整行,,1.0/21.0/21.0,,9,
4月,介入科,多余行,敷料包/W12050,1588741,整行,,1.0/21.0/21.0,,10,
4月,介入科,多余行,蚊式-1/Z1026,1589117,整行,,1.0/4.8/4.8,,11,
4月,介入科,多余行,敷料包/W12050,1589484,整行,,1.0/21.0/21.0,,12,
4月,介入科,多余行,敷料包/W12050,1590202,整行,,1.0/21.0/21.0,,13,
4月,介入科,多余行,敷料包/W12050,1590829,整行,,1.0/21.0/21.0,,14,
4月,介入科,多余行,敷料包/W12050,1591574,整行,,1.0/21.0/21.0,,15,
4月,介入科,多余行,刷手服/W12050,1592277,整行,,1.0/21.0/21.0,,16,
4月,介入科,多余行,敷料包/W12050,1593417,整行,,2.0/21.0/42.0,,17,
4月,介入科,多余行,刷手服/W12050,1594100,整行,,2.0/21.0/42.0,,18,
4月,介入科,多余行,刷手服/W12050,1595527,整行,,2.0/21.0/42.0,,19,
4月,介入科,多余行,敷料包/W12050,1596225,整行,,1.0/21.0/21.0,,20,
4月,介入科,汇总不一致-总价,介入科,,总价,375.9,298.8,8,8,
4月,伤口造口门诊,缺失行,蚊式-1/Z1026,1597148,整行,3.0/4.8/14.4,,9,,
4月,伤口造口门诊,缺失行,换药包（蚊式1碗1）-2件/w6050,1597148,整行,2.0/9.9/19.8,,10,,
4月,伤口造口门诊,缺失行,蚊式-1/Z1026,1598424,整行,3.0/4.8/14.4,,11,,
4月,伤口造口门诊,缺失行,换药包（蚊式1碗1）-2件/w6050,1598424,整行,2.0/9.9/19.8,,12,,
4月,伤口造口门诊,缺失行,剪刀1持物罐1/w6050,1598424,整行,1.0/9.9/9.9,,13,,
4月,伤口造口门诊,缺失行,换药包（弯盘1小弯1）/w6050,1598777,整行,1.0/9.9/9.9,,14,,
4月,伤口造口门诊,缺失行,弯盘1镊子1小弯1/W6050,1598777,整行,1.0/9.9/9.9,,15,,
4月,伤口造口门诊,缺失行,蚊式-1/Z1026,1599253,整行,2.0/4.8/9.6,,16,,
4月,伤口造口门诊,缺失行,换药包（弯盘1小弯1）/w6050,1599253,整行,1.0/9.9/9.9,,17,,
4月,伤口造口门诊,缺失行,蚊式-1/Z1026,1600436,整行,2.0/4.8/9.6,,18,,
4月,伤口造口门诊,缺失行,换药包（蚊式1碗1）-2件/w6050,1600436,整行,2.0/9.9/19.8,,19,,
4月,伤口造口门诊,缺失行,剪刀1持物罐1/w6050,1600436,整行,1.0/9.9/9.9,,20,,
4月,伤口造口门诊,缺失行,蚊式-1/Z1026,1601241,整行,1.0/4.8/4.8,,21,,
4月,伤口造口门诊,缺失行,换药包-3/w6050,1601241,整行,1.0/9.9/9.9,,22,,
4月,伤口造口门诊,缺失行,蚊式-1/Z1026,1602355,整行,3.0/4.8/14.4,,23,,
4月,伤口造口门诊,缺失行,换药包（蚊式1弯盘1）-2件/w6050,1602355,整行,1.0/9.9/9.9,,24,,
4月,伤口造口门诊,缺失行,换药包（蚊式1碗1）-2件/w6050,1603090,整行,2.0/9.9/19.8,,25,,
4月,伤口造口门诊,缺失行,蚊式-1/Z1026,1603090,整行,2.0/4.8/9.6,,26,,
4月,伤口造口门诊,缺失行,剪刀1持物罐1/w6050,1603090,整行,1.0/9.9/9.9,,27,,
4月,伤口造口门诊,缺失行,换药包（弯盘1蚊式1）-2件/w6050,1603318,整行,1.0/9.9/9.9,,28,,
4月,伤口造口门诊,缺失行,持针器-1/Z1029,1603984,整行,1.0/4.8/4.8,,29,,
4月,伤口造口门诊,缺失行,蚊式-1/Z1026,1603984,整行,3.0/4.8/14.4,,30,,
4月,伤口造口门诊,缺失行,剪刀1持物罐1/w6050,1603984,整行,1.0/9.9/9.9,,31,,
4月,伤口造口门诊,缺失行,换药包（弯盘1蚊式1）-2件/w6050,1604220,整行,1.0/9.9/9.9,,32,,
4月,伤口造口门诊,缺失行,换药包（弯盘1小弯1）/w6050,1604220,整行,1.0/9.9/9.9,,33,,
4月,伤口造口门诊,缺失行,换药包（弯盘1小弯1钩镊1）/w6050,1604220,整行,1.0/9.9/9.9,,34,,
4月,伤口造口门诊,缺失行,换药包（蚊式1碗1）-2件/w6050,1604371,整行,2.0/9.9/19.8,,35,,
4月,伤口造口门诊,缺失行,蚊式-1/Z1026,1604371,整行,1.0/4.8/4.8,,36,,
4月,伤口造口门诊,缺失行,蚊式-1/Z1026,1604733,整行,2.0/4.8/9.6,,37,,
4月,伤口造口门诊,缺失行,剪刀1持物罐1/w6050,1604733,整行,1.0/9.9/9.9,,38,,
4月,伤口造口门诊,多余行,蚊式-1/Z1026,1588233,整行,,2.0/4.8/9.6,,9,
4月,伤口造口门诊,多余行,止血钳-1/Z1029,1588233,整行,,1.0/4.8/4.8,,10,
4月,伤口造口门诊,多余行,换药包-2件/w6050,1588233,整行,,3.0/9.9/29.7,,11,
4月,伤口造口门诊,多余行,剪刀1持物罐1/w6050,1588233,整行,,1.0/9.9/9.9,,12,
4月,伤口造口门诊,多余行,蚊式-1/Z1026,1588995,整行,,1.0/4.8/4.8,,13,
4月,伤口造口门诊,多余行,换药包-2件/w6050,1588995,整行,,1.0/9.9/9.9,,14,
4月,伤口造口门诊,多余行,换药包-3/w6050,1588995,整行,,1.0/9.9/9.9,,15,
4月,伤口造口门诊,多余行,剪刀1持物罐1/w6050,1588995,整行,,1.0/9.9/9.9,,16,
4月,伤口造口门诊,多余行,蚊式-1/Z1026,1590326,整行,,3.0/4.8/14.4,,17,
4月,伤口造口门诊,多余行,换药包-2件/w6050,1590326,整行,,3.0/9.9/29.7,,18,
4月,伤口造口门诊,多余行,蚊式-1/Z1026,1590711,整行,,3.0/4.8/14.4,,19,
4月,伤口造口门诊,多余行,止血钳-1/Z1029,1590711,整行,,1.0/4.8/4.8,,20,
4月,伤口造口门诊,多余行,换药包-2件/w6050,1590711,整行,,1.0/9.9/9.9,,21,
4月,伤口造口门诊,多余行,换药包-3/w6050,1590711,整行,,1.0/9.9/9.9,,22,
4月,伤口造口门诊,多余行,剪刀1持物罐1/w6050,1590711,整行,,1.0/9.9/9.9,,23,
4月,伤口造口门诊,多余行,换药包-2件/w6050,1591090,整行,,1.0/9.9/9.9,,24,
4月,伤口造口门诊,多余行,蚊式-1/Z1026,1592492,整行,,3.0/4.8/14.4,,25,
4月,伤口造口门诊,多余行,换药包-2件/w6050,1592492,整行,,3.0/9.9/29.7,,26,
4月,伤口造口门诊,多余行,剪刀1持物罐1/w6050,1592492,整行,,1.0/9.9/9.9,,27,
4月,伤口造口门诊,多余行,换药包-2件/w6050,1592895,整行,,1.0/9.9/9.9,,28,
4月,伤口造口门诊,多余行,换药包-3/w6050,1592895,整行,,1.0/9.9/9.9,,29,
4月,伤口造口门诊,多余行,蚊式-1/Z1026,1594239,整行,,3.0/4.8/14.4,,30,
4月,伤口造口门诊,多余行,换药包-2件/w6050,1594239,整行,,4.0/9.9/39.6,,31,
4月,伤口造口门诊,多余行,剪刀1持物罐1/w6050,1594239,整行,,1.0/9.9/9.9,,32,
4月,伤口造口门诊,多余行,蚊式-1/Z1026,1595025,整行,,4.0/4.8/19.2,,33,
4月,伤口造口门诊,多余行,换药包（小弯1碗1）-2件/w6050,1595025,整行,,1.0/9.9/9.9,,34,
4月,伤口造口门诊,多余行,换药包-2件/w6050,1595025,整行,,3.0/9.9/29.7,,35,
4月,伤口造口门诊,多余行,蚊式-1/Z1026,1596352,整行,,2.0/4.8/9.6,,36,
4月,伤口造口门诊,多余行,换药包（蚊式1碗1）-2件/w6050,1596352,整行,,3.0/9.9/29.7,,37,
4月,伤口造口门诊,多余行,剪刀1持物罐1/w6050,1596352,整行,,1.0/9.9/9.9,,38,
4月,伤口造口门诊,汇总不一致-总价,伤口造口门诊,,总价,348.0,437.1,8,8,
4月,供应室,缺失行,静脉切开,1596684,整行,1.0/52.8/52.8,,9,,
4月,供应室,缺失行,器械包-8件/w6050,1596684,整行,1.0/26.4/26.4,,10,,
4月,供应室,缺失行,气管切开-26件,1603996,整行,1.0/85.8/85.8,,11,,
4月,内分泌,多余行,开口器-1/Z1026,1591855,整行,,1.0/4.8/4.8,,9,
4月,内分泌,多余行,喉镜片（低温）-1/Z1530,1593723,整行,,2.0/15.0/30.0,,10,
4月,内分泌,多余行,喉镜片（低温）-1/Z1530,1595415,整行,,1.0/15.0/15.0,,11,
4月,口腔外科,缺失行,拔牙钳-1/Z1029,1597559,整行,3.0/4.8/14.4,,9,,
4月,口腔外科,缺失行,剥离子-1/（双）Z7530,1597559,整行,1.0/6.3/6.3,,10,,
4月,口腔外科,缺失行,大镊子-1/Z7534,1597559,整行,2.0/4.8/9.6,,11,,
4月,口腔外科,缺失行,镊子-1/Z7526,1597559,整行,1.0/4.8/4.8,,12,,
4月,口腔外科,缺失行,镊子缸-2（缸底贴日期）/z1535,1597559,整行,1.0/9.9/9.9,,13,,
4月,口腔外科,缺失行,双头挖勺-1/Z7526,1597559,整行,4.0/4.8/19.2,,14,,
4月,口腔外科,缺失行,牙铤子-1/Z7526,1597559,整行,8.0/4.8/38.4,,15,,
4月,口腔外科,缺失行,止血钳-1/Z1029,1597559,整行,1.0/4.8/4.8,,16,,
4月,口腔外科,缺失行,注射器-1/Z1026,1597559,整行,4.0/4.8/19.2,,17,,
4月,口腔外科,缺失行,消毒缸-2/w7050,1597559,整行,1.0/9.9/9.9,,18,,
4月,口腔外科,缺失行,消毒缸-4/W9050,1597559,整行,2.0/13.2/26.4,,19,,
4月,口腔外科,缺失行,手术包-6件（双信封包装 ！）,1597559,整行,1.0/21.828/21.828,,20,,
4月,口腔外科,缺失行,拔牙钳-1/Z1029,1597912,整行,1.0/4.8/4.8,,21,,
4月,口腔外科,缺失行,镊子缸-2（缸底贴日期）/z1535,1597912,整行,1.0/9.9/9.9,,22,,
4月,口腔外科,缺失行,排针-1/Z7520,1597912,整行,9.0/4.8/43.2,,23,,
4月,口腔外科,缺失行,双头挖勺-1/Z7526,1597912,整行,1.0/4.8/4.8,,24,,
4月,口腔外科,缺失行,小剪刀-1/Z7526,1597912,整行,1.0/4.8/4.8,,25,,
4月,口腔外科,缺失行,牙铤子-1/Z7526,1597912,整行,2.0/4.8/9.6,,26,,
4月,口腔外科,缺失行,注射器-1/Z1026,1597912,整行,1.0/4.8/4.8,,27,,
4月,口腔外科,缺失行,剥离子-1/（双）Z7530,1598270,整行,2.0/6.3/12.6,,28,,
4月,口腔外科,缺失行,镊子缸-2（缸底贴日期）/z1535,1598270,整行,2.0/9.9/19.8,,29,,
4月,口腔外科,缺失行,双头挖勺-1/Z7526,1598270,整行,2.0/4.8/9.6,,30,,
4月,口腔外科,缺失行,蚊式-1/Z1026,1598270,整行,1.0/4.8/4.8,,31,,
4月,口腔外科,缺失行,牙铤子-1/Z7526,1598270,整行,4.0/4.8/19.2,,32,,
4月,口腔外科,缺失行,凿子-1/z7530,1598270,整行,1.0/4.8/4.8,,33,,
4月,口腔外科,缺失行,止血钳-1/Z1029,1598270,整行,2.0/4.8/9.6,,34,,
4月,口腔外科,缺失行,注射器-1/Z1026,1598270,整行,3.0/4.8/14.4,,35,,
4月,口腔外科,缺失行,手术包-6件（双信封包装 ！）,1598270,整行,1.0/21.828/21.828,,36,,
4月,口腔外科,缺失行,消毒缸-2/w7050,1598423,整行,1.0/9.9/9.9,,37,,
4月,口腔外科,缺失行,消毒缸-4/W9050,1598423,整行,2.0/13.2/26.4,,38,,
4月,口腔外科,缺失行,拔牙钳-1/Z1029,1598782,整行,4.0/4.8/19.2,,39,,
4月,口腔外科,缺失行,镊子缸-2（缸底贴日期）/z1535,1598782,整行,1.0/9.9/9.9,,40,,
4月,口腔外科,缺失行,排针-1/Z7520,1598782,整行,1.0/4.8/4.8,,41,,
4月,口腔外科,缺失行,双头挖勺-1/Z7526,1598782,整行,4.0/4.8/19.2,,42,,
4月,口腔外科,缺失行,小剪刀-1/Z7526,1598782,整行,1.0/4.8/4.8,,43,,
4月,口腔外科,缺失行,牙铤子-1/Z7526,1598782,整行,5.0/4.8/24.0,,44,,
4月,口腔外科,缺失行,止血钳-1/Z1029,1598782,整行,1.0/4.8/4.8,,45,,
4月,口腔外科,缺失行,注射器-1/Z1026,1598782,整行,4.0/4.8/19.2,,46,,
4月,口腔外科,缺失行,排针-1/Z7520,1599678,整行,2.0/4.8/9.6,,47,,
4月,口腔外科,缺失行,蚊式-1/Z1026,1599678,整行,2.0/4.8/9.6,,48,,
4月,口腔外科,缺失行,小剪刀-1/Z7526,1599678,整行,2.0/4.8/9.6,,49,,
4月,口腔外科,缺失行,牙铤子-1/Z7526,1599678,整行,1.0/4.8/4.8,,50,,
4月,口腔外科,缺失行,消毒缸-2/w7050,1599678,整行,1.0/9.9/9.9,,51,,
4月,口腔外科,缺失行,消毒缸-4/W9050,1599678,整行,2.0/13.2/26.4,,52,,
4月,口腔外科,缺失行,拔牙钳-1/Z1029,1600914,整行,4.0/4.8/19.2,,53,,
4月,口腔外科,缺失行,剥离子-1/（双）Z7530,1600914,整行,1.0/6.3/6.3,,54,,
4月,口腔外科,缺失行,镊子-1/Z7526,1600914,整行,1.0/4.8/4.8,,55,,
4月,口腔外科,缺失行,排针-1/Z7520,1600914,整行,2.0/4.8/9.6,,56,,
4月,口腔外科,缺失行,双头挖勺-1/Z7526,1600914,整行,3.0/4.8/14.4,,57,,
4月,口腔外科,缺失行,蚊式-1/Z1026,1600914,整行,2.0/4.8/9.6,,58,,
4月,口腔外科,缺失行,小剪刀-1/Z7526,1600914,整行,2.0/4.8/9.6,,59,,
4月,口腔外科,缺失行,牙铤子-1/Z7526,1600914,整行,7.0/4.8/33.6,,60,,
4月,口腔外科,缺失行,注射器-1/Z1026,1600914,整行,2.0/4.8/9.6,,61,,
4月,口腔外科,缺失行,消毒缸-2/w7050,1600914,整行,1.0/9.9/9.9,,62,,
4月,口腔外科,缺失行,消毒缸-4/W9050,1600914,整行,2.0/13.2/26.4,,63,,
4月,口腔外科,缺失行,残根钳-1/Z1526,1600981,整行,1.0/6.6/6.6,,64,,
4月,口腔外科,缺失行,镊子缸-2（缸底贴日期）/z1535,1600981,整行,1.0/9.9/9.9,,65,,
4月,口腔外科,缺失行,排针-1/Z7520,1600981,整行,2.0/4.8/9.6,,66,,
4月,口腔外科,缺失行,注射器-1/Z1026,1600981,整行,1.0/4.8/4.8,,67,,
4月,口腔外科,缺失行,拔牙钳-1/Z1029,1601237,整行,4.0/4.8/19.2,,68,,
4月,口腔外科,缺失行,镊子-1/Z7526,1601237,整行,1.0/4.8/4.8,,69,,
4月,口腔外科,缺失行,镊子缸-2（缸底贴日期）/z1535,1601237,整行,1.0/9.9/9.9,,70,,
4月,口腔外科,缺失行,双头挖勺-1/Z7526,1601237,整行,4.0/4.8/19.2,,71,,
4月,口腔外科,缺失行,牙铤子-1/Z7526,1601237,整行,6.0/4.8/28.8,,72,,
4月,口腔外科,缺失行,注射器-1/Z1026,1601237,整行,3.0/4.8/14.4,,73,,
4月,口腔外科,缺失行,拔牙钳-1/Z1029,1602000,整行,2.0/4.8/9.6,,74,,
4月,口腔外科,缺失行,镊子缸-2（缸底贴日期）/z1535,1602000,整行,1.0/9.9/9.9,,75,,
4月,口腔外科,缺失行,排针-1/Z7520,1602000,整行,1.0/4.8/4.8,,76,,
4月,口腔外科,缺失行,双头挖勺-1/Z7526,1602000,整行,2.0/4.8/9.6,,77,,
4月,口腔外科,缺失行,牙铤子-1/Z7526,1602000,整行,4.0/4.8/19.2,,78,,
4月,口腔外科,缺失行,止血钳-1/Z1029,1602000,整行,2.0/4.8/9.6,,79,,
4月,口腔外科,缺失行,注射器-1/Z1026,1602000,整行,2.0/4.8/9.6,,80,,
4月,口腔外科,缺失行,消毒缸-2/w7050,1602000,整行,1.0/9.9/9.9,,81,,
4月,口腔外科,缺失行,消毒缸-4/W9050,1602000,整行,2.0/13.2/26.4,,82,,
4月,口腔外科,缺失行,拔牙钳-1/Z1029,1602835,整行,3.0/4.8/14.4,,83,,
4月,口腔外科,缺失行,镊子缸-2（缸底贴日期）/z1535,1602835,整行,2.0/9.9/19.8,,84,,
4月,口腔外科,缺失行,双头挖勺-1/Z7526,1602835,整行,4.0/4.8/19.2,,85,,
4月,口腔外科,缺失行,牙铤子-1/Z7526,1602835,整行,7.0/4.8/33.6,,86,,
4月,口腔外科,缺失行,注射器-1/Z1026,1602835,整行,4.0/4.8/19.2,,87,,
4月,口腔外科,缺失行,剥离子-1/（双）Z7530,1603088,整行,1.0/6.3/6.3,,88,,
4月,口腔外科,缺失行,镊子缸-2（缸底贴日期）/z1535,1603088,整行,1.0/9.9/9.9,,89,,
4月,口腔外科,缺失行,双头挖勺-1/Z7526,1603088,整行,1.0/4.8/4.8,,90,,
4月,口腔外科,缺失行,蚊式-1/Z1026,1603088,整行,1.0/4.8/4.8,,91,,
4月,口腔外科,缺失行,小剪刀-1/Z7526,1603088,整行,1.0/4.8/4.8,,92,,
4月,口腔外科,缺失行,牙铤子-1/Z7526,1603088,整行,2.0/4.8/9.6,,93,,
4月,口腔外科,缺失行,注射器-1/Z1026,1603088,整行,1.0/4.8/4.8,,94,,
4月,口腔外科,缺失行,消毒缸-2/w7050,1603088,整行,1.0/9.9/9.9,,95,,
4月,口腔外科,缺失行,消毒缸-4/W9050,1603088,整行,2.0/13.2/26.4,,96,,
4月,口腔外科,缺失行,手术包-6件（双信封包装 ！）,1603088,整行,1.0/21.828/21.828,,97,,
4月,口腔外科,缺失行,拔牙钳-1/Z1029,1603457,整行,2.0/4.8/9.6,,98,,
4月,口腔外科,缺失行,大弯-1/z1029,1603457,整行,1.0/4.8/4.8,,99,,
4月,口腔外科,缺失行,镊子缸-2（缸底贴日期）/z1535,1603457,整行,1.0/9.9/9.9,,100,,
4月,口腔外科,缺失行,双头挖勺-1/Z7526,1603457,整行,2.0/4.8/9.6,,101,,
4月,口腔外科,缺失行,小剪刀-1/Z7526,1603457,整行,1.0/4.8/4.8,,102,,
4月,口腔外科,缺失行,牙铤子-1/Z7526,1603457,整行,3.0/4.8/14.4,,103,,
4月,口腔外科,缺失行,注射器-1/Z1026,1603457,整行,2.0/4.8/9.6,,104,,
4月,口腔外科,缺失行,消毒缸-2/w7050,1603992,整行,1.0/9.9/9.9,,105,,
4月,口腔外科,缺失行,消毒缸-4/W9050,1603992,整行,2.0/13.2/26.4,,106,,
4月,口腔外科,缺失行,拔牙钳-1/Z1029,1604376,整行,1.0/4.8/4.8,,107,,
4月,口腔外科,缺失行,镊子-1/Z7526,1604376,整行,2.0/4.8/9.6,,108,,
4月,口腔外科,缺失行,镊子缸-2（缸底贴日期）/z1535,1604376,整行,2.0/9.9/19.8,,109,,
4月,口腔外科,缺失行,排针-1/Z7520,1604376,整行,3.0/4.8/14.4,,110,,
4月,口腔外科,缺失行,双头挖勺-1/Z7526,1604376,整行,4.0/4.8/19.2,,111,,
4月,口腔外科,缺失行,蚊式-1/Z1026,1604376,整行,1.0/4.8/4.8,,112,,
4月,口腔外科,缺失行,牙铤子-1/Z7526,1604376,整行,8.0/4.8/38.4,,113,,
4月,口腔外科,缺失行,注射器-1/Z1026,1604376,整行,4.0/4.8/19.2,,114,,
4月,口腔科,缺失行,消毒缸-16/w12050,1597490,整行,1.0/52.8/52.8,,9,,
4月,口腔科,缺失行,消毒缸-16/w12050,1598416,整行,1.0/52.8/52.8,,10,,
4月,口腔科,缺失行,消毒缸-16/w12050,1599674,整行,1.0/52.8/52.8,,11,,
4月,口腔科,缺失行,消毒缸-16/w12050,1600903,整行,1.0/52.8/52.8,,12,,
4月,口腔科,缺失行,消毒缸-16/w12050,1601994,整行,1.0/52.8/52.8,,13,,
4月,口腔科,缺失行,消毒缸-16/w12050,1603081,整行,1.0/52.8/52.8,,14,,
4月,口腔科,缺失行,消毒缸-16/w12050,1603994,整行,1.0/52.8/52.8,,15,,
4月,口腔科,多余行,消毒缸-16/w12050,1588230,整行,,1.0/52.8/52.8,,9,
4月,口腔科,多余行,消毒缸-16/w12050,1589385,整行,,1.0/52.8/52.8,,10,
4月,口腔科,多余行,消毒缸-16/w12050,1590330,整行,,1.0/52.8/52.8,,11,
4月,口腔科,多余行,消毒缸-16/w12050,1591489,整行,,1.0/52.8/52.8,,12,
4月,口腔科,多余行,消毒缸-16/w12050,1592239,整行,,1.0/52.8/52.8,,13,
4月,口腔科,多余行,消毒缸-16/w12050,1593265,整行,,1.0/52.8/52.8,,14,
4月,口腔科,多余行,消毒缸-16/w12050,1594235,整行,,1.0/52.8/52.8,,15,
4月,口腔科,多余行,消毒缸-16/w12050,1595383,整行,,1.0/52.8/52.8,,16,
4月,口腔科,多余行,消毒缸-16/w12050,1596347,整行,,1.0/52.8/52.8,,17,
4月,口腔科,汇总不一致-总价,口腔科,,总价,369.6,475.2,8,8,
4月,外科门诊,缺失行,蚊式-1/Z1026,1597141,整行,1.0/4.8/4.8,,9,,
4月,外科门诊,缺失行,消毒缸-4/W9050,1597504,整行,1.0/13.2/13.2,,10,,
4月,外科门诊,缺失行,消毒缸-4/W9050,1598422,整行,1.0/13.2/13.2,,11,,
4月,外科门诊,缺失行,蚊式-1/Z1026,1599207,整行,1.0/4.8/4.8,,12,,
4月,外科门诊,缺失行,蚊式-1/Z1026,1599676,整行,2.0/4.8/9.6,,13,,
4月,外科门诊,缺失行,消毒缸-4/W9050,1599676,整行,1.0/13.2/13.2,,14,,
4月,外科门诊,缺失行,刀柄-1/Z7526,1600440,整行,1.0/4.8/4.8,,15,,
4月,外科门诊,缺失行,消毒缸-4/W9050,1600904,整行,1.0/13.2/13.2,,16,,
4月,外科门诊,缺失行,手术包-10件（80*80布）,1601242,整行,1.0/33.0/33.0,,17,,
4月,外科门诊,缺失行,蚊式-1/Z1026,1601646,整行,1.0/4.8/4.8,,18,,
4月,外科门诊,缺失行,手术包（5号）-12件（80*80布）,1601646,整行,1.0/39.6/39.6,,19,,
4月,外科门诊,缺失行,手术包-10件（80*80布）,1601646,整行,1.0/33.0/33.0,,20,,
4月,外科门诊,缺失行,消毒缸-4/W9050,1601992,整行,1.0/13.2/13.2,,21,,
4月,外科门诊,缺失行,蚊式-1/Z1026,1602356,整行,1.0/4.8/4.8,,22,,
4月,外科门诊,缺失行,刀柄-1/Z7526,1603087,整行,1.0/4.8/4.8,,23,,
4月,外科门诊,缺失行,镊子-1/Z7526,1603087,整行,1.0/4.8/4.8,,24,,
4月,外科门诊,缺失行,蚊式-1/Z1026,1603087,整行,1.0/4.8/4.8,,25,,
4月,外科门诊,缺失行,消毒缸-4/W9050,1603087,整行,1.0/13.2/13.2,,26,,
4月,外科门诊,缺失行,蚊式-1/Z1026,1603461,整行,1.0/4.8/4.8,,27,,
4月,外科门诊,缺失行,手术包-10件（80*80布）,1603461,整行,1.0/33.0/33.0,,28,,
4月,外科门诊,缺失行,剪刀-1/Z1029,1603986,整行,1.0/4.8/4.8,,29,,
4月,外科门诊,缺失行,消毒缸-4/W9050,1603986,整行,1.0/13.2/13.2,,30,,
4月,外科门诊,缺失行,蚊式-1/Z1026,1604373,整行,2.0/4.8/9.6,,31,,
4月,外科门诊,缺失行,手术包-10件（80*80布）,1604373,整行,1.0/33.0/33.0,,32,,
4月,外科门诊,多余行,蚊式-1/Z1026,1588228,整行,,1.0/4.8/4.8,,9,
4月,外科门诊,多余行,止血钳-1/Z1029,1588228,整行,,1.0/4.8/4.8,,10,
4月,外科门诊,多余行,消毒缸-5/w9050,1588228,整行,,1.0/16.5/16.5,,11,
4月,外科门诊,多余行,蚊式-1/Z1026,1588634,整行,,2.0/4.8/9.6,,12,
4月,外科门诊,多余行,刀柄-1/Z7526,1588999,整行,,1.0/4.8/4.8,,13,
4月,外科门诊,多余行,手术包-8件,1588999,整行,,1.0/26.4/26.4,,14,
4月,外科门诊,多余行,消毒缸-5/w9050,1589390,整行,,1.0/16.5/16.5,,15,
4月,外科门诊,多余行,手术包-10件（80*80布）,1589390,整行,,1.0/33.0/33.0,,16,
4月,外科门诊,多余行,消毒缸-5/w9050,1590327,整行,,1.0/16.5/16.5,,17,
4月,外科门诊,多余行,消毒缸-4/W9050,1591483,整行,,1.0/13.2/13.2,,18,
4月,外科门诊,多余行,手术包-10件（80*80布）,1591893,整行,,1.0/33.0/33.0,,19,
4月,外科门诊,多余行,消毒缸-4/W9050,1592245,整行,,1.0/13.2/13.2,,20,
4月,外科门诊,多余行,剪刀-1/Z1029,1592491,整行,,1.0/4.8/4.8,,21,
4月,外科门诊,多余行,蚊式-1/Z1026,1592491,整行,,1.0/4.8/4.8,,22,
4月,外科门诊,多余行,手术包-10件（80*80布）,1592491,整行,,1.0/33.0/33.0,,23,
4月,外科门诊,多余行,蚊式-1/Z1026,1592896,整行,,3.0/4.8/14.4,,24,
4月,外科门诊,多余行,刮勺-1/Z7530,1593258,整行,,1.0/4.8/4.8,,25,
4月,外科门诊,多余行,直钳-1/Z1029,1593258,整行,,1.0/4.8/4.8,,26,
4月,外科门诊,多余行,消毒缸-4/W9050,1593258,整行,,1.0/13.2/13.2,,27,
4月,外科门诊,多余行,手术包-10件（80*80布）,1593258,整行,,1.0/33.0/33.0,,28,
4月,外科门诊,多余行,简易呼吸器-5件/Z3060,1593557,整行,,1.0/52.8/52.8,,29,
4月,外科门诊,多余行,手术包-10件（80*80布）,1593719,整行,,1.0/33.0/33.0,,30,
4月,外科门诊,多余行,消毒缸-4/W9050,1594233,整行,,1.0/13.2/13.2,,31,
4月,外科门诊,多余行,直钳-1/Z1029,1594650,整行,,1.0/4.8/4.8,,32,
4月,外科门诊,多余行,手术包-10件（80*80布）,1594650,整行,,2.0/33.0/66.0,,33,
4月,外科门诊,多余行,消毒缸-4/W9050,1595377,整行,,1.0/13.2/13.2,,34,
4月,外科门诊,多余行,剪刀-1/Z1029,1596346,整行,,1.0/4.8/4.8,,35,
4月,外科门诊,多余行,蚊式-1/Z1026,1596346,整行,,1.0/4.8/4.8,,36,
4月,外科门诊,多余行,消毒缸-4/W9050,1596346,整行,,1.0/13.2/13.2,,37,
4月,外科门诊,汇总不一致-总价,外科门诊,,总价,331.2,510.9,8,8,
4月,妇科病房,缺失行,大镊子-1/Z7534,1596770,整行,1.0/4.8/4.8,,9,,
4月,妇科病房,缺失行,止血钳-1/Z1029,1596770,整行,1.0/4.8/4.8,,10,,
4月,妇科病房,缺失行,大镊子-1/Z7534,1597499,整行,2.0/4.8/9.6,,11,,
4月,妇科病房,缺失行,剪刀-1/Z1029,1597499,整行,1.0/4.8/4.8,,12,,
4月,妇科病房,缺失行,止血钳-1/Z1029,1597499,整行,5.0/4.8/24.0,,13,,
4月,妇科病房,缺失行,消毒缸-5/w9050,1597499,整行,1.0/16.5/16.5,,14,,
4月,妇科病房,缺失行,大镊子-1/Z7534,1598419,整行,1.0/4.8/4.8,,15,,
4月,妇科病房,缺失行,止血钳-1/Z1029,1598419,整行,1.0/4.8/4.8,,16,,
4月,妇科病房,缺失行,消毒缸-5/w9050,1598419,整行,1.0/16.5/16.5,,17,,
4月,妇科病房,缺失行,刮勺-1/Z7530,1598778,整行,2.0/4.8/9.6,,18,,
4月,妇科病房,缺失行,消毒缸-5/w9050,1599679,整行,1.0/16.5/16.5,,19,,
4月,妇科病房,缺失行,消毒缸-5/w9050,1600909,整行,1.0/16.5/16.5,,20,,
4月,妇科病房,缺失行,大镊子-1/Z7534,1601239,整行,1.0/4.8/4.8,,21,,
4月,妇科病房,缺失行,宫颈钳-1/Z1535,1601239,整行,1.0/6.6/6.6,,22,,
4月,妇科病房,缺失行,活检钳-1/Z2032,1601239,整行,1.0/7.8/7.8,,23,,
4月,妇科病房,缺失行,窥器-1/Z1526,1601239,整行,1.0/6.6/6.6,,24,,
4月,妇科病房,缺失行,消毒缸-5/w9050,1601995,整行,1.0/16.5/16.5,,25,,
4月,妇科病房,缺失行,大镊子-1/Z7534,1603082,整行,1.0/4.8/4.8,,26,,
4月,妇科病房,缺失行,消毒缸-5/w9050,1603082,整行,1.0/16.5/16.5,,27,,
4月,妇科病房,缺失行,消毒缸-5/w9050,1603993,整行,1.0/16.5/16.5,,28,,
4月,妇科病房,缺失行,大镊子-1/Z7534,1604374,整行,1.0/4.8/4.8,,29,,
4月,妇科病房,多余行,消毒缸-5/w9050,1588236,整行,,1.0/16.5/16.5,,9,
4月,妇科病房,多余行,大镊子-1/Z7534,1588996,整行,,2.0/4.8/9.6,,10,
4月,妇科病房,多余行,剪刀-1/Z1029,1588996,整行,,1.0/4.8/4.8,,11,
4月,妇科病房,多余行,扩棒（5号）-1件/Z7526,1588996,整行,,1.0/4.8/4.8,,12,
4月,妇科病房,多余行,探针-1/Z7537,1588996,整行,,1.0/4.8/4.8,,13,
4月,妇科病房,多余行,检查包-9件/W7050,1588996,整行,,1.0/29.7/29.7,,14,
4月,妇科病房,多余行,剪刀-1/Z1029,1589391,整行,,1.0/4.8/4.8,,15,
4月,妇科病房,多余行,止血钳-1/Z1029,1589391,整行,,2.0/4.8/9.6,,16,
4月,妇科病房,多余行,消毒缸-5/w9050,1589391,整行,,1.0/16.5/16.5,,17,
4月,妇科病房,多余行,大镊子-1/Z7534,1589775,整行,,1.0/4.8/4.8,,18,
4月,妇科病房,多余行,大镊子-1/Z7534,1590149,整行,,1.0/4.8/4.8,,19,
4月,妇科病房,多余行,大镊子-1/Z7534,1590324,整行,,2.0/4.8/9.6,,20,
4月,妇科病房,多余行,大弯-1/z1029,1590324,整行,,1.0/4.8/4.8,,21,
4月,妇科病房,多余行,剪刀-1/Z1029,1590324,整行,,1.0/4.8/4.8,,22,
4月,妇科病房,多余行,止血钳-1/Z1029,1590324,整行,,1.0/4.8/4.8,,23,
4月,妇科病房,多余行,消毒缸-5/w9050,1590324,整行,,1.0/16.5/16.5,,24,
4月,妇科病房,多余行,剪刀-1/Z1029,1590709,整行,,1.0/4.8/4.8,,25,
4月,妇科病房,多余行,蚊式-1/Z1026,1590709,整行,,1.0/4.8/4.8,,26,
4月,妇科病房,多余行,窥器-1/Z1526,1591089,整行,,1.0/6.6/6.6,,27,
4月,妇科病房,多余行,消毒缸-5/w9050,1591492,整行,,1.0/16.5/16.5,,28,
4月,妇科病房,多余行,消毒缸-5/w9050,1592243,整行,,1.0/16.5/16.5,,29,
4月,妇科病房,多余行,剪刀-1/Z1029,1592490,整行,,1.0/4.8/4.8,,30,
4月,妇科病房,多余行,大弯-1/z1029,1592867,整行,,1.0/4.8/4.8,,31,
4月,妇科病房,多余行,取环钩-1(不套保护套)/z7537,1592867,整行,,1.0/4.8/4.8,,32,
4月,妇科病房,多余行,止血钳-1/Z1029,1592867,整行,,1.0/4.8/4.8,,33,
4月,妇科病房,多余行,检查包-9件/W7050,1592867,整行,,1.0/29.7/29.7,,34,
4月,妇科病房,多余行,消毒缸-5/w9050,1593267,整行,,1.0/16.5/16.5,,35,
4月,妇科病房,多余行,大镊子-1/Z7534,1593720,整行,,1.0/4.8/4.8,,36,
4月,妇科病房,多余行,探针-1/Z7537,1594230,整行,,1.0/4.8/4.8,,37,
4月,妇科病房,多余行,消毒缸-5/w9050,1594230,整行,,1.0/16.5/16.5,,38,
4月,妇科病房,多余行,大镊子-1/Z7534,1595026,整行,,1.0/4.8/4.8,,39,
4月,妇科病房,多余行,大弯-1/z1029,1595026,整行,,1.0/4.8/4.8,,40,
4月,妇科病房,多余行,止血钳-1/Z1029,1595026,整行,,1.0/4.8/4.8,,41,
4月,妇科病房,多余行,消毒缸-5/w9050,1595384,整行,,1.0/16.5/16.5,,42,
4月,妇科病房,多余行,大镊子-1/Z7534,1596354,整行,,1.0/4.8/4.8,,43,
4月,妇科病房,多余行,剪刀-1/Z1029,1596354,整行,,1.0/4.8/4.8,,44,
4月,妇科病房,多余行,止血钳-1/Z1029,1596354,整行,,2.0/4.8/9.6,,45,
4月,妇科病房,多余行,消毒缸-5/w9050,1596354,整行,,1.0/16.5/16.5,,46,
4月,妇科病房,汇总不一致-总价,妇科病房,,总价,218.1,358.5,8,8,
4月,妇科门诊,缺失行,大镊子-1/Z7534,1596807,整行,3.0/4.8/14.4,,9,,
4月,妇科门诊,缺失行,剪刀-1/Z1029,1596807,整行,2.0/4.8/9.6,,10,,
4月,妇科门诊,缺失行,止血钳-1/Z1029,1596807,整行,2.0/4.8/9.6,,11,,
4月,妇科门诊,缺失行,流产包（12件）,1596807,整行,1.0/39.6/39.6,,12,,
4月,妇科门诊,缺失行,大镊子-1/Z7534,1597147,整行,1.0/4.8/4.8,,13,,
4月,妇科门诊,缺失行,取环钩-1(不套保护套)/z7537,1597147,整行,1.0/4.8/4.8,,14,,
4月,妇科门诊,缺失行,上取环包-9件,1597147,整行,1.0/29.7/29.7,,15,,
4月,妇科门诊,缺失行,消毒缸-4/W9050,1597505,整行,1.0/13.2/13.2,,16,,
4月,妇科门诊,缺失行,病理钳-1/Z2032,1598272,整行,1.0/7.8/7.8,,17,,
4月,妇科门诊,缺失行,大镊子-1/Z7534,1598272,整行,1.0/4.8/4.8,,18,,
4月,妇科门诊,缺失行,宫颈钳-1/Z1535,1598272,整行,1.0/6.6/6.6,,19,,
4月,妇科门诊,缺失行,窥器-1/Z1526,1598272,整行,1.0/6.6/6.6,,20,,
4月,妇科门诊,缺失行,流产包（12件）,1598272,整行,1.0/39.6/39.6,,21,,
4月,妇科门诊,缺失行,消毒缸-4/W9050,1598418,整行,1.0/13.2/13.2,,22,,
4月,妇科门诊,缺失行,大镊子-1/Z7534,1598783,整行,6.0/4.8/28.8,,23,,
4月,妇科门诊,缺失行,宫颈钳-1/Z1535,1598783,整行,1.0/6.6/6.6,,24,,
4月,妇科门诊,缺失行,剪刀-1/Z1029,1598783,整行,1.0/4.8/4.8,,25,,
4月,妇科门诊,缺失行,上取环包-9件,1598783,整行,1.0/29.7/29.7,,26,,
4月,妇科门诊,缺失行,大镊子-1/Z7534,1599206,整行,4.0/4.8/19.2,,27,,
4月,妇科门诊,缺失行,剪刀-1/Z1029,1599206,整行,1.0/4.8/4.8,,28,,
4月,妇科门诊,缺失行,取环钩-1(不套保护套)/z7537,1599673,整行,1.0/4.8/4.8,,29,,
4月,妇科门诊,缺失行,消毒缸-4/W9050,1599673,整行,1.0/13.2/13.2,,30,,
4月,妇科门诊,缺失行,上取环包-9件,1599673,整行,1.0/29.7/29.7,,31,,
4月,妇科门诊,缺失行,大镊子-1/Z7534,1600438,整行,3.0/4.8/14.4,,32,,
4月,妇科门诊,缺失行,宫颈钳-1/Z1535,1600438,整行,2.0/6.6/13.2,,33,,
4月,妇科门诊,缺失行,剪刀-1/Z1029,1600438,整行,1.0/4.8/4.8,,34,,
4月,妇科门诊,缺失行,窥器-1/Z1526,1600438,整行,1.0/6.6/6.6,,35,,
4月,妇科门诊,缺失行,取环钩-1(不套保护套)/z7537,1600438,整行,1.0/4.8/4.8,,36,,
4月,妇科门诊,缺失行,止血钳-1/Z1029,1600438,整行,2.0/4.8/9.6,,37,,
4月,妇科门诊,缺失行,上取环包-9件,1600438,整行,2.0/29.7/59.4,,38,,
4月,妇科门诊,缺失行,消毒缸-4/W9050,1600908,整行,1.0/13.2/13.2,,39,,
4月,妇科门诊,缺失行,大镊子-1/Z7534,1600979,整行,1.0/4.8/4.8,,40,,
4月,妇科门诊,缺失行,流产包（12件）,1600979,整行,2.0/39.6/79.2,,41,,
4月,妇科门诊,缺失行,大镊子-1/Z7534,1601645,整行,5.0/4.8/24.0,,42,,
4月,妇科门诊,缺失行,宫颈钳-1/Z1535,1601645,整行,1.0/6.6/6.6,,43,,
4月,妇科门诊,缺失行,扩棒（4号）-1件/Z7526,1601645,整行,1.0/4.8/4.8,,44,,
4月,妇科门诊,缺失行,取环钩-1(不套保护套)/z7537,1601645,整行,1.0/4.8/4.8,,45,,
4月,妇科门诊,缺失行,探针-1/Z7537,1601645,整行,1.0/4.8/4.8,,46,,
4月,妇科门诊,缺失行,流产包（12件）,1601645,整行,2.0/39.6/79.2,,47,,
4月,妇科门诊,缺失行,消毒缸-4/W9050,1601996,整行,1.0/13.2/13.2,,48,,
4月,妇科门诊,缺失行,流产包（12件）,1601996,整行,1.0/39.6/39.6,,49,,
4月,妇科门诊,缺失行,病理钳-1/Z2032,1602359,整行,1.0/7.8/7.8,,50,,
4月,妇科门诊,缺失行,大镊子-1/Z7534,1602359,整行,2.0/4.8/9.6,,51,,
4月,妇科门诊,缺失行,取环钩-1(不套保护套)/z7537,1602359,整行,1.0/4.8/4.8,,52,,
4月,妇科门诊,缺失行,上取环包-9件,1602359,整行,1.0/29.7/29.7,,53,,
4月,妇科门诊,缺失行,取环钩-1(不套保护套)/z7537,1602669,整行,1.0/4.8/4.8,,54,,
4月,妇科门诊,缺失行,止血钳-1/Z1029,1602669,整行,1.0/4.8/4.8,,55,,
4月,妇科门诊,缺失行,上取环包-9件,1602669,整行,1.0/29.7/29.7,,56,,
4月,妇科门诊,缺失行,消毒缸-4/W9050,1603083,整行,1.0/13.2/13.2,,57,,
4月,妇科门诊,缺失行,取环钩-1(不套保护套)/z7537,1603486,整行,3.0/4.8/14.4,,58,,
4月,妇科门诊,缺失行,止血钳-1/Z1029,1603486,整行,2.0/4.8/9.6,,59,,
4月,妇科门诊,缺失行,流产包（12件）,1603486,整行,1.0/39.6/39.6,,60,,
4月,妇科门诊,缺失行,上取环包-9件,1603486,整行,2.0/29.7/59.4,,61,,
4月,妇科门诊,缺失行,大镊子-1/Z7534,1603848,整行,3.0/4.8/14.4,,62,,
4月,妇科门诊,缺失行,扩棒（3号）-1件/Z7526,1603848,整行,1.0/4.8/4.8,,63,,
4月,妇科门诊,缺失行,扩棒（6.5号）-1件/Z7526,1603848,整行,1.0/4.8/4.8,,64,,
4月,妇科门诊,缺失行,取环钩-1(不套保护套)/z7537,1603848,整行,2.0/4.8/9.6,,65,,
4月,妇科门诊,缺失行,流产包（12件）,1603848,整行,1.0/39.6/39.6,,66,,
4月,妇科门诊,缺失行,上取环包-9件,1603848,整行,1.0/29.7/29.7,,67,,
4月,妇科门诊,缺失行,大镊子-1/Z7534,1603985,整行,1.0/4.8/4.8,,68,,
4月,妇科门诊,缺失行,剪刀-1/Z1029,1603985,整行,1.0/4.8/4.8,,69,,
4月,妇科门诊,缺失行,扩棒（4.5号）-1件/Z7526,1603985,整行,1.0/4.8/4.8,,70,,
4月,妇科门诊,缺失行,扩棒（8号）-1件/Z7526,1603985,整行,1.0/4.8/4.8,,71,,
4月,妇科门诊,缺失行,卵圆钳-1/Z1535,1603985,整行,1.0/6.6/6.6,,72,,
4月,妇科门诊,缺失行,取环钩-1(不套保护套)/z7537,1603985,整行,2.0/4.8/9.6,,73,,
4月,妇科门诊,缺失行,消毒缸-4/W9050,1603985,整行,1.0/13.2/13.2,,74,,
4月,妇科门诊,缺失行,取环钩-1(不套保护套)/z7537,1604377,整行,1.0/4.8/4.8,,75,,
4月,妇科门诊,缺失行,上取环包-9件,1604377,整行,1.0/29.7/29.7,,76,,
4月,妇科门诊,缺失行,大镊子-1/Z7534,1604734,整行,1.0/4.8/4.8,,77,,
4月,妇科门诊,缺失行,取环钩-1(不套保护套)/z7537,1604734,整行,1.0/4.8/4.8,,78,,
4月,妇科门诊,缺失行,上取环包-9件,1604734,整行,2.0/29.7/59.4,,79,,
4月,妇科门诊,多余行,宫颈钳-1/Z1535,1588117,整行,,2.0/6.6/13.2,,9,
4月,妇科门诊,多余行,镊子-1/Z7526,1588117,整行,,1.0/4.8/4.8,,10,
4月,妇科门诊,多余行,取环钩-1(不套保护套)/z7537,1588117,整行,,1.0/4.8/4.8,,11,
4月,妇科门诊,多余行,探针-1/Z7537,1588117,整行,,1.0/4.8/4.8,,12,
4月,妇科门诊,多余行,上取环包-9件,1588117,整行,,1.0/29.7/29.7,,13,
4月,妇科门诊,多余行,消毒缸-4/W9050,1588232,整行,,1.0/13.2/13.2,,14,
4月,妇科门诊,多余行,病理钳-1/Z2032,1588635,整行,,1.0/7.8/7.8,,15,
4月,妇科门诊,多余行,大镊子-1/Z7534,1588635,整行,,2.0/4.8/9.6,,16,
4月,妇科门诊,多余行,宫颈钳-1/Z1535,1588635,整行,,1.0/6.6/6.6,,17,
4月,妇科门诊,多余行,取环钩-1(不套保护套)/z7537,1588635,整行,,2.0/4.8/9.6,,18,
4月,妇科门诊,多余行,止血钳-1/Z1029,1588635,整行,,2.0/4.8/9.6,,19,
4月,妇科门诊,多余行,上取环包-9件,1588635,整行,,3.0/29.7/89.1,,20,
4月,妇科门诊,多余行,流产包（12件）,1588997,整行,,1.0/39.6/39.6,,21,
4月,妇科门诊,多余行,大镊子-1/Z7534,1589401,整行,,5.0/4.8/24.0,,22,
4月,妇科门诊,多余行,宫颈钳（单齿）-1/Z1526,1589401,整行,,1.0/6.6/6.6,,23,
4月,妇科门诊,多余行,扩棒（3号）-1件/Z7526,1589401,整行,,2.0/4.8/9.6,,24,
4月,妇科门诊,多余行,扩棒（4号）-1件/Z7526,1589401,整行,,1.0/4.8/4.8,,25,
4月,妇科门诊,多余行,扩棒3.5-1件/z7526,1589401,整行,,1.0/4.8/4.8,,26,
4月,妇科门诊,多余行,取环钩-1(不套保护套)/z7537,1589401,整行,,1.0/4.8/4.8,,27,
4月,妇科门诊,多余行,探针-1/Z7537,1589401,整行,,1.0/4.8/4.8,,28,
4月,妇科门诊,多余行,消毒缸-4/W9050,1589401,整行,,1.0/13.2/13.2,,29,
4月,妇科门诊,多余行,上取环包-9件,1589401,整行,,1.0/29.7/29.7,,30,
4月,妇科门诊,多余行,病理钳-1/Z2032,1589777,整行,,1.0/7.8/7.8,,31,
4月,妇科门诊,多余行,大镊子-1/Z7534,1589777,整行,,1.0/4.8/4.8,,32,
4月,妇科门诊,多余行,宫颈钳-1/Z1535,1589777,整行,,1.0/6.6/6.6,,33,
4月,妇科门诊,多余行,取环钩-1(不套保护套)/z7537,1589777,整行,,1.0/4.8/4.8,,34,
4月,妇科门诊,多余行,流产包（12件）,1589777,整行,,1.0/39.6/39.6,,35,
4月,妇科门诊,多余行,上取环包-9件,1589777,整行,,1.0/29.7/29.7,,36,
4月,妇科门诊,多余行,大镊子-1/Z7534,1590150,整行,,3.0/4.8/14.4,,37,
4月,妇科门诊,多余行,剪刀-1/Z1029,1590150,整行,,1.0/4.8/4.8,,38,
4月,妇科门诊,多余行,取环钩-1(不套保护套)/z7537,1590150,整行,,1.0/4.8/4.8,,39,
4月,妇科门诊,多余行,止血钳-1/Z1029,1590150,整行,,1.0/4.8/4.8,,40,
4月,妇科门诊,多余行,流产包（12件）,1590150,整行,,1.0/39.6/39.6,,41,
4月,妇科门诊,多余行,上取环包-9件,1590150,整行,,1.0/29.7/29.7,,42,
4月,妇科门诊,多余行,消毒缸-4/W9050,1590332,整行,,1.0/13.2/13.2,,43,
4月,妇科门诊,多余行,大镊子-1/Z7534,1590715,整行,,3.0/4.8/14.4,,44,
4月,妇科门诊,多余行,剪刀-1/Z1029,1590715,整行,,1.0/4.8/4.8,,45,
4月,妇科门诊,多余行,取环钩-1(不套保护套)/z7537,1590715,整行,,2.0/4.8/9.6,,46,
4月,妇科门诊,多余行,探针-1/Z7537,1590715,整行,,1.0/4.8/4.8,,47,
4月,妇科门诊,多余行,止血钳-1/Z1029,1590715,整行,,2.0/4.8/9.6,,48,
4月,妇科门诊,多余行,上取环包-9件,1590715,整行,,1.0/29.7/29.7,,49,
4月,妇科门诊,多余行,病理钳-1/Z2032,1591555,整行,,1.0/7.8/7.8,,50,
4月,妇科门诊,多余行,大镊子-1/Z7534,1591555,整行,,1.0/4.8/4.8,,51,
4月,妇科门诊,多余行,宫颈钳-1/Z1535,1591555,整行,,1.0/6.6/6.6,,52,
4月,妇科门诊,多余行,取环钩-1(不套保护套)/z7537,1591555,整行,,2.0/4.8/9.6,,53,
4月,妇科门诊,多余行,止血钳-1/Z1029,1591555,整行,,1.0/4.8/4.8,,54,
4月,妇科门诊,多余行,消毒缸-4/W9050,1591555,整行,,1.0/13.2/13.2,,55,
4月,妇科门诊,多余行,上取环包-9件,1591555,整行,,2.0/29.7/59.4,,56,
4月,妇科门诊,多余行,剪刀-1/Z1029,1591567,整行,,1.0/4.8/4.8,,57,
4月,妇科门诊,多余行,扩棒（7.5号）-1件/Z7526,1591892,整行,,1.0/4.8/4.8,,58,
4月,妇科门诊,多余行,简易呼吸器-1件/Z3060,1592137,整行,,1.0/21.0/21.0,,59,
4月,妇科门诊,多余行,气夹-1/z1535,1592137,整行,,1.0/15.0/15.0,,60,
4月,妇科门诊,多余行,大镊子-1/Z7534,1592247,整行,,3.0/4.8/14.4,,61,
4月,妇科门诊,多余行,宫颈钳-1/Z1535,1592247,整行,,1.0/6.6/6.6,,62,
4月,妇科门诊,多余行,取环钩-1(不套保护套)/z7537,1592247,整行,,3.0/4.8/14.4,,63,
4月,妇科门诊,多余行,探针-1/Z7537,1592247,整行,,1.0/4.8/4.8,,64,
4月,妇科门诊,多余行,止血钳-1/Z1029,1592247,整行,,1.0/4.8/4.8,,65,
4月,妇科门诊,多余行,消毒缸-4/W9050,1592247,整行,,1.0/13.2/13.2,,66,
4月,妇科门诊,多余行,流产包（12件）,1592247,整行,,1.0/39.6/39.6,,67,
4月,妇科门诊,多余行,上取环包-9件,1592247,整行,,3.0/29.7/89.1,,68,
4月,妇科门诊,多余行,大镊子-1/Z7534,1592494,整行,,2.0/4.8/9.6,,69,
4月,妇科门诊,多余行,宫颈钳-1/Z1535,1592494,整行,,1.0/6.6/6.6,,70,
4月,妇科门诊,多余行,剪刀-1/Z1029,1592494,整行,,1.0/4.8/4.8,,71,
4月,妇科门诊,多余行,探针-1/Z7537,1592494,整行,,1.0/4.8/4.8,,72,
4月,妇科门诊,多余行,病理钳-1/Z2032,1593262,整行,,2.0/7.8/15.6,,73,
4月,妇科门诊,多余行,持针器-1/Z1029,1593262,整行,,1.0/4.8/4.8,,74,
4月,妇科门诊,多余行,大镊子-1/Z7534,1593262,整行,,3.0/4.8/14.4,,75,
4月,妇科门诊,多余行,宫颈钳-1/Z1535,1593262,整行,,2.0/6.6/13.2,,76,
4月,妇科门诊,多余行,剪刀-1/Z1029,1593262,整行,,2.0/4.8/9.6,,77,
4月,妇科门诊,多余行,止血钳-1/Z1029,1593262,整行,,2.0/4.8/9.6,,78,
4月,妇科门诊,多余行,消毒缸-4/W9050,1593262,整行,,1.0/13.2/13.2,,79,
4月,妇科门诊,多余行,大镊子-1/Z7534,1594073,整行,,8.0/4.8/38.4,,80,
4月,妇科门诊,多余行,剪刀-1/Z1029,1594073,整行,,1.0/4.8/4.8,,81,
4月,妇科门诊,多余行,取环钩-1(不套保护套)/z7537,1594073,整行,,1.0/4.8/4.8,,82,
4月,妇科门诊,多余行,流产包（12件）,1594073,整行,,1.0/39.6/39.6,,83,
4月,妇科门诊,多余行,上取环包-9件,1594073,整行,,1.0/29.7/29.7,,84,
4月,妇科门诊,多余行,消毒缸-4/W9050,1594240,整行,,1.0/13.2/13.2,,85,
4月,妇科门诊,多余行,病理钳-1/Z2032,1594653,整行,,1.0/7.8/7.8,,86,
4月,妇科门诊,多余行,大镊子-1/Z7534,1594653,整行,,1.0/4.8/4.8,,87,
4月,妇科门诊,多余行,宫颈钳-1/Z1535,1594653,整行,,1.0/6.6/6.6,,88,
4月,妇科门诊,多余行,剪刀-1/Z1029,1594653,整行,,1.0/4.8/4.8,,89,
4月,妇科门诊,多余行,取环钩-1(不套保护套)/z7537,1594653,整行,,1.0/4.8/4.8,,90,
4月,妇科门诊,多余行,止血钳-1/Z1029,1594653,整行,,1.0/4.8/4.8,,91,
4月,妇科门诊,多余行,流产包（12件）,1594653,整行,,1.0/39.6/39.6,,92,
4月,妇科门诊,多余行,上取环包-9件,1594653,整行,,2.0/29.7/59.4,,93,
4月,妇科门诊,多余行,大镊子-1/Z7534,1595022,整行,,1.0/4.8/4.8,,94,
4月,妇科门诊,多余行,剪刀-1/Z1029,1595022,整行,,1.0/4.8/4.8,,95,
4月,妇科门诊,多余行,流产包（12件）,1595022,整行,,2.0/39.6/79.2,,96,
4月,妇科门诊,多余行,大镊子-1/Z7534,1595378,整行,,5.0/4.8/24.0,,97,
4月,妇科门诊,多余行,消毒缸-4/W9050,1595378,整行,,1.0/13.2/13.2,,98,
4月,妇科门诊,多余行,流产包（12件）,1595378,整行,,1.0/39.6/39.6,,99,
4月,妇科门诊,多余行,大镊子-1/Z7534,1595822,整行,,1.0/4.8/4.8,,100,
4月,妇科门诊,多余行,取环钩-1(不套保护套)/z7537,1595822,整行,,2.0/4.8/9.6,,101,
4月,妇科门诊,多余行,上取环包-9件,1595822,整行,,2.0/29.7/59.4,,102,
4月,妇科门诊,多余行,大镊子-1/Z7534,1596198,整行,,4.0/4.8/19.2,,103,
4月,妇科门诊,多余行,宫颈钳-1/Z1535,1596198,整行,,1.0/6.6/6.6,,104,
4月,妇科门诊,多余行,流产包（12件）,1596198,整行,,1.0/39.6/39.6,,105,
4月,妇科门诊,多余行,消毒缸-4/W9050,1596353,整行,,1.0/13.2/13.2,,106,
4月,妇科门诊,汇总不一致-总价,妇科门诊,,总价,1215.3,1648.2,8,8,
4月,心内科,缺失行,剪刀-1/Z1029,1600916,整行,1.0/4.8/4.8,,9,,
4月,心内科,缺失行,开口器-1/Z1026,1600916,整行,1.0/4.8/4.8,,10,,
4月,心内科,缺失行,镊子-1/Z7526,1600916,整行,1.0/4.8/4.8,,11,,
4月,心内科,缺失行,止血钳-1/Z1029,1600916,整行,1.0/4.8/4.8,,12,,
4月,心内科,缺失行,止血钳-1/Z1029,1600983,整行,1.0/4.8/4.8,,13,,
4月,心内科,多余行,简易呼吸器-1件/Z3060,1590562,整行,,1.0/21.0/21.0,,9,
4月,心内科,汇总不一致-总价,心内科,,总价,24.0,21.0,8,8,
4月,急诊,缺失行,止血钳-1/Z1029,1596818,整行,1.0/4.8/4.8,,9,,
4月,急诊,缺失行,剪刀-1/Z1029,1597146,整行,1.0/4.8/4.8,,10,,
4月,急诊,缺失行,止血钳-1/Z1029,1597146,整行,2.0/4.8/9.6,,11,,
4月,急诊,缺失行,缝合包4件,1597146,整行,1.0/13.2/13.2,,12,,
4月,急诊,缺失行,切开包-11/w6050,1597146,整行,1.0/36.3/36.3,,13,,
4月,急诊,缺失行,消毒缸-8/w9050,1597502,整行,1.0/26.4/26.4,,14,,
4月,急诊,缺失行,缝合包4件,1598271,整行,1.0/13.2/13.2,,15,,
4月,急诊,缺失行,剪刀-1/Z1029,1598420,整行,1.0/4.8/4.8,,16,,
4月,急诊,缺失行,止血钳-1/Z1029,1598420,整行,2.0/4.8/9.6,,17,,
4月,急诊,缺失行,消毒缸-8/w9050,1598420,整行,1.0/26.4/26.4,,18,,
4月,急诊,缺失行,缝合包4件,1598420,整行,1.0/13.2/13.2,,19,,
4月,急诊,缺失行,切开包-11/w6050,1598420,整行,1.0/36.3/36.3,,20,,
4月,急诊,缺失行,消毒缸-8/w9050,1599675,整行,1.0/26.4/26.4,,21,,
4月,急诊,缺失行,剪刀-1/Z1029,1600205,整行,1.0/4.8/4.8,,22,,
4月,急诊,缺失行,蚊式-1/Z1026,1600205,整行,1.0/4.8/4.8,,23,,
4月,急诊,缺失行,小镊子-1/Z7526,1600205,整行,1.0/4.8/4.8,,24,,
4月,急诊,缺失行,止血钳-1/Z1029,1600205,整行,2.0/4.8/9.6,,25,,
4月,急诊,缺失行,缝合包4件,1600205,整行,2.0/13.2/26.4,,26,,
4月,急诊,缺失行,换药包（弯盘1小弯1）/w6050,1600205,整行,2.0/9.9/19.8,,27,,
4月,急诊,缺失行,剪刀-1/Z1029,1600347,整行,1.0/4.8/4.8,,28,,
4月,急诊,缺失行,剪刀-1/Z1029,1600455,整行,1.0/4.8/4.8,,29,,
4月,急诊,缺失行,缝合包4件,1600455,整行,1.0/13.2/13.2,,30,,
4月,急诊,缺失行,换药包（弯盘1小弯1）/w6050,1600455,整行,1.0/9.9/9.9,,31,,
4月,急诊,缺失行,剪刀-1/Z1029,1600905,整行,1.0/4.8/4.8,,32,,
4月,急诊,缺失行,消毒缸-8/w9050,1600905,整行,1.0/26.4/26.4,,33,,
4月,急诊,缺失行,弯盘1止血钳1/w6050,1600905,整行,1.0/9.9/9.9,,34,,
4月,急诊,缺失行,剪刀-1/Z1029,1602016,整行,3.0/4.8/14.4,,35,,
4月,急诊,缺失行,止血钳-1/Z1029,1602016,整行,1.0/4.8/4.8,,36,,
4月,急诊,缺失行,消毒缸-8/w9050,1602016,整行,1.0/26.4/26.4,,37,,
4月,急诊,缺失行,换药包（弯盘1小弯1）/w6050,1602016,整行,1.0/9.9/9.9,,38,,
4月,急诊,缺失行,剪刀-1/Z1029,1602362,整行,1.0/4.8/4.8,,39,,
4月,急诊,缺失行,止血钳-1/Z1029,1602362,整行,1.0/4.8/4.8,,40,,
4月,急诊,缺失行,喉镜片（低温）-1/Z1530,1602362,整行,1.0/15.0/15.0,,41,,
4月,急诊,缺失行,开口器-1/Z1026,1602383,整行,1.0/4.8/4.8,,42,,
4月,急诊,缺失行,剪刀-1/Z1029,1603085,整行,2.0/4.8/9.6,,43,,
4月,急诊,缺失行,消毒缸-8/w9050,1603085,整行,1.0/26.4/26.4,,44,,
4月,急诊,缺失行,缝合包4件,1603458,整行,1.0/13.2/13.2,,45,,
4月,急诊,缺失行,弯盘1止血钳1/w6050,1603458,整行,1.0/9.9/9.9,,46,,
4月,急诊,缺失行,镊子-1/Z7526,1603847,整行,1.0/4.8/4.8,,47,,
4月,急诊,缺失行,消毒缸-8/w9050,1603989,整行,1.0/26.4/26.4,,48,,
4月,急诊,多余行,切开包-11/w6050,1588118,整行,,1.0/36.3/36.3,,9,
4月,急诊,多余行,消毒缸-8/w9050,1588226,整行,,1.0/26.4/26.4,,10,
4月,急诊,多余行,简易呼吸器-3件/z3060,1588890,整行,,1.0/39.6/39.6,,11,
4月,急诊,多余行,喉镜片（低温）-1/Z1530,1589031,整行,,1.0/15.0/15.0,,12,
4月,急诊,多余行,呼吸机管路-1（EO）/z3040,1589240,整行,,1.0/21.0/21.0,,13,
4月,急诊,多余行,简易呼吸器一套/z3060,1589240,整行,,1.0/21.0/21.0,,14,
4月,急诊,多余行,止血钳-1/Z1029,1589388,整行,,2.0/4.8/9.6,,15,
4月,急诊,多余行,消毒缸-8/w9050,1589388,整行,,1.0/26.4/26.4,,16,
4月,急诊,多余行,整形包-13件,1589388,整行,,1.0/42.9/42.9,,17,
4月,急诊,多余行,缝合包-4/w6050,1589388,整行,,1.0/13.2/13.2,,18,
4月,急诊,多余行,消毒缸-8/w9050,1590329,整行,,1.0/26.4/26.4,,19,
4月,急诊,多余行,整形包-13件,1590329,整行,,1.0/42.9/42.9,,20,
4月,急诊,多余行,缝合包4件,1591092,整行,,1.0/13.2/13.2,,21,
4月,急诊,多余行,消毒缸-8/w9050,1591491,整行,,1.0/26.4/26.4,,22,
4月,急诊,多余行,剪刀-1/Z1029,1591894,整行,,1.0/4.8/4.8,,23,
4月,急诊,多余行,剪刀-1/Z1029,1592248,整行,,2.0/4.8/9.6,,24,
4月,急诊,多余行,止血钳-1/Z1029,1592248,整行,,3.0/4.8/14.4,,25,
4月,急诊,多余行,消毒缸-8/w9050,1592248,整行,,1.0/26.4/26.4,,26,
4月,急诊,多余行,缝合包4件,1592248,整行,,1.0/13.2/13.2,,27,
4月,急诊,多余行,剪刀-1/Z1029,1592487,整行,,1.0/4.8/4.8,,28,
4月,急诊,多余行,镊子-1/Z7526,1592487,整行,,1.0/4.8/4.8,,29,
4月,急诊,多余行,缝合包4件,1592487,整行,,1.0/13.2/13.2,,30,
4月,急诊,多余行,缝合包4件,1592892,整行,,1.0/13.2/13.2,,31,
4月,急诊,多余行,剪刀-1/Z1029,1593261,整行,,1.0/4.8/4.8,,32,
4月,急诊,多余行,止血钳-1/Z1029,1593261,整行,,1.0/4.8/4.8,,33,
4月,急诊,多余行,消毒缸-8/w9050,1593261,整行,,1.0/26.4/26.4,,34,
4月,急诊,多余行,缝合包4件,1593261,整行,,1.0/13.2/13.2,,35,
4月,急诊,多余行,小镊子-1/Z7526,1594072,整行,,1.0/4.8/4.8,,36,
4月,急诊,多余行,喉镜片（低温）-1/Z1530,1594072,整行,,1.0/15.0/15.0,,37,
4月,急诊,多余行,缝合包4件,1594072,整行,,1.0/13.2/13.2,,38,
4月,急诊,多余行,消毒缸-8/w9050,1594231,整行,,1.0/26.4/26.4,,39,
4月,急诊,多余行,简易呼吸器-3件/z3060,1594522,整行,,1.0/39.6/39.6,,40,
4月,急诊,多余行,剪刀-1/Z1029,1595024,整行,,1.0/4.8/4.8,,41,
4月,急诊,多余行,止血钳-1/Z1029,1595024,整行,,1.0/4.8/4.8,,42,
4月,急诊,多余行,止血钳-1/Z1029,1595380,整行,,1.0/4.8/4.8,,43,
4月,急诊,多余行,消毒缸-8/w9050,1595380,整行,,1.0/26.4/26.4,,44,
4月,急诊,多余行,剪刀-1/Z1029,1596177,整行,,1.0/4.8/4.8,,45,
4月,急诊,多余行,消毒缸-8/w9050,1596349,整行,,1.0/26.4/26.4,,46,
4月,急诊,汇总不一致-总价,急诊,,总价,544.2,684.9,8,8,
4月,手术室,缺失行,腹腔镜基础包23件,1596683,整行,1.0/79.2/79.2,,9,,
4月,手术室,缺失行,开腹（66件）,1596683,整行,1.0/227.7/227.7,,10,,
4月,手术室,缺失行,普外腹腔镜C(45件）,1596683,整行,1.0/151.8/151.8,,11,,
4月,手术室,缺失行,超声刀线-1/z3040,1596683,整行,2.0/21.0/42.0,,12,,
4月,手术室,缺失行,单极线-1/Z3040,1596683,整行,2.0/21.0/42.0,,13,,
4月,手术室,缺失行,生物夹钳-1/（双，保护）Z2060,1596683,整行,1.0/21.0/21.0,,14,,
4月,手术室,缺失行,30 度镜头-1(STORZE)/Z2060,1596683,整行,1.0/16.8/16.8,,15,,
4月,手术室,缺失行,持物钳罐-5件/w6050,1596683,整行,1.0/16.5/16.5,,16,,
4月,手术室,缺失行,超声刀线-1/z3040,1596870,整行,3.0/21.0/63.0,,17,,
4月,手术室,缺失行,单极线-1/Z3040,1596870,整行,3.0/21.0/63.0,,18,,
4月,手术室,缺失行,生物夹钳-1/（双，保护）Z2060,1596870,整行,1.0/21.0/21.0,,19,,
4月,手术室,缺失行,2D镜头-1件/Z2060,1596870,整行,1.0/16.8/16.8,,20,,
4月,手术室,缺失行,30 度镜头-1(STORZE)/Z2060,1596870,整行,1.0/16.8/16.8,,21,,
4月,手术室,缺失行,3D镜头-1件/Z2060,1596870,整行,1.0/16.8/16.8,,22,,
4月,手术室,缺失行,腹腔镜基础包23件,1596874,整行,1.0/79.2/79.2,,23,,
4月,手术室,缺失行,开腹（66件）,1596874,整行,1.0/227.7/227.7,,24,,
4月,手术室,缺失行,普外肠道腔镜器械（56件）,1596874,整行,1.0/188.1/188.1,,25,,
4月,手术室,缺失行,普外腹腔镜A(44件）,1596874,整行,1.0/148.5/148.5,,26,,
4月,手术室,缺失行,切开（28件）,1596874,整行,2.0/95.7/191.4,,27,,
4月,手术室,缺失行,小拉勾-2/Z1026,1596874,整行,1.0/8.1/8.1,,28,,
4月,手术室,缺失行,持物钳罐-5件/w6050,1596874,整行,4.0/16.5/66.0,,29,,
4月,手术室,缺失行,单子/W12050,1596888,整行,2.0/21.0/42.0,,30,,
4月,手术室,缺失行,刷手服/W12050,1596888,整行,3.0/21.0/63.0,,31,,
4月,手术室,缺失行,妇科腹腔镜B（46件）,1597117,整行,1.0/155.1/155.1,,32,,
4月,手术室,缺失行,腹腔镜基础包23件,1597117,整行,1.0/79.2/79.2,,33,,
4月,手术室,缺失行,举宫杯-15件,1597117,整行,1.0/52.8/52.8,,34,,
4月,手术室,缺失行,流产包B（16件）,1597117,整行,1.0/56.1/56.1,,35,,
4月,手术室,缺失行,普外腹腔镜D(45件）,1597117,整行,1.0/151.8/151.8,,36,,
4月,手术室,缺失行,妇科针-2/Z7537,1597117,整行,1.0/8.1/8.1,,37,,
4月,手术室,缺失行,宫颈钳（单齿）-1/Z1535,1597117,整行,1.0/6.6/6.6,,38,,
4月,手术室,缺失行,小拉勾-2/Z1026,1597117,整行,1.0/8.1/8.1,,39,,
4月,手术室,缺失行,阴道拉钩-2/Z2032,1597117,整行,1.0/9.9/9.9,,40,,
4月,手术室,缺失行,超声刀线-1/z3040,1597117,整行,1.0/21.0/21.0,,41,,
4月,手术室,缺失行,电切环-1/Z7526,1597117,整行,1.0/13.2/13.2,,42,,
4月,手术室,缺失行,生物夹钳-1/（双，保护）Z2060,1597117,整行,1.0/21.0/21.0,,43,,
4月,手术室,缺失行,妇科检查包-16件,1597117,整行,1.0/52.8/52.8,,44,,
4月,手术室,缺失行,30 度镜头-1(威沙普)/Z2060,1597117,整行,1.0/16.8/16.8,,45,,
4月,手术室,缺失行,妇科治疗镜B 12度-5件盒1/W12050,1597117,整行,1.0/52.8/52.8,,46,,
4月,手术室,缺失行,检查镜-12度-3/Z2060,1597117,整行,1.0/39.6/39.6,,47,,
4月,手术室,缺失行,持物钳罐-5件/w6050,1597117,整行,2.0/16.5/33.0,,48,,
4月,手术室,缺失行,腹膜钳-5/W6050,1597117,整行,1.0/16.5/16.5,,49,,
4月,手术室,缺失行,扩棒（7-9.5）-6件/W6050,1597117,整行,1.0/19.8/19.8,,50,,
4月,手术室,缺失行,腹腔镜基础包23件,1597150,整行,1.0/79.2/79.2,,51,,
4月,手术室,缺失行,单极线-1/Z3040,1597150,整行,1.0/21.0/21.0,,52,,
4月,手术室,缺失行,超声刀线-1/z3040,1597250,整行,2.0/21.0/42.0,,53,,
4月,手术室,缺失行,单极线-1/Z3040,1597250,整行,2.0/21.0/42.0,,54,,
4月,手术室,缺失行,普外腹腔镜C(45件）/W1205060,1597250,整行,1.0/412.8/412.8,,55,,
4月,手术室,缺失行,生物夹钳-1/（双，保护）Z2060,1597250,整行,3.0/21.0/63.0,,56,,
4月,手术室,缺失行,胃钳子-1/Z2060（低温）,1597250,整行,1.0/16.8/16.8,,57,,
4月,手术室,缺失行,2D镜头-1件/Z2060,1597250,整行,1.0/16.8/16.8,,58,,
4月,手术室,缺失行,30 度镜头-1(STORZE)/Z2060,1597250,整行,1.0/16.8/16.8,,59,,
4月,手术室,缺失行,检查镜-12度-3/Z2060,1597250,整行,1.0/39.6/39.6,,60,,
4月,手术室,缺失行,腹腔镜基础包23件,1597251,整行,2.0/79.2/158.4,,61,,
4月,手术室,缺失行,普外腹腔镜E(42件）,1597251,整行,1.0/141.9/141.9,,62,,
4月,手术室,缺失行,妇科窥器-1/Z1526,1597251,整行,2.0/6.6/13.2,,63,,
4月,手术室,缺失行,妇科针-2/Z7537,1597251,整行,1.0/8.1/8.1,,64,,
4月,手术室,缺失行,小拉勾-2/Z1026,1597251,整行,1.0/8.1/8.1,,65,,
4月,手术室,缺失行,妇科检查包-16件,1597251,整行,2.0/52.8/105.6,,66,,
4月,手术室,缺失行,持物钳罐-5件/w6050,1597251,整行,2.0/16.5/33.0,,67,,
4月,手术室,缺失行,超声刀线-1/z3040,1597611,整行,2.0/21.0/42.0,,68,,
4月,手术室,缺失行,单极线-1/Z3040,1597611,整行,1.0/21.0/21.0,,69,,
4月,手术室,缺失行,电切环-1/Z7526,1597611,整行,1.0/13.2/13.2,,70,,
4月,手术室,缺失行,生物夹钳-1/（双，保护）Z2060,1597611,整行,1.0/21.0/21.0,,71,,
4月,手术室,缺失行,吸引器-1件/Z1550,1597611,整行,1.0/15.0/15.0,,72,,
4月,手术室,缺失行,30 度镜头-1(STORZE)/Z2060,1597611,整行,2.0/16.8/33.6,,73,,
4月,手术室,缺失行,妇科治疗镜A 12度-5件盒1/W12050,1597611,整行,1.0/52.8/52.8,,74,,
4月,手术室,缺失行,检查镜-12度-3/Z2060,1597611,整行,1.0/39.6/39.6,,75,,
4月,手术室,缺失行,妇科腹腔镜A（46件）,1597620,整行,1.0/155.1/155.1,,76,,
4月,手术室,缺失行,腹腔镜基础包23件,1597620,整行,2.0/79.2/158.4,,77,,
4月,手术室,缺失行,举宫杯16件,1597620,整行,1.0/56.1/56.1,,78,,
4月,手术室,缺失行,绝育（34件）,1597620,整行,1.0/115.5/115.5,,79,,
4月,手术室,缺失行,流产包B（16件）,1597620,整行,1.0/56.1/56.1,,80,,
4月,手术室,缺失行,普外腹腔镜C(45件）,1597620,整行,1.0/151.8/151.8,,81,,
4月,手术室,缺失行,切开（28件）,1597620,整行,1.0/95.7/95.7,,82,,
4月,手术室,缺失行,剥离子-1/（双）Z7530,1597620,整行,1.0/6.3/6.3,,83,,
4月,手术室,缺失行,妇科窥器-1/Z1526,1597620,整行,1.0/6.6/6.6,,84,,
4月,手术室,缺失行,妇科针-2/Z7537,1597620,整行,1.0/8.1/8.1,,85,,
4月,手术室,缺失行,梅花螺丝刀-8件/双/Z1526,1597620,整行,1.0/26.4/26.4,,86,,
4月,手术室,缺失行,内六角-1/Z1029,1597620,整行,1.0/4.8/4.8,,87,,
4月,手术室,缺失行,内六角螺丝刀-8件/Z1526,1597620,整行,1.0/26.4/26.4,,88,,
4月,手术室,缺失行,咬骨钳-1/（双）Z2032,1597620,整行,1.0/9.9/9.9,,89,,
4月,手术室,缺失行,妇科检查包-16件,1597620,整行,1.0/52.8/52.8,,90,,
4月,手术室,缺失行,持物钳罐-5件/w6050,1597620,整行,3.0/16.5/49.5,,91,,
4月,手术室,缺失行,扩棒（8-10.5）-6件/W6050,1597620,整行,1.0/19.8/19.8,,92,,
4月,手术室,缺失行,单子/W12050,1597625,整行,3.0/21.0/63.0,,93,,
4月,手术室,缺失行,刷手服/W12050,1597625,整行,2.0/21.0/42.0,,94,,
4月,手术室,缺失行,开腹（66件）,1598001,整行,2.0/227.7/455.4,,95,,
4月,手术室,缺失行,普外肠道腔镜器械（56件）,1598001,整行,1.0/188.1/188.1,,96,,
4月,手术室,缺失行,普外腹腔镜D(45件）,1598001,整行,1.0/151.8/151.8,,97,,
4月,手术室,缺失行,妇科针-2/Z7537,1598001,整行,1.0/8.1/8.1,,98,,
4月,手术室,缺失行,荷包钳-1/（双）Z1540,1598001,整行,1.0/9.9/9.9,,99,,
4月,手术室,缺失行,妇科检查包-16件,1598001,整行,1.0/52.8/52.8,,100,,
4月,手术室,缺失行,持物钳罐-5件/w6050,1598001,整行,3.0/16.5/49.5,,101,,
4月,手术室,缺失行,杯-1/z1526,1598028,整行,1.0/15.0/15.0,,102,,
4月,手术室,缺失行,超声刀线-1/z3040,1598028,整行,2.0/21.0/42.0,,103,,
4月,手术室,缺失行,生物夹钳-1/（双，保护）Z2060,1598028,整行,3.0/21.0/63.0,,104,,
4月,手术室,缺失行,胃钳子-1/Z2060（低温）,1598028,整行,2.0/16.8/33.6,,105,,
4月,手术室,缺失行,30 度镜头-1(STORZE)/Z2060,1598028,整行,1.0/16.8/16.8,,106,,
4月,手术室,缺失行,3D镜头-1件/Z2060,1598028,整行,1.0/16.8/16.8,,107,,
4月,手术室,缺失行,检查镜-12度-3/Z2060,1598028,整行,1.0/39.6/39.6,,108,,
4月,手术室,缺失行,腹腔镜基础包23件,1598251,整行,1.0/79.2/79.2,,109,,
4月,手术室,缺失行,甲状腺-52件,1598251,整行,1.0/178.2/178.2,,110,,
4月,手术室,缺失行,脑显微-47件,1598251,整行,1.0/158.4/158.4,,111,,
4月,手术室,缺失行,普外腹腔镜A(44件）,1598251,整行,1.0/148.5/148.5,,112,,
4月,手术室,缺失行,铣切钻-8件,1598251,整行,1.0/29.7/29.7,,113,,
4月,手术室,缺失行,钻孔-79件,1598251,整行,1.0/264.0/264.0,,114,,
4月,手术室,缺失行,超声刀线-1/z3040,1598251,整行,1.0/21.0/21.0,,115,,
4月,手术室,缺失行,单极线-1/Z3040,1598251,整行,1.0/21.0/21.0,,116,,
4月,手术室,缺失行,生物夹钳-1/（双，保护）Z2060,1598251,整行,1.0/21.0/21.0,,117,,
4月,手术室,缺失行,30 度镜头-1(STORZE)/Z2060,1598251,整行,1.0/16.8/16.8,,118,,
4月,手术室,缺失行,持物钳罐-5件/w6050,1598251,整行,2.0/16.5/33.0,,119,,
4月,手术室,缺失行,脑科螺丝刀-2/z1530,1598273,整行,1.0/9.9/9.9,,120,,
4月,手术室,缺失行,单子/W12050,1598277,整行,2.0/21.0/42.0,,121,,
4月,手术室,缺失行,敷料包/W12050,1598277,整行,2.0/21.0/42.0,,122,,
4月,手术室,缺失行,腹腔镜基础包23件,1598549,整行,1.0/79.2/79.2,,123,,
4月,手术室,缺失行,开腹（66件）,1598549,整行,2.0/227.7/455.4,,124,,
4月,手术室,缺失行,普外腹腔镜A(44件）,1598549,整行,1.0/148.5/148.5,,125,,
4月,手术室,缺失行,普外腹腔镜D(45件）,1598549,整行,1.0/151.8/151.8,,126,,
4月,手术室,缺失行,半月板拉钩-5/W6050,1598549,整行,1.0/16.5/16.5,,127,,
4月,手术室,缺失行,剥离子-1/（双）Z7530,1598549,整行,1.0/6.3/6.3,,128,,
4月,手术室,缺失行,持针器-1/Z1029,1598549,整行,2.0/4.8/9.6,,129,,
4月,手术室,缺失行,大直角-2/Z1530,1598549,整行,1.0/9.9/9.9,,130,,
4月,手术室,缺失行,胆道探子-7/W6050,1598549,整行,1.0/23.1/23.1,,131,,
4月,手术室,缺失行,肛门探针-1/Z7526,1598549,整行,1.0/4.8/4.8,,132,,
4月,手术室,缺失行,骨锉-1/Z7530,1598549,整行,1.0/4.8/4.8,,133,,
4月,手术室,缺失行,刮勺-1/Z7530,1598549,整行,2.0/4.8/9.6,,134,,
4月,手术室,缺失行,克氏钳-1/z1526,1598549,整行,1.0/6.6/6.6,,135,,
4月,手术室,缺失行,克氏针-1件/Z7534,1598549,整行,2.0/4.8/9.6,,136,,
4月,手术室,缺失行,克氏针-2件/Z7534,1598549,整行,1.0/4.8/4.8,,137,,
4月,手术室,缺失行,拉钩-2/z1026,1598549,整行,1.0/8.1/8.1,,138,,
4月,手术室,缺失行,颅骨钻头-1/Z7520,1598549,整行,2.0/4.8/9.6,,139,,
4月,手术室,缺失行,尿道探子F16-1/Z7530,1598549,整行,1.0/4.8/4.8,,140,,
4月,手术室,缺失行,镊子-1/Z7526,1598549,整行,4.0/4.8/19.2,,141,,
4月,手术室,缺失行,驱血带-1/Z2032,1598549,整行,1.0/7.8/7.8,,142,,
4月,手术室,缺失行,舌钳子-1/1526,1598549,整行,1.0/6.6/6.6,,143,,
4月,手术室,缺失行,头皮夹-1/Z1026,1598549,整行,2.0/4.8/9.6,,144,,
4月,手术室,缺失行,铣刀刀头-1/Z7526,1598549,整行,1.0/4.8/4.8,,145,,
4月,手术室,缺失行,小S钩-2/Z2044,1598549,整行,1.0/9.9/9.9,,146,,
4月,手术室,缺失行,小拉勾-2/Z1026,1598549,整行,1.0/8.1/8.1,,147,,
4月,手术室,缺失行,血管夹-1/Z1026,1598549,整行,2.0/4.8/9.6,,148,,
4月,手术室,缺失行,咬骨钳-1/（双）Z2032,1598549,整行,1.0/9.9/9.9,,149,,
4月,手术室,缺失行,直肠钳子-2件/Z1535,1598549,整行,1.0/9.9/9.9,,150,,
4月,手术室,缺失行,钻头-1/Z7526,1598549,整行,1.0/4.8/4.8,,151,,
4月,手术室,缺失行,钻钥匙-1/Z1020,1598549,整行,1.0/4.8/4.8,,152,,
4月,手术室,缺失行,持物钳罐-5件/w6050,1598549,整行,2.0/16.5/33.0,,153,,
4月,手术室,缺失行,大爪钩-2/W6050,1598549,整行,1.0/9.9/9.9,,154,,
4月,手术室,缺失行,开口器-5件/w6050,1598549,整行,2.0/16.5/33.0,,155,,
4月,手术室,缺失行,肠钳子-1（低温）/Z2060,1598560,整行,2.0/16.8/33.6,,156,,
4月,手术室,缺失行,超声刀线-1/z3040,1598560,整行,1.0/21.0/21.0,,157,,
4月,手术室,缺失行,单极线-1/Z3040,1598560,整行,1.0/21.0/21.0,,158,,
4月,手术室,缺失行,胆道镜-1/双/Z3095,1598560,整行,1.0/180.0/180.0,,159,,
4月,手术室,缺失行,康基连发施夹钳（绿）-1/双保Z2060,1598560,整行,1.0/21.0/21.0,,160,,
4月,手术室,缺失行,生物夹钳-1/（双，保护）Z2060,1598560,整行,1.0/21.0/21.0,,161,,
4月,手术室,缺失行,双极电凝-1/Z2060,1598560,整行,1.0/16.8/16.8,,162,,
4月,手术室,缺失行,2D镜头-1件/Z2060,1598560,整行,1.0/16.8/16.8,,163,,
4月,手术室,缺失行,30 度镜头-1(STORZE)/Z2060,1598560,整行,1.0/16.8/16.8,,164,,
4月,手术室,缺失行,单子/W12050,1598964,整行,1.0/21.0/21.0,,165,,
4月,手术室,缺失行,敷料包/W12050,1598964,整行,2.0/21.0/42.0,,166,,
4月,手术室,缺失行,腹腔镜基础包23件,1598985,整行,2.0/79.2/158.4,,167,,
4月,手术室,缺失行,绝育（34件）,1598985,整行,1.0/115.5/115.5,,168,,
4月,手术室,缺失行,普外腹腔镜C(45件）,1598985,整行,1.0/151.8/151.8,,169,,
4月,手术室,缺失行,普外腹腔镜D(45件）,1598985,整行,1.0/151.8/151.8,,170,,
4月,手术室,缺失行,切开（28件）,1598985,整行,1.0/95.7/95.7,,171,,
4月,手术室,缺失行,下肢内固定（35件）,1598985,整行,1.0/118.8/118.8,,172,,
4月,手术室,缺失行,整形（37件）,1598985,整行,2.0/125.4/250.8,,173,,
4月,手术室,缺失行,胆囊穿刺针-1（高温）/Z7560,1598985,整行,1.0/4.8/4.8,,174,,
4月,手术室,缺失行,开口器-1/Z1026,1598985,整行,1.0/4.8/4.8,,175,,
4月,手术室,缺失行,拉钩-2/z1026,1598985,整行,2.0/8.1/16.2,,176,,
4月,手术室,缺失行,气腹针（高温）-1/Z1029,1598985,整行,3.0/4.8/14.4,,177,,
4月,手术室,缺失行,肠钳子-1（低温）/Z2060,1598985,整行,1.0/16.8/16.8,,178,,
4月,手术室,缺失行,超声刀线-1/z3040,1598985,整行,1.0/21.0/21.0,,179,,
4月,手术室,缺失行,戳卡-4/z1530,1598985,整行,1.0/52.8/52.8,,180,,
4月,手术室,缺失行,戳卡-5（低温）/Z2045,1598985,整行,1.0/52.8/52.8,,181,,
4月,手术室,缺失行,单极线-1/Z3040,1598985,整行,1.0/21.0/21.0,,182,,
4月,手术室,缺失行,取石钳胆道-1/Z2060,1598985,整行,1.0/16.8/16.8,,183,,
4月,手术室,缺失行,生物夹钳-1/（双，保护）Z2060,1598985,整行,3.0/21.0/63.0,,184,,
4月,手术室,缺失行,手柄-1/z2026,1598985,整行,1.0/16.8/16.8,,185,,
4月,手术室,缺失行,30 度镜头-1(STORZE)/Z2060,1598985,整行,2.0/16.8/33.6,,186,,
4月,手术室,缺失行,胆道镜-1/z2060,1598985,整行,1.0/16.8/16.8,,187,,
4月,手术室,缺失行,持物钳罐-5件/w6050,1598985,整行,5.0/16.5/82.5,,188,,
4月,手术室,缺失行,腹腔镜基础包23件,1599367,整行,2.0/79.2/158.4,,189,,
4月,手术室,缺失行,泌尿（38件）,1599367,整行,1.0/128.7/128.7,,190,,
4月,手术室,缺失行,普外腹腔镜A(44件）,1599367,整行,1.0/148.5/148.5,,191,,
4月,手术室,缺失行,普外腹腔镜C(45件）,1599367,整行,1.0/151.8/151.8,,192,,
4月,手术室,缺失行,手摇钻-2(带筐)/W905060,1599367,整行,1.0/9.9/9.9,,193,,
4月,手术室,缺失行,刮勺-1/Z7530,1599367,整行,1.0/4.8/4.8,,194,,
4月,手术室,缺失行,超声刀线-1/z3040,1599367,整行,2.0/21.0/42.0,,195,,
4月,手术室,缺失行,单极线-1/Z3040,1599367,整行,2.0/21.0/42.0,,196,,
4月,手术室,缺失行,生物夹钳-1/（双，保护）Z2060,1599367,整行,2.0/21.0/42.0,,197,,
4月,手术室,缺失行,2D镜头-1件/Z2060,1599367,整行,1.0/16.8/16.8,,198,,
4月,手术室,缺失行,30 度镜头-1(STORZE)/Z2060,1599367,整行,1.0/16.8/16.8,,199,,
4月,手术室,缺失行,持物钳罐-5件/w6050,1599367,整行,2.0/16.5/33.0,,200,,
4月,手术室,缺失行,自动拉钩-1 /W9050,1599367,整行,1.0/9.9/9.9,,201,,
4月,手术室,缺失行,腹腔镜基础包23件,1599649,整行,2.0/79.2/158.4,,202,,
4月,手术室,缺失行,开腹（66件）,1599649,整行,1.0/227.7/227.7,,203,,
4月,手术室,缺失行,普外肠道腔镜器械（56件）,1599649,整行,1.0/188.1/188.1,,204,,
4月,手术室,缺失行,普外腹腔镜B(44件）,1599649,整行,1.0/148.5/148.5,,205,,
4月,手术室,缺失行,普外腹腔镜D(45件）,1599649,整行,1.0/151.8/151.8,,206,,
4月,手术室,缺失行,荷包钳-1/（双）Z1540,1599649,整行,1.0/9.9/9.9,,207,,
4月,手术室,缺失行,小拉勾-2/Z1026,1599649,整行,2.0/8.1/16.2,,208,,
4月,手术室,缺失行,超声刀线-1/z3040,1599649,整行,3.0/21.0/63.0,,209,,
4月,手术室,缺失行,单极线-1/Z3040,1599649,整行,2.0/21.0/42.0,,210,,
4月,手术室,缺失行,生物夹钳-1/（双，保护）Z2060,1599649,整行,3.0/21.0/63.0,,211,,
4月,手术室,缺失行,30 度镜头-1(STORZE)/Z2060,1599649,整行,1.0/16.8/16.8,,212,,
4月,手术室,缺失行,30 度镜头-1(威沙普)/Z2060,1599649,整行,1.0/16.8/16.8,,213,,
4月,手术室,缺失行,3D镜头-1件/Z2060,1599649,整行,1.0/16.8/16.8,,214,,
4月,手术室,缺失行,持物钳罐-5件/w6050,1599649,整行,3.0/16.5/49.5,,215,,
4月,手术室,缺失行,单子/W12050,1599715,整行,2.0/21.0/42.0,,216,,
4月,手术室,缺失行,手术衣-1件/W9050,1599715,整行,2.0/15.0/30.0,,217,,
4月,手术室,缺失行,刷手服/W12050,1599715,整行,1.0/21.0/21.0,,218,,
4月,手术室,缺失行,腹腔镜基础包23件,1599766,整行,2.0/79.2/158.4,,219,,
4月,手术室,缺失行,泌尿号包-16件,1599766,整行,1.0/52.8/52.8,,220,,
4月,手术室,缺失行,普外腹腔镜A(44件）,1599766,整行,1.0/148.5/148.5,,221,,
4月,手术室,缺失行,普外腹腔镜C(45件）,1599766,整行,1.0/151.8/151.8,,222,,
4月,手术室,缺失行,超声刀线-1/z3040,1599766,整行,2.0/21.0/42.0,,223,,
4月,手术室,缺失行,单极线-1/Z3040,1599766,整行,1.0/21.0/21.0,,224,,
4月,手术室,缺失行,胆道镜-1/双/Z3095,1599766,整行,1.0/180.0/180.0,,225,,
4月,手术室,缺失行,取石钳-1（低温）/Z2060,1599766,整行,2.0/16.8/33.6,,226,,
4月,手术室,缺失行,生物夹钳-1/（双，保护）Z2060,1599766,整行,3.0/21.0/63.0,,227,,
4月,手术室,缺失行,2D镜头-1件/Z2060,1599766,整行,1.0/16.8/16.8,,228,,
4月,手术室,缺失行,30 度镜头-1(STORZE)/Z2060,1599766,整行,1.0/16.8/16.8,,229,,
4月,手术室,缺失行,持物钳罐-5件/w6050,1599766,整行,3.0/16.5/49.5,,230,,
4月,手术室,缺失行,刷手服/W12050,1599802,整行,1.0/21.0/21.0,,231,,
4月,手术室,缺失行,腹腔镜基础包23件,1600027,整行,2.0/79.2/158.4,,232,,
4月,手术室,缺失行,普外腹腔镜B(44件）,1600027,整行,1.0/148.5/148.5,,233,,
4月,手术室,缺失行,普外腹腔镜D(45件）,1600027,整行,1.0/151.8/151.8,,234,,
4月,手术室,缺失行,超声刀线-1/z3040,1600027,整行,2.0/21.0/42.0,,235,,
4月,手术室,缺失行,生物夹钳-1/（双，保护）Z2060,1600027,整行,1.0/21.0/21.0,,236,,
4月,手术室,缺失行,胃钳子-1/Z2060（低温）,1600027,整行,1.0/16.8/16.8,,237,,
4月,手术室,缺失行,30 度镜头-1(STORZE)/Z2060,1600027,整行,2.0/16.8/33.6,,238,,
4月,手术室,缺失行,持物钳罐-5件/w6050,1600027,整行,2.0/16.5/33.0,,239,,
4月,手术室,缺失行,腹腔镜基础包23件,1600207,整行,2.0/79.2/158.4,,240,,
4月,手术室,缺失行,普外腹腔镜B(44件）,1600207,整行,1.0/148.5/148.5,,241,,
4月,手术室,缺失行,普外腹腔镜D(45件）,1600207,整行,1.0/151.8/151.8,,242,,
4月,手术室,缺失行,超声刀线-1/z3040,1600207,整行,2.0/21.0/42.0,,243,,
4月,手术室,缺失行,单极线-1/Z3040,1600207,整行,1.0/21.0/21.0,,244,,
4月,手术室,缺失行,生物夹钳-1/（双，保护）Z2060,1600207,整行,2.0/21.0/42.0,,245,,
4月,手术室,缺失行,30 度镜头-1(STORZE)/Z2060,1600207,整行,2.0/16.8/33.6,,246,,
4月,手术室,缺失行,持物钳罐-5件/w6050,1600207,整行,2.0/16.5/33.0,,247,,
4月,手术室,缺失行,超声刀线-1/z3040,1600396,整行,2.0/21.0/42.0,,248,,
4月,手术室,缺失行,单极线-1/Z3040,1600396,整行,2.0/21.0/42.0,,249,,
4月,手术室,缺失行,胆道镜-1/双/Z3095,1600396,整行,1.0/180.0/180.0,,250,,
4月,手术室,缺失行,生物夹钳-1/（双，保护）Z2060,1600396,整行,2.0/21.0/42.0,,251,,
4月,手术室,缺失行,30 度镜头-1(STORZE)/Z2060,1600396,整行,1.0/16.8/16.8,,252,,
4月,手术室,缺失行,30 度镜头-1(威沙普)/Z2060,1600396,整行,1.0/16.8/16.8,,253,,
4月,手术室,缺失行,腹腔镜基础包23件,1600397,整行,2.0/79.2/158.4,,254,,
4月,手术室,缺失行,持物钳罐-5件/w6050,1600397,整行,2.0/16.5/33.0,,255,,
4月,手术室,缺失行,普外腹腔镜B(17件）,1600547,整行,1.0/59.4/59.4,,256,,
4月,手术室,缺失行,普外腹腔镜C(17件）,1600547,整行,1.0/59.4/59.4,,257,,
4月,手术室,缺失行,妇科针-2/Z7537,1600547,整行,2.0/8.1/16.2,,258,,
4月,手术室,缺失行,宫颈钳（单齿）-1/Z1535,1600547,整行,1.0/6.6/6.6,,259,,
4月,手术室,缺失行,拉钩-2/z1026,1600547,整行,1.0/8.1/8.1,,260,,
4月,手术室,缺失行,取环勾-1/7530,1600547,整行,1.0/4.8/4.8,,261,,
4月,手术室,缺失行,电凝棒-1（低温）/Z7545,1600547,整行,2.0/13.2/26.4,,262,,
4月,手术室,缺失行,电切环-1/Z7526,1600547,整行,1.0/13.2/13.2,,263,,
4月,手术室,缺失行,妇科检查包-16件,1600547,整行,2.0/52.8/105.6,,264,,
4月,手术室,缺失行,妇科治疗镜B 12度-5件盒1/W12050,1600547,整行,1.0/52.8/52.8,,265,,
4月,手术室,缺失行,检查镜-12度-3/Z2060,1600547,整行,1.0/39.6/39.6,,266,,
4月,手术室,缺失行,持物钳罐-5件/w6050,1600547,整行,2.0/16.5/33.0,,267,,
4月,手术室,缺失行,扩棒（8-10.5）-6件/W6050,1600547,整行,1.0/19.8/19.8,,268,,
4月,手术室,缺失行,单子/W12050,1600954,整行,2.0/21.0/42.0,,269,,
4月,手术室,缺失行,刷手服/W12050,1600954,整行,2.0/21.0/42.0,,270,,
4月,手术室,缺失行,腹腔镜基础包23件,1600985,整行,2.0/79.2/158.4,,271,,
4月,手术室,缺失行,绝育（34件）,1600985,整行,1.0/115.5/115.5,,272,,
4月,手术室,缺失行,普外腹腔镜A(17件）,1600985,整行,1.0/59.4/59.4,,273,,
4月,手术室,缺失行,普外腹腔镜D(17件）,1600985,整行,1.0/59.4/59.4,,274,,
4月,手术室,缺失行,下肢内固定（35件）,1600985,整行,1.0/118.8/118.8,,275,,
4月,手术室,缺失行,妇科针-2/Z7537,1600985,整行,1.0/8.1/8.1,,276,,
4月,手术室,缺失行,宫颈钳（单齿）-1/Z1535,1600985,整行,1.0/6.6/6.6,,277,,
4月,手术室,缺失行,小拉勾-2/Z1026,1600985,整行,1.0/8.1/8.1,,278,,
4月,手术室,缺失行,超声刀线-1/z3040,1600985,整行,2.0/21.0/42.0,,279,,
4月,手术室,缺失行,单极线-1/Z3040,1600985,整行,2.0/21.0/42.0,,280,,
4月,手术室,缺失行,电凝棒-1（低温）/Z7545,1600985,整行,1.0/13.2/13.2,,281,,
4月,手术室,缺失行,电切环-1/Z7526,1600985,整行,1.0/13.2/13.2,,282,,
4月,手术室,缺失行,红帽-1/Z7520,1600985,整行,3.0/13.2/39.6,,283,,
4月,手术室,缺失行,生物夹钳-1/（双，保护）Z2060,1600985,整行,3.0/21.0/63.0,,284,,
4月,手术室,缺失行,双极钳-1/Z2060,1600985,整行,1.0/16.8/16.8,,285,,
4月,手术室,缺失行,双极线-1/Z3040,1600985,整行,1.0/21.0/21.0,,286,,
4月,手术室,缺失行,妇科检查包-16件,1600985,整行,2.0/52.8/105.6,,287,,
4月,手术室,缺失行,2D镜头-1件/Z2060,1600985,整行,1.0/16.8/16.8,,288,,
4月,手术室,缺失行,30 度镜头-1(STORZE)/Z2060,1600985,整行,1.0/16.8/16.8,,289,,
4月,手术室,缺失行,妇科治疗镜A 12度-5件盒1/W12050,1600985,整行,1.0/52.8/52.8,,290,,
4月,手术室,缺失行,检查镜-12度-3/Z2060,1600985,整行,2.0/39.6/79.2,,291,,
4月,手术室,缺失行,持物钳罐-5件/w6050,1600985,整行,3.0/16.5/49.5,,292,,
4月,手术室,缺失行,大S拉钩1小S拉钩1/W6050,1600985,整行,2.0/9.9/19.8,,293,,
4月,手术室,缺失行,扩棒（7-9.5）-6件/W6050,1600985,整行,1.0/19.8/19.8,,294,,
4月,手术室,缺失行,腹腔镜基础包23件,1601369,整行,2.0/79.2/158.4,,295,,
4月,手术室,缺失行,绝育（34件）,1601369,整行,2.0/115.5/231.0,,296,,
4月,手术室,缺失行,普外腹腔镜B(17件）,1601369,整行,1.0/59.4/59.4,,297,,
4月,手术室,缺失行,普外腹腔镜E(17件）,1601369,整行,1.0/59.4/59.4,,298,,
4月,手术室,缺失行,切开（28件）,1601369,整行,1.0/95.7/95.7,,299,,
4月,手术室,缺失行,上肢内固定（22件）,1601369,整行,1.0/75.9/75.9,,300,,
4月,手术室,缺失行,(黑色）电钻-4件筐1/W905060,1601369,整行,1.0/16.5/16.5,,301,,
4月,手术室,缺失行,空心钻-3件（加筐4件）/W905060,1601369,整行,1.0/13.2/13.2,,302,,
4月,手术室,缺失行,刮勺-1/Z7530,1601369,整行,1.0/4.8/4.8,,303,,
4月,手术室,缺失行,克氏针-10/(双)Z7530,1601369,整行,1.0/9.9/9.9,,304,,
4月,手术室,缺失行,拉钩-2/z1026,1601369,整行,1.0/8.1/8.1,,305,,
4月,手术室,缺失行,超声刀线-1/z3040,1601369,整行,1.0/21.0/21.0,,306,,
4月,手术室,缺失行,单极线-1/Z3040,1601369,整行,2.0/21.0/42.0,,307,,
4月,手术室,缺失行,电凝棒-1（低温）/Z7545,1601369,整行,1.0/13.2/13.2,,308,,
4月,手术室,缺失行,2D镜头-1件/Z2060,1601369,整行,1.0/16.8/16.8,,309,,
4月,手术室,缺失行,30 度镜头-1(STORZE)/Z2060,1601369,整行,1.0/16.8/16.8,,310,,
4月,手术室,缺失行,把持器-4件/W6050,1601369,整行,1.0/13.2/13.2,,311,,
4月,手术室,缺失行,持物钳罐-5件/w6050,1601369,整行,6.0/16.5/99.0,,312,,
4月,手术室,缺失行,腹腔镜基础包23件,1601580,整行,1.0/79.2/79.2,,313,,
4月,手术室,缺失行,普外腹腔镜C(17件）,1601580,整行,1.0/59.4/59.4,,314,,
4月,手术室,缺失行,把持器-4件（筐1）/W9050,1601580,整行,1.0/16.5/16.5,,315,,
4月,手术室,缺失行,持物钳罐-5件/w6050,1601580,整行,1.0/16.5/16.5,,316,,
4月,手术室,缺失行,超声刀线-1/z3040,1601581,整行,1.0/21.0/21.0,,317,,
4月,手术室,缺失行,30 度镜头-1(STORZE)/Z2060,1601581,整行,1.0/16.8/16.8,,318,,
4月,手术室,缺失行,单子/W12050,1601724,整行,1.0/21.0/21.0,,319,,
4月,手术室,缺失行,敷料包/W12050,1601724,整行,2.0/21.0/42.0,,320,,
4月,手术室,缺失行,腹腔镜基础包23件,1601735,整行,1.0/79.2/79.2,,321,,
4月,手术室,缺失行,普外腹腔镜A(17件）,1601735,整行,1.0/59.4/59.4,,322,,
4月,手术室,缺失行,下肢内固定（35件）,1601735,整行,1.0/118.8/118.8,,323,,
4月,手术室,缺失行,超声刀线-1/z3040,1601735,整行,1.0/21.0/21.0,,324,,
4月,手术室,缺失行,生物夹钳-1/（双，保护）Z2060,1601735,整行,2.0/21.0/42.0,,325,,
4月,手术室,缺失行,30 度镜头-1(STORZE)/Z2060,1601735,整行,1.0/16.8/16.8,,326,,
4月,手术室,缺失行,持物钳罐-5件/w6050,1601735,整行,1.0/16.5/16.5,,327,,
4月,手术室,缺失行,腹腔镜基础包23件,1602115,整行,1.0/79.2/79.2,,328,,
4月,手术室,缺失行,普外腹腔镜C(17件）,1602115,整行,1.0/59.4/59.4,,329,,
4月,手术室,缺失行,妇科针-2/Z7537,1602115,整行,1.0/8.1/8.1,,330,,
4月,手术室,缺失行,妇科检查包-16件,1602115,整行,1.0/52.8/52.8,,331,,
4月,手术室,缺失行,持物钳罐-5件/w6050,1602115,整行,2.0/16.5/33.0,,332,,
4月,手术室,缺失行,扩棒（8-10.5）-6件/W6050,1602115,整行,1.0/19.8/19.8,,333,,
4月,手术室,缺失行,超声刀线-1/z3040,1602124,整行,1.0/21.0/21.0,,334,,
4月,手术室,缺失行,电切环-1/Z7526,1602124,整行,1.0/13.2/13.2,,335,,
4月,手术室,缺失行,30 度镜头-1(STORZE)/Z2060,1602124,整行,1.0/16.8/16.8,,336,,
4月,手术室,缺失行,妇科治疗镜B 12度-5件盒1/W12050,1602124,整行,1.0/52.8/52.8,,337,,
4月,手术室,缺失行,腹腔镜基础包23件,1602488,整行,2.0/79.2/158.4,,338,,
4月,手术室,缺失行,开腹（66件）,1602488,整行,1.0/227.7/227.7,,339,,
4月,手术室,缺失行,普外肠道腔镜器械（19件框1）,1602488,整行,1.0/66.0/66.0,,340,,
4月,手术室,缺失行,普外腹腔镜A(17件）,1602488,整行,1.0/59.4/59.4,,341,,
4月,手术室,缺失行,普外腹腔镜B(17件）,1602488,整行,1.0/59.4/59.4,,342,,
4月,手术室,缺失行,切开（28件）,1602488,整行,3.0/95.7/287.1,,343,,
4月,手术室,缺失行,妇科针-2/Z7537,1602488,整行,1.0/8.1/8.1,,344,,
4月,手术室,缺失行,取环勾-1/7530,1602488,整行,1.0/4.8/4.8,,345,,
4月,手术室,缺失行,小拉勾-2/Z1026,1602488,整行,1.0/8.1/8.1,,346,,
4月,手术室,缺失行,妇科检查包-16件,1602488,整行,1.0/52.8/52.8,,347,,
4月,手术室,缺失行,持物钳罐-5件/w6050,1602488,整行,5.0/16.5/82.5,,348,,
4月,手术室,缺失行,扩棒（7-9.5）-6件/W6050,1602488,整行,1.0/19.8/19.8,,349,,
4月,手术室,缺失行,超声刀线-1/z3040,1602497,整行,3.0/21.0/63.0,,350,,
4月,手术室,缺失行,戳卡-1/z1026,1602497,整行,1.0/13.2/13.2,,351,,
4月,手术室,缺失行,单极线-1/Z3040,1602497,整行,2.0/21.0/42.0,,352,,
4月,手术室,缺失行,电切环-1/Z7526,1602497,整行,1.0/13.2/13.2,,353,,
4月,手术室,缺失行,分离钳-1（低温）/Z2060,1602497,整行,1.0/16.8/16.8,,354,,
4月,手术室,缺失行,生物夹钳-1/（双，保护）Z2060,1602497,整行,3.0/21.0/63.0,,355,,
4月,手术室,缺失行,双极钳-1/Z2060,1602497,整行,1.0/16.8/16.8,,356,,
4月,手术室,缺失行,双极线-1/Z3040,1602497,整行,1.0/21.0/21.0,,357,,
4月,手术室,缺失行,胃钳子-1/Z2060（低温）,1602497,整行,1.0/16.8/16.8,,358,,
4月,手术室,缺失行,2D镜头-1件/Z2060,1602497,整行,1.0/16.8/16.8,,359,,
4月,手术室,缺失行,30 度镜头-1(STORZE)/Z2060,1602497,整行,1.0/16.8/16.8,,360,,
4月,手术室,缺失行,3D镜头-1件/Z2060,1602497,整行,1.0/16.8/16.8,,361,,
4月,手术室,缺失行,单子/W12050,1602505,整行,2.0/21.0/42.0,,362,,
4月,手术室,缺失行,刷手服/W12050,1602505,整行,2.0/21.0/42.0,,363,,
4月,手术室,缺失行,妇科治疗镜A 12度-5件盒1/W12050,1602508,整行,1.0/52.8/52.8,,364,,
4月,手术室,缺失行,腹腔镜基础包23件,1602667,整行,1.0/79.2/79.2,,365,,
4月,手术室,缺失行,绝育（34件）,1602667,整行,1.0/115.5/115.5,,366,,
4月,手术室,缺失行,普外腹腔镜E(17件）,1602667,整行,1.0/59.4/59.4,,367,,
4月,手术室,缺失行,切开（28件）,1602667,整行,1.0/95.7/95.7,,368,,
4月,手术室,缺失行,中弯-31件,1602667,整行,1.0/105.6/105.6,,369,,
4月,手术室,缺失行,镊子-1/Z7526,1602667,整行,1.0/4.8/4.8,,370,,
4月,手术室,缺失行,超声刀线-1/z3040,1602667,整行,1.0/21.0/21.0,,371,,
4月,手术室,缺失行,30 度镜头-1(STORZE)/Z2060,1602667,整行,1.0/16.8/16.8,,372,,
4月,手术室,缺失行,持物钳罐-5件/w6050,1602667,整行,2.0/16.5/33.0,,373,,
4月,手术室,缺失行,腹腔镜基础包23件,1602813,整行,1.0/79.2/79.2,,374,,
4月,手术室,缺失行,绝育（34件）,1602813,整行,1.0/115.5/115.5,,375,,
4月,手术室,缺失行,开腹（66件）,1602813,整行,2.0/227.7/455.4,,376,,
4月,手术室,缺失行,普外肠道腔镜器械（19件框1）,1602813,整行,1.0/66.0/66.0,,377,,
4月,手术室,缺失行,普外腹腔镜D(17件）,1602813,整行,1.0/59.4/59.4,,378,,
4月,手术室,缺失行,上肢内固定（22件）,1602813,整行,1.0/75.9/75.9,,379,,
4月,手术室,缺失行,(银色）电钻-4件筐1/W905060,1602813,整行,1.0/16.5/16.5,,380,,
4月,手术室,缺失行,大拉钩-4件（加筐5件）/W905060,1602813,整行,2.0/16.5/33.0,,381,,
4月,手术室,缺失行,板钩-2/（双）Z2032,1602813,整行,1.0/9.9/9.9,,382,,
4月,手术室,缺失行,大弯钳-2/Z1535,1602813,整行,1.0/9.9/9.9,,383,,
4月,手术室,缺失行,妇科针-2/Z7537,1602813,整行,2.0/8.1/16.2,,384,,
4月,手术室,缺失行,取环勾-1/7530,1602813,整行,1.0/4.8/4.8,,385,,
4月,手术室,缺失行,妇科检查包-16件,1602813,整行,2.0/52.8/105.6,,386,,
4月,手术室,缺失行,持物钳罐-5件/w6050,1602813,整行,5.0/16.5/82.5,,387,,
4月,手术室,缺失行,扩棒（7-9.5）-6件/W6050,1602813,整行,1.0/19.8/19.8,,388,,
4月,手术室,缺失行,扩棒（8-10.5）-6件/W6050,1602813,整行,1.0/19.8/19.8,,389,,
4月,手术室,缺失行,超声刀线-1/z3040,1602840,整行,3.0/21.0/63.0,,390,,
4月,手术室,缺失行,单极线-1/Z3040,1602840,整行,2.0/21.0/42.0,,391,,
4月,手术室,缺失行,电凝棒-1（低温）/Z7545,1602840,整行,1.0/13.2/13.2,,392,,
4月,手术室,缺失行,电切环-1/Z7526,1602840,整行,2.0/13.2/26.4,,393,,
4月,手术室,缺失行,胃钳子-1/Z2060（低温）,1602840,整行,1.0/16.8/16.8,,394,,
4月,手术室,缺失行,30 度镜头-1(STORZE)/Z2060,1602840,整行,1.0/16.8/16.8,,395,,
4月,手术室,缺失行,3D镜头-1件/Z2060,1602840,整行,1.0/16.8/16.8,,396,,
4月,手术室,缺失行,妇科治疗镜A 12度-5件盒1/W12050,1602840,整行,1.0/52.8/52.8,,397,,
4月,手术室,缺失行,妇科治疗镜B 12度-5件盒1/W12050,1602840,整行,1.0/52.8/52.8,,398,,
4月,手术室,缺失行,切开（28件）,1603171,整行,2.0/95.7/191.4,,399,,
4月,手术室,缺失行,咬骨钳-1/（双）Z2032,1603171,整行,1.0/9.9/9.9,,400,,
4月,手术室,缺失行,持物钳罐-5件/w6050,1603171,整行,3.0/16.5/49.5,,401,,
4月,手术室,缺失行,单子/W12050,1603203,整行,2.0/21.0/42.0,,402,,
4月,手术室,缺失行,手术衣-1件/W9050,1603203,整行,2.0/15.0/30.0,,403,,
4月,手术室,缺失行,刷手服/W12050,1603203,整行,2.0/21.0/42.0,,404,,
4月,手术室,缺失行,腹腔镜基础包23件,1603212,整行,3.0/79.2/237.6,,405,,
4月,手术室,缺失行,普外腹腔镜B(17件）,1603212,整行,1.0/59.4/59.4,,406,,
4月,手术室,缺失行,普外腹腔镜C(17件）,1603212,整行,1.0/59.4/59.4,,407,,
4月,手术室,缺失行,普外腹腔镜D(17件）,1603212,整行,1.0/59.4/59.4,,408,,
4月,手术室,缺失行,持物钳罐-5件/w6050,1603212,整行,1.0/16.5/16.5,,409,,
4月,手术室,缺失行,超声刀线-1/z3040,1603218,整行,3.0/21.0/63.0,,410,,
4月,手术室,缺失行,生物夹钳-1/（双，保护）Z2060,1603218,整行,4.0/21.0/84.0,,411,,
4月,手术室,缺失行,2D镜头-1件/Z2060,1603218,整行,1.0/16.8/16.8,,412,,
4月,手术室,缺失行,30 度镜头-1(STORZE)/Z2060,1603218,整行,2.0/16.8/33.6,,413,,
4月,手术室,缺失行,超声刀线-1/z3040,1603590,整行,2.0/21.0/42.0,,414,,
4月,手术室,缺失行,单极线-1/Z3040,1603590,整行,3.0/21.0/63.0,,415,,
4月,手术室,缺失行,电凝棒-1（低温）/Z7545,1603590,整行,2.0/13.2/26.4,,416,,
4月,手术室,缺失行,剪刀-1（低温）/Z2060,1603590,整行,1.0/16.8/16.8,,417,,
4月,手术室,缺失行,生物夹钳-1/（双，保护）Z2060,1603590,整行,2.0/21.0/42.0,,418,,
4月,手术室,缺失行,2D镜头-1件/Z2060,1603590,整行,1.0/16.8/16.8,,419,,
4月,手术室,缺失行,30 度镜头-1(STORZE)/Z2060,1603590,整行,1.0/16.8/16.8,,420,,
4月,手术室,缺失行,3D镜头-1件/Z2060,1603590,整行,1.0/16.8/16.8,,421,,
4月,手术室,缺失行,检查镜-12度-3/Z2060,1603590,整行,1.0/39.6/39.6,,422,,
4月,手术室,缺失行,腹腔镜基础包23件,1603591,整行,3.0/79.2/237.6,,423,,
4月,手术室,缺失行,绝育（34件）,1603591,整行,1.0/115.5/115.5,,424,,
4月,手术室,缺失行,普外肠道腔镜器械（19件框1）,1603591,整行,1.0/66.0/66.0,,425,,
4月,手术室,缺失行,普外腹腔镜C(17件）,1603591,整行,1.0/59.4/59.4,,426,,
4月,手术室,缺失行,普外腹腔镜E(17件）,1603591,整行,1.0/59.4/59.4,,427,,
4月,手术室,缺失行,下肢内固定（35件）,1603591,整行,1.0/118.8/118.8,,428,,
4月,手术室,缺失行,妇科针-2/Z7537,1603591,整行,1.0/8.1/8.1,,429,,
4月,手术室,缺失行,宫颈钳-1/Z1535,1603591,整行,1.0/6.6/6.6,,430,,
4月,手术室,缺失行,取环勾-1/7530,1603591,整行,1.0/4.8/4.8,,431,,
4月,手术室,缺失行,小拉勾-2/Z1026,1603591,整行,1.0/8.1/8.1,,432,,
4月,手术室,缺失行,妇科检查包-16件,1603591,整行,1.0/52.8/52.8,,433,,
4月,手术室,缺失行,持物钳罐-5件/w6050,1603591,整行,4.0/16.5/66.0,,434,,
4月,手术室,缺失行,妇科针-2/Z7537,1603850,整行,1.0/8.1/8.1,,435,,
4月,手术室,缺失行,电切环-1/Z7526,1603850,整行,1.0/13.2/13.2,,436,,
4月,手术室,缺失行,妇科检查包-16件,1603850,整行,1.0/52.8/52.8,,437,,
4月,手术室,缺失行,妇科治疗镜B 12度-5件盒1/W12050,1603850,整行,1.0/52.8/52.8,,438,,
4月,手术室,缺失行,扩棒（8-10.5）-6件/W6050,1603850,整行,1.0/19.8/19.8,,439,,
4月,手术室,缺失行,单子/W12050,1603878,整行,2.0/21.0/42.0,,440,,
4月,手术室,缺失行,刷手服/W12050,1603878,整行,2.0/21.0/42.0,,441,,
4月,手术室,缺失行,开腹（66件）,1604127,整行,1.0/227.7/227.7,,442,,
4月,手术室,缺失行,普外肠道腔镜器械（19件框1）,1604127,整行,1.0/66.0/66.0,,443,,
4月,手术室,缺失行,超声刀线-1/z3040,1604127,整行,1.0/21.0/21.0,,444,,
4月,手术室,缺失行,持针器-1（低温等离子）/双/Z1555,1604127,整行,1.0/21.0/21.0,,445,,
4月,手术室,缺失行,生物夹钳-1/（双，保护）Z2060,1604127,整行,2.0/21.0/42.0,,446,,
4月,手术室,缺失行,3D镜头-1件/Z2060,1604127,整行,1.0/16.8/16.8,,447,,
4月,手术室,缺失行,单子/W12050,1604488,整行,1.0/21.0/21.0,,448,,
4月,手术室,缺失行,刷手服/W12050,1604488,整行,2.0/21.0/42.0,,449,,
4月,手术室,缺失行,腹腔镜基础包23件,1604513,整行,2.0/79.2/158.4,,450,,
4月,手术室,缺失行,泌尿号包-16件,1604513,整行,1.0/52.8/52.8,,451,,
4月,手术室,缺失行,普外肠道腔镜器械（19件框1）,1604513,整行,1.0/66.0/66.0,,452,,
4月,手术室,缺失行,普外腹腔镜B(17件）,1604513,整行,1.0/59.4/59.4,,453,,
4月,手术室,缺失行,普外腹腔镜C(17件）,1604513,整行,1.0/59.4/59.4,,454,,
4月,手术室,缺失行,切开（28件）,1604513,整行,2.0/95.7/191.4,,455,,
4月,手术室,缺失行,小开腹（50件）,1604513,整行,1.0/174.9/174.9,,456,,
4月,手术室,缺失行,刮勺-1/Z7530,1604513,整行,1.0/4.8/4.8,,457,,
4月,手术室,缺失行,疝气穿刺针-1/Z7520,1604513,整行,1.0/4.8/4.8,,458,,
4月,手术室,缺失行,压肠板-2/Z1035,1604513,整行,1.0/8.1/8.1,,459,,
4月,手术室,缺失行,超声刀线-1/z3040,1604513,整行,3.0/21.0/63.0,,460,,
4月,手术室,缺失行,单极线-1/Z3040,1604513,整行,1.0/21.0/21.0,,461,,
4月,手术室,缺失行,电凝棒-1（低温）/Z7545,1604513,整行,1.0/13.2/13.2,,462,,
4月,手术室,缺失行,生物夹钳-1/（双，保护）Z2060,1604513,整行,3.0/21.0/63.0,,463,,
4月,手术室,缺失行,30 度镜头-1(STORZE)/Z2060,1604513,整行,2.0/16.8/33.6,,464,,
4月,手术室,缺失行,3D镜头-1件/Z2060,1604513,整行,1.0/16.8/16.8,,465,,
4月,手术室,缺失行,持物钳罐-5件/w6050,1604513,整行,7.0/16.5/115.5,,466,,
4月,手术室,缺失行,腹腔镜基础包23件,1604912,整行,2.0/79.2/158.4,,467,,
4月,手术室,缺失行,绝育（34件）,1604912,整行,1.0/115.5/115.5,,468,,
4月,手术室,缺失行,开腹（66件）,1604912,整行,1.0/227.7/227.7,,469,,
4月,手术室,缺失行,普外肠道腔镜器械（19件框1）,1604912,整行,1.0/66.0/66.0,,470,,
4月,手术室,缺失行,普外腹腔镜A(17件）,1604912,整行,1.0/59.4/59.4,,471,,
4月,手术室,缺失行,普外腹腔镜C(17件）,1604912,整行,1.0/59.4/59.4,,472,,
4月,手术室,缺失行,普外腹腔镜E(17件）,1604912,整行,1.0/59.4/59.4,,473,,
4月,手术室,缺失行,切开（28件）,1604912,整行,2.0/95.7/191.4,,474,,
4月,手术室,缺失行,下肢内固定（35件）,1604912,整行,1.0/118.8/118.8,,475,,
4月,手术室,缺失行,小开腹（50件）,1604912,整行,1.0/171.6/171.6,,476,,
4月,手术室,缺失行,荷包钳-1/（双）Z1540,1604912,整行,1.0/9.9/9.9,,477,,
4月,手术室,缺失行,拉钩-2/z1026,1604912,整行,2.0/8.1/16.2,,478,,
4月,手术室,缺失行,超声刀线-1/z3040,1604912,整行,4.0/21.0/84.0,,479,,
4月,手术室,缺失行,单极线-1/Z3040,1604912,整行,2.0/21.0/42.0,,480,,
4月,手术室,缺失行,生物夹钳-1/（双，保护）Z2060,1604912,整行,3.0/21.0/63.0,,481,,
4月,手术室,缺失行,胃钳-1件（低温）/（双，保）Z2060,1604912,整行,1.0/21.0/21.0,,482,,
4月,手术室,缺失行,消毒包/W12050,1604912,整行,2.0/21.0/42.0,,483,,
4月,手术室,缺失行,2D镜头-1件/Z2060,1604912,整行,1.0/16.8/16.8,,484,,
4月,手术室,缺失行,30 度镜头-1(STORZE)/Z2060,1604912,整行,2.0/16.8/33.6,,485,,
4月,手术室,缺失行,3D镜头-1件/Z2060,1604912,整行,1.0/16.8/16.8,,486,,
4月,手术室,缺失行,持物钳罐-5件/w6050,1604912,整行,5.0/16.5/82.5,,487,,
4月,手术室,缺失行,大S拉钩1小S拉钩1/W6050,1604912,整行,1.0/9.9/9.9,,488,,
4月,手术室,缺失行,小碗-2/W6050,1604912,整行,1.0/9.9/9.9,,489,,
4月,手术室,多余行,开腹（66件）,1588119,整行,,1.0/227.7/227.7,,9,
4月,手术室,多余行,普外肠道腔镜器械（56件）,1588119,整行,,1.0/188.1/188.1,,10,
4月,手术室,多余行,超声刀线-1/z3040,1588119,整行,,1.0/21.0/21.0,,11,
4月,手术室,多余行,3D镜头-1件/Z2060,1588119,整行,,1.0/16.8/16.8,,12,
4月,手术室,多余行,持物钳罐-5件/w6050,1588119,整行,,1.0/16.5/16.5,,13,
4月,手术室,多余行,手术衣-1件/W9050,1588124,整行,,3.0/15.0/45.0,,14,
4月,手术室,多余行,刷手服/W12050,1588141,整行,,3.0/21.0/63.0,,15,
4月,手术室,多余行,单子/W12050,1588156,整行,,2.0/21.0/42.0,,16,
4月,手术室,多余行,开腹（66件）,1588390,整行,,1.0/227.7/227.7,,17,
4月,手术室,多余行,普外肠道腔镜器械（56件）,1588390,整行,,1.0/188.1/188.1,,18,
4月,手术室,多余行,钻孔-81件,1588390,整行,,1.0/270.6/270.6,,19,
4月,手术室,多余行,妇科针-2/Z7537,1588390,整行,,1.0/8.1/8.1,,20,
4月,手术室,多余行,超声刀线-1/z3040,1588390,整行,,1.0/21.0/21.0,,21,
4月,手术室,多余行,妇科检查包-16件,1588390,整行,,2.0/52.8/105.6,,22,
4月,手术室,多余行,眼包（8件）,1588390,整行,,1.0/26.4/26.4,,23,
4月,手术室,多余行,3D镜头-1件/Z2060,1588390,整行,,1.0/16.8/16.8,,24,
4月,手术室,多余行,检查镜-12度-3/Z2060,1588390,整行,,1.0/39.6/39.6,,25,
4月,手术室,多余行,持物钳罐-5件/w6050,1588390,整行,,1.0/16.5/16.5,,26,
4月,手术室,多余行,开腹（66件）,1588730,整行,,1.0/227.7/227.7,,27,
4月,手术室,多余行,普外肠道腔镜器械（56件）,1588730,整行,,1.0/188.1/188.1,,28,
4月,手术室,多余行,切开（28件）,1588730,整行,,2.0/95.7/191.4,,29,
4月,手术室,多余行,妇科针-2/Z7537,1588730,整行,,2.0/8.1/16.2,,30,
4月,手术室,多余行,蚊式-6/Z1526,1588730,整行,,1.0/19.8/19.8,,31,
4月,手术室,多余行,PRD生物夹钳(绿)-1/（双，保）Z2060,1588730,整行,,1.0/21.0/21.0,,32,
4月,手术室,多余行,单极线-1/Z3040,1588730,整行,,1.0/21.0/21.0,,33,
4月,手术室,多余行,电切环-1/Z7526,1588730,整行,,2.0/13.2/26.4,,34,
4月,手术室,多余行,胃钳子-1/Z2060（低温）,1588730,整行,,1.0/16.8/16.8,,35,
4月,手术室,多余行,妇科检查包-16件,1588730,整行,,3.0/52.8/158.4,,36,
4月,手术室,多余行,3D镜头-1件/Z2060,1588730,整行,,1.0/16.8/16.8,,37,
4月,手术室,多余行,妇科治疗镜A 12度-5件盒1/W12050,1588730,整行,,1.0/52.8/52.8,,38,
4月,手术室,多余行,妇科治疗镜B 12度-5件盒1/W12050,1588730,整行,,1.0/52.8/52.8,,39,
4月,手术室,多余行,检查镜-12度-3/Z2060,1588730,整行,,1.0/39.6/39.6,,40,
4月,手术室,多余行,持物钳罐-5件/w6050,1588730,整行,,5.0/16.5/82.5,,41,
4月,手术室,多余行,扩棒（7-9.5）-6件/W6050,1588730,整行,,1.0/19.8/19.8,,42,
4月,手术室,多余行,扩棒（8-10.5）-6件/W6050,1588730,整行,,1.0/19.8/19.8,,43,
4月,手术室,多余行,单子/W12050,1588742,整行,,1.0/21.0/21.0,,44,
4月,手术室,多余行,刷手服/W12050,1588742,整行,,2.0/21.0/42.0,,45,
4月,手术室,多余行,腹腔镜基础包23件,1589118,整行,,1.0/79.2/79.2,,46,
4月,手术室,多余行,开腹（66件）,1589118,整行,,1.0/227.7/227.7,,47,
4月,手术室,多余行,普外腹腔镜D(45件）,1589118,整行,,1.0/151.8/151.8,,48,
4月,手术室,多余行,切开（28件）,1589118,整行,,1.0/95.7/95.7,,49,
4月,手术室,多余行,大拉钩-4件（加筐5件）/W905060,1589118,整行,,1.0/16.5/16.5,,50,
4月,手术室,多余行,拉钩-2/z1026,1589118,整行,,1.0/8.1/8.1,,51,
4月,手术室,多余行,超声刀线-1/z3040,1589118,整行,,2.0/21.0/42.0,,52,
4月,手术室,多余行,单极线-1/Z3040,1589118,整行,,1.0/21.0/21.0,,53,
4月,手术室,多余行,生物夹钳-1/（双，保护）Z2060,1589118,整行,,2.0/21.0/42.0,,54,
4月,手术室,多余行,胃钳子-1/Z2060（低温）,1589118,整行,,1.0/16.8/16.8,,55,
4月,手术室,多余行,2D镜头-1件/Z2060,1589118,整行,,1.0/16.8/16.8,,56,
4月,手术室,多余行,持物钳罐-5件/w6050,1589118,整行,,3.0/16.5/49.5,,57,
4月,手术室,多余行,大盆2弯盘2碗1/w9050,1589118,整行,,1.0/16.5/16.5,,58,
4月,手术室,多余行,小碗-2/W6050,1589118,整行,,1.0/9.9/9.9,,59,
4月,手术室,多余行,超声刀线-1/z3040,1589332,整行,,1.0/21.0/21.0,,60,
4月,手术室,多余行,30 度镜头-1(威沙普)/Z2060,1589332,整行,,1.0/16.8/16.8,,61,
4月,手术室,多余行,腹腔镜基础包23件,1589333,整行,,1.0/79.2/79.2,,62,
4月,手术室,多余行,普外腹腔镜A(44件）,1589333,整行,,1.0/148.5/148.5,,63,
4月,手术室,多余行,小拉勾-2/Z1026,1589333,整行,,1.0/8.1/8.1,,64,
4月,手术室,多余行,腿套/Z2032,1589399,整行,,2.0/2.4/4.8,,65,
4月,手术室,多余行,单子/W12050,1589485,整行,,2.0/21.0/42.0,,66,
4月,手术室,多余行,刷手服/W12050,1589485,整行,,2.0/21.0/42.0,,67,
4月,手术室,多余行,妇科腹腔镜A（46件）,1589494,整行,,1.0/155.1/155.1,,68,
4月,手术室,多余行,妇科子宫旋切器A（17件）,1589494,整行,,1.0/59.4/59.4,,69,
4月,手术室,多余行,腹腔镜基础包23件,1589494,整行,,2.0/79.2/158.4,,70,
4月,手术室,多余行,举宫杯-15件,1589494,整行,,1.0/52.8/52.8,,71,
4月,手术室,多余行,流产包A（29件）,1589494,整行,,1.0/99.0/99.0,,72,
4月,手术室,多余行,普外腹腔镜D(45件）,1589494,整行,,1.0/151.8/151.8,,73,
4月,手术室,多余行,超声刀线-1/z3040,1589494,整行,,2.0/21.0/42.0,,74,
4月,手术室,多余行,单极线-1/Z3040,1589494,整行,,1.0/21.0/21.0,,75,
4月,手术室,多余行,妇科旋切手柄-2/z2035,1589494,整行,,2.0/26.4/52.8,,76,
4月,手术室,多余行,3D镜头-1件/Z2060,1589494,整行,,1.0/16.8/16.8,,77,
4月,手术室,多余行,妇科镜头0度-1/Z2060,1589494,整行,,1.0/16.8/16.8,,78,
4月,手术室,多余行,持物钳罐-5件/w6050,1589494,整行,,4.0/16.5/66.0,,79,
4月,手术室,多余行,PRD生物夹钳(紫)-1/（双，保）Z2060,1589749,整行,,2.0/21.0/42.0,,80,
4月,手术室,多余行,超声刀线-1/z3040,1589749,整行,,2.0/21.0/42.0,,81,
4月,手术室,多余行,持针器-1（低温等离子）/双/Z1555,1589749,整行,,1.0/21.0/21.0,,82,
4月,手术室,多余行,单极线-1/Z3040,1589749,整行,,1.0/21.0/21.0,,83,
4月,手术室,多余行,电切环-1/Z7526,1589749,整行,,3.0/13.2/39.6,,84,
4月,手术室,多余行,胃钳子-1/Z2060（低温）,1589749,整行,,2.0/16.8/33.6,,85,
4月,手术室,多余行,2D镜头-1件/Z2060,1589749,整行,,1.0/16.8/16.8,,86,
4月,手术室,多余行,30 度镜头-1(威沙普)/Z2060,1589749,整行,,1.0/16.8/16.8,,87,
4月,手术室,多余行,妇科治疗镜A 12度-5件盒1/W12050,1589749,整行,,1.0/52.8/52.8,,88,
4月,手术室,多余行,妇儿（64件）,1589750,整行,,1.0/217.8/217.8,,89,
4月,手术室,多余行,开腹（66件）,1589750,整行,,2.0/227.7/455.4,,90,
4月,手术室,多余行,流产包B（29件）,1589750,整行,,1.0/99.0/99.0,,91,
4月,手术室,多余行,普外肠道腔镜器械（56件）,1589750,整行,,1.0/188.1/188.1,,92,
4月,手术室,多余行,普外腹腔镜B(44件）,1589750,整行,,1.0/148.5/148.5,,93,
4月,手术室,多余行,阴式（59件）,1589750,整行,,1.0/201.3/201.3,,94,
4月,手术室,多余行,持针器-1/Z1029,1589750,整行,,1.0/4.8/4.8,,95,
4月,手术室,多余行,妇科针-2/Z7537,1589750,整行,,1.0/8.1/8.1,,96,
4月,手术室,多余行,荷包钳-1/（双）Z1540,1589750,整行,,1.0/9.9/9.9,,97,
4月,手术室,多余行,巾钳子-2/Z1530,1589750,整行,,1.0/9.9/9.9,,98,
4月,手术室,多余行,拉钩-2/z1026,1589750,整行,,1.0/8.1/8.1,,99,
4月,手术室,多余行,止血钳-2/Z1530,1589750,整行,,1.0/9.9/9.9,,100,
4月,手术室,多余行,妇科检查包-16件,1589750,整行,,3.0/52.8/158.4,,101,
4月,手术室,多余行,持物钳罐-5件/w6050,1589750,整行,,5.0/16.5/82.5,,102,
4月,手术室,多余行,扩棒（7-9.5）-6件/W6050,1589750,整行,,1.0/19.8/19.8,,103,
4月,手术室,多余行,腹腔镜基础包23件,1589916,整行,,1.0/79.2/79.2,,104,
4月,手术室,多余行,普外腹腔镜C(45件）,1589916,整行,,1.0/151.8/151.8,,105,
4月,手术室,多余行,切开（28件）,1589916,整行,,1.0/95.7/95.7,,106,
4月,手术室,多余行,肛门窥器-1/双/Z1526,1589916,整行,,1.0/9.9/9.9,,107,
4月,手术室,多余行,肛门拉钩-2/Z1526,1589916,整行,,1.0/9.9/9.9,,108,
4月,手术室,多余行,单极线-1/Z3040,1589916,整行,,1.0/21.0/21.0,,109,
4月,手术室,多余行,红帽-1/Z7520,1589916,整行,,3.0/13.2/39.6,,110,
4月,手术室,多余行,30 度镜头-1(STORZE)/Z2060,1589916,整行,,1.0/16.8/16.8,,111,
4月,手术室,多余行,持物钳罐-5件/w6050,1589916,整行,,2.0/16.5/33.0,,112,
4月,手术室,多余行,开腹（66件）,1590140,整行,,1.0/227.7/227.7,,113,
4月,手术室,多余行,普外腹腔镜A(44件）,1590140,整行,,1.0/148.5/148.5,,114,
4月,手术室,多余行,荷包钳-1/（双）Z1540,1590140,整行,,1.0/9.9/9.9,,115,
4月,手术室,多余行,取环勾-1/7530,1590140,整行,,1.0/4.8/4.8,,116,
4月,手术室,多余行,妇科检查包-16件,1590140,整行,,2.0/52.8/105.6,,117,
4月,手术室,多余行,持物钳罐-5件/w6050,1590140,整行,,2.0/16.5/33.0,,118,
4月,手术室,多余行,超声刀线-1/z3040,1590142,整行,,1.0/21.0/21.0,,119,
4月,手术室,多余行,单极线-1/Z3040,1590142,整行,,1.0/21.0/21.0,,120,
4月,手术室,多余行,生物夹钳-1/（双，保护）Z2060,1590142,整行,,2.0/21.0/42.0,,121,
4月,手术室,多余行,胃钳子-1/Z2060（低温）,1590142,整行,,2.0/16.8/33.6,,122,
4月,手术室,多余行,3D镜头-1件/Z2060,1590142,整行,,1.0/16.8/16.8,,123,
4月,手术室,多余行,单子/W12050,1590198,整行,,2.0/21.0/42.0,,124,
4月,手术室,多余行,手术衣-1件/W9050,1590198,整行,,3.0/15.0/45.0,,125,
4月,手术室,多余行,刷手服/W12050,1590203,整行,,2.0/21.0/42.0,,126,
4月,手术室,多余行,单子/W12050,1590830,整行,,1.0/21.0/21.0,,127,
4月,手术室,多余行,刷手服/W12050,1590830,整行,,1.0/21.0/21.0,,128,
4月,手术室,多余行,腹腔镜基础包23件,1590866,整行,,2.0/79.2/158.4,,129,
4月,手术室,多余行,绝育（34件）,1590866,整行,,1.0/115.5/115.5,,130,
4月,手术室,多余行,普外腹腔镜B(44件）,1590866,整行,,1.0/148.5/148.5,,131,
4月,手术室,多余行,普外腹腔镜C(45件）,1590866,整行,,1.0/151.8/151.8,,132,
4月,手术室,多余行,下肢内固定（35件）,1590866,整行,,1.0/118.8/118.8,,133,
4月,手术室,多余行,妇科针-2/Z7537,1590866,整行,,1.0/8.1/8.1,,134,
4月,手术室,多余行,凿子-1/z7530,1590866,整行,,2.0/4.8/9.6,,135,
4月,手术室,多余行,妇科检查包-16件,1590866,整行,,1.0/52.8/52.8,,136,
4月,手术室,多余行,持物钳罐-5件/w6050,1590866,整行,,3.0/16.5/49.5,,137,
4月,手术室,多余行,骨刀-1/W6050,1590866,整行,,2.0/9.9/19.8,,138,
4月,手术室,多余行,扩棒（7-9.5）-6件/W6050,1590866,整行,,1.0/19.8/19.8,,139,
4月,手术室,多余行,超声刀线-1/z3040,1590868,整行,,2.0/21.0/42.0,,140,
4月,手术室,多余行,单极线-1/Z3040,1590868,整行,,2.0/21.0/42.0,,141,
4月,手术室,多余行,电切环-1/Z7526,1590868,整行,,1.0/13.2/13.2,,142,
4月,手术室,多余行,生物夹钳-1/（双，保护）Z2060,1590868,整行,,3.0/21.0/63.0,,143,
4月,手术室,多余行,2D镜头-1件/Z2060,1590868,整行,,1.0/16.8/16.8,,144,
4月,手术室,多余行,3D镜头-1件/Z2060,1590868,整行,,1.0/16.8/16.8,,145,
4月,手术室,多余行,检查镜-12度-3/Z2060,1590868,整行,,1.0/39.6/39.6,,146,
4月,手术室,多余行,腹腔镜基础包23件,1591199,整行,,2.0/79.2/158.4,,147,
4月,手术室,多余行,绝育（34件）,1591199,整行,,2.0/115.5/231.0,,148,
4月,手术室,多余行,开腹（66件）,1591199,整行,,2.0/227.7/455.4,,149,
4月,手术室,多余行,普外肠道腔镜器械（56件）,1591199,整行,,1.0/188.1/188.1,,150,
4月,手术室,多余行,普外腹腔镜A(44件）,1591199,整行,,1.0/148.5/148.5,,151,
4月,手术室,多余行,普外腹腔镜C(45件）,1591199,整行,,1.0/151.8/151.8,,152,
4月,手术室,多余行,普外腹腔镜D(45件）,1591199,整行,,1.0/151.8/151.8,,153,
4月,手术室,多余行,切开（28件）,1591199,整行,,1.0/95.7/95.7,,154,
4月,手术室,多余行,下肢内固定（35件）,1591199,整行,,1.0/118.8/118.8,,155,
4月,手术室,多余行,妇科针-2/Z7537,1591199,整行,,1.0/8.1/8.1,,156,
4月,手术室,多余行,荷包钳-1/（双）Z1540,1591199,整行,,1.0/9.9/9.9,,157,
4月,手术室,多余行,皮钩-2/z1026,1591199,整行,,1.0/8.1/8.1,,158,
4月,手术室,多余行,取环勾-1/7530,1591199,整行,,1.0/4.8/4.8,,159,
4月,手术室,多余行,妇科检查包-16件,1591199,整行,,3.0/52.8/158.4,,160,
4月,手术室,多余行,持物钳罐-5件/w6050,1591199,整行,,7.0/16.5/115.5,,161,
4月,手术室,多余行,锤子-1/W6050,1591199,整行,,1.0/9.9/9.9,,162,
4月,手术室,多余行,骨刀-4/w6050,1591199,整行,,1.0/13.2/13.2,,163,
4月,手术室,多余行,扩棒（8-10.5）-6件/W6050,1591199,整行,,1.0/19.8/19.8,,164,
4月,手术室,多余行,超声刀线-1/z3040,1591208,整行,,4.0/21.0/84.0,,165,
4月,手术室,多余行,单极线-1/Z3040,1591208,整行,,2.0/21.0/42.0,,166,
4月,手术室,多余行,电凝铲-1/Z7550,1591208,整行,,1.0/13.2/13.2,,167,
4月,手术室,多余行,康基可吸收施夹钳-1/双Z2060,1591208,整行,,1.0/21.0/21.0,,168,
4月,手术室,多余行,生物夹钳-1/（双，保护）Z2060,1591208,整行,,3.0/21.0/63.0,,169,
4月,手术室,多余行,胃钳-1件（低温）/（双，保）Z2060,1591208,整行,,2.0/21.0/42.0,,170,
4月,手术室,多余行,2D镜头-1件/Z2060,1591208,整行,,1.0/16.8/16.8,,171,
4月,手术室,多余行,30 度镜头-1(STORZE)/Z2060,1591208,整行,,1.0/16.8/16.8,,172,
4月,手术室,多余行,30 度镜头-1(威沙普)/Z2060,1591208,整行,,1.0/16.8/16.8,,173,
4月,手术室,多余行,3D镜头-1件/Z2060,1591208,整行,,1.0/16.8/16.8,,174,
4月,手术室,多余行,妇科治疗镜A 12度-5件盒1/W12050,1591208,整行,,1.0/52.8/52.8,,175,
4月,手术室,多余行,检查镜-12度-3/Z2060,1591208,整行,,1.0/39.6/39.6,,176,
4月,手术室,多余行,超声刀线-1/z3040,1591444,整行,,2.0/21.0/42.0,,177,
4月,手术室,多余行,2D镜头-1件/Z2060,1591444,整行,,1.0/16.8/16.8,,178,
4月,手术室,多余行,30 度镜头-1(威沙普)/Z2060,1591444,整行,,1.0/16.8/16.8,,179,
4月,手术室,多余行,单子/W12050,1591575,整行,,1.0/21.0/21.0,,180,
4月,手术室,多余行,刷手服/W12050,1591575,整行,,1.0/21.0/21.0,,181,
4月,手术室,多余行,超声刀线-1/z3040,1591596,整行,,1.0/21.0/21.0,,182,
4月,手术室,多余行,单极线-1/Z3040,1591596,整行,,1.0/21.0/21.0,,183,
4月,手术室,多余行,电切环-1/Z7526,1591596,整行,,2.0/13.2/26.4,,184,
4月,手术室,多余行,生物夹钳-1/（双，保护）Z2060,1591596,整行,,4.0/21.0/84.0,,185,
4月,手术室,多余行,3D镜头-1件/Z2060,1591596,整行,,1.0/16.8/16.8,,186,
4月,手术室,多余行,腹腔镜基础包23件,1591597,整行,,2.0/79.2/158.4,,187,
4月,手术室,多余行,开腹（66件）,1591597,整行,,1.0/227.7/227.7,,188,
4月,手术室,多余行,普外肠道腔镜器械（56件）,1591597,整行,,1.0/188.1/188.1,,189,
4月,手术室,多余行,普外腹腔镜A(44件）,1591597,整行,,1.0/148.5/148.5,,190,
4月,手术室,多余行,普外腹腔镜B(44件）,1591597,整行,,1.0/148.5/148.5,,191,
4月,手术室,多余行,持物钳罐-5件/w6050,1591597,整行,,3.0/16.5/49.5,,192,
4月,手术室,多余行,腹腔镜基础包23件,1591856,整行,,2.0/79.2/158.4,,193,
4月,手术室,多余行,开腹（66件）,1591856,整行,,1.0/227.7/227.7,,194,
4月,手术室,多余行,普外腹腔镜C(45件）,1591856,整行,,1.0/151.8/151.8,,195,
4月,手术室,多余行,普外腹腔镜E(42件）,1591856,整行,,1.0/141.9/141.9,,196,
4月,手术室,多余行,大拉钩-4件（加筐5件）/W905060,1591856,整行,,1.0/16.5/16.5,,197,
4月,手术室,多余行,超声刀线-1/z3040,1591856,整行,,2.0/21.0/42.0,,198,
4月,手术室,多余行,持针器-1（低温等离子）/双/Z1555,1591856,整行,,1.0/21.0/21.0,,199,
4月,手术室,多余行,单极线-1/Z3040,1591856,整行,,1.0/21.0/21.0,,200,
4月,手术室,多余行,胆道镜-1/双/Z3095,1591856,整行,,1.0/180.0/180.0,,201,
4月,手术室,多余行,生物夹钳-1/（双，保护）Z2060,1591856,整行,,1.0/21.0/21.0,,202,
4月,手术室,多余行,推结器-1/Z7560,1591856,整行,,1.0/13.2/13.2,,203,
4月,手术室,多余行,2D镜头-1件/Z2060,1591856,整行,,1.0/16.8/16.8,,204,
4月,手术室,多余行,30 度镜头-1(威沙普)/Z2060,1591856,整行,,1.0/16.8/16.8,,205,
4月,手术室,多余行,持物钳罐-5件/w6050,1591856,整行,,3.0/16.5/49.5,,206,
4月,手术室,多余行,超声刀线-1/z3040,1591985,整行,,2.0/21.0/42.0,,207,
4月,手术室,多余行,单极线-1/Z3040,1591985,整行,,1.0/21.0/21.0,,208,
4月,手术室,多余行,生物夹钳-1/（双，保护）Z2060,1591985,整行,,1.0/21.0/21.0,,209,
4月,手术室,多余行,胃钳-1件（低温）/（双，保）Z2060,1591985,整行,,1.0/21.0/21.0,,210,
4月,手术室,多余行,30 度镜头-1(威沙普)/Z2060,1591985,整行,,1.0/16.8/16.8,,211,
4月,手术室,多余行,3D镜头-1件/Z2060,1591985,整行,,1.0/16.8/16.8,,212,
4月,手术室,多余行,检查镜-12度-3/Z2060,1591985,整行,,1.0/39.6/39.6,,213,
4月,手术室,多余行,腹腔镜基础包23件,1591986,整行,,2.0/79.2/158.4,,214,
4月,手术室,多余行,绝育（34件）,1591986,整行,,1.0/115.5/115.5,,215,
4月,手术室,多余行,阑尾40件（无纺布）,1591986,整行,,1.0/138.6/138.6,,216,
4月,手术室,多余行,普外腹腔镜A(44件）,1591986,整行,,1.0/148.5/148.5,,217,
4月,手术室,多余行,普外腹腔镜D(45件）,1591986,整行,,1.0/151.8/151.8,,218,
4月,手术室,多余行,切开（28件）,1591986,整行,,1.0/95.7/95.7,,219,
4月,手术室,多余行,下肢内固定（35件）,1591986,整行,,1.0/118.8/118.8,,220,
4月,手术室,多余行,妇科针-2/Z7537,1591986,整行,,1.0/8.1/8.1,,221,
4月,手术室,多余行,妇科检查包-16件,1591986,整行,,1.0/52.8/52.8,,222,
4月,手术室,多余行,眼包（8件）,1591986,整行,,1.0/26.4/26.4,,223,
4月,手术室,多余行,持物钳罐-5件/w6050,1591986,整行,,5.0/16.5/82.5,,224,
4月,手术室,多余行,单子/W12050,1592278,整行,,4.0/21.0/84.0,,225,
4月,手术室,多余行,刷手服/W12050,1592278,整行,,2.0/21.0/42.0,,226,
4月,手术室,多余行,PRD生物夹钳(绿)-1/（双，保）Z2060,1592609,整行,,1.0/21.0/21.0,,227,
4月,手术室,多余行,超声刀线-1/z3040,1592609,整行,,3.0/21.0/63.0,,228,
4月,手术室,多余行,单极线-1/Z3040,1592609,整行,,1.0/21.0/21.0,,229,
4月,手术室,多余行,康基可吸收施夹钳-1/双Z2060,1592609,整行,,1.0/21.0/21.0,,230,
4月,手术室,多余行,胃钳-1件（低温）/（双，保）Z2060,1592609,整行,,1.0/21.0/21.0,,231,
4月,手术室,多余行,2D镜头-1件/Z2060,1592609,整行,,1.0/16.8/16.8,,232,
4月,手术室,多余行,30 度镜头-1(威沙普)/Z2060,1592609,整行,,1.0/16.8/16.8,,233,
4月,手术室,多余行,3D镜头-1件/Z2060,1592609,整行,,1.0/16.8/16.8,,234,
4月,手术室,多余行,腹腔镜基础包23件,1592618,整行,,3.0/79.2/237.6,,235,
4月,手术室,多余行,普外腹腔镜A(44件）,1592618,整行,,1.0/148.5/148.5,,236,
4月,手术室,多余行,普外腹腔镜B(44件）,1592618,整行,,1.0/148.5/148.5,,237,
4月,手术室,多余行,普外腹腔镜C(45件）,1592618,整行,,1.0/151.8/151.8,,238,
4月,手术室,多余行,西山磨钻-4件（加筐5件）/W905060,1592618,整行,,1.0/16.5/16.5,,239,
4月,手术室,多余行,持针器-1/Z1029,1592618,整行,,1.0/4.8/4.8,,240,
4月,手术室,多余行,大直角-2/Z1530,1592618,整行,,1.0/9.9/9.9,,241,
4月,手术室,多余行,骨膜剥离子-1/（双）Z7530,1592618,整行,,2.0/6.3/12.6,,242,
4月,手术室,多余行,刮勺-1/Z7530,1592618,整行,,1.0/4.8/4.8,,243,
4月,手术室,多余行,木把螺丝刀-1/Z7526,1592618,整行,,1.0/4.8/4.8,,244,
4月,手术室,多余行,取皮刀片-2/z7526,1592618,整行,,1.0/8.1/8.1,,245,
4月,手术室,多余行,取石钳-1/Z2032,1592618,整行,,1.0/7.8/7.8,,246,
4月,手术室,多余行,小爪钩-2/z1530,1592618,整行,,1.0/9.9/9.9,,247,
4月,手术室,多余行,阴道拉钩-2/Z2032,1592618,整行,,1.0/9.9/9.9,,248,
4月,手术室,多余行,持物钳罐-5件/w6050,1592618,整行,,2.0/16.5/33.0,,249,
4月,手术室,多余行,骨刀-5/W605050,1592618,整行,,1.0/16.5/16.5,,250,
4月,手术室,多余行,自动拉钩-1 /W9050,1592618,整行,,1.0/9.9/9.9,,251,
4月,手术室,多余行,腹腔镜基础包23件,1593018,整行,,2.0/79.2/158.4,,252,
4月,手术室,多余行,普外腹腔镜C(45件）,1593018,整行,,1.0/151.8/151.8,,253,
4月,手术室,多余行,普外腹腔镜D(45件）,1593018,整行,,1.0/151.8/151.8,,254,
4月,手术室,多余行,切开（28件）,1593018,整行,,1.0/95.7/95.7,,255,
4月,手术室,多余行,妇科针-2/Z7537,1593018,整行,,1.0/8.1/8.1,,256,
4月,手术室,多余行,钢丝-1/Z1526,1593018,整行,,1.0/6.6/6.6,,257,
4月,手术室,多余行,钢丝-2/Z1526,1593018,整行,,3.0/9.9/29.7,,258,
4月,手术室,多余行,拉钩-2/z1026,1593018,整行,,1.0/8.1/8.1,,259,
4月,手术室,多余行,三棱钻-1/（保）Z1026,1593018,整行,,1.0/4.8/4.8,,260,
4月,手术室,多余行,纤维钳-1/Z1026,1593018,整行,,1.0/4.8/4.8,,261,
4月,手术室,多余行,牙钳-2/Z1530,1593018,整行,,1.0/9.9/9.9,,262,
4月,手术室,多余行,妇科检查包-16件,1593018,整行,,1.0/52.8/52.8,,263,
4月,手术室,多余行,持物钳罐-5件/w6050,1593018,整行,,4.0/16.5/66.0,,264,
4月,手术室,多余行,超声刀线-1/z3040,1593035,整行,,2.0/21.0/42.0,,265,
4月,手术室,多余行,单极线-1/Z3040,1593035,整行,,1.0/21.0/21.0,,266,
4月,手术室,多余行,生物夹钳-1/（双，保护）Z2060,1593035,整行,,2.0/21.0/42.0,,267,
4月,手术室,多余行,2D镜头-1件/Z2060,1593035,整行,,1.0/16.8/16.8,,268,
4月,手术室,多余行,30 度镜头-1(威沙普)/Z2060,1593035,整行,,1.0/16.8/16.8,,269,
4月,手术室,多余行,妇科治疗镜A 12度-5件盒1/W12050,1593035,整行,,1.0/52.8/52.8,,270,
4月,手术室,多余行,检查镜-12度-3/Z2060,1593035,整行,,1.0/39.6/39.6,,271,
4月,手术室,多余行,开腹（66件）,1593042,整行,,1.0/227.7/227.7,,272,
4月,手术室,多余行,普外肠道腔镜器械（56件）,1593042,整行,,1.0/188.1/188.1,,273,
4月,手术室,多余行,荷包钳-1/（双）Z1540,1593042,整行,,1.0/9.9/9.9,,274,
4月,手术室,多余行,持物钳罐-5件/w6050,1593042,整行,,1.0/16.5/16.5,,275,
4月,手术室,多余行,PRD生物夹钳(紫)-1/（双，保）Z2060,1593043,整行,,1.0/21.0/21.0,,276,
4月,手术室,多余行,超声刀线-1/z3040,1593043,整行,,1.0/21.0/21.0,,277,
4月,手术室,多余行,单极线-1/Z3040,1593043,整行,,1.0/21.0/21.0,,278,
4月,手术室,多余行,生物夹钳-1/（双，保护）Z2060,1593043,整行,,1.0/21.0/21.0,,279,
4月,手术室,多余行,3D镜头-1件/Z2060,1593043,整行,,1.0/16.8/16.8,,280,
4月,手术室,多余行,单子/W12050,1593416,整行,,2.0/21.0/42.0,,281,
4月,手术室,多余行,刷手服/W12050,1593416,整行,,2.0/21.0/42.0,,282,
4月,手术室,多余行,妇科腹腔镜B（46件）,1593423,整行,,1.0/155.1/155.1,,283,
4月,手术室,多余行,腹腔镜基础包23件,1593423,整行,,3.0/79.2/237.6,,284,
4月,手术室,多余行,绝育（34件）,1593423,整行,,2.0/115.5/231.0,,285,
4月,手术室,多余行,流产包B（16件）,1593423,整行,,1.0/56.1/56.1,,286,
4月,手术室,多余行,普外腹腔镜A(44件）,1593423,整行,,1.0/148.5/148.5,,287,
4月,手术室,多余行,普外腹腔镜B(44件）,1593423,整行,,1.0/148.5/148.5,,288,
4月,手术室,多余行,切开（28件）,1593423,整行,,2.0/95.7/191.4,,289,
4月,手术室,多余行,上肢内固定（22件）,1593423,整行,,1.0/75.9/75.9,,290,
4月,手术室,多余行,下肢内固定（35件）,1593423,整行,,1.0/118.8/118.8,,291,
4月,手术室,多余行,(黑色）电钻-4件筐1/W905060,1593423,整行,,1.0/16.5/16.5,,292,
4月,手术室,多余行,(银色）电钻-4件筐1/W905060,1593423,整行,,1.0/16.5/16.5,,293,
4月,手术室,多余行,克氏针-15/（双）Z7530,1593423,整行,,2.0/9.9/19.8,,294,
4月,手术室,多余行,拉钩-2/z1026,1593423,整行,,2.0/8.1/16.2,,295,
4月,手术室,多余行,妇科检查包-16件,1593423,整行,,1.0/52.8/52.8,,296,
4月,手术室,多余行,持物钳罐-5件/w6050,1593423,整行,,6.0/16.5/99.0,,297,
4月,手术室,多余行,扩棒（7-9.5）-6件/W6050,1593423,整行,,1.0/19.8/19.8,,298,
4月,手术室,多余行,超声刀线-1/z3040,1593428,整行,,3.0/21.0/63.0,,299,
4月,手术室,多余行,单极线-1/Z3040,1593428,整行,,2.0/21.0/42.0,,300,
4月,手术室,多余行,生物夹钳-1/（双，保护）Z2060,1593428,整行,,3.0/21.0/63.0,,301,
4月,手术室,多余行,胃钳子-1/Z2060（低温）,1593428,整行,,1.0/16.8/16.8,,302,
4月,手术室,多余行,0 度镜头-1(威沙普)/Z2060,1593428,整行,,1.0/16.8/16.8,,303,
4月,手术室,多余行,30 度镜头-1(威沙普)/Z2060,1593428,整行,,2.0/16.8/33.6,,304,
4月,手术室,多余行,3D镜头-1件/Z2060,1593428,整行,,1.0/16.8/16.8,,305,
4月,手术室,多余行,检查镜-12度-3/Z2060,1593428,整行,,1.0/39.6/39.6,,306,
4月,手术室,多余行,腹腔镜基础包23件,1593429,整行,,1.0/79.2/79.2,,307,
4月,手术室,多余行,普外肠道腔镜器械（56件）,1593429,整行,,1.0/188.1/188.1,,308,
4月,手术室,多余行,普外腹腔镜D(45件）,1593429,整行,,1.0/151.8/151.8,,309,
4月,手术室,多余行,板钩-2/（双）Z2032,1593429,整行,,1.0/9.9/9.9,,310,
4月,手术室,多余行,PRD生物夹钳(绿)-1/（双，保）Z2060,1593429,整行,,1.0/21.0/21.0,,311,
4月,手术室,多余行,超声刀线-1/z3040,1593429,整行,,1.0/21.0/21.0,,312,
4月,手术室,多余行,2D镜头-1件/Z2060,1593429,整行,,1.0/16.8/16.8,,313,
4月,手术室,多余行,30 度镜头-1(威沙普)/Z2060,1593429,整行,,1.0/16.8/16.8,,314,
4月,手术室,多余行,大拉钩-4件/w9050,1593429,整行,,1.0/13.2/13.2,,315,
4月,手术室,多余行,开腹（66件）,1593663,整行,,2.0/227.7/455.4,,316,
4月,手术室,多余行,妇科针-2/Z7537,1593663,整行,,1.0/8.1/8.1,,317,
4月,手术室,多余行,超声刀线-1/z3040,1593663,整行,,1.0/21.0/21.0,,318,
4月,手术室,多余行,电切环-1/Z7526,1593663,整行,,3.0/13.2/39.6,,319,
4月,手术室,多余行,妇科检查包-16件,1593663,整行,,2.0/52.8/105.6,,320,
4月,手术室,多余行,妇科治疗镜A 12度-5件盒1/W12050,1593663,整行,,1.0/52.8/52.8,,321,
4月,手术室,多余行,妇科治疗镜B 12度-5件盒1/W12050,1593663,整行,,1.0/52.8/52.8,,322,
4月,手术室,多余行,持物钳罐-5件/w6050,1593663,整行,,4.0/16.5/66.0,,323,
4月,手术室,多余行,扩棒（7-9.5）-6件/W6050,1593663,整行,,1.0/19.8/19.8,,324,
4月,手术室,多余行,扩棒（8-10.5）-6件/W6050,1593663,整行,,1.0/19.8/19.8,,325,
4月,手术室,多余行,开腹（66件）,1593838,整行,,1.0/227.7/227.7,,326,
4月,手术室,多余行,普外肠道腔镜器械（56件）,1593838,整行,,1.0/188.1/188.1,,327,
4月,手术室,多余行,荷包钳-1/（双）Z1540,1593838,整行,,1.0/9.9/9.9,,328,
4月,手术室,多余行,超声刀线-1/z3040,1593838,整行,,1.0/21.0/21.0,,329,
4月,手术室,多余行,胆道镜-1/双/Z3095,1593838,整行,,1.0/180.0/180.0,,330,
4月,手术室,多余行,生物夹钳-1/（双，保护）Z2060,1593838,整行,,1.0/21.0/21.0,,331,
4月,手术室,多余行,2D镜头-1件/Z2060,1593838,整行,,1.0/16.8/16.8,,332,
4月,手术室,多余行,持物钳罐-5件/w6050,1593838,整行,,2.0/16.5/33.0,,333,
4月,手术室,多余行,超声刀线-1/z3040,1594068,整行,,1.0/21.0/21.0,,334,
4月,手术室,多余行,单极线-1/Z3040,1594068,整行,,1.0/21.0/21.0,,335,
4月,手术室,多余行,生物夹钳-1/（双，保护）Z2060,1594068,整行,,2.0/21.0/42.0,,336,
4月,手术室,多余行,胃钳子-1/Z2060（低温）,1594068,整行,,2.0/16.8/33.6,,337,
4月,手术室,多余行,3D镜头-1件/Z2060,1594068,整行,,1.0/16.8/16.8,,338,
4月,手术室,多余行,开腹（66件）,1594071,整行,,1.0/227.7/227.7,,339,
4月,手术室,多余行,普外腹腔镜C(45件）,1594071,整行,,1.0/151.8/151.8,,340,
4月,手术室,多余行,持物钳罐-5件/w6050,1594071,整行,,1.0/16.5/16.5,,341,
4月,手术室,多余行,单子/W12050,1594097,整行,,4.0/21.0/84.0,,342,
4月,手术室,多余行,手术衣-1件/W9050,1594097,整行,,2.0/15.0/30.0,,343,
4月,手术室,多余行,刷手服/W12050,1594097,整行,,3.0/21.0/63.0,,344,
4月,手术室,多余行,开腹（66件）,1594360,整行,,1.0/227.7/227.7,,345,
4月,手术室,多余行,普外腹腔镜C(45件）,1594360,整行,,1.0/151.8/151.8,,346,
4月,手术室,多余行,荷包钳-1/（双）Z1540,1594360,整行,,1.0/9.9/9.9,,347,
4月,手术室,多余行,上环叉-1/7530,1594360,整行,,1.0/4.8/4.8,,348,
4月,手术室,多余行,PRD生物夹钳(紫)-1/（双，保）Z2060,1594360,整行,,1.0/21.0/21.0,,349,
4月,手术室,多余行,超声刀线-1/z3040,1594360,整行,,1.0/21.0/21.0,,350,
4月,手术室,多余行,单极线-1/Z3040,1594360,整行,,1.0/21.0/21.0,,351,
4月,手术室,多余行,生物夹钳-1/（双，保护）Z2060,1594360,整行,,1.0/21.0/21.0,,352,
4月,手术室,多余行,胃钳子-1/Z2060（低温）,1594360,整行,,2.0/16.8/33.6,,353,
4月,手术室,多余行,3D镜头-1件/Z2060,1594360,整行,,1.0/16.8/16.8,,354,
4月,手术室,多余行,持物钳罐-5件/w6050,1594360,整行,,2.0/16.5/33.0,,355,
4月,手术室,多余行,妇儿（64件）,1594800,整行,,1.0/217.8/217.8,,356,
4月,手术室,多余行,阑尾40件（无纺布）,1594800,整行,,1.0/138.6/138.6,,357,
4月,手术室,多余行,流产包B（16件）,1594800,整行,,1.0/56.1/56.1,,358,
4月,手术室,多余行,妇科针-2/Z7537,1594800,整行,,1.0/8.1/8.1,,359,
4月,手术室,多余行,上环叉-1/7530,1594800,整行,,1.0/4.8/4.8,,360,
4月,手术室,多余行,电切环-1/Z7526,1594800,整行,,1.0/13.2/13.2,,361,
4月,手术室,多余行,妇科检查包-16件,1594800,整行,,1.0/52.8/52.8,,362,
4月,手术室,多余行,妇科治疗镜B 12度-5件盒1/W12050,1594800,整行,,1.0/52.8/52.8,,363,
4月,手术室,多余行,持物钳罐-5件/w6050,1594800,整行,,5.0/16.5/82.5,,364,
4月,手术室,多余行,扩棒（7-9.5）-6件/W6050,1594800,整行,,1.0/19.8/19.8,,365,
4月,手术室,多余行,腹腔镜基础包23件,1595143,整行,,1.0/79.2/79.2,,366,
4月,手术室,多余行,普外腹腔镜B(44件）,1595143,整行,,1.0/148.5/148.5,,367,
4月,手术室,多余行,切开（28件）,1595143,整行,,3.0/95.7/287.1,,368,
4月,手术室,多余行,小拉勾-2/Z1026,1595143,整行,,2.0/8.1/16.2,,369,
4月,手术室,多余行,PRD生物夹钳(绿)-1/（双，保）Z2060,1595143,整行,,1.0/21.0/21.0,,370,
4月,手术室,多余行,PRD生物夹钳(紫)-1/（双，保）Z2060,1595143,整行,,1.0/21.0/21.0,,371,
4月,手术室,多余行,超声刀线-1/z3040,1595143,整行,,1.0/21.0/21.0,,372,
4月,手术室,多余行,单极线-1/Z3040,1595143,整行,,1.0/21.0/21.0,,373,
4月,手术室,多余行,30 度镜头-1(STORZE)/Z2060,1595143,整行,,1.0/16.8/16.8,,374,
4月,手术室,多余行,持物钳罐-5件/w6050,1595143,整行,,4.0/16.5/66.0,,375,
4月,手术室,多余行,手术衣-1件/W9050,1595444,整行,,2.0/15.0/30.0,,376,
4月,手术室,多余行,刷手服/W12050,1595528,整行,,3.0/21.0/63.0,,377,
4月,手术室,多余行,单子/W12050,1595571,整行,,1.0/21.0/21.0,,378,
4月,手术室,多余行,腹腔镜基础包23件,1595596,整行,,2.0/79.2/158.4,,379,
4月,手术室,多余行,开腹（66件）,1595596,整行,,1.0/227.7/227.7,,380,
4月,手术室,多余行,普外肠道腔镜器械（56件）,1595596,整行,,1.0/188.1/188.1,,381,
4月,手术室,多余行,普外腹腔镜B(44件）,1595596,整行,,1.0/148.5/148.5,,382,
4月,手术室,多余行,普外腹腔镜D(45件）,1595596,整行,,1.0/151.8/151.8,,383,
4月,手术室,多余行,切开（28件）,1595596,整行,,1.0/95.7/95.7,,384,
4月,手术室,多余行,整形（37件）,1595596,整行,,2.0/125.4/250.8,,385,
4月,手术室,多余行,整形加件B (20件）,1595596,整行,,2.0/69.3/138.6,,386,
4月,手术室,多余行,妇科针-2/Z7537,1595596,整行,,1.0/8.1/8.1,,387,
4月,手术室,多余行,拉钩-2/z1026,1595596,整行,,1.0/8.1/8.1,,388,
4月,手术室,多余行,普外号包-5件/Z2032,1595596,整行,,1.0/16.5/16.5,,389,
4月,手术室,多余行,小拉勾-2/Z1026,1595596,整行,,1.0/8.1/8.1,,390,
4月,手术室,多余行,PRD生物夹钳(绿)-1/（双，保）Z2060,1595596,整行,,1.0/21.0/21.0,,391,
4月,手术室,多余行,PRD生物夹钳(紫)-1/（双，保）Z2060,1595596,整行,,2.0/21.0/42.0,,392,
4月,手术室,多余行,超声刀线-1/z3040,1595596,整行,,4.0/21.0/84.0,,393,
4月,手术室,多余行,单极线-1/Z3040,1595596,整行,,1.0/21.0/21.0,,394,
4月,手术室,多余行,电切环-1/Z7526,1595596,整行,,1.0/13.2/13.2,,395,
4月,手术室,多余行,生物夹钳-1/（双，保护）Z2060,1595596,整行,,3.0/21.0/63.0,,396,
4月,手术室,多余行,双极钳-1/Z2060,1595596,整行,,1.0/16.8/16.8,,397,
4月,手术室,多余行,双极线-1/Z3040,1595596,整行,,1.0/21.0/21.0,,398,
4月,手术室,多余行,妇科检查包-16件,1595596,整行,,1.0/52.8/52.8,,399,
4月,手术室,多余行,30 度镜头-1(STORZE)/Z2060,1595596,整行,,2.0/16.8/33.6,,400,
4月,手术室,多余行,3D镜头-1件/Z2060,1595596,整行,,1.0/16.8/16.8,,401,
4月,手术室,多余行,妇科治疗镜A 12度-5件盒1/W12050,1595596,整行,,1.0/52.8/52.8,,402,
4月,手术室,多余行,持物钳罐-5件/w6050,1595596,整行,,4.0/16.5/66.0,,403,
4月,手术室,多余行,扩棒（7-9.5）-6件/W6050,1595596,整行,,1.0/19.8/19.8,,404,
4月,手术室,多余行,开腹（66件）,1595912,整行,,1.0/227.7/227.7,,405,
4月,手术室,多余行,普外腹腔镜B(44件）,1595912,整行,,1.0/148.5/148.5,,406,
4月,手术室,多余行,PRD生物夹钳(紫)-1/（双，保）Z2060,1595912,整行,,1.0/21.0/21.0,,407,
4月,手术室,多余行,超声刀线-1/z3040,1595912,整行,,1.0/21.0/21.0,,408,
4月,手术室,多余行,单极线-1/Z3040,1595912,整行,,1.0/21.0/21.0,,409,
4月,手术室,多余行,胃钳子-1/Z2060（低温）,1595912,整行,,2.0/16.8/33.6,,410,
4月,手术室,多余行,3D镜头-1件/Z2060,1595912,整行,,1.0/16.8/16.8,,411,
4月,手术室,多余行,持物钳罐-5件/w6050,1595912,整行,,2.0/16.5/33.0,,412,
4月,手术室,多余行,腹腔镜基础包23件,1596179,整行,,3.0/79.2/237.6,,413,
4月,手术室,多余行,间盘A（52件）1/2,1596179,整行,,1.0/102.3/102.3,,414,
4月,手术室,多余行,举宫杯16件,1596179,整行,,1.0/56.1/56.1,,415,
4月,手术室,多余行,绝育（34件）,1596179,整行,,1.0/115.5/115.5,,416,
4月,手术室,多余行,开腹（66件）,1596179,整行,,1.0/227.7/227.7,,417,
4月,手术室,多余行,普外肠道腔镜器械（56件）,1596179,整行,,1.0/188.1/188.1,,418,
4月,手术室,多余行,普外腹腔镜A(44件）,1596179,整行,,1.0/148.5/148.5,,419,
4月,手术室,多余行,普外腹腔镜D(45件）,1596179,整行,,1.0/151.8/151.8,,420,
4月,手术室,多余行,切开（28件）,1596179,整行,,1.0/95.7/95.7,,421,
4月,手术室,多余行,下肢内固定（35件）,1596179,整行,,1.0/118.8/118.8,,422,
4月,手术室,多余行,(新）电钻-4件筐1/W905060,1596179,整行,,1.0/16.5/16.5,,423,
4月,手术室,多余行,西山磨钻-4件（加筐5件）/W905060,1596179,整行,,1.0/16.5/16.5,,424,
4月,手术室,多余行,剥离子-1/（双）Z7530,1596179,整行,,1.0/6.3/6.3,,425,
4月,手术室,多余行,拆线包-5件/Z1526,1596179,整行,,1.0/16.5/16.5,,426,
4月,手术室,多余行,刀柄-1/Z7526,1596179,整行,,1.0/4.8/4.8,,427,
4月,手术室,多余行,钢板尺-1/Z7526,1596179,整行,,1.0/4.8/4.8,,428,
4月,手术室,多余行,刮勺-1/Z7530,1596179,整行,,1.0/4.8/4.8,,429,
4月,手术室,多余行,吸引器-1件 （高温）/Z1045,1596179,整行,,2.0/4.8/9.6,,430,
4月,手术室,多余行,小拉勾-2/Z1026,1596179,整行,,1.0/8.1/8.1,,431,
4月,手术室,多余行,持物钳罐-5件/w6050,1596179,整行,,5.0/16.5/82.5,,432,
4月,手术室,多余行,大S钩-2/W6050,1596179,整行,,1.0/9.9/9.9,,433,
4月,手术室,多余行,盆2盘2碗1/w9050,1596179,整行,,1.0/16.5/16.5,,434,
4月,手术室,多余行,超声刀线-1/z3040,1596180,整行,,4.0/21.0/84.0,,435,
4月,手术室,多余行,单极线-1/Z3040,1596180,整行,,3.0/21.0/63.0,,436,
4月,手术室,多余行,生物夹钳-1/（双，保护）Z2060,1596180,整行,,3.0/21.0/63.0,,437,
4月,手术室,多余行,2D镜头-1件/Z2060,1596180,整行,,1.0/16.8/16.8,,438,
4月,手术室,多余行,30 度镜头-1(STORZE)/Z2060,1596180,整行,,2.0/16.8/33.6,,439,
4月,手术室,多余行,妇科0度镜-1(OLYMPUS)/Z2060,1596180,整行,,1.0/16.8/16.8,,440,
4月,手术室,多余行,单子/W12050,1596226,整行,,2.0/21.0/42.0,,441,
4月,手术室,多余行,刷手服/W12050,1596226,整行,,2.0/21.0/42.0,,442,
4月,手术室,多余行,妇科腹腔镜A（46件）,1596436,整行,,1.0/155.1/155.1,,443,
4月,手术室,多余行,开腹（66件）,1596436,整行,,1.0/227.7/227.7,,444,
4月,手术室,多余行,髋关节器械（34件）,1596436,整行,,1.0/115.5/115.5,,445,
4月,手术室,多余行,流产包B（16件）,1596436,整行,,1.0/56.1/56.1,,446,
4月,手术室,多余行,普外肠道腔镜器械（56件）,1596436,整行,,1.0/188.1/188.1,,447,
4月,手术室,多余行,普外腹腔镜A(44件）,1596436,整行,,1.0/148.5/148.5,,448,
4月,手术室,多余行,荷包钳-1/（双）Z1540,1596436,整行,,1.0/9.9/9.9,,449,
4月,手术室,多余行,持物钳罐-5件/w6050,1596436,整行,,1.0/16.5/16.5,,450,
4月,手术室,多余行,大剪刀-1/w905060,1596436,整行,,1.0/9.9/9.9,,451,
4月,手术室,多余行,颈前路-31件，筐1/W12050,1596436,整行,,1.0/105.6/105.6,,452,
4月,手术室,多余行,肠钳子-1（低温）/Z2060,1596437,整行,,1.0/16.8/16.8,,453,
4月,手术室,多余行,超声刀线-1/z3040,1596437,整行,,2.0/21.0/42.0,,454,
4月,手术室,多余行,生物夹钳-1/（双，保护）Z2060,1596437,整行,,2.0/21.0/42.0,,455,
4月,手术室,多余行,胃钳-1件（低温）/（双，保）Z2060,1596437,整行,,1.0/21.0/21.0,,456,
4月,手术室,多余行,30 度镜头-1(STORZE)/Z2060,1596437,整行,,1.0/16.8/16.8,,457,
4月,手术室,多余行,30 度镜头-1(威沙普)/Z2060,1596437,整行,,1.0/16.8/16.8,,458,
4月,手术室,多余行,3D镜头-1件/Z2060,1596437,整行,,1.0/16.8/16.8,,459,
4月,手术室,汇总不一致-总价,手术室,,总价,27856.2,30234.8999999999,8,8,
4月,日间病房,缺失行,开口器-1/Z1026,1603098,整行,1.0/4.8/4.8,,9,,
4月,日间病房,缺失行,喉镜1 喉镜柄1（低温）/Z1526,1603170,整行,1.0/26.4/26.4,,10,,
4月,日间病房,缺失行,简易呼吸器-1件/Z3060,1603377,整行,1.0/21.0/21.0,,11,,
4月,日间病房,缺失行,呼吸面罩-1/z1532,1603998,整行,1.0/15.0/15.0,,12,,
4月,普外一,缺失行,消毒缸-3/ZW7050,1597500,整行,1.0/9.9/9.9,,9,,
4月,普外一,缺失行,消毒缸-3/ZW7050,1598421,整行,1.0/9.9/9.9,,10,,
4月,普外一,缺失行,消毒缸-3/ZW7050,1599681,整行,1.0/9.9/9.9,,11,,
4月,普外一,缺失行,压舌板-1/Z7526,1600911,整行,1.0/4.8/4.8,,12,,
4月,普外一,缺失行,消毒缸-3/ZW7050,1600911,整行,1.0/9.9/9.9,,13,,
4月,普外一,缺失行,开口器-1/Z1026,1600982,整行,1.0/4.8/4.8,,14,,
4月,普外一,缺失行,喉镜柄（低温）-1/Z1530,1600982,整行,1.0/15.0/15.0,,15,,
4月,普外一,缺失行,喉镜片（低温）-1/Z1530,1600982,整行,3.0/15.0/45.0,,16,,
4月,普外一,缺失行,简易呼吸器-1件/Z3060,1601108,整行,1.0/21.0/21.0,,17,,
4月,普外一,缺失行,消毒缸-3/ZW7050,1601999,整行,1.0/9.9/9.9,,18,,
4月,普外一,缺失行,消毒缸-3/ZW7050,1603080,整行,1.0/9.9/9.9,,19,,
4月,普外一,缺失行,止血钳-1/Z1029,1603846,整行,2.0/4.8/9.6,,20,,
4月,普外一,缺失行,消毒缸-3/ZW7050,1603997,整行,1.0/9.9/9.9,,21,,
4月,普外一,缺失行,持针器-1/Z1029,1604391,整行,1.0/4.8/4.8,,22,,
4月,普外一,缺失行,止血钳-2/Z1530,1604391,整行,1.0/9.9/9.9,,23,,
4月,普外一,多余行,持针器-1/Z1029,1588120,整行,,1.0/4.8/4.8,,9,
4月,普外一,多余行,消毒缸-3/ZW7050,1588237,整行,,1.0/9.9/9.9,,10,
4月,普外一,多余行,止血钳-1/Z1029,1588993,整行,,1.0/4.8/4.8,,11,
4月,普外一,多余行,消毒缸-3/ZW7050,1589387,整行,,1.0/9.9/9.9,,12,
4月,普外一,多余行,消毒缸-3/ZW7050,1590333,整行,,1.0/9.9/9.9,,13,
4月,普外一,多余行,消毒缸-3/ZW7050,1591487,整行,,1.0/9.9/9.9,,14,
4月,普外一,多余行,止血钳-1/Z1029,1592238,整行,,1.0/4.8/4.8,,15,
4月,普外一,多余行,消毒缸-3/ZW7050,1592238,整行,,1.0/9.9/9.9,,16,
4月,普外一,多余行,止血钳-1/Z1029,1592866,整行,,1.0/4.8/4.8,,17,
4月,普外一,多余行,消毒缸-3/ZW7050,1593266,整行,,1.0/9.9/9.9,,18,
4月,普外一,多余行,消毒缸-3/ZW7050,1594241,整行,,1.0/9.9/9.9,,19,
4月,普外一,多余行,止血钳-1/Z1029,1595381,整行,,1.0/4.8/4.8,,20,
4月,普外一,多余行,消毒缸-3/ZW7050,1595381,整行,,1.0/9.9/9.9,,21,
4月,普外一,多余行,持针器-1/Z1029,1596345,整行,,1.0/4.8/4.8,,22,
4月,普外一,多余行,止血钳-1/Z1029,1596345,整行,,1.0/4.8/4.8,,23,
4月,普外一,多余行,消毒缸-3/ZW7050,1596345,整行,,1.0/9.9/9.9,,24,
4月,普外一,汇总不一致-总价,普外一,,总价,184.2,122.7,8,8,
4月,检验科,缺失行,吸头-6/W9050,1597881,整行,2.0/66.0/132.0,,9,,
4月,检验科,缺失行,加样枪头/w9050,1603092,整行,1.0/21.0/21.0,,10,,
4月,检验科,多余行,吸头-8/W9050,1593724,整行,,1.0/92.4/92.4,,9,
4月,检验科,多余行,加样枪头/w9050,1594242,整行,,1.0/21.0/21.0,,10,
4月,检验科,多余行,玻璃管包（轻拿轻放！！！）/w9050,1594655,整行,,1.0/21.0/21.0,,11,
4月,检验科,汇总不一致-总价,检验科,,总价,153.0,134.4,8,8,
4月,泌外腔镜,缺失行,70°膀胱镜-1/双Z1050,1596753,整行,1.0/21.0/21.0,,9,,
4月,泌外腔镜,缺失行,膀胱镜-4件/w9050,1596753,整行,1.0/52.8/52.8,,10,,
4月,泌外腔镜,缺失行,病理钳（低温）-1/Z2060,1596753,整行,1.0/16.8/16.8,,11,,
4月,泌外腔镜,缺失行,异物钳-1/z1532,1596753,整行,1.0/15.0/15.0,,12,,
4月,泌外腔镜,缺失行,深大电切-11件,1596753,整行,1.0/112.2/112.2,,13,,
4月,泌外腔镜,缺失行,尿道探子F20-1（低温）/z2060,1597249,整行,1.0/16.8/16.8,,14,,
4月,泌外腔镜,缺失行,尿道探子F14-1件（低温）/z7530,1598025,整行,1.0/13.2/13.2,,15,,
4月,泌外腔镜,缺失行,尿道探子F20-1（低温）/z2060,1601368,整行,1.0/16.8/16.8,,16,,
4月,泌外腔镜,缺失行,基础-11,1601368,整行,1.0/39.6/39.6,,17,,
4月,泌外腔镜,缺失行,70°膀胱镜-1/双Z1050,1602123,整行,1.0/21.0/21.0,,18,,
4月,泌外腔镜,缺失行,膀胱镜-4件（布！！！）,1602123,整行,1.0/52.8/52.8,,19,,
4月,泌外腔镜,缺失行,异物钳-1/z1532,1602123,整行,1.0/15.0/15.0,,20,,
4月,泌外腔镜,缺失行,基础-11,1602123,整行,1.0/39.6/39.6,,21,,
4月,泌外腔镜,多余行,尿道探子F20-1（低温）/z2060,1589493,整行,,1.0/16.8/16.8,,9,
4月,泌外腔镜,多余行,尿道探子F20-1（低温）/z2060,1593427,整行,,1.0/16.8/16.8,,10,
4月,泌外腔镜,多余行,0°膀胱镜-1件/z2060,1594799,整行,,1.0/16.8/16.8,,11,
4月,泌外腔镜,多余行,70°膀胱镜-1/双Z1050,1594799,整行,,1.0/21.0/21.0,,12,
4月,泌外腔镜,多余行,膀胱镜-4件/w9050,1594799,整行,,1.0/52.8/52.8,,13,
4月,泌外腔镜,多余行,异物钳-1/z1532,1594799,整行,,1.0/15.0/15.0,,14,
4月,泌外腔镜,汇总不一致-总价,泌外腔镜,,总价,432.6,139.2,8,8,
4月,消化一科,多余行,开口器-1/Z1026,1596333,整行,,1.0/4.8/4.8,,9,
4月,消化一科,多余行,舌钳子-1/1526,1596333,整行,,1.0/6.6/6.6,,10,
4月,消化一科,多余行,灯泡-1/Z1016,1596333,整行,,2.0/13.2/26.4,,11,
4月,消化一科,多余行,喉镜片（低温）-1/Z1530,1596333,整行,,3.0/15.0/45.0,,12,
4月,消化三科,多余行,持针器-1/Z1029,1594663,整行,,2.0/4.8/9.6,,9,
4月,消化三科,多余行,开口器-1/Z1026,1594663,整行,,1.0/4.8/4.8,,10,
4月,消化三科,多余行,舌钳子-1/1526,1594663,整行,,1.0/6.6/6.6,,11,
4月,消化三科,多余行,喉镜灯泡-1/Z7520,1594663,整行,,2.0/13.2/26.4,,12,
4月,消化三科,多余行,喉镜片（低温）-1/Z1530,1594663,整行,,3.0/15.0/45.0,,13,
4月,消化三科,多余行,简易呼吸器-1件/Z3060,1594931,整行,,1.0/21.0/21.0,,14,
4月,消化二科,缺失行,剪刀-1/Z1029,1602002,整行,1.0/4.8/4.8,,9,,
4月,消化二科,缺失行,开口器-1/Z1026,1602002,整行,1.0/4.8/4.8,,10,,
4月,消化二科,缺失行,止血钳-1/Z1029,1602002,整行,2.0/4.8/9.6,,11,,
4月,消化二科,缺失行,喉镜灯泡-4/Z7520,1602002,整行,1.0/13.2/13.2,,12,,
4月,消化二科,缺失行,喉镜片（低温）-1/Z1530,1602002,整行,1.0/15.0/15.0,,13,,
4月,消化二科,缺失行,简易呼吸器-1件/Z3060,1602246,整行,1.0/21.0/21.0,,14,,
4月,消化内镜,缺失行,打孔器 带芯-2件/（标签贴背面！）Z7506,1597142,整行,1.0/8.1/8.1,,9,,
4月,消化内镜,缺失行,46Q-1/Z2032,1597560,整行,1.0/7.8/7.8,,10,,
4月,消化内镜,缺失行,盒子-1/Z2540,1597847,整行,2.0/9.6/19.2,,11,,
4月,消化内镜,缺失行,打孔器 带芯-2件/（标签贴背面！）Z7506,1598781,整行,1.0/8.1/8.1,,12,,
4月,消化内镜,缺失行,盒子-1/Z2540,1598781,整行,2.0/9.6/19.2,,13,,
4月,消化内镜,缺失行,Fs5Q-1-1件/Z2035,1598974,整行,1.0/7.8/7.8,,14,,
4月,消化内镜,缺失行,乐奥2件/Z2035,1598974,整行,3.0/26.4/79.2,,15,,
4月,消化内镜,缺失行,剪刀-1/Z1029,1599208,整行,1.0/4.8/4.8,,16,,
4月,消化内镜,缺失行,止血钳-1/Z1029,1599208,整行,1.0/4.8/4.8,,17,,
4月,消化内镜,缺失行,FG-47L-1/Z2032,1599682,整行,1.0/7.8/7.8,,18,,
4月,消化内镜,缺失行,盒子-1/Z2540,1599682,整行,2.0/9.6/19.2,,19,,
4月,消化内镜,缺失行,止血钳-1/Z1029,1599682,整行,1.0/4.8/4.8,,20,,
4月,消化内镜,缺失行,方盘-1/Z2530,1600441,整行,2.0/9.6/19.2,,21,,
4月,消化内镜,缺失行,止血钳-1/Z1029,1600441,整行,1.0/4.8/4.8,,22,,
4月,消化内镜,缺失行,ERCP管-2/Z2032,1600913,整行,1.0/9.9/9.9,,23,,
4月,消化内镜,缺失行,持针器-1/Z1029,1600913,整行,1.0/4.8/4.8,,24,,
4月,消化内镜,缺失行,盒子-1/Z2540,1600913,整行,1.0/9.6/9.6,,25,,
4月,消化内镜,缺失行,止血钳-1/Z1029,1600913,整行,1.0/4.8/4.8,,26,,
4月,消化内镜,缺失行,BF2424SF-1件/Z2032,1600913,整行,1.0/16.8/16.8,,27,,
4月,消化内镜,缺失行,穿刺架-1/Z1029,1601162,整行,1.0/4.8/4.8,,28,,
4月,消化内镜,缺失行,26N-1/Z2025,1601235,整行,1.0/7.8/7.8,,29,,
4月,消化内镜,缺失行,盒子-1/Z2540,1601235,整行,1.0/9.6/9.6,,30,,
4月,消化内镜,缺失行,激光导线(高温)-1/Z2530,1601235,整行,1.0/9.6/9.6,,31,,
4月,消化内镜,缺失行,止血钳-1/Z1029,1601235,整行,1.0/4.8/4.8,,32,,
4月,消化内镜,缺失行,26N-1/Z2025,1601649,整行,1.0/7.8/7.8,,33,,
4月,消化内镜,缺失行,止血钳-1/Z1029,1601649,整行,1.0/4.8/4.8,,34,,
4月,消化内镜,缺失行,方盘-1/Z2530,1602001,整行,1.0/9.6/9.6,,35,,
4月,消化内镜,缺失行,ERCP管-2/Z2032,1602353,整行,1.0/9.9/9.9,,36,,
4月,消化内镜,缺失行,方盘-1/Z2530,1602353,整行,1.0/9.6/9.6,,37,,
4月,消化内镜,缺失行,止血钳-1/Z1029,1602353,整行,1.0/4.8/4.8,,38,,
4月,消化内镜,缺失行,打孔器 带芯-2件/（标签贴背面！）Z7506,1602668,整行,2.0/8.1/16.2,,39,,
4月,消化内镜,缺失行,打孔器外套-1/Z7526,1602668,整行,1.0/4.8/4.8,,40,,
4月,消化内镜,缺失行,方盘-1/Z2530,1603091,整行,1.0/9.6/9.6,,41,,
4月,消化内镜,缺失行,止血钳-1/Z1029,1603091,整行,1.0/4.8/4.8,,42,,
4月,消化内镜,缺失行,穿刺架-1/Z1029,1603446,整行,1.0/4.8/4.8,,43,,
4月,消化内镜,缺失行,打孔器 带芯-2件/（标签贴背面！）Z7506,1603446,整行,1.0/8.1/8.1,,44,,
4月,消化内镜,缺失行,方盘-1/Z2530,1603446,整行,1.0/9.6/9.6,,45,,
4月,消化内镜,缺失行,弯盘-1/Z2032,1603446,整行,1.0/7.8/7.8,,46,,
4月,消化内镜,缺失行,止血钳-1/Z1029,1603446,整行,1.0/4.8/4.8,,47,,
4月,消化内镜,缺失行,方盘-1/Z2530,1603988,整行,1.0/9.6/9.6,,48,,
4月,消化内镜,缺失行,26N-1/Z2025,1604375,整行,1.0/7.8/7.8,,49,,
4月,消化内镜,缺失行,方盘-1/Z2530,1604375,整行,1.0/9.6/9.6,,50,,
4月,消化内镜,缺失行,激光导线(高温)-1/Z2530,1604375,整行,1.0/9.6/9.6,,51,,
4月,消化内镜,缺失行,止血钳-1/Z1029,1604375,整行,1.0/4.8/4.8,,52,,
4月,消化内镜,缺失行,乐奥2件/Z2035,1604634,整行,1.0/11.1/11.1,,53,,
4月,消化内镜,多余行,打孔器 带芯-2件/（标签贴背面！）Z7506,1588227,整行,,1.0/8.1/8.1,,9,
4月,消化内镜,多余行,弯盘-1/Z2032,1588227,整行,,1.0/7.8/7.8,,10,
4月,消化内镜,多余行,40Q-1/Z2032,1588655,整行,,1.0/7.8/7.8,,11,
4月,消化内镜,多余行,46Q-1/Z2032,1588655,整行,,1.0/7.8/7.8,,12,
4月,消化内镜,多余行,打孔器 带芯-2件/（标签贴背面！）Z7506,1588655,整行,,2.0/8.1/16.2,,13,
4月,消化内镜,多余行,盒子-1/Z2540,1588655,整行,,1.0/9.6/9.6,,14,
4月,消化内镜,多余行,ERCP管-2/Z2032,1589383,整行,,1.0/9.9/9.9,,15,
4月,消化内镜,多余行,打孔器 带芯-2件/（标签贴背面！）Z7506,1589383,整行,,1.0/8.1/8.1,,16,
4月,消化内镜,多余行,方盘-1/Z2530,1589383,整行,,1.0/9.6/9.6,,17,
4月,消化内镜,多余行,乐奥2件/Z2035,1589383,整行,,1.0/26.4/26.4,,18,
4月,消化内镜,多余行,FG-6L-1/Z2032,1589795,整行,,1.0/7.8/7.8,,19,
4月,消化内镜,多余行,盒子-1/Z2540,1589795,整行,,1.0/9.6/9.6,,20,
4月,消化内镜,多余行,穿刺架-1/Z1029,1590649,整行,,1.0/4.8/4.8,,21,
4月,消化内镜,多余行,打孔器 带芯-2件/（标签贴背面！）Z7506,1590649,整行,,2.0/8.1/16.2,,22,
4月,消化内镜,多余行,盒子-1/Z2540,1590649,整行,,1.0/9.6/9.6,,23,
4月,消化内镜,多余行,激光导线(高温)-1/Z2530,1590649,整行,,1.0/9.6/9.6,,24,
4月,消化内镜,多余行,弯盘-1/Z2032,1590649,整行,,1.0/7.8/7.8,,25,
4月,消化内镜,多余行,止血钳-1/Z1029,1590649,整行,,1.0/4.8/4.8,,26,
4月,消化内镜,多余行,乐奥2件/Z2035,1591126,整行,,1.0/26.4/26.4,,27,
4月,消化内镜,多余行,穿刺架-1/Z1029,1591407,整行,,1.0/4.8/4.8,,28,
4月,消化内镜,多余行,方盘-1/Z2530,1591407,整行,,2.0/9.6/19.2,,29,
4月,消化内镜,多余行,弯盘-1/Z2032,1591407,整行,,1.0/7.8/7.8,,30,
4月,消化内镜,多余行,止血钳-1/Z1029,1591407,整行,,1.0/4.8/4.8,,31,
4月,消化内镜,多余行,26N钳子-1/Z2032,1591553,整行,,1.0/7.8/7.8,,32,
4月,消化内镜,多余行,激光导线(高温)-1/Z2530,1591890,整行,,1.0/9.6/9.6,,33,
4月,消化内镜,多余行,穿刺架-1/Z1029,1592389,整行,,1.0/4.8/4.8,,34,
4月,消化内镜,多余行,40Q-1/Z2032,1592486,整行,,1.0/7.8/7.8,,35,
4月,消化内镜,多余行,44N-1/Z2032,1592486,整行,,1.0/7.8/7.8,,36,
4月,消化内镜,多余行,5L-1/Z2032,1592486,整行,,1.0/7.8/7.8,,37,
4月,消化内镜,多余行,FD- Iu-1件/Z2032,1592486,整行,,1.0/7.8/7.8,,38,
4月,消化内镜,多余行,M2-4K-1/Z2025,1592486,整行,,1.0/7.8/7.8,,39,
4月,消化内镜,多余行,PR104Q-1/Z2032,1592486,整行,,1.0/7.8/7.8,,40,
4月,消化内镜,多余行,持针器-1/Z1029,1592486,整行,,1.0/4.8/4.8,,41,
4月,消化内镜,多余行,盒子-1/Z2540,1592486,整行,,1.0/9.6/9.6,,42,
4月,消化内镜,多余行,止血钳-1/Z1029,1592486,整行,,2.0/4.8/9.6,,43,
4月,消化内镜,多余行,乐奥输送器-2/Z2032,1592748,整行,,1.0/26.4/26.4,,44,
4月,消化内镜,多余行,26N-1/Z2025,1593257,整行,,1.0/7.8/7.8,,45,
4月,消化内镜,多余行,打孔器 带芯-2件/（标签贴背面！）Z7506,1593257,整行,,1.0/8.1/8.1,,46,
4月,消化内镜,多余行,开口器-1/Z1026,1593257,整行,,1.0/4.8/4.8,,47,
4月,消化内镜,多余行,压舌板-1/Z7526,1593257,整行,,1.0/4.8/4.8,,48,
4月,消化内镜,多余行,激光导线-1/Z2530,1593257,整行,,1.0/18.0/18.0,,49,
4月,消化内镜,多余行,ERCP管-2/Z2032,1593722,整行,,1.0/9.9/9.9,,50,
4月,消化内镜,多余行,打孔器 带芯-2件/（标签贴背面！）Z7506,1593722,整行,,1.0/8.1/8.1,,51,
4月,消化内镜,多余行,盒子-1/Z2540,1593722,整行,,1.0/9.6/9.6,,52,
4月,消化内镜,多余行,打孔器 带芯-2件/（标签贴背面！）Z7506,1594234,整行,,1.0/8.1/8.1,,53,
4月,消化内镜,多余行,止血钳-1/Z1029,1594234,整行,,1.0/4.8/4.8,,54,
4月,消化内镜,多余行,ERCP管-2/Z2032,1594664,整行,,1.0/9.9/9.9,,55,
4月,消化内镜,多余行,打孔器 带芯-2件/（标签贴背面！）Z7506,1594664,整行,,1.0/8.1/8.1,,56,
4月,消化内镜,多余行,打孔器 带芯-2件/（标签贴背面！）Z7506,1594664,整行,,1.0/13.2/13.2,,57,
4月,消化内镜,多余行,激光导线-1/Z2530,1594664,整行,,1.0/18.0/18.0,,58,
4月,消化内镜,多余行,打孔器 带芯-2件/（标签贴背面！）Z7506,1595051,整行,,3.0/8.1/24.3,,59,
4月,消化内镜,多余行,乐奥2件/Z2035,1595051,整行,,1.0/26.4/26.4,,60,
4月,消化内镜,多余行,简易呼吸器-2件/z3060,1595261,整行,,1.0/26.4/26.4,,61,
4月,消化内镜,多余行,方盘-1/Z2530,1595416,整行,,2.0/9.6/19.2,,62,
4月,消化内镜,多余行,止血钳-1/Z1029,1595416,整行,,1.0/4.8/4.8,,63,
4月,消化内镜,多余行,乐奥2件/Z2035,1595416,整行,,1.0/26.4/26.4,,64,
4月,消化内镜,多余行,ERCP管-2/Z2032,1595794,整行,,1.0/9.9/9.9,,65,
4月,消化内镜,多余行,盒子-1/Z2540,1595794,整行,,2.0/9.6/19.2,,66,
4月,消化内镜,多余行,打孔器 带芯-2件/（标签贴背面！）Z7506,1596386,整行,,1.0/8.1/8.1,,67,
4月,消化内镜,多余行,活检钳-1/Z2032,1596386,整行,,1.0/7.8/7.8,,68,
4月,消化内镜,多余行,止血钳-1/Z1029,1596386,整行,,1.0/4.8/4.8,,69,
4月,消化内镜,汇总不一致-总价,消化内镜,,总价,466.8,674.4,8,8,
4月,消化科,缺失行,大单/W12050,1596887,整行,1.0/21.0/21.0,,9,,
4月,消化科,缺失行,刷手服/W12050,1596887,整行,9.0/21.0/189.0,,10,,
4月,消化科,缺失行,大单/W12050,1597624,整行,1.0/21.0/21.0,,11,,
4月,消化科,缺失行,刷手服/W12050,1597624,整行,16.0/21.0/336.0,,12,,
4月,消化科,缺失行,大单/W12050,1598278,整行,2.0/21.0/42.0,,13,,
4月,消化科,缺失行,敷料/W9050,1598278,整行,1.0/18.0/18.0,,14,,
4月,消化科,缺失行,敷料包/W12050,1598278,整行,17.0/21.0/357.0,,15,,
4月,消化科,缺失行,大单/W12050,1598965,整行,1.0/21.0/21.0,,16,,
4月,消化科,缺失行,敷料包/W12050,1598965,整行,8.0/21.0/168.0,,17,,
4月,消化科,缺失行,敷料包/W12050,1599716,整行,3.0/21.0/63.0,,18,,
4月,消化科,缺失行,大单/W12050,1599803,整行,1.0/21.0/21.0,,19,,
4月,消化科,缺失行,敷料包/W12050,1599803,整行,12.0/21.0/252.0,,20,,
4月,消化科,缺失行,大单/W12050,1600952,整行,2.0/21.0/42.0,,21,,
4月,消化科,缺失行,刷手服/W12050,1600952,整行,17.0/21.0/357.0,,22,,
4月,消化科,缺失行,大单/W12050,1601722,整行,1.0/21.0/21.0,,23,,
4月,消化科,缺失行,敷料/W9050,1601722,整行,1.0/18.0/18.0,,24,,
4月,消化科,缺失行,敷料包/W12050,1601722,整行,17.0/21.0/357.0,,25,,
4月,消化科,缺失行,大单/W12050,1602506,整行,1.0/21.0/21.0,,26,,
4月,消化科,缺失行,敷料包/W12050,1602506,整行,16.0/21.0/336.0,,27,,
4月,消化科,缺失行,大单/W12050,1603204,整行,1.0/21.0/21.0,,28,,
4月,消化科,缺失行,敷料/W9050,1603204,整行,1.0/18.0/18.0,,29,,
4月,消化科,缺失行,敷料包/W12050,1603204,整行,16.0/21.0/336.0,,30,,
4月,消化科,缺失行,大单/W12050,1603876,整行,2.0/21.0/42.0,,31,,
4月,消化科,缺失行,敷料包/W12050,1603876,整行,20.0/21.0/420.0,,32,,
4月,消化科,缺失行,大单/W12050,1604487,整行,1.0/21.0/21.0,,33,,
4月,消化科,缺失行,敷料/W9050,1604487,整行,4.0/18.0/72.0,,34,,
4月,消化科,缺失行,敷料包/W12050,1604487,整行,4.0/21.0/84.0,,35,,
4月,消化科,多余行,大单/W12050,1588142,整行,,1.0/21.0/21.0,,9,
4月,消化科,多余行,敷料/W9050,1588142,整行,,4.0/18.0/72.0,,10,
4月,消化科,多余行,敷料包/W12050,1588142,整行,,6.0/21.0/126.0,,11,
4月,消化科,多余行,敷料包/W12050,1588157,整行,,6.0/21.0/126.0,,12,
4月,消化科,多余行,刷手服/W12050,1588729,整行,,1.0/21.0/21.0,,13,
4月,消化科,多余行,大单/W12050,1588740,整行,,1.0/21.0/21.0,,14,
4月,消化科,多余行,敷料包/W12050,1588740,整行,,4.0/21.0/84.0,,15,
4月,消化科,多余行,刷手服/W12050,1588740,整行,,3.0/21.0/63.0,,16,
4月,消化科,多余行,大单/W12050,1589483,整行,,2.0/21.0/42.0,,17,
4月,消化科,多余行,敷料包/W12050,1589483,整行,,13.0/21.0/273.0,,18,
4月,消化科,多余行,敷料/W9050,1589492,整行,,1.0/18.0/18.0,,19,
4月,消化科,多余行,大单/W12050,1590199,整行,,2.0/21.0/42.0,,20,
4月,消化科,多余行,刷手服/W12050,1590199,整行,,6.0/21.0/126.0,,21,
4月,消化科,多余行,刷手服/W12050,1590204,整行,,9.0/21.0/189.0,,22,
4月,消化科,多余行,大单/W12050,1590831,整行,,1.0/21.0/21.0,,23,
4月,消化科,多余行,敷料包/W12050,1590831,整行,,9.0/21.0/189.0,,24,
4月,消化科,多余行,大单/W12050,1591576,整行,,1.0/21.0/21.0,,25,
4月,消化科,多余行,敷料/W9050,1591576,整行,,1.0/18.0/18.0,,26,
4月,消化科,多余行,敷料包/W12050,1591576,整行,,13.0/21.0/273.0,,27,
4月,消化科,多余行,大单/W12050,1592279,整行,,1.0/21.0/21.0,,28,
4月,消化科,多余行,刷手服/W12050,1592279,整行,,14.0/21.0/294.0,,29,
4月,消化科,多余行,大单/W12050,1593415,整行,,2.0/21.0/42.0,,30,
4月,消化科,多余行,敷料包/W12050,1593415,整行,,18.0/21.0/378.0,,31,
4月,消化科,多余行,大单/W12050,1594098,整行,,1.0/21.0/21.0,,32,
4月,消化科,多余行,敷料包/W12050,1594098,整行,,3.0/21.0/63.0,,33,
4月,消化科,多余行,刷手服/W12050,1594098,整行,,5.0/21.0/105.0,,34,
4月,消化科,多余行,敷料包/W12050,1594101,整行,,1.0/21.0/21.0,,35,
4月,消化科,多余行,刷手服/W12050,1594101,整行,,5.0/21.0/105.0,,36,
4月,消化科,多余行,大单/W12050,1594797,整行,,1.0/21.0/21.0,,37,
4月,消化科,多余行,敷料包/W12050,1594797,整行,,3.0/21.0/63.0,,38,
4月,消化科,多余行,刷手服/W12050,1594797,整行,,4.0/21.0/84.0,,39,
4月,消化科,多余行,大单/W12050,1595529,整行,,1.0/21.0/21.0,,40,
4月,消化科,多余行,敷料包/W12050,1595529,整行,,3.0/21.0/63.0,,41,
4月,消化科,多余行,刷手服/W12050,1595529,整行,,1.0/21.0/21.0,,42,
4月,消化科,多余行,大单/W12050,1595572,整行,,1.0/21.0/21.0,,43,
4月,消化科,多余行,敷料包/W12050,1595572,整行,,9.0/21.0/189.0,,44,
4月,消化科,多余行,刷手服/W12050,1595572,整行,,3.0/21.0/63.0,,45,
4月,消化科,多余行,大单/W12050,1596212,整行,,1.0/21.0/21.0,,46,
4月,消化科,多余行,敷料/W9050,1596212,整行,,1.0/18.0/18.0,,47,
4月,消化科,多余行,敷料包/W12050,1596212,整行,,16.0/21.0/336.0,,48,
4月,消化科,多余行,敷料包/W12050,1596227,整行,,3.0/21.0/63.0,,49,
4月,消化科,汇总不一致-总价,消化科,,总价,3675.0,3780.0,8,8,
4月,皮肤门诊,缺失行,镊子-1/Z7526,1596768,整行,1.0/4.8/4.8,,9,,
4月,皮肤门诊,缺失行,止血钳-1/Z1029,1596768,整行,2.0/4.8/9.6,,10,,
4月,皮肤门诊,缺失行,门皮 手术包-6件（双信封包装！！！）,1596768,整行,2.0/21.828/43.656,,11,,
4月,皮肤门诊,缺失行,止血钳-1/Z1029,1597145,整行,1.0/4.8/4.8,,12,,
4月,皮肤门诊,缺失行,门皮 手术包-6件（双信封包装！！！）,1597145,整行,5.0/21.828/109.14,,13,,
4月,皮肤门诊,缺失行,消毒缸-7/w9050,1597503,整行,1.0/23.1/23.1,,14,,
4月,皮肤门诊,缺失行,门皮 手术包-6件（双信封包装！！！）,1597503,整行,4.0/21.828/87.312,,15,,
4月,皮肤门诊,缺失行,止血钳-1/Z1029,1597849,整行,3.0/4.8/14.4,,16,,
4月,皮肤门诊,缺失行,门皮 手术包-6件（双信封包装！！！）,1597849,整行,1.0/21.828/21.828,,17,,
4月,皮肤门诊,缺失行,消毒缸-7/w9050,1598438,整行,1.0/23.1/23.1,,18,,
4月,皮肤门诊,缺失行,镊子-1/Z7526,1598779,整行,1.0/4.8/4.8,,19,,
4月,皮肤门诊,缺失行,止血钳-1/Z1029,1598779,整行,3.0/4.8/14.4,,20,,
4月,皮肤门诊,缺失行,门皮 手术包-6件（双信封包装！！！）,1598779,整行,2.0/21.828/43.656,,21,,
4月,皮肤门诊,缺失行,艾利斯-1/z1029,1599209,整行,1.0/4.8/4.8,,22,,
4月,皮肤门诊,缺失行,持针器-1/Z1029,1599209,整行,1.0/4.8/4.8,,23,,
4月,皮肤门诊,缺失行,镊子-1/Z7526,1599209,整行,1.0/4.8/4.8,,24,,
4月,皮肤门诊,缺失行,止血钳-1/Z1029,1599209,整行,1.0/4.8/4.8,,25,,
4月,皮肤门诊,缺失行,消毒缸-7/w9050,1599680,整行,1.0/23.1/23.1,,26,,
4月,皮肤门诊,缺失行,门皮 手术包-6件（双信封包装！！！）,1599680,整行,6.0/21.828/130.968,,27,,
4月,皮肤门诊,缺失行,小镊子-1/Z7526,1600439,整行,3.0/4.8/14.4,,28,,
4月,皮肤门诊,缺失行,止血钳-1/Z1029,1600439,整行,4.0/4.8/19.2,,29,,
4月,皮肤门诊,缺失行,门皮 手术包-6件（双信封包装！！！）,1600802,整行,6.0/21.828/130.968,,30,,
4月,皮肤门诊,缺失行,消毒缸-7/w9050,1600906,整行,1.0/23.1/23.1,,31,,
4月,皮肤门诊,缺失行,止血钳-1/Z1029,1601236,整行,1.0/4.8/4.8,,32,,
4月,皮肤门诊,缺失行,门皮 手术包-6件（双信封包装！！！）,1601236,整行,9.0/21.828/196.452,,33,,
4月,皮肤门诊,缺失行,镊子-1/Z7526,1601656,整行,1.0/4.8/4.8,,34,,
4月,皮肤门诊,缺失行,止血钳-1/Z1029,1601656,整行,1.0/4.8/4.8,,35,,
4月,皮肤门诊,缺失行,止血钳-1/Z1029,1601997,整行,1.0/4.8/4.8,,36,,
4月,皮肤门诊,缺失行,消毒缸-7/w9050,1601997,整行,1.0/23.1/23.1,,37,,
4月,皮肤门诊,缺失行,门皮 手术包-6件（双信封包装！！！）,1601997,整行,4.0/21.828/87.312,,38,,
4月,皮肤门诊,缺失行,门皮 手术包-6件（双信封包装！！！）,1602361,整行,3.0/21.828/65.484,,39,,
4月,皮肤门诊,缺失行,镊子-1/Z7526,1602670,整行,1.0/4.8/4.8,,40,,
4月,皮肤门诊,缺失行,门皮 手术包-6件（双信封包装！！！）,1602670,整行,4.0/21.828/87.312,,41,,
4月,皮肤门诊,缺失行,消毒缸-7/w9050,1603086,整行,1.0/23.1/23.1,,42,,
4月,皮肤门诊,缺失行,门皮 手术包-6件（双信封包装！！！）,1603086,整行,2.0/21.828/43.656,,43,,
4月,皮肤门诊,缺失行,剪刀-1/Z1029,1603459,整行,1.0/4.8/4.8,,44,,
4月,皮肤门诊,缺失行,小镊子-1/Z7526,1603459,整行,2.0/4.8/9.6,,45,,
4月,皮肤门诊,缺失行,门皮 手术包-6件（双信封包装！！！）,1603459,整行,2.0/21.828/43.656,,46,,
4月,皮肤门诊,缺失行,消毒缸-7/w9050,1603990,整行,1.0/23.1/23.1,,47,,
4月,皮肤门诊,缺失行,持针器-1/Z1029,1604372,整行,1.0/4.8/4.8,,48,,
4月,皮肤门诊,缺失行,镊子-1/Z7526,1604372,整行,1.0/4.8/4.8,,49,,
4月,皮肤门诊,缺失行,止血钳-1/Z1029,1604372,整行,6.0/4.8/28.8,,50,,
4月,皮肤门诊,缺失行,门皮 手术包-6件（双信封包装！！！）,1604372,整行,5.0/21.828/109.14,,51,,
4月,皮肤门诊,缺失行,镊子-1/Z7526,1604735,整行,4.0/4.8/19.2,,52,,
4月,皮肤门诊,缺失行,门皮 手术包-6件（双信封包装！！！）,1604735,整行,3.0/21.828/65.484,,53,,
4月,皮肤门诊,多余行,消毒缸-7/w9050,1588234,整行,,1.0/23.1/23.1,,9,
4月,皮肤门诊,多余行,门皮 手术包-6件（双信封包装！！！）,1588234,整行,,1.0/22.01/22.01,,10,
4月,皮肤门诊,多余行,镊子-1/Z7526,1588633,整行,,1.0/4.8/4.8,,11,
4月,皮肤门诊,多余行,止血钳-1/Z1029,1588633,整行,,4.0/4.8/19.2,,12,
4月,皮肤门诊,多余行,门皮 手术包-6件（双信封包装！！！）,1588633,整行,,1.0/22.01/22.01,,13,
4月,皮肤门诊,多余行,门皮 手术包-6件（双信封包装！！！）,1588994,整行,,4.0/22.01/88.04,,14,
4月,皮肤门诊,多余行,镊子-1/Z7526,1589389,整行,,1.0/4.8/4.8,,15,
4月,皮肤门诊,多余行,止血钳-1/Z1029,1589389,整行,,2.0/4.8/9.6,,16,
4月,皮肤门诊,多余行,消毒缸-7/w9050,1589389,整行,,1.0/23.1/23.1,,17,
4月,皮肤门诊,多余行,门皮 手术包-6件（双信封包装！！！）,1589389,整行,,4.0/22.01/88.04,,18,
4月,皮肤门诊,多余行,门皮 手术包-6件（双信封包装！！！）,1589774,整行,,7.0/22.01/154.07,,19,
4月,皮肤门诊,多余行,持针器-1/Z1029,1590325,整行,,1.0/4.8/4.8,,20,
4月,皮肤门诊,多余行,镊子-1/Z7526,1590325,整行,,1.0/4.8/4.8,,21,
4月,皮肤门诊,多余行,排针-1/Z7520,1590325,整行,,1.0/4.8/4.8,,22,
4月,皮肤门诊,多余行,止血钳-1/Z1029,1590325,整行,,2.0/4.8/9.6,,23,
4月,皮肤门诊,多余行,消毒缸-7/w9050,1590325,整行,,1.0/23.1/23.1,,24,
4月,皮肤门诊,多余行,门皮 手术包-6件（双信封包装！！！）,1590325,整行,,2.0/22.01/44.02,,25,
4月,皮肤门诊,多余行,门皮 手术包-6件（双信封包装！！！）,1590714,整行,,2.0/22.01/44.02,,26,
4月,皮肤门诊,多余行,门皮 手术包-6件（双信封包装！！！）,1591091,整行,,2.0/22.01/44.02,,27,
4月,皮肤门诊,多余行,消毒缸-7/w9050,1591486,整行,,1.0/23.1/23.1,,28,
4月,皮肤门诊,多余行,门皮 手术包-6件（双信封包装！！！）,1591486,整行,,2.0/22.01/44.02,,29,
4月,皮肤门诊,多余行,尖镊-1/Z7526,1591891,整行,,2.0/4.8/9.6,,30,
4月,皮肤门诊,多余行,止血钳-1/Z1029,1591891,整行,,3.0/4.8/14.4,,31,
4月,皮肤门诊,多余行,门皮 手术包-6件（双信封包装！！！）,1591891,整行,,4.0/22.01/88.04,,32,
4月,皮肤门诊,多余行,消毒缸-7/w9050,1592240,整行,,1.0/23.1/23.1,,33,
4月,皮肤门诊,多余行,镊子-1/Z7526,1592493,整行,,3.0/4.8/14.4,,34,
4月,皮肤门诊,多余行,止血钳-1/Z1029,1592493,整行,,3.0/4.8/14.4,,35,
4月,皮肤门诊,多余行,镊子-1/Z7526,1592865,整行,,1.0/4.8/4.8,,36,
4月,皮肤门诊,多余行,止血钳-1/Z1029,1592865,整行,,3.0/4.8/14.4,,37,
4月,皮肤门诊,多余行,门皮 手术包-6件（双信封包装！！！）,1592865,整行,,2.0/22.01/44.02,,38,
4月,皮肤门诊,多余行,消毒缸-7/w9050,1593264,整行,,1.0/23.1/23.1,,39,
4月,皮肤门诊,多余行,消毒缸-7/w9050,1594237,整行,,1.0/23.1/23.1,,40,
4月,皮肤门诊,多余行,镊子-1/Z7526,1594654,整行,,1.0/4.8/4.8,,41,
4月,皮肤门诊,多余行,止血钳-1/Z1029,1594654,整行,,2.0/4.8/9.6,,42,
4月,皮肤门诊,多余行,门皮 手术包-6件（双信封包装！！！）,1594654,整行,,5.0/22.01/110.05,,43,
4月,皮肤门诊,多余行,门皮 手术包-6件（双信封包装！！！）,1595021,整行,,4.0/22.01/88.04,,44,
4月,皮肤门诊,多余行,消毒缸-7/w9050,1595376,整行,,1.0/23.1/23.1,,45,
4月,皮肤门诊,多余行,门皮 手术包-6件（双信封包装！！！）,1595376,整行,,1.0/22.01/22.01,,46,
4月,皮肤门诊,多余行,艾利斯-1/z1029,1595793,整行,,1.0/4.8/4.8,,47,
4月,皮肤门诊,多余行,止血钳-1/Z1029,1595793,整行,,2.0/4.8/9.6,,48,
4月,皮肤门诊,多余行,门皮 手术包-6件（双信封包装！！！）,1595793,整行,,2.0/22.01/44.02,,49,
4月,皮肤门诊,多余行,消毒缸-7/w9050,1596348,整行,,1.0/23.1/23.1,,50,
4月,皮肤门诊,汇总不一致-总价,皮肤门诊,,总价,1629.324,1317.53,8,8,
4月,眼科门诊,缺失行,泪点扩张器-1/Z7520,1603460,整行,1.0/4.8/4.8,,9,,
4月,神内二科,多余行,开口器-1/Z1026,1591984,整行,,1.0/4.8/4.8,,9,
4月,神内二科,多余行,压舌板-1/Z7526,1591984,整行,,1.0/4.8/4.8,,10,
4月,神内二科,多余行,喉镜片（低温）-1/Z1530,1591984,整行,,3.0/15.0/45.0,,11,
4月,神内二科,多余行,简易呼吸器-1件/Z3060,1592138,整行,,1.0/21.0/21.0,,12,
4月,美容整形外科,缺失行,镊子缸-2（缸底贴日期）/z1535,1596769,整行,1.0/9.9/9.9,,9,,
4月,美容整形外科,缺失行,手术包-6件（双信封包装 ！）,1596769,整行,2.0/21.828/43.656,,10,,
4月,美容整形外科,缺失行,孔巾/Z2535,1596819,整行,5.0/2.4/12.0,,11,,
4月,美容整形外科,缺失行,孔巾/Z2535,1597149,整行,2.0/2.4/4.8,,12,,
4月,美容整形外科,缺失行,消毒缸-4/W9050,1597506,整行,2.0/13.2/26.4,,13,,
4月,美容整形外科,缺失行,剪刀-1/Z1029,1597846,整行,1.0/4.8/4.8,,14,,
4月,美容整形外科,缺失行,拉钩-1/z7520,1597846,整行,2.0/4.8/9.6,,15,,
4月,美容整形外科,缺失行,镊子缸-2（缸底贴日期）/z1535,1597846,整行,3.0/9.9/29.7,,16,,
4月,美容整形外科,缺失行,蚊式-1/Z1026,1597846,整行,1.0/4.8/4.8,,17,,
4月,美容整形外科,缺失行,吸脂针-1/Z7526,1597846,整行,2.0/4.8/9.6,,18,,
4月,美容整形外科,缺失行,止血钳-1/Z1029,1597846,整行,2.0/4.8/9.6,,19,,
4月,美容整形外科,缺失行,手术包-6件（双信封包装 ！）,1597846,整行,6.0/21.828/130.968,,20,,
4月,美容整形外科,缺失行,钻石手锯（面部，小）-1/Z2060,1597846,整行,1.0/16.8/16.8,,21,,
4月,美容整形外科,缺失行,剪刀-1/Z1029,1597883,整行,1.0/4.8/4.8,,22,,
4月,美容整形外科,缺失行,孔巾/Z2535,1597913,整行,1.0/2.4/2.4,,23,,
4月,美容整形外科,缺失行,剪刀-1/Z1029,1598274,整行,2.0/4.8/9.6,,24,,
4月,美容整形外科,缺失行,镊子-1/Z7526,1598274,整行,1.0/4.8/4.8,,25,,
4月,美容整形外科,缺失行,镊子缸-2（缸底贴日期）/z1535,1598274,整行,2.0/9.9/19.8,,26,,
4月,美容整形外科,缺失行,手术包-6件（双信封包装 ！）,1598274,整行,9.0/21.828/196.452,,27,,
4月,美容整形外科,缺失行,孔巾/Z2535,1598274,整行,7.0/2.4/16.8,,28,,
4月,美容整形外科,缺失行,消毒缸-4/W9050,1598432,整行,2.0/13.2/26.4,,29,,
4月,美容整形外科,缺失行,孔巾/Z2535,1598836,整行,10.0/2.4/24.0,,30,,
4月,美容整形外科,缺失行,镊子缸-2（缸底贴日期）/z1535,1599189,整行,1.0/9.9/9.9,,31,,
4月,美容整形外科,缺失行,手术包-6件（双信封包装 ！）,1599189,整行,3.0/21.828/65.484,,32,,
4月,美容整形外科,缺失行,镊子缸-2（缸底贴日期）/z1535,1599353,整行,1.0/9.9/9.9,,33,,
4月,美容整形外科,缺失行,手术包-6件（双信封包装 ！）,1599353,整行,6.0/21.828/130.968,,34,,
4月,美容整形外科,缺失行,开口器-1/Z1026,1599650,整行,1.0/4.8/4.8,,35,,
4月,美容整形外科,缺失行,镊子缸-2（缸底贴日期）/z1535,1599650,整行,1.0/9.9/9.9,,36,,
4月,美容整形外科,缺失行,消毒缸-4/W9050,1599650,整行,2.0/13.2/26.4,,37,,
4月,美容整形外科,缺失行,手术包-6件（双信封包装 ！）,1599650,整行,1.0/21.828/21.828,,38,,
4月,美容整形外科,缺失行,孔巾/Z2535,1599684,整行,3.0/2.4/7.2,,39,,
4月,美容整形外科,缺失行,显微止血钳-1/Z1026,1599762,整行,1.0/4.8/4.8,,40,,
4月,美容整形外科,缺失行,手术包-6件（双信封包装 ！）,1599762,整行,3.0/21.828/65.484,,41,,
4月,美容整形外科,缺失行,简易呼吸器-1件/Z3060,1599955,整行,1.0/21.0/21.0,,42,,
4月,美容整形外科,缺失行,孔巾/Z2535,1600026,整行,7.0/2.4/16.8,,43,,
4月,美容整形外科,缺失行,孔巾/Z2535,1600206,整行,3.0/2.4/7.2,,44,,
4月,美容整形外科,缺失行,持针器-1/Z1029,1600915,整行,1.0/4.8/4.8,,45,,
4月,美容整形外科,缺失行,镊子缸-2（缸底贴日期）/z1535,1600915,整行,3.0/9.9/29.7,,46,,
4月,美容整形外科,缺失行,吸脂针-1/Z7526,1600915,整行,1.0/4.8/4.8,,47,,
4月,美容整形外科,缺失行,消毒缸-4/W9050,1600915,整行,2.0/13.2/26.4,,48,,
4月,美容整形外科,缺失行,手术包-6件（双信封包装 ！）,1600915,整行,4.0/21.828/87.312,,49,,
4月,美容整形外科,缺失行,剪刀-1/Z1029,1600980,整行,2.0/4.8/9.6,,50,,
4月,美容整形外科,缺失行,镊子-1/Z7526,1600980,整行,4.0/4.8/19.2,,51,,
4月,美容整形外科,缺失行,手术包-6件（双信封包装 ！）,1601367,整行,3.0/21.828/65.484,,52,,
4月,美容整形外科,缺失行,孔巾/Z2535,1601647,整行,4.0/2.4/9.6,,53,,
4月,美容整形外科,缺失行,刮勺-1/Z7530,1601993,整行,1.0/4.8/4.8,,54,,
4月,美容整形外科,缺失行,剪刀-1/Z1029,1601993,整行,1.0/4.8/4.8,,55,,
4月,美容整形外科,缺失行,镊子缸-2（缸底贴日期）/z1535,1601993,整行,3.0/9.9/29.7,,56,,
4月,美容整形外科,缺失行,小圆针-1/Z7520,1601993,整行,3.0/4.8/14.4,,57,,
4月,美容整形外科,缺失行,消毒缸-4/W9050,1601993,整行,2.0/13.2/26.4,,58,,
4月,美容整形外科,缺失行,手术包-6件（双信封包装 ！）,1601993,整行,2.0/21.828/43.656,,59,,
4月,美容整形外科,缺失行,孔巾/Z2535,1601993,整行,7.0/2.4/16.8,,60,,
4月,美容整形外科,缺失行,镊子缸-2（缸底贴日期）/z1535,1602360,整行,1.0/9.9/9.9,,61,,
4月,美容整形外科,缺失行,手术包-6件（双信封包装 ！）,1602360,整行,2.0/21.828/43.656,,62,,
4月,美容整形外科,缺失行,孔巾/Z2535,1602720,整行,2.0/2.4/4.8,,63,,
4月,美容整形外科,缺失行,镊子缸-2（缸底贴日期）/z1535,1602834,整行,2.0/9.9/19.8,,64,,
4月,美容整形外科,缺失行,手术包-6件（双信封包装 ！）,1602834,整行,5.0/21.828/109.14,,65,,
4月,美容整形外科,缺失行,消毒缸-4/W9050,1603084,整行,2.0/13.2/26.4,,66,,
4月,美容整形外科,缺失行,孔巾/Z2535,1603099,整行,2.0/2.4/4.8,,67,,
4月,美容整形外科,缺失行,剪刀-1/Z1029,1603455,整行,1.0/4.8/4.8,,68,,
4月,美容整形外科,缺失行,拉钩-1/z7520,1603455,整行,1.0/4.8/4.8,,69,,
4月,美容整形外科,缺失行,镊子缸-2（缸底贴日期）/z1535,1603455,整行,1.0/9.9/9.9,,70,,
4月,美容整形外科,缺失行,显微止血钳-1/Z1026,1603455,整行,1.0/4.8/4.8,,71,,
4月,美容整形外科,缺失行,眼袋拉钩-1/Z7526,1603455,整行,1.0/4.8/4.8,,72,,
4月,美容整形外科,缺失行,手术包-6件（双信封包装 ！）,1603455,整行,2.0/21.828/43.656,,73,,
4月,美容整形外科,缺失行,胸包-15件（双信封包装）,1603455,整行,1.0/51.528/51.528,,74,,
4月,美容整形外科,缺失行,孔巾/Z2535,1603487,整行,6.0/2.4/14.4,,75,,
4月,美容整形外科,缺失行,剪刀-1/Z1029,1603849,整行,1.0/4.8/4.8,,76,,
4月,美容整形外科,缺失行,拉钩-1/z7520,1603849,整行,1.0/4.8/4.8,,77,,
4月,美容整形外科,缺失行,镊子缸-2（缸底贴日期）/z1535,1603849,整行,1.0/9.9/9.9,,78,,
4月,美容整形外科,缺失行,蚊式-1/Z1026,1603849,整行,1.0/4.8/4.8,,79,,
4月,美容整形外科,缺失行,止血钳-1/Z1029,1603849,整行,1.0/4.8/4.8,,80,,
4月,美容整形外科,缺失行,手术包-6件（双信封包装 ！）,1603849,整行,5.0/21.828/109.14,,81,,
4月,美容整形外科,缺失行,孔巾/Z2535,1603849,整行,5.0/2.4/12.0,,82,,
4月,美容整形外科,缺失行,消毒缸-4/W9050,1603991,整行,2.0/13.2/26.4,,83,,
4月,美容整形外科,缺失行,镊子-1/Z7526,1604096,整行,1.0/4.8/4.8,,84,,
4月,美容整形外科,缺失行,镊子缸-2（缸底贴日期）/z1535,1604096,整行,1.0/9.9/9.9,,85,,
4月,美容整形外科,缺失行,手术包-6件（双信封包装 ！）,1604096,整行,3.0/21.828/65.484,,86,,
4月,美容整形外科,缺失行,孔巾/Z2535,1604407,整行,5.0/2.4/12.0,,87,,
4月,美容整形外科,缺失行,手术包-6件（双信封包装 ！）,1604512,整行,5.0/21.828/109.14,,88,,
4月,美容整形外科,缺失行,孔巾/Z2535,1604811,整行,3.0/2.4/7.2,,89,,
4月,美容整形外科,缺失行,剪刀-1/Z1029,1604908,整行,4.0/4.8/19.2,,90,,
4月,美容整形外科,缺失行,镊子缸-2（缸底贴日期）/z1535,1604908,整行,2.0/9.9/19.8,,91,,
4月,美容整形外科,缺失行,手术包-6件（双信封包装 ！）,1604908,整行,5.0/21.828/109.14,,92,,
4月,美容整形外科,多余行,孔巾/Z2535,1588068,整行,,7.0/2.4/16.8,,9,
4月,美容整形外科,多余行,持针器-1/Z1029,1588231,整行,,1.0/4.8/4.8,,10,
4月,美容整形外科,多余行,镊子-1/Z7526,1588231,整行,,1.0/4.8/4.8,,11,
4月,美容整形外科,多余行,镊子缸-2（缸底贴日期）/z1535,1588231,整行,,2.0/9.9/19.8,,12,
4月,美容整形外科,多余行,消毒缸-4/W9050,1588231,整行,,2.0/13.2/26.4,,13,
4月,美容整形外科,多余行,手术包-6件（双信封包装 ！）,1588231,整行,,5.0/22.01/110.05,,14,
4月,美容整形外科,多余行,镊子缸-2（缸底贴日期）/z1535,1589007,整行,,2.0/9.9/19.8,,15,
4月,美容整形外科,多余行,手术包-6件（双信封包装 ！）,1589007,整行,,4.0/22.01/88.04,,16,
4月,美容整形外科,多余行,孔巾/Z2535,1589007,整行,,4.0/2.4/9.6,,17,
4月,美容整形外科,多余行,消毒缸-4/W9050,1589386,整行,,2.0/13.2/26.4,,18,
4月,美容整形外科,多余行,隆鼻器-1/Z7530,1589776,整行,,1.0/4.8/4.8,,19,
4月,美容整形外科,多余行,镊子缸-2（缸底贴日期）/z1535,1589776,整行,,1.0/9.9/9.9,,20,
4月,美容整形外科,多余行,手术包-6件（双信封包装 ！）,1589776,整行,,4.0/22.01/88.04,,21,
4月,美容整形外科,多余行,孔巾/Z2535,1589776,整行,,4.0/2.4/9.6,,22,
4月,美容整形外科,多余行,孔巾/Z2535,1590141,整行,,5.0/2.4/12.0,,23,
4月,美容整形外科,多余行,残根钳-1/Z1526,1590268,整行,,1.0/6.6/6.6,,24,
4月,美容整形外科,多余行,镊子缸-2（缸底贴日期）/z1535,1590268,整行,,1.0/9.9/9.9,,25,
4月,美容整形外科,多余行,手术包-6件（双信封包装 ！）,1590268,整行,,3.0/22.01/66.03,,26,
4月,美容整形外科,多余行,手术包-6件（双信封包装 ！）,1590272,整行,,1.0/22.01/22.01,,27,
4月,美容整形外科,多余行,消毒缸-4/W9050,1590334,整行,,2.0/13.2/26.4,,28,
4月,美容整形外科,多余行,手术包-6件（双信封包装 ！）,1590420,整行,,3.0/22.01/66.03,,29,
4月,美容整形外科,多余行,手术包-6件（双信封包装 ！）,1590648,整行,,3.0/22.01/66.03,,30,
4月,美容整形外科,多余行,镊子缸-2（缸底贴日期）/z1535,1590865,整行,,1.0/9.9/9.9,,31,
4月,美容整形外科,多余行,手术包-6件（双信封包装 ！）,1590865,整行,,2.0/22.01/44.02,,32,
4月,美容整形外科,多余行,手术包-6件（双信封包装 ！）,1591088,整行,,1.0/22.01/22.01,,33,
4月,美容整形外科,多余行,孔巾/Z2535,1591125,整行,,9.0/2.4/21.6,,34,
4月,美容整形外科,多余行,孔巾/Z2535,1591198,整行,,2.0/2.4/4.8,,35,
4月,美容整形外科,多余行,剪刀-1/Z1029,1591405,整行,,1.0/4.8/4.8,,36,
4月,美容整形外科,多余行,镊子缸-2（缸底贴日期）/z1535,1591405,整行,,3.0/9.9/29.7,,37,
4月,美容整形外科,多余行,手术包-6件（双信封包装 ！）,1591405,整行,,4.0/22.01/88.04,,38,
4月,美容整形外科,多余行,剥离子-1/（双）Z7530,1591501,整行,,3.0/6.3/18.9,,39,
4月,美容整形外科,多余行,持针器-1/Z1029,1591501,整行,,3.0/4.8/14.4,,40,
4月,美容整形外科,多余行,骨锉-1/Z7530,1591501,整行,,1.0/4.8/4.8,,41,
4月,美容整形外科,多余行,骨锯-1/Z7526,1591501,整行,,2.0/4.8/9.6,,42,
4月,美容整形外科,多余行,剪刀-1/Z1029,1591501,整行,,4.0/4.8/19.2,,43,
4月,美容整形外科,多余行,巾钳子-1/Z1029,1591501,整行,,3.0/4.8/14.4,,44,
4月,美容整形外科,多余行,拉钩-1/z7520,1591501,整行,,5.0/4.8/24.0,,45,
4月,美容整形外科,多余行,连接器-1/z1026,1591501,整行,,6.0/4.8/28.8,,46,
4月,美容整形外科,多余行,连接吸脂针-2/Z7530,1591501,整行,,1.0/8.1/8.1,,47,
4月,美容整形外科,多余行,双头挖勺-1/Z7526,1591501,整行,,1.0/4.8/4.8,,48,
4月,美容整形外科,多余行,头皮夹-1/Z1526,1591501,整行,,2.0/6.6/13.2,,49,
4月,美容整形外科,多余行,吸脂针-1/Z7526,1591501,整行,,22.0/4.8/105.6,,50,
4月,美容整形外科,多余行,眼袋拉钩-1/Z7526,1591501,整行,,3.0/4.8/14.4,,51,
4月,美容整形外科,多余行,咬骨剪-1/双/z2032,1591501,整行,,1.0/9.9/9.9,,52,
4月,美容整形外科,多余行,咬骨钳-1/（双）Z2032,1591501,整行,,1.0/9.9/9.9,,53,
4月,美容整形外科,多余行,腋嗅刮勺-1/z7526,1591501,整行,,1.0/4.8/4.8,,54,
4月,美容整形外科,多余行,凿子-1/z7530,1591501,整行,,1.0/4.8/4.8,,55,
4月,美容整形外科,多余行,针/Z7520,1591501,整行,,10.0/4.8/48.0,,56,
4月,美容整形外科,多余行,钻头-1/Z7526,1591501,整行,,8.0/4.8/38.4,,57,
4月,美容整形外科,多余行,洁牙器（低温）-1/Z7526,1591501,整行,,1.0/13.2/13.2,,58,
4月,美容整形外科,多余行,吸脂头-1/Z1020,1591501,整行,,1.0/13.2/13.2,,59,
4月,美容整形外科,多余行,吸脂头-2件/Z1026,1591501,整行,,2.0/26.4/52.8,,60,
4月,美容整形外科,多余行,消毒缸-4/W9050,1591501,整行,,2.0/13.2/26.4,,61,
4月,美容整形外科,多余行,孔巾/Z2535,1591501,整行,,3.0/2.4/7.2,,62,
4月,美容整形外科,多余行,骨锉-1/Z7530,1591554,整行,,1.0/4.8/4.8,,63,
4月,美容整形外科,多余行,拉钩-1/z7520,1591554,整行,,1.0/4.8/4.8,,64,
4月,美容整形外科,多余行,吸脂针-1/Z7526,1591554,整行,,2.0/4.8/9.6,,65,
4月,美容整形外科,多余行,凿子-1/z7530,1591554,整行,,2.0/4.8/9.6,,66,
4月,美容整形外科,多余行,镊子缸-2（缸底贴日期）/z1535,1591982,整行,,1.0/9.9/9.9,,67,
4月,美容整形外科,多余行,双头挖勺-1/Z7526,1591982,整行,,1.0/4.8/4.8,,68,
4月,美容整形外科,多余行,手术包-6件（双信封包装 ！）,1591982,整行,,3.0/22.01/66.03,,69,
4月,美容整形外科,多余行,消毒缸-4/W9050,1592242,整行,,2.0/13.2/26.4,,70,
4月,美容整形外科,多余行,孔巾/Z2535,1592242,整行,,9.0/2.4/21.6,,71,
4月,美容整形外科,多余行,手术包-6件（双信封包装 ！）,1592489,整行,,2.0/22.01/44.02,,72,
4月,美容整形外科,多余行,孔巾/Z2535,1592489,整行,,4.0/2.4/9.6,,73,
4月,美容整形外科,多余行,镊子缸-2（缸底贴日期）/z1535,1592864,整行,,3.0/9.9/29.7,,74,
4月,美容整形外科,多余行,蚊式-1/Z1026,1592864,整行,,1.0/4.8/4.8,,75,
4月,美容整形外科,多余行,显微止血钳-1/Z1026,1592864,整行,,1.0/4.8/4.8,,76,
4月,美容整形外科,多余行,手术包-6件（双信封包装 ！）,1592864,整行,,4.0/22.01/88.04,,77,
4月,美容整形外科,多余行,剪刀-1/Z1029,1593260,整行,,1.0/4.8/4.8,,78,
4月,美容整形外科,多余行,镊子缸-2（缸底贴日期）/z1535,1593260,整行,,1.0/9.9/9.9,,79,
4月,美容整形外科,多余行,小圆针-10/Z7520,1593260,整行,,3.0/13.2/39.6,,80,
4月,美容整形外科,多余行,消毒缸-4/W9050,1593260,整行,,2.0/13.2/26.4,,81,
4月,美容整形外科,多余行,手术包-6件（双信封包装 ！）,1593260,整行,,2.0/22.01/44.02,,82,
4月,美容整形外科,多余行,孔巾/Z2535,1593374,整行,,6.0/2.4/14.4,,83,
4月,美容整形外科,多余行,手术包-6件（双信封包装 ！）,1593422,整行,,1.0/22.01/22.01,,84,
4月,美容整形外科,多余行,孔巾/Z2535,1593725,整行,,2.0/2.4/4.8,,85,
4月,美容整形外科,多余行,孔巾/Z2535,1594070,整行,,2.0/2.4/4.8,,86,
4月,美容整形外科,多余行,镊子缸-2（缸底贴日期）/z1535,1594232,整行,,1.0/9.9/9.9,,87,
4月,美容整形外科,多余行,消毒缸-4/W9050,1594232,整行,,2.0/13.2/26.4,,88,
4月,美容整形外科,多余行,手术包-6件（双信封包装 ！）,1594232,整行,,3.0/22.01/66.03,,89,
4月,美容整形外科,多余行,镊子缸-2（缸底贴日期）/z1535,1595050,整行,,1.0/9.9/9.9,,90,
4月,美容整形外科,多余行,手术包-6件（双信封包装 ！）,1595050,整行,,4.0/22.01/88.04,,91,
4月,美容整形外科,多余行,孔巾/Z2535,1595050,整行,,3.0/2.4/7.2,,92,
4月,美容整形外科,多余行,消毒缸-4/W9050,1595414,整行,,2.0/13.2/26.4,,93,
4月,美容整形外科,多余行,孔巾/Z2535,1595414,整行,,4.0/2.4/9.6,,94,
4月,美容整形外科,多余行,双头挖勺-1/Z7526,1595591,整行,,1.0/4.8/4.8,,95,
4月,美容整形外科,多余行,手术包-6件（双信封包装 ！）,1595591,整行,,2.0/22.01/44.02,,96,
4月,美容整形外科,多余行,孔巾/Z2535,1596093,整行,,2.0/2.4/4.8,,97,
4月,美容整形外科,多余行,剪刀-1/Z1029,1596197,整行,,2.0/4.8/9.6,,98,
4月,美容整形外科,多余行,镊子缸-2（缸底贴日期）/z1535,1596197,整行,,3.0/9.9/29.7,,99,
4月,美容整形外科,多余行,钻头-1/Z7526,1596197,整行,,2.0/4.8/9.6,,100,
4月,美容整形外科,多余行,手术包-6件（双信封包装 ！）,1596197,整行,,5.0/22.01/110.05,,101,
4月,美容整形外科,多余行,消毒缸-4/W9050,1596351,整行,,2.0/13.2/26.4,,102,
4月,美容整形外科,多余行,消毒缸-2/w7050,1588239,整行,,1.0/9.9/9.9,,103,
4月,美容整形外科,多余行,消毒缸-4/W9050,1588239,整行,,2.0/13.2/26.4,,104,
4月,美容整形外科,多余行,拔牙钳-1/Z1029,1588654,整行,,3.0/4.8/14.4,,105,
4月,美容整形外科,多余行,镊子缸-2（缸底贴日期）/z1535,1588654,整行,,1.0/9.9/9.9,,106,
4月,美容整形外科,多余行,排针-1/Z7520,1588654,整行,,2.0/4.8/9.6,,107,
4月,美容整形外科,多余行,双头挖勺-1/Z7526,1588654,整行,,2.0/4.8/9.6,,108,
4月,美容整形外科,多余行,蚊式-1/Z1026,1588654,整行,,2.0/4.8/9.6,,109,
4月,美容整形外科,多余行,牙铤子-1/Z7526,1588654,整行,,4.0/4.8/19.2,,110,
4月,美容整形外科,多余行,注射器-1/Z1026,1588654,整行,,3.0/4.8/14.4,,111,
4月,美容整形外科,多余行,拔牙钳-1/Z1029,1589400,整行,,2.0/4.8/9.6,,112,
4月,美容整形外科,多余行,剥离子-1/（双）Z7530,1589400,整行,,1.0/6.3/6.3,,113,
4月,美容整形外科,多余行,镊子缸-2（缸底贴日期）/z1535,1589400,整行,,2.0/9.9/19.8,,114,
4月,美容整形外科,多余行,双头挖勺-1/Z7526,1589400,整行,,4.0/4.8/19.2,,115,
4月,美容整形外科,多余行,牙铤子-1/Z7526,1589400,整行,,7.0/4.8/33.6,,116,
4月,美容整形外科,多余行,注射器-1/Z1026,1589400,整行,,3.0/4.8/14.4,,117,
4月,美容整形外科,多余行,消毒缸-2/w7050,1589400,整行,,1.0/9.9/9.9,,118,
4月,美容整形外科,多余行,消毒缸-4/W9050,1589400,整行,,2.0/13.2/26.4,,119,
4月,美容整形外科,多余行,手术包-6件（双信封包装 ！）,1589400,整行,,1.0/22.01/22.01,,120,
4月,美容整形外科,多余行,拔牙钳-1/Z1029,1589794,整行,,3.0/4.8/14.4,,121,
4月,美容整形外科,多余行,镊子缸-2（缸底贴日期）/z1535,1589794,整行,,1.0/9.9/9.9,,122,
4月,美容整形外科,多余行,排针-1/Z7520,1589794,整行,,3.0/4.8/14.4,,123,
4月,美容整形外科,多余行,双头挖勺-1/Z7526,1589794,整行,,1.0/4.8/4.8,,124,
4月,美容整形外科,多余行,蚊式-1/Z1026,1589794,整行,,1.0/4.8/4.8,,125,
4月,美容整形外科,多余行,牙铤子-1/Z7526,1589794,整行,,3.0/4.8/14.4,,126,
4月,美容整形外科,多余行,注射器-1/Z1026,1589794,整行,,3.0/4.8/14.4,,127,
4月,美容整形外科,多余行,消毒缸-2/w7050,1590335,整行,,1.0/9.9/9.9,,128,
4月,美容整形外科,多余行,消毒缸-4/W9050,1590335,整行,,2.0/13.2/26.4,,129,
4月,美容整形外科,多余行,拔牙钳-1/Z1029,1590647,整行,,6.0/4.8/28.8,,130,
4月,美容整形外科,多余行,剥离子-1/（双）Z7530,1590647,整行,,2.0/6.3/12.6,,131,
4月,美容整形外科,多余行,钢丝剪-1/Z1530,1590647,整行,,1.0/6.6/6.6,,132,
4月,美容整形外科,多余行,根尖挺-1/Z7526,1590647,整行,,2.0/4.8/9.6,,133,
4月,美容整形外科,多余行,开口器-1/Z1026,1590647,整行,,2.0/4.8/9.6,,134,
4月,美容整形外科,多余行,镊子缸-2（缸底贴日期）/z1535,1590647,整行,,1.0/9.9/9.9,,135,
4月,美容整形外科,多余行,双头挖勺-1/Z7526,1590647,整行,,4.0/4.8/19.2,,136,
4月,美容整形外科,多余行,蚊式-1/Z1026,1590647,整行,,2.0/4.8/9.6,,137,
4月,美容整形外科,多余行,牙铤子-1/Z7526,1590647,整行,,7.0/4.8/33.6,,138,
4月,美容整形外科,多余行,凿子-1/z7530,1590647,整行,,5.0/4.8/24.0,,139,
4月,美容整形外科,多余行,注射器-1/Z1026,1590647,整行,,4.0/4.8/19.2,,140,
4月,美容整形外科,多余行,手术包-6件（双信封包装 ！）,1590647,整行,,1.0/22.01/22.01,,141,
4月,美容整形外科,多余行,拔牙钳-1/Z1029,1591124,整行,,5.0/4.8/24.0,,142,
4月,美容整形外科,多余行,镊子缸-2（缸底贴日期）/z1535,1591124,整行,,1.0/9.9/9.9,,143,
4月,美容整形外科,多余行,双头挖勺-1/Z7526,1591124,整行,,2.0/4.8/9.6,,144,
4月,美容整形外科,多余行,牙铤子-1/Z7526,1591124,整行,,3.0/4.8/14.4,,145,
4月,美容整形外科,多余行,注射器-1/Z1026,1591124,整行,,2.0/4.8/9.6,,146,
4月,美容整形外科,多余行,消毒缸-2/w7050,1591490,整行,,1.0/9.9/9.9,,147,
4月,美容整形外科,多余行,消毒缸-4/W9050,1591490,整行,,2.0/13.2/26.4,,148,
4月,美容整形外科,多余行,拔牙钳-1/Z1029,1591947,整行,,3.0/4.8/14.4,,149,
4月,美容整形外科,多余行,开口器-1/Z1026,1591947,整行,,2.0/4.8/9.6,,150,
4月,美容整形外科,多余行,镊子缸-2（缸底贴日期）/z1535,1591947,整行,,1.0/9.9/9.9,,151,
4月,美容整形外科,多余行,排针-1/Z7520,1591947,整行,,3.0/4.8/14.4,,152,
4月,美容整形外科,多余行,双头挖勺-1/Z7526,1591947,整行,,2.0/4.8/9.6,,153,
4月,美容整形外科,多余行,牙铤子-1/Z7526,1591947,整行,,3.0/4.8/14.4,,154,
4月,美容整形外科,多余行,注射器-1/Z1026,1591947,整行,,2.0/4.8/9.6,,155,
4月,美容整形外科,多余行,消毒缸-2/w7050,1592241,整行,,1.0/9.9/9.9,,156,
4月,美容整形外科,多余行,消毒缸-4/W9050,1592241,整行,,2.0/13.2/26.4,,157,
4月,美容整形外科,多余行,拔牙钳-1/Z1029,1592488,整行,,3.0/4.8/14.4,,158,
4月,美容整形外科,多余行,镊子缸-2（缸底贴日期）/z1535,1592488,整行,,1.0/9.9/9.9,,159,
4月,美容整形外科,多余行,双头挖勺-1/Z7526,1592488,整行,,3.0/4.8/14.4,,160,
4月,美容整形外科,多余行,蚊式-1/Z1026,1592488,整行,,1.0/4.8/4.8,,161,
4月,美容整形外科,多余行,牙铤子-1/Z7526,1592488,整行,,6.0/4.8/28.8,,162,
4月,美容整形外科,多余行,注射器-1/Z1026,1592488,整行,,3.0/4.8/14.4,,163,
4月,美容整形外科,多余行,消毒缸-2/w7050,1593268,整行,,1.0/9.9/9.9,,164,
4月,美容整形外科,多余行,消毒缸-4/W9050,1593268,整行,,2.0/13.2/26.4,,165,
4月,美容整形外科,多余行,拔牙钳-1/Z1029,1593774,整行,,1.0/4.8/4.8,,166,
4月,美容整形外科,多余行,剥离子-1/（双）Z7530,1593774,整行,,1.0/6.3/6.3,,167,
4月,美容整形外科,多余行,大弯-1/z1029,1593774,整行,,1.0/4.8/4.8,,168,
4月,美容整形外科,多余行,夹子-2/Z7520,1593774,整行,,1.0/8.1/8.1,,169,
4月,美容整形外科,多余行,镊子-1/Z7526,1593774,整行,,1.0/4.8/4.8,,170,
4月,美容整形外科,多余行,排针-1/Z7520,1593774,整行,,1.0/4.8/4.8,,171,
4月,美容整形外科,多余行,双头挖勺-1/Z7526,1593774,整行,,5.0/4.8/24.0,,172,
4月,美容整形外科,多余行,蚊式-1/Z1026,1593774,整行,,1.0/4.8/4.8,,173,
4月,美容整形外科,多余行,牙铤子-1/Z7526,1593774,整行,,6.0/4.8/28.8,,174,
4月,美容整形外科,多余行,注射器-1/Z1026,1593774,整行,,3.0/4.8/14.4,,175,
4月,美容整形外科,多余行,钻头-1/Z7526,1593774,整行,,7.0/4.8/33.6,,176,
4月,美容整形外科,多余行,橡皮碗-1/Z7520,1593774,整行,,1.0/13.2/13.2,,177,
4月,美容整形外科,多余行,手术包-6件（双信封包装 ！）,1593774,整行,,1.0/22.01/22.01,,178,
4月,美容整形外科,多余行,消毒缸-2/w7050,1594238,整行,,1.0/9.9/9.9,,179,
4月,美容整形外科,多余行,消毒缸-4/W9050,1594238,整行,,2.0/13.2/26.4,,180,
4月,美容整形外科,多余行,拔牙钳-1/Z1029,1594652,整行,,2.0/4.8/9.6,,181,
4月,美容整形外科,多余行,镊子-1/Z7526,1594652,整行,,1.0/4.8/4.8,,182,
4月,美容整形外科,多余行,镊子缸-2（缸底贴日期）/z1535,1594652,整行,,1.0/9.9/9.9,,183,
4月,美容整形外科,多余行,双头挖勺-1/Z7526,1594652,整行,,3.0/4.8/14.4,,184,
4月,美容整形外科,多余行,蚊式-1/Z1026,1594652,整行,,1.0/4.8/4.8,,185,
4月,美容整形外科,多余行,牙铤子-1/Z7526,1594652,整行,,6.0/4.8/28.8,,186,
4月,美容整形外科,多余行,止血钳-1/Z1029,1594652,整行,,2.0/4.8/9.6,,187,
4月,美容整形外科,多余行,注射器-1/Z1026,1594652,整行,,3.0/4.8/14.4,,188,
4月,美容整形外科,多余行,消毒缸-2/w7050,1595385,整行,,1.0/9.9/9.9,,189,
4月,美容整形外科,多余行,消毒缸-4/W9050,1595385,整行,,2.0/13.2/26.4,,190,
4月,美容整形外科,多余行,拔牙钳-1/Z1029,1595823,整行,,2.0/4.8/9.6,,191,
4月,美容整形外科,多余行,镊子缸-2（缸底贴日期）/z1535,1595823,整行,,2.0/9.9/19.8,,192,
4月,美容整形外科,多余行,排针-1/Z7520,1595823,整行,,5.0/4.8/24.0,,193,
4月,美容整形外科,多余行,双头挖勺-1/Z7526,1595823,整行,,3.0/4.8/14.4,,194,
4月,美容整形外科,多余行,牙铤子-1/Z7526,1595823,整行,,3.0/4.8/14.4,,195,
4月,美容整形外科,多余行,注射器-1/Z1026,1595823,整行,,3.0/4.8/14.4,,196,
4月,美容整形外科,多余行,拔牙钳-1/Z1029,1596355,整行,,1.0/4.8/4.8,,197,
4月,美容整形外科,多余行,剥离子-1/（双）Z7530,1596355,整行,,1.0/6.3/6.3,,198,
4月,美容整形外科,多余行,镊子-1/Z7526,1596355,整行,,1.0/4.8/4.8,,199,
4月,美容整形外科,多余行,镊子缸-2（缸底贴日期）/z1535,1596355,整行,,2.0/9.9/19.8,,200,
4月,美容整形外科,多余行,排针-1/Z7520,1596355,整行,,2.0/4.8/9.6,,201,
4月,美容整形外科,多余行,双头挖勺-1/Z7526,1596355,整行,,3.0/4.8/14.4,,202,
4月,美容整形外科,多余行,蚊式-1/Z1026,1596355,整行,,2.0/4.8/9.6,,203,
4月,美容整形外科,多余行,牙铤子-1/Z7526,1596355,整行,,7.0/4.8/33.6,,204,
4月,美容整形外科,多余行,注射器-1/Z1026,1596355,整行,,3.0/4.8/14.4,,205,
4月,美容整形外科,多余行,消毒缸-2/w7050,1596355,整行,,1.0/9.9/9.9,,206,
4月,美容整形外科,多余行,消毒缸-4/W9050,1596355,整行,,2.0/13.2/26.4,,207,
4月,美容整形外科,汇总不一致-总价,美容整形外科,,总价,2307.276,3979.99000000001,8,8,
4月,耳鼻喉科,缺失行,鼻镜-5/Z2032,1596771,整行,2.0/16.5/33.0,,9,,
4月,耳鼻喉科,缺失行,镊子-5/Z1030,1596771,整行,1.0/16.5/16.5,,10,,
4月,耳鼻喉科,缺失行,吸引器头-5/z7526,1596771,整行,2.0/16.5/33.0,,11,,
4月,耳鼻喉科,缺失行,消毒缸-5/w9050,1597498,整行,1.0/16.5/16.5,,12,,
4月,耳鼻喉科,缺失行,鼻镜-5/Z2032,1597848,整行,3.0/16.5/49.5,,13,,
4月,耳鼻喉科,缺失行,镊子-5/Z1030,1597848,整行,3.0/16.5/49.5,,14,,
4月,耳鼻喉科,缺失行,吸头-5/Z1035,1597848,整行,3.0/16.5/49.5,,15,,
4月,耳鼻喉科,缺失行,消毒缸-5/w9050,1598417,整行,1.0/16.5/16.5,,16,,
4月,耳鼻喉科,缺失行,耵聍钩-1/z7526,1598780,整行,2.0/4.8/9.6,,17,,
4月,耳鼻喉科,缺失行,剪刀-1/Z1029,1598780,整行,1.0/4.8/4.8,,18,,
4月,耳鼻喉科,缺失行,镊子-5/Z1030,1598780,整行,3.0/16.5/49.5,,19,,
4月,耳鼻喉科,缺失行,吸头-5/Z1035,1598780,整行,4.0/16.5/66.0,,20,,
4月,耳鼻喉科,缺失行,异物钳-1/Z2032,1598780,整行,1.0/7.8/7.8,,21,,
4月,耳鼻喉科,缺失行,鼻镜-5/Z2032,1600437,整行,3.0/16.5/49.5,,22,,
4月,耳鼻喉科,缺失行,粗吸引器头-1/Z7526,1600437,整行,1.0/4.8/4.8,,23,,
4月,耳鼻喉科,缺失行,镊子-5/Z1030,1600437,整行,2.0/16.5/33.0,,24,,
4月,耳鼻喉科,缺失行,吸引器头-5/z7526,1600437,整行,2.0/16.5/33.0,,25,,
4月,耳鼻喉科,缺失行,消毒缸-5/w9050,1600910,整行,1.0/16.5/16.5,,26,,
4月,耳鼻喉科,缺失行,鼻镜-5/Z2032,1601643,整行,2.0/16.5/33.0,,27,,
4月,耳鼻喉科,缺失行,镊子-5/Z1030,1601643,整行,3.0/16.5/49.5,,28,,
4月,耳鼻喉科,缺失行,吸引器头-5/z7526,1601643,整行,2.0/16.5/33.0,,29,,
4月,耳鼻喉科,缺失行,消毒缸-5/w9050,1601998,整行,1.0/16.5/16.5,,30,,
4月,耳鼻喉科,缺失行,鼻镜-5/Z2032,1602744,整行,4.0/16.5/66.0,,31,,
4月,耳鼻喉科,缺失行,长吸引器头-1/Z7526,1602744,整行,1.0/4.8/4.8,,32,,
4月,耳鼻喉科,缺失行,耵聍钩-1/z7526,1602744,整行,1.0/4.8/4.8,,33,,
4月,耳鼻喉科,缺失行,镊子-5/Z1030,1602744,整行,1.0/16.5/16.5,,34,,
4月,耳鼻喉科,缺失行,吸引器头-5/z7526,1602744,整行,1.0/16.5/16.5,,35,,
4月,耳鼻喉科,缺失行,异物钳-1/Z2032,1602744,整行,1.0/7.8/7.8,,36,,
4月,耳鼻喉科,缺失行,缸子-5/W9050,1603089,整行,1.0/16.5/16.5,,37,,
4月,耳鼻喉科,缺失行,鼻镜-4件/Z2032,1603995,整行,4.0/13.2/52.8,,38,,
4月,耳鼻喉科,缺失行,粗吸引器头-1/Z7526,1603995,整行,1.0/4.8/4.8,,39,,
4月,耳鼻喉科,缺失行,耵聍钩-2/z7526,1603995,整行,1.0/8.1/8.1,,40,,
4月,耳鼻喉科,缺失行,镊子-5/Z1030,1603995,整行,2.0/16.5/33.0,,41,,
4月,耳鼻喉科,缺失行,吸头-5/Z1035,1603995,整行,2.0/16.5/33.0,,42,,
4月,耳鼻喉科,缺失行,无菌缸-5件/W9050,1603995,整行,1.0/16.5/16.5,,43,,
4月,耳鼻喉科,缺失行,棉球/Z1026,1603995,整行,4.0/1.5/6.0,,44,,
4月,耳鼻喉科,多余行,缸子-5/W9050,1588229,整行,,1.0/16.5/16.5,,9,
4月,耳鼻喉科,多余行,无菌缸-5件/W9050,1589384,整行,,1.0/16.5/16.5,,10,
4月,耳鼻喉科,多余行,鼻镜-5/Z2032,1589915,整行,,7.0/16.5/115.5,,11,
4月,耳鼻喉科,多余行,镊子-5/Z1030,1589915,整行,,5.0/16.5/82.5,,12,
4月,耳鼻喉科,多余行,吸头-5/Z1035,1589915,整行,,6.0/16.5/99.0,,13,
4月,耳鼻喉科,多余行,缸子-5/W9050,1590331,整行,,1.0/16.5/16.5,,14,
4月,耳鼻喉科,多余行,艾利斯-1/z1029,1591087,整行,,1.0/4.8/4.8,,15,
4月,耳鼻喉科,多余行,鼻镜-5/Z2032,1591087,整行,,3.0/16.5/49.5,,16,
4月,耳鼻喉科,多余行,镊子-5/Z1030,1591087,整行,,1.0/16.5/16.5,,17,
4月,耳鼻喉科,多余行,吸头-5/Z1035,1591087,整行,,1.0/16.5/16.5,,18,
4月,耳鼻喉科,多余行,异物钳-1/Z2032,1591087,整行,,1.0/7.8/7.8,,19,
4月,耳鼻喉科,多余行,缸子-5/W9050,1591488,整行,,1.0/16.5/16.5,,20,
4月,耳鼻喉科,多余行,鼻镜-5/Z2032,1591983,整行,,2.0/16.5/33.0,,21,
4月,耳鼻喉科,多余行,镊子-5/Z1030,1591983,整行,,2.0/16.5/33.0,,22,
4月,耳鼻喉科,多余行,吸引器头-5/z7526,1591983,整行,,2.0/16.5/33.0,,23,
4月,耳鼻喉科,多余行,缸子-5/W9050,1592244,整行,,1.0/16.5/16.5,,24,
4月,耳鼻喉科,多余行,缸子-5/W9050,1593263,整行,,1.0/16.5/16.5,,25,
4月,耳鼻喉科,多余行,鼻镜-5/Z2032,1593721,整行,,4.0/16.5/66.0,,26,
4月,耳鼻喉科,多余行,镊子-5/Z1030,1593721,整行,,1.0/16.5/16.5,,27,
4月,耳鼻喉科,多余行,吸引器头-5/z7526,1593721,整行,,2.0/16.5/33.0,,28,
4月,耳鼻喉科,多余行,无菌缸-5件/W9050,1594236,整行,,1.0/16.5/16.5,,29,
4月,耳鼻喉科,多余行,鼻镜-5/Z2032,1595027,整行,,4.0/16.5/66.0,,30,
4月,耳鼻喉科,多余行,镊子-5/Z1030,1595027,整行,,3.0/16.5/49.5,,31,
4月,耳鼻喉科,多余行,吸头-5/Z1035,1595027,整行,,3.0/16.5/49.5,,32,
4月,耳鼻喉科,多余行,无菌缸-5件/W9050,1595379,整行,,1.0/16.5/16.5,,33,
4月,耳鼻喉科,多余行,鼻镜-5/Z2032,1595799,整行,,1.0/16.5/16.5,,34,
4月,耳鼻喉科,多余行,镊子-5/Z1030,1595799,整行,,2.0/16.5/33.0,,35,
4月,耳鼻喉科,多余行,吸引器头-5/z7526,1595799,整行,,3.0/16.5/49.5,,36,
4月,耳鼻喉科,多余行,缸子-5/W9050,1596350,整行,,1.0/16.5/16.5,,37,
4月,耳鼻喉科,汇总不一致-总价,耳鼻喉科,,总价,957.6,1019.1,8,8,
4月,血管科,缺失行,咬骨钳-1/（双）Z2032,1598433,整行,1.0/9.9/9.9,,9,,
4月,血管科,缺失行,剪刀-1/Z1029,1599205,整行,2.0/4.8/9.6,,10,,
4月,血管科,缺失行,止血钳-1/Z1029,1599205,整行,2.0/4.8/9.6,,11,,
4月,血管科,缺失行,切开包4件,1599205,整行,1.0/13.2/13.2,,12,,
4月,血管科,缺失行,换药包-3件/W6050,1599205,整行,1.0/9.9/9.9,,13,,
4月,血管科,缺失行,剪刀-1/Z1029,1601238,整行,1.0/4.8/4.8,,14,,
4月,血管科,缺失行,止血钳-1/Z1029,1601238,整行,1.0/4.8/4.8,,15,,
4月,血管科,缺失行,剪刀-1/Z1029,1602076,整行,1.0/4.8/4.8,,16,,
4月,血管科,缺失行,切开-3/W6050,1602076,整行,1.0/9.9/9.9,,17,,
4月,血管科,缺失行,剪刀-1/Z1029,1602357,整行,1.0/4.8/4.8,,18,,
4月,血管科,缺失行,止血钳-1/Z1029,1602357,整行,2.0/4.8/9.6,,19,,
4月,血管科,缺失行,切开包4件,1602671,整行,1.0/13.2/13.2,,20,,
4月,血管科,缺失行,剪刀-1/Z1029,1603845,整行,1.0/4.8/4.8,,21,,
4月,血管科,多余行,剪刀-1/Z1029,1588636,整行,,1.0/4.8/4.8,,9,
4月,血管科,多余行,止血钳-1/Z1029,1588636,整行,,1.0/4.8/4.8,,10,
4月,血管科,多余行,蚊式-1/Z1026,1590151,整行,,1.0/4.8/4.8,,11,
4月,血管科,多余行,剪刀-1/Z1029,1591485,整行,,1.0/4.8/4.8,,12,
4月,血管科,多余行,止血钳-1/Z1029,1591485,整行,,1.0/4.8/4.8,,13,
4月,血管科,多余行,切开包4件,1591485,整行,,1.0/13.2/13.2,,14,
4月,血管科,多余行,止血钳-1/Z1029,1592863,整行,,1.0/4.8/4.8,,15,
4月,血管科,多余行,剪刀-1/Z1029,1594651,整行,,1.0/4.8/4.8,,16,
4月,血管科,多余行,蚊式-1/Z1026,1594651,整行,,1.0/4.8/4.8,,17,
4月,血管科,多余行,止血钳-1/Z1029,1594651,整行,,2.0/4.8/9.6,,18,
4月,血管科,多余行,器械包-4件/W6050,1594651,整行,,1.0/13.2/13.2,,19,
4月,血管科,多余行,止血钳-1/Z1029,1595023,整行,,1.0/4.8/4.8,,20,
4月,血管科,多余行,剪刀-1/Z1029,1595797,整行,,1.0/4.8/4.8,,21,
4月,血管科,多余行,剪刀-1/Z1029,1595911,整行,,1.0/4.8/4.8,,22,
4月,血管科,多余行,止血钳-1/Z1029,1595911,整行,,1.0/4.8/4.8,,23,
4月,血管科,汇总不一致-总价,血管科,,总价,108.9,93.6,8,8,
4月,骨脑,缺失行,消毒缸-1 /W6050,1597501,整行,1.0/9.9/9.9,,9,,
4月,骨脑,缺失行,剪刀-1/Z1029,1597882,整行,2.0/4.8/9.6,,10,,
4月,骨脑,缺失行,止血钳-1/Z1029,1597882,整行,1.0/4.8/4.8,,11,,
4月,骨脑,缺失行,消毒缸-1 /W6050,1598437,整行,1.0/9.9/9.9,,12,,
4月,骨脑,缺失行,锤子-1/W6050,1598437,整行,1.0/9.9/9.9,,13,,
4月,骨脑,缺失行,弯盘1持针器1止血钳1剪刀1/w6050,1598437,整行,1.0/13.2/13.2,,14,,
4月,骨脑,缺失行,镊子-1/Z7526,1599677,整行,1.0/4.8/4.8,,15,,
4月,骨脑,缺失行,消毒缸-1 /W6050,1599677,整行,1.0/9.9/9.9,,16,,
4月,骨脑,缺失行,消毒缸-1 /W6050,1600912,整行,1.0/9.9/9.9,,17,,
4月,骨脑,缺失行,克氏钳-1/z1526,1601240,整行,1.0/6.6/6.6,,18,,
4月,骨脑,缺失行,起钉器-1（高温）/z1526,1601240,整行,1.0/6.6/6.6,,19,,
4月,骨脑,缺失行,消毒缸-1 /W6050,1602015,整行,1.0/9.9/9.9,,20,,
4月,骨脑,缺失行,开口器-1/Z1026,1602354,整行,1.0/4.8/4.8,,21,,
4月,骨脑,缺失行,消毒缸-1 /W6050,1603093,整行,1.0/9.9/9.9,,22,,
4月,骨脑,缺失行,消毒缸-1 /W6050,1603987,整行,1.0/9.9/9.9,,23,,
4月,骨脑,多余行,消毒缸-1 /W6050,1588225,整行,,1.0/9.9/9.9,,9,
4月,骨脑,多余行,消毒缸-1 /W6050,1589392,整行,,1.0/9.9/9.9,,10,
4月,骨脑,多余行,消毒缸-1 /W6050,1590328,整行,,1.0/9.9/9.9,,11,
4月,骨脑,多余行,消毒缸-1 /W6050,1591484,整行,,1.0/9.9/9.9,,12,
4月,骨脑,多余行,消毒缸-1 /W6050,1592237,整行,,1.0/9.9/9.9,,13,
4月,骨脑,多余行,消毒缸-1 /W6050,1593259,整行,,1.0/9.9/9.9,,14,
4月,骨脑,多余行,消毒缸-1 /W6050,1594229,整行,,1.0/9.9/9.9,,15,
4月,骨脑,多余行,消毒缸-1 /W6050,1595382,整行,,1.0/9.9/9.9,,16,
4月,骨脑,多余行,消毒缸-1 /W6050,1596334,整行,,1.0/9.9/9.9,,17,
4月,骨脑,汇总不一致-总价,骨脑,,总价,129.6,89.1,8,8,
5月,ICU,缺失行,导丝钳-1/z1526,1610966,整行,1.0/6.6/6.6,,12,,
5月,ICU,缺失行,钩镊-1/Z7526,1610966,整行,1.0/4.8/4.8,,13,,
5月,ICU,缺失行,舌钳子-1/1526,1610966,整行,1.0/6.6/6.6,,14,,
5月,ICU,缺失行,持针器-1/Z1029,1612684,整行,1.0/4.8/4.8,,15,,
5月,ICU,多余行,剪刀-1/Z1029,1597144,整行,,1.0/4.8/4.8,,11,
5月,ICU,多余行,喉镜片（低温）-1/Z1530,1598415,整行,,3.0/15.0/45.0,,12,
5月,ICU,多余行,简易呼吸器-3件/z3060,1599109,整行,,1.0/39.6/39.6,,13,
5月,ICU,多余行,止血钳-1/Z1029,1600435,整行,,1.0/4.8/4.8,,14,
5月,ICU,多余行,喉镜片（低温）-1/Z1530,1600435,整行,,1.0/15.0/15.0,,15,
5月,ICU,多余行,开口器-1/Z1026,1600902,整行,,1.0/4.8/4.8,,16,
5月,ICU,多余行,压舌板-1/Z7526,1600902,整行,,1.0/4.8/4.8,,17,
5月,ICU,多余行,剪刀-1/Z1029,1601648,整行,,2.0/4.8/9.6,,18,
5月,ICU,多余行,简易呼吸器-3件/z3060,1601853,整行,,1.0/39.6/39.6,,19,
5月,ICU,多余行,持针器-1/Z1029,1602358,整行,,1.0/4.8/4.8,,20,
5月,ICU,汇总不一致-总价,ICU,,总价,22.8,172.8,11,10,
5月,介入科,缺失行,敷料包/W12050,1605270,整行,1.0/21.0/21.0,,9,,
5月,介入科,缺失行,剪刀-1/Z1029,1605288,整行,1.0/4.8/4.8,,10,,
5月,介入科,缺失行,刷手服/W12050,1605977,整行,1.0/21.0/21.0,,11,,
5月,介入科,缺失行,敷料包/W12050,1606605,整行,1.0/21.0/21.0,,12,,
5月,介入科,缺失行,敷料包/W12050,1607320,整行,1.0/21.0/21.0,,13,,
5月,介入科,缺失行,敷料包/W12050,1607991,整行,2.0/21.0/42.0,,14,,
5月,介入科,缺失行,敷料包/W12050,1608623,整行,1.0/21.0/21.0,,15,,
5月,介入科,缺失行,循环起搏器切开包-13件,1609269,整行,1.0/42.9/42.9,,16,,
5月,介入科,缺失行,喉镜片（低温）-1/Z1530,1609604,整行,3.0/15.0/45.0,,17,,
5月,介入科,缺失行,敷料包/W12050,1610056,整行,1.0/21.0/21.0,,18,,
5月,介入科,缺失行,敷料包/W12050,1610762,整行,1.0/21.0/21.0,,19,,
5月,介入科,缺失行,敷料包/W12050,1611501,整行,1.0/21.0/21.0,,20,,
5月,介入科,缺失行,切开包-22件,1611754,整行,1.0/72.6/72.6,,21,,
5月,介入科,缺失行,显微包,1611754,整行,1.0/52.8/52.8,,22,,
5月,介入科,缺失行,碗盘-3件/w6050,1611754,整行,1.0/9.9/9.9,,23,,
5月,介入科,缺失行,刷手服/W12050,1612101,整行,1.0/21.0/21.0,,24,,
5月,介入科,缺失行,敷料包/W12050,1612728,整行,1.0/21.0/21.0,,25,,
5月,介入科,缺失行,敷料包/W12050,1613517,整行,1.0/21.0/21.0,,26,,
5月,介入科,多余行,刀柄-1/Z7526,1597143,整行,,1.0/4.8/4.8,,9,
5月,介入科,多余行,盘1碗2/Z2530,1597143,整行,,1.0/9.9/9.9,,10,
5月,介入科,多余行,切开包-22件,1597143,整行,,1.0/72.6/72.6,,11,
5月,介入科,多余行,显微包,1597143,整行,,1.0/52.8/52.8,,12,
5月,介入科,多余行,刷手服/W12050,1597626,整行,,1.0/21.0/21.0,,13,
5月,介入科,多余行,敷料包/W12050,1598276,整行,,1.0/21.0/21.0,,14,
5月,介入科,多余行,敷料包/W12050,1598963,整行,,1.0/21.0/21.0,,15,
5月,介入科,多余行,敷料包/W12050,1599714,整行,,2.0/21.0/42.0,,16,
5月,介入科,多余行,刷手服/W12050,1600953,整行,,1.0/21.0/21.0,,17,
5月,介入科,多余行,剪刀-1/Z1029,1601644,整行,,1.0/4.8/4.8,,18,
5月,介入科,多余行,敷料包/W12050,1601723,整行,,1.0/21.0/21.0,,19,
5月,介入科,多余行,敷料包/W12050,1602504,整行,,1.0/21.0/21.0,,20,
5月,介入科,多余行,敷料包/W12050,1603202,整行,,1.0/21.0/21.0,,21,
5月,介入科,多余行,刷手服/W12050,1603877,整行,,1.0/21.0/21.0,,22,
5月,介入科,多余行,敷料包/W12050,1604489,整行,,1.0/21.0/21.0,,23,
5月,介入科,汇总不一致-总价,介入科,,总价,501.0,375.9,8,8,
5月,伤口造口门诊,缺失行,换药包（弯盘1蚊式1）-2件/w6050,1605007,整行,1.0/9.9/9.9,,9,,
5月,伤口造口门诊,缺失行,换药包（弯盘1小弯1）/w6050,1606058,整行,1.0/9.9/9.9,,10,,
5月,伤口造口门诊,缺失行,换药包（蚊式1碗1）-2件/w6050,1606058,整行,2.0/9.9/19.8,,11,,
5月,伤口造口门诊,缺失行,蚊式-1/Z1026,1606058,整行,3.0/4.8/14.4,,12,,
5月,伤口造口门诊,缺失行,剪刀1持物罐1/w6050,1606058,整行,1.0/9.9/9.9,,13,,
5月,伤口造口门诊,缺失行,换药包（弯盘1蚊式1）-2件/w6050,1606443,整行,2.0/9.9/19.8,,14,,
5月,伤口造口门诊,缺失行,换药包（弯盘1小弯1）/w6050,1606844,整行,1.0/9.9/9.9,,15,,
5月,伤口造口门诊,缺失行,换药包（弯盘1小弯1钩镊1）/w6050,1606844,整行,1.0/9.9/9.9,,16,,
5月,伤口造口门诊,缺失行,换药包（蚊式1碗1）-2件/w6050,1607586,整行,2.0/9.9/19.8,,17,,
5月,伤口造口门诊,缺失行,换药包（弯盘1小弯1）/w6050,1608056,整行,1.0/9.9/9.9,,18,,
5月,伤口造口门诊,缺失行,蚊式-1/Z1026,1608056,整行,2.0/4.8/9.6,,19,,
5月,伤口造口门诊,缺失行,剪刀1持物罐1/w6050,1608056,整行,1.0/9.9/9.9,,20,,
5月,伤口造口门诊,缺失行,换药包（弯盘1蚊式1）-2件/w6050,1608839,整行,2.0/9.9/19.8,,21,,
5月,伤口造口门诊,缺失行,起钉器-1（高温）/z1526,1608839,整行,1.0/6.6/6.6,,22,,
5月,伤口造口门诊,缺失行,蚊式-1/Z1026,1608839,整行,1.0/4.8/4.8,,23,,
5月,伤口造口门诊,缺失行,换药包（弯盘1蚊式1）-2件/w6050,1610188,整行,1.0/9.9/9.9,,24,,
5月,伤口造口门诊,缺失行,换药包（弯盘1小弯1）/w6050,1610188,整行,1.0/9.9/9.9,,25,,
5月,伤口造口门诊,缺失行,换药包（蚊式1碗1）-2件/w6050,1610188,整行,2.0/9.9/19.8,,26,,
5月,伤口造口门诊,缺失行,蚊式-1/Z1026,1610188,整行,3.0/4.8/14.4,,27,,
5月,伤口造口门诊,缺失行,剪刀1持物罐1/w6050,1610188,整行,1.0/9.9/9.9,,28,,
5月,伤口造口门诊,缺失行,换药包（弯盘1蚊式1）-2件/w6050,1610620,整行,1.0/9.9/9.9,,29,,
5月,伤口造口门诊,缺失行,换药包（弯盘1小弯1钩镊1）/w6050,1610620,整行,1.0/9.9/9.9,,30,,
5月,伤口造口门诊,缺失行,蚊式-1/Z1026,1610620,整行,1.0/4.8/4.8,,31,,
5月,伤口造口门诊,缺失行,换药包（蚊式1碗1）-2件/w6050,1610971,整行,2.0/9.9/19.8,,32,,
5月,伤口造口门诊,缺失行,蚊式-1/Z1026,1610971,整行,2.0/4.8/9.6,,33,,
5月,伤口造口门诊,缺失行,剪刀1持物罐1/w6050,1610971,整行,1.0/9.9/9.9,,34,,
5月,伤口造口门诊,缺失行,换药包（弯盘1蚊式1）-2件/w6050,1611843,整行,2.0/9.9/19.8,,35,,
5月,伤口造口门诊,缺失行,换药包（弯盘1小弯1）/w6050,1611843,整行,1.0/9.9/9.9,,36,,
5月,伤口造口门诊,缺失行,换药包（蚊式1碗1）-2件/w6050,1611843,整行,2.0/9.9/19.8,,37,,
5月,伤口造口门诊,缺失行,刮勺-1/Z7530,1611843,整行,1.0/4.8/4.8,,38,,
5月,伤口造口门诊,缺失行,起钉器-1（高温）/z1526,1611843,整行,1.0/6.6/6.6,,39,,
5月,伤口造口门诊,缺失行,蚊式-1/Z1026,1611843,整行,3.0/4.8/14.4,,40,,
5月,伤口造口门诊,缺失行,剪刀1持物罐1/w6050,1611843,整行,1.0/9.9/9.9,,41,,
5月,伤口造口门诊,缺失行,换药包（弯盘1小弯1）/w6050,1613000,整行,1.0/9.9/9.9,,42,,
5月,伤口造口门诊,缺失行,换药包（弯盘1小弯1钩镊1）/w6050,1613000,整行,1.0/9.9/9.9,,43,,
5月,伤口造口门诊,缺失行,换药包（蚊式1碗1）-2件/w6050,1613000,整行,2.0/9.9/19.8,,44,,
5月,伤口造口门诊,缺失行,蚊式-1/Z1026,1613000,整行,4.0/4.8/19.2,,45,,
5月,伤口造口门诊,缺失行,剪刀1持物罐1/w6050,1613000,整行,1.0/9.9/9.9,,46,,
5月,伤口造口门诊,多余行,蚊式-1/Z1026,1597148,整行,,3.0/4.8/14.4,,9,
5月,伤口造口门诊,多余行,换药包（蚊式1碗1）-2件/w6050,1597148,整行,,2.0/9.9/19.8,,10,
5月,伤口造口门诊,多余行,蚊式-1/Z1026,1598424,整行,,3.0/4.8/14.4,,11,
5月,伤口造口门诊,多余行,换药包（蚊式1碗1）-2件/w6050,1598424,整行,,2.0/9.9/19.8,,12,
5月,伤口造口门诊,多余行,剪刀1持物罐1/w6050,1598424,整行,,1.0/9.9/9.9,,13,
5月,伤口造口门诊,多余行,换药包（弯盘1小弯1）/w6050,1598777,整行,,1.0/9.9/9.9,,14,
5月,伤口造口门诊,多余行,弯盘1镊子1小弯1/W6050,1598777,整行,,1.0/9.9/9.9,,15,
5月,伤口造口门诊,多余行,蚊式-1/Z1026,1599253,整行,,2.0/4.8/9.6,,16,
5月,伤口造口门诊,多余行,换药包（弯盘1小弯1）/w6050,1599253,整行,,1.0/9.9/9.9,,17,
5月,伤口造口门诊,多余行,蚊式-1/Z1026,1600436,整行,,2.0/4.8/9.6,,18,
5月,伤口造口门诊,多余行,换药包（蚊式1碗1）-2件/w6050,1600436,整行,,2.0/9.9/19.8,,19,
5月,伤口造口门诊,多余行,剪刀1持物罐1/w6050,1600436,整行,,1.0/9.9/9.9,,20,
5月,伤口造口门诊,多余行,蚊式-1/Z1026,1601241,整行,,1.0/4.8/4.8,,21,
5月,伤口造口门诊,多余行,换药包-3/w6050,1601241,整行,,1.0/9.9/9.9,,22,
5月,伤口造口门诊,多余行,蚊式-1/Z1026,1602355,整行,,3.0/4.8/14.4,,23,
5月,伤口造口门诊,多余行,换药包（蚊式1弯盘1）-2件/w6050,1602355,整行,,1.0/9.9/9.9,,24,
5月,伤口造口门诊,多余行,换药包（蚊式1碗1）-2件/w6050,1603090,整行,,2.0/9.9/19.8,,25,
5月,伤口造口门诊,多余行,蚊式-1/Z1026,1603090,整行,,2.0/4.8/9.6,,26,
5月,伤口造口门诊,多余行,剪刀1持物罐1/w6050,1603090,整行,,1.0/9.9/9.9,,27,
5月,伤口造口门诊,多余行,换药包（弯盘1蚊式1）-2件/w6050,1603318,整行,,1.0/9.9/9.9,,28,
5月,伤口造口门诊,多余行,持针器-1/Z1029,1603984,整行,,1.0/4.8/4.8,,29,
5月,伤口造口门诊,多余行,蚊式-1/Z1026,1603984,整行,,3.0/4.8/14.4,,30,
5月,伤口造口门诊,多余行,剪刀1持物罐1/w6050,1603984,整行,,1.0/9.9/9.9,,31,
5月,伤口造口门诊,多余行,换药包（弯盘1蚊式1）-2件/w6050,1604220,整行,,1.0/9.9/9.9,,32,
5月,伤口造口门诊,多余行,换药包（弯盘1小弯1）/w6050,1604220,整行,,1.0/9.9/9.9,,33,
5月,伤口造口门诊,多余行,换药包（弯盘1小弯1钩镊1）/w6050,1604220,整行,,1.0/9.9/9.9,,34,
5月,伤口造口门诊,多余行,换药包（蚊式1碗1）-2件/w6050,1604371,整行,,2.0/9.9/19.8,,35,
5月,伤口造口门诊,多余行,蚊式-1/Z1026,1604371,整行,,1.0/4.8/4.8,,36,
5月,伤口造口门诊,多余行,蚊式-1/Z1026,1604733,整行,,2.0/4.8/9.6,,37,
5月,伤口造口门诊,多余行,剪刀1持物罐1/w6050,1604733,整行,,1.0/9.9/9.9,,38,
5月,伤口造口门诊,汇总不一致-总价,伤口造口门诊,,总价,465.6,348.0,8,8,
5月,供应室,缺失行,器械包-8件/w6050,1608127,整行,1.0/26.4/26.4,,9,,
5月,供应室,多余行,静脉切开,1596684,整行,,1.0/52.8/52.8,,9,
5月,供应室,多余行,器械包-8件/w6050,1596684,整行,,1.0/26.4/26.4,,10,
5月,供应室,多余行,气管切开-26件,1603996,整行,,1.0/85.8/85.8,,11,
5月,供应室,汇总不一致-总价,供应室,,总价,26.4,165.0,8,8,
5月,内分泌,缺失行,简易呼吸器-1件/Z3060,1607458,整行,1.0/21.0/21.0,,9,,
5月,内分泌,缺失行,开口器-1/Z1026,1612996,整行,1.0/4.8/4.8,,10,,
5月,口腔外科,缺失行,拔牙钳-1/Z1029,1605148,整行,1.0/4.8/4.8,,9,,
5月,口腔外科,缺失行,大弯-1/z1029,1605148,整行,1.0/4.8/4.8,,10,,
5月,口腔外科,缺失行,镊子缸-2（缸底贴日期）/z1535,1605148,整行,1.0/9.9/9.9,,11,,
5月,口腔外科,缺失行,双头挖勺-1/Z7526,1605148,整行,1.0/4.8/4.8,,12,,
5月,口腔外科,缺失行,牙铤子-1/Z7526,1605148,整行,2.0/4.8/9.6,,13,,
5月,口腔外科,缺失行,止血钳-1/Z1029,1605148,整行,1.0/4.8/4.8,,14,,
5月,口腔外科,缺失行,注射器-1/Z1026,1605148,整行,1.0/4.8/4.8,,15,,
5月,口腔外科,缺失行,消毒缸-2/w7050,1605148,整行,1.0/9.9/9.9,,16,,
5月,口腔外科,缺失行,消毒缸-4/W9050,1605148,整行,2.0/13.2/26.4,,17,,
5月,口腔外科,缺失行,拔牙钳-1/Z1029,1605537,整行,2.0/4.8/9.6,,18,,
5月,口腔外科,缺失行,剥离子-1/（双）Z7530,1605537,整行,1.0/6.3/6.3,,19,,
5月,口腔外科,缺失行,镊子缸-2（缸底贴日期）/z1535,1605537,整行,1.0/9.9/9.9,,20,,
5月,口腔外科,缺失行,排针-1/Z7520,1605537,整行,5.0/4.8/24.0,,21,,
5月,口腔外科,缺失行,双头挖勺-1/Z7526,1605537,整行,2.0/4.8/9.6,,22,,
5月,口腔外科,缺失行,牙铤子-1/Z7526,1605537,整行,2.0/4.8/9.6,,23,,
5月,口腔外科,缺失行,注射器-1/Z1026,1605537,整行,2.0/4.8/9.6,,24,,
5月,口腔外科,缺失行,手术包-6件（双信封包装 ！）,1605537,整行,1.0/21.828/21.828,,25,,
5月,口腔外科,缺失行,拔牙钳-1/Z1029,1605677,整行,1.0/4.8/4.8,,26,,
5月,口腔外科,缺失行,剥离子-1/（双）Z7530,1605677,整行,3.0/6.3/18.9,,27,,
5月,口腔外科,缺失行,镊子缸-2（缸底贴日期）/z1535,1605677,整行,2.0/9.9/19.8,,28,,
5月,口腔外科,缺失行,双头挖勺-1/Z7526,1605677,整行,4.0/4.8/19.2,,29,,
5月,口腔外科,缺失行,牙铤子-1/Z7526,1605677,整行,6.0/4.8/28.8,,30,,
5月,口腔外科,缺失行,注射器-1/Z1026,1605677,整行,4.0/4.8/19.2,,31,,
5月,口腔外科,缺失行,消毒缸-2/w7050,1606065,整行,1.0/9.9/9.9,,32,,
5月,口腔外科,缺失行,消毒缸-4/W9050,1606065,整行,2.0/13.2/26.4,,33,,
5月,口腔外科,缺失行,拔牙钳-1/Z1029,1606438,整行,3.0/4.8/14.4,,34,,
5月,口腔外科,缺失行,剪刀-1/Z1029,1606438,整行,1.0/4.8/4.8,,35,,
5月,口腔外科,缺失行,镊子-1/Z7526,1606438,整行,1.0/4.8/4.8,,36,,
5月,口腔外科,缺失行,镊子缸-2（缸底贴日期）/z1535,1606438,整行,1.0/9.9/9.9,,37,,
5月,口腔外科,缺失行,排针-1/Z7520,1606438,整行,5.0/4.8/24.0,,38,,
5月,口腔外科,缺失行,双头挖勺-1/Z7526,1606438,整行,2.0/4.8/9.6,,39,,
5月,口腔外科,缺失行,牙铤子-1/Z7526,1606438,整行,4.0/4.8/19.2,,40,,
5月,口腔外科,缺失行,止血钳-1/Z1029,1606438,整行,1.0/4.8/4.8,,41,,
5月,口腔外科,缺失行,注射器-1/Z1026,1606438,整行,3.0/4.8/14.4,,42,,
5月,口腔外科,缺失行,拔牙钳-1/Z1029,1606851,整行,1.0/4.8/4.8,,43,,
5月,口腔外科,缺失行,剥离子-1/（双）Z7530,1606851,整行,1.0/6.3/6.3,,44,,
5月,口腔外科,缺失行,大弯-1/z1029,1606851,整行,1.0/4.8/4.8,,45,,
5月,口腔外科,缺失行,镊子-1/Z7526,1606851,整行,2.0/4.8/9.6,,46,,
5月,口腔外科,缺失行,镊子缸-2（缸底贴日期）/z1535,1606851,整行,1.0/9.9/9.9,,47,,
5月,口腔外科,缺失行,排针-1/Z7520,1606851,整行,1.0/4.8/4.8,,48,,
5月,口腔外科,缺失行,蚊式-1/Z1026,1606851,整行,1.0/4.8/4.8,,49,,
5月,口腔外科,缺失行,小剪刀-1/Z7526,1606851,整行,2.0/4.8/9.6,,50,,
5月,口腔外科,缺失行,牙铤子-1/Z7526,1606851,整行,2.0/4.8/9.6,,51,,
5月,口腔外科,缺失行,止血钳-1/Z1029,1606851,整行,1.0/4.8/4.8,,52,,
5月,口腔外科,缺失行,手术包-6件（双信封包装 ！）,1606851,整行,1.0/21.828/21.828,,53,,
5月,口腔外科,缺失行,剥离子-1/（双）Z7530,1607205,整行,2.0/6.3/12.6,,54,,
5月,口腔外科,缺失行,剪刀-1/Z1029,1607205,整行,1.0/4.8/4.8,,55,,
5月,口腔外科,缺失行,拉钩-1/z7520,1607205,整行,1.0/4.8/4.8,,56,,
5月,口腔外科,缺失行,镊子缸-2（缸底贴日期）/z1535,1607205,整行,1.0/9.9/9.9,,57,,
5月,口腔外科,缺失行,双头挖勺-1/Z7526,1607205,整行,1.0/4.8/4.8,,58,,
5月,口腔外科,缺失行,牙铤子-1/Z7526,1607205,整行,3.0/4.8/14.4,,59,,
5月,口腔外科,缺失行,注射器-1/Z1026,1607205,整行,1.0/4.8/4.8,,60,,
5月,口腔外科,缺失行,消毒缸-2/w7050,1607205,整行,1.0/9.9/9.9,,61,,
5月,口腔外科,缺失行,消毒缸-4/W9050,1607205,整行,2.0/13.2/26.4,,62,,
5月,口腔外科,缺失行,拔牙钳-1/Z1029,1608051,整行,2.0/4.8/9.6,,63,,
5月,口腔外科,缺失行,剥离子-1/（双）Z7530,1608051,整行,1.0/6.3/6.3,,64,,
5月,口腔外科,缺失行,镊子-1/Z7526,1608051,整行,1.0/4.8/4.8,,65,,
5月,口腔外科,缺失行,镊子缸-2（缸底贴日期）/z1535,1608051,整行,3.0/9.9/29.7,,66,,
5月,口腔外科,缺失行,双头挖勺-1/Z7526,1608051,整行,4.0/4.8/19.2,,67,,
5月,口腔外科,缺失行,牙铤子-1/Z7526,1608051,整行,8.0/4.8/38.4,,68,,
5月,口腔外科,缺失行,眼科剪刀-1/Z7526,1608051,整行,2.0/4.8/9.6,,69,,
5月,口腔外科,缺失行,止血钳-1/Z1029,1608051,整行,1.0/4.8/4.8,,70,,
5月,口腔外科,缺失行,注射器-1/Z1026,1608051,整行,4.0/4.8/19.2,,71,,
5月,口腔外科,缺失行,消毒缸-2/w7050,1608051,整行,1.0/9.9/9.9,,72,,
5月,口腔外科,缺失行,消毒缸-4/W9050,1608051,整行,2.0/13.2/26.4,,73,,
5月,口腔外科,缺失行,手术包-6件（双信封包装 ！）,1608051,整行,1.0/21.828/21.828,,74,,
5月,口腔外科,缺失行,拔牙钳-1/Z1029,1608867,整行,5.0/4.8/24.0,,75,,
5月,口腔外科,缺失行,剥离子-1/（双）Z7530,1608867,整行,1.0/6.3/6.3,,76,,
5月,口腔外科,缺失行,剪刀-1/Z1029,1608867,整行,2.0/4.8/9.6,,77,,
5月,口腔外科,缺失行,镊子缸-2（缸底贴日期）/z1535,1608867,整行,1.0/9.9/9.9,,78,,
5月,口腔外科,缺失行,排针-1/Z7520,1608867,整行,2.0/4.8/9.6,,79,,
5月,口腔外科,缺失行,双头挖勺-1/Z7526,1608867,整行,1.0/4.8/4.8,,80,,
5月,口腔外科,缺失行,牙铤子-1/Z7526,1608867,整行,6.0/4.8/28.8,,81,,
5月,口腔外科,缺失行,凿子-1/z7530,1608867,整行,3.0/4.8/14.4,,82,,
5月,口腔外科,缺失行,注射器-1/Z1026,1608867,整行,1.0/4.8/4.8,,83,,
5月,口腔外科,缺失行,拔牙钳-1/Z1029,1609276,整行,2.0/4.8/9.6,,84,,
5月,口腔外科,缺失行,镊子缸-2（缸底贴日期）/z1535,1609276,整行,1.0/9.9/9.9,,85,,
5月,口腔外科,缺失行,双头挖勺-1/Z7526,1609276,整行,3.0/4.8/14.4,,86,,
5月,口腔外科,缺失行,牙铤子-1/Z7526,1609276,整行,3.0/4.8/14.4,,87,,
5月,口腔外科,缺失行,注射器-1/Z1026,1609276,整行,3.0/4.8/14.4,,88,,
5月,口腔外科,缺失行,消毒缸-2/w7050,1609276,整行,1.0/9.9/9.9,,89,,
5月,口腔外科,缺失行,消毒缸-4/W9050,1609276,整行,2.0/13.2/26.4,,90,,
5月,口腔外科,缺失行,拔牙钳-1/Z1029,1610184,整行,1.0/4.8/4.8,,91,,
5月,口腔外科,缺失行,镊子缸-2（缸底贴日期）/z1535,1610184,整行,1.0/9.9/9.9,,92,,
5月,口腔外科,缺失行,双头挖勺-1/Z7526,1610184,整行,2.0/4.8/9.6,,93,,
5月,口腔外科,缺失行,蚊式-1/Z1026,1610184,整行,2.0/4.8/9.6,,94,,
5月,口腔外科,缺失行,小剪刀-1/Z7526,1610184,整行,1.0/4.8/4.8,,95,,
5月,口腔外科,缺失行,牙铤子-1/Z7526,1610184,整行,2.0/4.8/9.6,,96,,
5月,口腔外科,缺失行,止血钳-1/Z1029,1610184,整行,1.0/4.8/4.8,,97,,
5月,口腔外科,缺失行,消毒缸-2/w7050,1610184,整行,1.0/9.9/9.9,,98,,
5月,口腔外科,缺失行,消毒缸-4/W9050,1610184,整行,2.0/13.2/26.4,,99,,
5月,口腔外科,缺失行,镊子缸-2（缸底贴日期）/z1535,1610623,整行,1.0/9.9/9.9,,100,,
5月,口腔外科,缺失行,排针-1/Z7520,1610623,整行,2.0/4.8/9.6,,101,,
5月,口腔外科,缺失行,小剪刀-1/Z7526,1610623,整行,1.0/4.8/4.8,,102,,
5月,口腔外科,缺失行,牙铤子-1/Z7526,1610623,整行,4.0/4.8/19.2,,103,,
5月,口腔外科,缺失行,手术包-6件（双信封包装 ！）,1610623,整行,1.0/21.828/21.828,,104,,
5月,口腔外科,缺失行,牙铤子-1/Z7526,1610624,整行,1.0/4.8/4.8,,105,,
5月,口腔外科,缺失行,拔牙钳-1/Z1029,1610985,整行,1.0/4.8/4.8,,106,,
5月,口腔外科,缺失行,剥离子-1/（双）Z7530,1610985,整行,1.0/6.3/6.3,,107,,
5月,口腔外科,缺失行,镊子缸-2（缸底贴日期）/z1535,1610985,整行,1.0/9.9/9.9,,108,,
5月,口腔外科,缺失行,双头挖勺-1/Z7526,1610985,整行,1.0/4.8/4.8,,109,,
5月,口腔外科,缺失行,小剪刀-1/Z7526,1610985,整行,1.0/4.8/4.8,,110,,
5月,口腔外科,缺失行,牙铤子-1/Z7526,1610985,整行,2.0/4.8/9.6,,111,,
5月,口腔外科,缺失行,凿子-1/z7530,1610985,整行,1.0/4.8/4.8,,112,,
5月,口腔外科,缺失行,注射器-1/Z1026,1610985,整行,1.0/4.8/4.8,,113,,
5月,口腔外科,缺失行,拔牙钳-1/Z1029,1611369,整行,1.0/4.8/4.8,,114,,
5月,口腔外科,缺失行,剥离子-1/（双）Z7530,1611369,整行,2.0/6.3/12.6,,115,,
5月,口腔外科,缺失行,镊子缸-2（缸底贴日期）/z1535,1611369,整行,1.0/9.9/9.9,,116,,
5月,口腔外科,缺失行,三角铤-1/z1026,1611369,整行,1.0/4.8/4.8,,117,,
5月,口腔外科,缺失行,双头挖勺-1/Z7526,1611369,整行,2.0/4.8/9.6,,118,,
5月,口腔外科,缺失行,蚊式-1/Z1026,1611369,整行,1.0/4.8/4.8,,119,,
5月,口腔外科,缺失行,小剪刀-1/Z7526,1611369,整行,1.0/4.8/4.8,,120,,
5月,口腔外科,缺失行,牙铤子-1/Z7526,1611369,整行,2.0/4.8/9.6,,121,,
5月,口腔外科,缺失行,凿子-1/z7530,1611369,整行,1.0/4.8/4.8,,122,,
5月,口腔外科,缺失行,消毒缸-2/w7050,1611369,整行,1.0/9.9/9.9,,123,,
5月,口腔外科,缺失行,消毒缸-4/W9050,1611369,整行,2.0/13.2/26.4,,124,,
5月,口腔外科,缺失行,手术包-6件（双信封包装 ！）,1611369,整行,1.0/21.828/21.828,,125,,
5月,口腔外科,缺失行,拔牙钳-1/Z1029,1611777,整行,3.0/4.8/14.4,,126,,
5月,口腔外科,缺失行,双头挖勺-1/Z7526,1611777,整行,3.0/4.8/14.4,,127,,
5月,口腔外科,缺失行,牙铤子-1/Z7526,1611777,整行,6.0/4.8/28.8,,128,,
5月,口腔外科,缺失行,注射器-1/Z1026,1611777,整行,3.0/4.8/14.4,,129,,
5月,口腔外科,缺失行,拔牙钳-1/Z1029,1612062,整行,1.0/4.8/4.8,,130,,
5月,口腔外科,缺失行,剥离子-1/（双）Z7530,1612062,整行,1.0/6.3/6.3,,131,,
5月,口腔外科,缺失行,开口器-1/Z1026,1612062,整行,1.0/4.8/4.8,,132,,
5月,口腔外科,缺失行,镊子-1/Z7526,1612062,整行,1.0/4.8/4.8,,133,,
5月,口腔外科,缺失行,镊子缸-2（缸底贴日期）/z1535,1612062,整行,3.0/9.9/29.7,,134,,
5月,口腔外科,缺失行,双头挖勺-1/Z7526,1612062,整行,2.0/4.8/9.6,,135,,
5月,口腔外科,缺失行,牙铤子-1/Z7526,1612062,整行,6.0/4.8/28.8,,136,,
5月,口腔外科,缺失行,注射器-1/Z1026,1612062,整行,2.0/4.8/9.6,,137,,
5月,口腔外科,缺失行,手术包-6件（双信封包装 ！）,1612062,整行,1.0/21.828/21.828,,138,,
5月,口腔外科,缺失行,消毒缸-2/w7050,1612189,整行,1.0/9.9/9.9,,139,,
5月,口腔外科,缺失行,消毒缸-4/W9050,1612189,整行,2.0/13.2/26.4,,140,,
5月,口腔外科,缺失行,拔牙钳-1/Z1029,1612686,整行,4.0/4.8/19.2,,141,,
5月,口腔外科,缺失行,残根钳-1/Z1526,1612686,整行,1.0/6.6/6.6,,142,,
5月,口腔外科,缺失行,镊子缸-2（缸底贴日期）/z1535,1612686,整行,1.0/9.9/9.9,,143,,
5月,口腔外科,缺失行,排针-1/Z7520,1612686,整行,2.0/4.8/9.6,,144,,
5月,口腔外科,缺失行,双头挖勺-1/Z7526,1612686,整行,4.0/4.8/19.2,,145,,
5月,口腔外科,缺失行,小剪刀-1/Z7526,1612686,整行,1.0/4.8/4.8,,146,,
5月,口腔外科,缺失行,牙铤子-1/Z7526,1612686,整行,6.0/4.8/28.8,,147,,
5月,口腔外科,缺失行,注射器-1/Z1026,1612686,整行,3.0/4.8/14.4,,148,,
5月,口腔外科,缺失行,手术包-6件（双信封包装 ！）,1612686,整行,1.0/21.828/21.828,,149,,
5月,口腔外科,缺失行,拔牙钳-1/Z1029,1612995,整行,4.0/4.8/19.2,,150,,
5月,口腔外科,缺失行,镊子缸-2（缸底贴日期）/z1535,1612995,整行,1.0/9.9/9.9,,151,,
5月,口腔外科,缺失行,双头挖勺-1/Z7526,1612995,整行,4.0/4.8/19.2,,152,,
5月,口腔外科,缺失行,牙铤子-1/Z7526,1612995,整行,4.0/4.8/19.2,,153,,
5月,口腔外科,缺失行,注射器-1/Z1026,1612995,整行,3.0/4.8/14.4,,154,,
5月,口腔外科,缺失行,消毒缸-2/w7050,1612995,整行,1.0/9.9/9.9,,155,,
5月,口腔外科,缺失行,消毒缸-4/W9050,1612995,整行,2.0/13.2/26.4,,156,,
5月,口腔外科,缺失行,排针-1/Z7520,1613411,整行,1.0/4.8/4.8,,157,,
5月,口腔外科,缺失行,蚊式-1/Z1026,1613411,整行,1.0/4.8/4.8,,158,,
5月,口腔外科,缺失行,小剪刀-1/Z7526,1613411,整行,3.0/4.8/14.4,,159,,
5月,口腔外科,缺失行,牙铤子-1/Z7526,1613411,整行,1.0/4.8/4.8,,160,,
5月,口腔外科,缺失行,止血钳-1/Z1029,1613411,整行,1.0/4.8/4.8,,161,,
5月,口腔科,缺失行,消毒缸-16/w12050,1605143,整行,1.0/52.8/52.8,,9,,
5月,口腔科,缺失行,消毒缸-16/w12050,1606056,整行,1.0/52.8/52.8,,10,,
5月,口腔科,缺失行,消毒缸-16/w12050,1607224,整行,1.0/52.8/52.8,,11,,
5月,口腔科,缺失行,消毒缸-16/w12050,1608059,整行,1.0/52.8/52.8,,12,,
5月,口腔科,缺失行,消毒缸-16/w12050,1609270,整行,1.0/52.8/52.8,,13,,
5月,口腔科,缺失行,消毒缸-16/w12050,1610187,整行,1.0/52.8/52.8,,14,,
5月,口腔科,缺失行,消毒缸-16/w12050,1611364,整行,1.0/52.8/52.8,,15,,
5月,口腔科,缺失行,消毒缸-16/w12050,1612192,整行,1.0/52.8/52.8,,16,,
5月,口腔科,缺失行,消毒缸-16/w12050,1613078,整行,1.0/52.8/52.8,,17,,
5月,口腔科,多余行,消毒缸-16/w12050,1597490,整行,,1.0/52.8/52.8,,9,
5月,口腔科,多余行,消毒缸-16/w12050,1598416,整行,,1.0/52.8/52.8,,10,
5月,口腔科,多余行,消毒缸-16/w12050,1599674,整行,,1.0/52.8/52.8,,11,
5月,口腔科,多余行,消毒缸-16/w12050,1600903,整行,,1.0/52.8/52.8,,12,
5月,口腔科,多余行,消毒缸-16/w12050,1601994,整行,,1.0/52.8/52.8,,13,
5月,口腔科,多余行,消毒缸-16/w12050,1603081,整行,,1.0/52.8/52.8,,14,
5月,口腔科,多余行,消毒缸-16/w12050,1603994,整行,,1.0/52.8/52.8,,15,
5月,口腔科,汇总不一致-总价,口腔科,,总价,475.2,369.6,8,8,
5月,呼吸科,缺失行,开口器-1/Z1026,1609603,整行,1.0/4.8/4.8,,9,,
5月,呼吸科,缺失行,喉镜片（低温）-1/Z1530,1609603,整行,3.0/15.0/45.0,,10,,
5月,外科门诊,缺失行,消毒缸-4/W9050,1605142,整行,1.0/13.2/13.2,,9,,
5月,外科门诊,缺失行,消毒缸-4/W9050,1606060,整行,1.0/13.2/13.2,,10,,
5月,外科门诊,缺失行,持针器-1/Z1029,1606444,整行,1.0/4.8/4.8,,11,,
5月,外科门诊,缺失行,剪刀-1/Z1029,1606444,整行,1.0/4.8/4.8,,12,,
5月,外科门诊,缺失行,蚊式-1/Z1026,1606444,整行,2.0/4.8/9.6,,13,,
5月,外科门诊,缺失行,手术包-10件（80*80布）,1606444,整行,2.0/33.0/66.0,,14,,
5月,外科门诊,缺失行,剪刀-1/Z1029,1607208,整行,1.0/4.8/4.8,,15,,
5月,外科门诊,缺失行,蚊式-1/Z1026,1607208,整行,1.0/4.8/4.8,,16,,
5月,外科门诊,缺失行,消毒缸-4/W9050,1607208,整行,1.0/13.2/13.2,,17,,
5月,外科门诊,缺失行,蚊式-1/Z1026,1608055,整行,1.0/4.8/4.8,,18,,
5月,外科门诊,缺失行,消毒缸-4/W9050,1608055,整行,1.0/13.2/13.2,,19,,
5月,外科门诊,缺失行,剪刀-1/Z1029,1608472,整行,1.0/4.8/4.8,,20,,
5月,外科门诊,缺失行,蚊式-1/Z1026,1608472,整行,2.0/4.8/9.6,,21,,
5月,外科门诊,缺失行,消毒缸-4/W9050,1609277,整行,1.0/13.2/13.2,,22,,
5月,外科门诊,缺失行,拆钉器-1/Z1526,1609606,整行,1.0/6.6/6.6,,23,,
5月,外科门诊,缺失行,刀柄-1/Z7526,1609606,整行,1.0/4.8/4.8,,24,,
5月,外科门诊,缺失行,剪刀-1/Z1029,1609606,整行,1.0/4.8/4.8,,25,,
5月,外科门诊,缺失行,蚊式-1/Z1026,1609606,整行,1.0/4.8/4.8,,26,,
5月,外科门诊,缺失行,手术包-8件,1609606,整行,1.0/26.4/26.4,,27,,
5月,外科门诊,缺失行,蚊式-1/Z1026,1610186,整行,1.0/4.8/4.8,,28,,
5月,外科门诊,缺失行,消毒缸-4/W9050,1610186,整行,1.0/13.2/13.2,,29,,
5月,外科门诊,缺失行,大直钳-1/Z1035,1610617,整行,1.0/4.8/4.8,,30,,
5月,外科门诊,缺失行,蚊式-1/Z1026,1610617,整行,1.0/4.8/4.8,,31,,
5月,外科门诊,缺失行,手术包-10件（80*80布）,1610967,整行,1.0/33.0/33.0,,32,,
5月,外科门诊,缺失行,消毒缸-4/W9050,1611360,整行,1.0/13.2/13.2,,33,,
5月,外科门诊,缺失行,蚊式-1/Z1026,1611844,整行,2.0/4.8/9.6,,34,,
5月,外科门诊,缺失行,消毒缸-4/W9050,1612185,整行,1.0/13.2/13.2,,35,,
5月,外科门诊,缺失行,消毒缸-3/ZW7050,1613005,整行,1.0/9.9/9.9,,36,,
5月,外科门诊,多余行,蚊式-1/Z1026,1597141,整行,,1.0/4.8/4.8,,9,
5月,外科门诊,多余行,消毒缸-4/W9050,1597504,整行,,1.0/13.2/13.2,,10,
5月,外科门诊,多余行,消毒缸-4/W9050,1598422,整行,,1.0/13.2/13.2,,11,
5月,外科门诊,多余行,蚊式-1/Z1026,1599207,整行,,1.0/4.8/4.8,,12,
5月,外科门诊,多余行,蚊式-1/Z1026,1599676,整行,,2.0/4.8/9.6,,13,
5月,外科门诊,多余行,消毒缸-4/W9050,1599676,整行,,1.0/13.2/13.2,,14,
5月,外科门诊,多余行,刀柄-1/Z7526,1600440,整行,,1.0/4.8/4.8,,15,
5月,外科门诊,多余行,消毒缸-4/W9050,1600904,整行,,1.0/13.2/13.2,,16,
5月,外科门诊,多余行,手术包-10件（80*80布）,1601242,整行,,1.0/33.0/33.0,,17,
5月,外科门诊,多余行,蚊式-1/Z1026,1601646,整行,,1.0/4.8/4.8,,18,
5月,外科门诊,多余行,手术包（5号）-12件（80*80布）,1601646,整行,,1.0/39.6/39.6,,19,
5月,外科门诊,多余行,手术包-10件（80*80布）,1601646,整行,,1.0/33.0/33.0,,20,
5月,外科门诊,多余行,消毒缸-4/W9050,1601992,整行,,1.0/13.2/13.2,,21,
5月,外科门诊,多余行,蚊式-1/Z1026,1602356,整行,,1.0/4.8/4.8,,22,
5月,外科门诊,多余行,刀柄-1/Z7526,1603087,整行,,1.0/4.8/4.8,,23,
5月,外科门诊,多余行,镊子-1/Z7526,1603087,整行,,1.0/4.8/4.8,,24,
5月,外科门诊,多余行,蚊式-1/Z1026,1603087,整行,,1.0/4.8/4.8,,25,
5月,外科门诊,多余行,消毒缸-4/W9050,1603087,整行,,1.0/13.2/13.2,,26,
5月,外科门诊,多余行,蚊式-1/Z1026,1603461,整行,,1.0/4.8/4.8,,27,
5月,外科门诊,多余行,手术包-10件（80*80布）,1603461,整行,,1.0/33.0/33.0,,28,
5月,外科门诊,多余行,剪刀-1/Z1029,1603986,整行,,1.0/4.8/4.8,,29,
5月,外科门诊,多余行,消毒缸-4/W9050,1603986,整行,,1.0/13.2/13.2,,30,
5月,外科门诊,多余行,蚊式-1/Z1026,1604373,整行,,2.0/4.8/9.6,,31,
5月,外科门诊,多余行,手术包-10件（80*80布）,1604373,整行,,1.0/33.0/33.0,,32,
5月,外科门诊,汇总不一致-总价,外科门诊,,总价,333.9,331.2,8,8,
5月,妇科病房,缺失行,大镊子-1/Z7534,1605147,整行,1.0/4.8/4.8,,9,,
5月,妇科病房,缺失行,消毒缸-5/w9050,1605147,整行,1.0/16.5/16.5,,10,,
5月,妇科病房,缺失行,大镊子-1/Z7534,1605535,整行,1.0/4.8/4.8,,11,,
5月,妇科病房,缺失行,消毒缸-5/w9050,1606061,整行,1.0/16.5/16.5,,12,,
5月,妇科病房,缺失行,大镊子-1/Z7534,1606171,整行,1.0/4.8/4.8,,13,,
5月,妇科病房,缺失行,剪刀-1/Z1029,1606171,整行,2.0/4.8/9.6,,14,,
5月,妇科病房,缺失行,止血钳-1/Z1029,1606171,整行,2.0/4.8/9.6,,15,,
5月,妇科病房,缺失行,大镊子-1/Z7534,1606440,整行,2.0/4.8/9.6,,16,,
5月,妇科病房,缺失行,大镊子-1/Z7534,1606850,整行,1.0/4.8/4.8,,17,,
5月,妇科病房,缺失行,止血钳-1/Z1029,1606850,整行,1.0/4.8/4.8,,18,,
5月,妇科病房,缺失行,大镊子-1/Z7534,1607207,整行,1.0/4.8/4.8,,19,,
5月,妇科病房,缺失行,消毒缸-5/w9050,1607207,整行,1.0/16.5/16.5,,20,,
5月,妇科病房,缺失行,大镊子-1/Z7534,1607572,整行,1.0/4.8/4.8,,21,,
5月,妇科病房,缺失行,大弯-1/z1029,1607572,整行,1.0/4.8/4.8,,22,,
5月,妇科病房,缺失行,剪刀-1/Z1029,1607572,整行,1.0/4.8/4.8,,23,,
5月,妇科病房,缺失行,消毒缸-5/w9050,1608061,整行,1.0/16.5/16.5,,24,,
5月,妇科病房,缺失行,镊子-1/Z7526,1608469,整行,1.0/4.8/4.8,,25,,
5月,妇科病房,缺失行,止血钳-1/Z1029,1608469,整行,1.0/4.8/4.8,,26,,
5月,妇科病房,缺失行,大镊子-1/Z7534,1609274,整行,2.0/4.8/9.6,,27,,
5月,妇科病房,缺失行,消毒缸-5/w9050,1609274,整行,1.0/16.5/16.5,,28,,
5月,妇科病房,缺失行,剪刀-1/Z1029,1610031,整行,1.0/4.8/4.8,,29,,
5月,妇科病房,缺失行,止血钳-1/Z1029,1610031,整行,1.0/4.8/4.8,,30,,
5月,妇科病房,缺失行,消毒缸-5/w9050,1610192,整行,1.0/16.5/16.5,,31,,
5月,妇科病房,缺失行,大镊子-1/Z7534,1610619,整行,1.0/4.8/4.8,,32,,
5月,妇科病房,缺失行,大镊子-1/Z7534,1610970,整行,1.0/4.8/4.8,,33,,
5月,妇科病房,缺失行,大镊子-1/Z7534,1611368,整行,1.0/4.8/4.8,,34,,
5月,妇科病房,缺失行,消毒缸-5/w9050,1611368,整行,1.0/16.5/16.5,,35,,
5月,妇科病房,缺失行,消毒缸-5/w9050,1612184,整行,1.0/16.5/16.5,,36,,
5月,妇科病房,缺失行,大镊子-1/Z7534,1612617,整行,1.0/4.8/4.8,,37,,
5月,妇科病房,缺失行,消毒缸-5/w9050,1613016,整行,1.0/16.5/16.5,,38,,
5月,妇科病房,缺失行,大镊子-1/Z7534,1613409,整行,1.0/4.8/4.8,,39,,
5月,妇科病房,多余行,大镊子-1/Z7534,1596770,整行,,1.0/4.8/4.8,,9,
5月,妇科病房,多余行,止血钳-1/Z1029,1596770,整行,,1.0/4.8/4.8,,10,
5月,妇科病房,多余行,大镊子-1/Z7534,1597499,整行,,2.0/4.8/9.6,,11,
5月,妇科病房,多余行,剪刀-1/Z1029,1597499,整行,,1.0/4.8/4.8,,12,
5月,妇科病房,多余行,止血钳-1/Z1029,1597499,整行,,5.0/4.8/24.0,,13,
5月,妇科病房,多余行,消毒缸-5/w9050,1597499,整行,,1.0/16.5/16.5,,14,
5月,妇科病房,多余行,大镊子-1/Z7534,1598419,整行,,1.0/4.8/4.8,,15,
5月,妇科病房,多余行,止血钳-1/Z1029,1598419,整行,,1.0/4.8/4.8,,16,
5月,妇科病房,多余行,消毒缸-5/w9050,1598419,整行,,1.0/16.5/16.5,,17,
5月,妇科病房,多余行,刮勺-1/Z7530,1598778,整行,,2.0/4.8/9.6,,18,
5月,妇科病房,多余行,消毒缸-5/w9050,1599679,整行,,1.0/16.5/16.5,,19,
5月,妇科病房,多余行,消毒缸-5/w9050,1600909,整行,,1.0/16.5/16.5,,20,
5月,妇科病房,多余行,大镊子-1/Z7534,1601239,整行,,1.0/4.8/4.8,,21,
5月,妇科病房,多余行,宫颈钳-1/Z1535,1601239,整行,,1.0/6.6/6.6,,22,
5月,妇科病房,多余行,活检钳-1/Z2032,1601239,整行,,1.0/7.8/7.8,,23,
5月,妇科病房,多余行,窥器-1/Z1526,1601239,整行,,1.0/6.6/6.6,,24,
5月,妇科病房,多余行,消毒缸-5/w9050,1601995,整行,,1.0/16.5/16.5,,25,
5月,妇科病房,多余行,大镊子-1/Z7534,1603082,整行,,1.0/4.8/4.8,,26,
5月,妇科病房,多余行,消毒缸-5/w9050,1603082,整行,,1.0/16.5/16.5,,27,
5月,妇科病房,多余行,消毒缸-5/w9050,1603993,整行,,1.0/16.5/16.5,,28,
5月,妇科病房,多余行,大镊子-1/Z7534,1604374,整行,,1.0/4.8/4.8,,29,
5月,妇科病房,汇总不一致-总价,妇科病房,,总价,273.3,218.1,8,8,
5月,妇科门诊,缺失行,宫颈钳-1/Z1535,1605146,整行,1.0/6.6/6.6,,9,,
5月,妇科门诊,缺失行,探针-1/Z7537,1605146,整行,1.0/4.8/4.8,,10,,
5月,妇科门诊,缺失行,消毒缸-4/W9050,1605146,整行,1.0/13.2/13.2,,11,,
5月,妇科门诊,缺失行,取环钩-1(不套保护套)/z7537,1605533,整行,1.0/4.8/4.8,,12,,
5月,妇科门诊,缺失行,止血钳-1/Z1029,1605533,整行,2.0/4.8/9.6,,13,,
5月,妇科门诊,缺失行,上取环包-9件,1605533,整行,1.0/29.7/29.7,,14,,
5月,妇科门诊,缺失行,病理钳-1/Z2032,1605922,整行,2.0/7.8/15.6,,15,,
5月,妇科门诊,缺失行,大镊子-1/Z7534,1605922,整行,3.0/4.8/14.4,,16,,
5月,妇科门诊,缺失行,宫颈钳-1/Z1535,1605922,整行,2.0/6.6/13.2,,17,,
5月,妇科门诊,缺失行,取环钩-1(不套保护套)/z7537,1605922,整行,1.0/4.8/4.8,,18,,
5月,妇科门诊,缺失行,止血钳-1/Z1029,1605922,整行,2.0/4.8/9.6,,19,,
5月,妇科门诊,缺失行,流产包（12件）,1605922,整行,1.0/39.6/39.6,,20,,
5月,妇科门诊,缺失行,上取环包-9件,1605922,整行,1.0/29.7/29.7,,21,,
5月,妇科门诊,缺失行,消毒缸-4/W9050,1606064,整行,1.0/13.2/13.2,,22,,
5月,妇科门诊,缺失行,大镊子-1/Z7534,1606445,整行,7.0/4.8/33.6,,23,,
5月,妇科门诊,缺失行,止血钳-1/Z1029,1606445,整行,1.0/4.8/4.8,,24,,
5月,妇科门诊,缺失行,流产包（12件）,1606445,整行,1.0/39.6/39.6,,25,,
5月,妇科门诊,缺失行,大镊子-1/Z7534,1606848,整行,1.0/4.8/4.8,,26,,
5月,妇科门诊,缺失行,剪刀-1/Z1029,1606848,整行,1.0/4.8/4.8,,27,,
5月,妇科门诊,缺失行,止血钳-1/Z1029,1606848,整行,1.0/4.8/4.8,,28,,
5月,妇科门诊,缺失行,大镊子-1/Z7534,1607217,整行,6.0/4.8/28.8,,29,,
5月,妇科门诊,缺失行,取环钩-1(不套保护套)/z7537,1607217,整行,1.0/4.8/4.8,,30,,
5月,妇科门诊,缺失行,消毒缸-4/W9050,1607217,整行,1.0/13.2/13.2,,31,,
5月,妇科门诊,缺失行,上取环包-9件,1607217,整行,1.0/29.7/29.7,,32,,
5月,妇科门诊,缺失行,7号吸头-1/Z7530,1607584,整行,1.0/4.8/4.8,,33,,
5月,妇科门诊,缺失行,大镊子-1/Z7534,1607584,整行,2.0/4.8/9.6,,34,,
5月,妇科门诊,缺失行,扩棒（5.5号）-1件/Z7526,1607584,整行,1.0/4.8/4.8,,35,,
5月,妇科门诊,缺失行,取环钩-1(不套保护套)/z7537,1607584,整行,1.0/4.8/4.8,,36,,
5月,妇科门诊,缺失行,上环叉-1/Z7537,1607584,整行,1.0/4.8/4.8,,37,,
5月,妇科门诊,缺失行,止血钳-1/Z1029,1607584,整行,1.0/4.8/4.8,,38,,
5月,妇科门诊,缺失行,上取环包-9件,1607584,整行,1.0/29.7/29.7,,39,,
5月,妇科门诊,缺失行,取环钩-1(不套保护套)/z7537,1607953,整行,2.0/4.8/9.6,,40,,
5月,妇科门诊,缺失行,止血钳-1/Z1029,1607953,整行,3.0/4.8/14.4,,41,,
5月,妇科门诊,缺失行,流产包（12件）,1607953,整行,1.0/39.6/39.6,,42,,
5月,妇科门诊,缺失行,上取环包-9件,1607953,整行,2.0/29.7/59.4,,43,,
5月,妇科门诊,缺失行,消毒缸-4/W9050,1608060,整行,1.0/13.2/13.2,,44,,
5月,妇科门诊,缺失行,大镊子-1/Z7534,1608494,整行,5.0/4.8/24.0,,45,,
5月,妇科门诊,缺失行,宫颈钳-1/Z1535,1608494,整行,2.0/6.6/13.2,,46,,
5月,妇科门诊,缺失行,剪刀-1/Z1029,1608494,整行,1.0/4.8/4.8,,47,,
5月,妇科门诊,缺失行,探针-1/Z7537,1608494,整行,2.0/4.8/9.6,,48,,
5月,妇科门诊,缺失行,上环叉-1/Z7537,1609272,整行,1.0/4.8/4.8,,49,,
5月,妇科门诊,缺失行,消毒缸-4/W9050,1609272,整行,1.0/13.2/13.2,,50,,
5月,妇科门诊,缺失行,上取环包-9件,1609272,整行,2.0/29.7/59.4,,51,,
5月,妇科门诊,缺失行,宫颈钳-1/Z1535,1610030,整行,1.0/6.6/6.6,,52,,
5月,妇科门诊,缺失行,剪刀-1/Z1029,1610030,整行,1.0/4.8/4.8,,53,,
5月,妇科门诊,缺失行,镊子-1/Z7526,1610030,整行,1.0/4.8/4.8,,54,,
5月,妇科门诊,缺失行,止血钳-1/Z1029,1610030,整行,1.0/4.8/4.8,,55,,
5月,妇科门诊,缺失行,流产包（12件）,1610030,整行,1.0/39.6/39.6,,56,,
5月,妇科门诊,缺失行,探针-1/Z7537,1610108,整行,1.0/4.8/4.8,,57,,
5月,妇科门诊,缺失行,消毒缸-4/W9050,1610189,整行,1.0/13.2/13.2,,58,,
5月,妇科门诊,缺失行,大镊子-1/Z7534,1610610,整行,2.0/4.8/9.6,,59,,
5月,妇科门诊,缺失行,剪刀-1/Z1029,1610610,整行,1.0/4.8/4.8,,60,,
5月,妇科门诊,缺失行,取环钩-1(不套保护套)/z7537,1610610,整行,5.0/4.8/24.0,,61,,
5月,妇科门诊,缺失行,止血钳-1/Z1029,1610610,整行,2.0/4.8/9.6,,62,,
5月,妇科门诊,缺失行,上取环包-9件,1610610,整行,3.0/29.7/89.1,,63,,
5月,妇科门诊,缺失行,流产包（12件）,1610968,整行,1.0/39.6/39.6,,64,,
5月,妇科门诊,缺失行,病理钳-1/Z2032,1611367,整行,2.0/7.8/15.6,,65,,
5月,妇科门诊,缺失行,大镊子-1/Z7534,1611367,整行,2.0/4.8/9.6,,66,,
5月,妇科门诊,缺失行,宫颈钳-1/Z1535,1611367,整行,2.0/6.6/13.2,,67,,
5月,妇科门诊,缺失行,消毒缸-4/W9050,1611367,整行,1.0/13.2/13.2,,68,,
5月,妇科门诊,缺失行,流产包（12件）,1611367,整行,1.0/39.6/39.6,,69,,
5月,妇科门诊,缺失行,流产包（12件）,1611753,整行,1.0/39.6/39.6,,70,,
5月,妇科门诊,缺失行,大镊子-1/Z7534,1612059,整行,6.0/4.8/28.8,,71,,
5月,妇科门诊,缺失行,宫颈钳-1/Z1535,1612059,整行,1.0/6.6/6.6,,72,,
5月,妇科门诊,缺失行,剪刀-1/Z1029,1612059,整行,2.0/4.8/9.6,,73,,
5月,妇科门诊,缺失行,取环钩-1(不套保护套)/z7537,1612059,整行,2.0/4.8/9.6,,74,,
5月,妇科门诊,缺失行,上取环包-9件,1612059,整行,2.0/29.7/59.4,,75,,
5月,妇科门诊,缺失行,消毒缸-4/W9050,1612188,整行,1.0/13.2/13.2,,76,,
5月,妇科门诊,缺失行,宫颈钳-1/Z1535,1612619,整行,1.0/6.6/6.6,,77,,
5月,妇科门诊,缺失行,取环钩-1(不套保护套)/z7537,1612619,整行,2.0/4.8/9.6,,78,,
5月,妇科门诊,缺失行,上取环包-9件,1612619,整行,2.0/29.7/59.4,,79,,
5月,妇科门诊,缺失行,消毒缸-4/W9050,1613007,整行,1.0/13.2/13.2,,80,,
5月,妇科门诊,缺失行,大镊子-1/Z7534,1613408,整行,1.0/4.8/4.8,,81,,
5月,妇科门诊,缺失行,宫颈钳-1/Z1535,1613408,整行,2.0/6.6/13.2,,82,,
5月,妇科门诊,缺失行,扩棒（4.5号）-1件/Z7526,1613408,整行,1.0/4.8/4.8,,83,,
5月,妇科门诊,缺失行,探针-1/Z7537,1613408,整行,2.0/4.8/9.6,,84,,
5月,妇科门诊,缺失行,流产包（12件）,1613748,整行,1.0/39.6/39.6,,85,,
5月,妇科门诊,多余行,大镊子-1/Z7534,1596807,整行,,3.0/4.8/14.4,,9,
5月,妇科门诊,多余行,剪刀-1/Z1029,1596807,整行,,2.0/4.8/9.6,,10,
5月,妇科门诊,多余行,止血钳-1/Z1029,1596807,整行,,2.0/4.8/9.6,,11,
5月,妇科门诊,多余行,流产包（12件）,1596807,整行,,1.0/39.6/39.6,,12,
5月,妇科门诊,多余行,大镊子-1/Z7534,1597147,整行,,1.0/4.8/4.8,,13,
5月,妇科门诊,多余行,取环钩-1(不套保护套)/z7537,1597147,整行,,1.0/4.8/4.8,,14,
5月,妇科门诊,多余行,上取环包-9件,1597147,整行,,1.0/29.7/29.7,,15,
5月,妇科门诊,多余行,消毒缸-4/W9050,1597505,整行,,1.0/13.2/13.2,,16,
5月,妇科门诊,多余行,病理钳-1/Z2032,1598272,整行,,1.0/7.8/7.8,,17,
5月,妇科门诊,多余行,大镊子-1/Z7534,1598272,整行,,1.0/4.8/4.8,,18,
5月,妇科门诊,多余行,宫颈钳-1/Z1535,1598272,整行,,1.0/6.6/6.6,,19,
5月,妇科门诊,多余行,窥器-1/Z1526,1598272,整行,,1.0/6.6/6.6,,20,
5月,妇科门诊,多余行,流产包（12件）,1598272,整行,,1.0/39.6/39.6,,21,
5月,妇科门诊,多余行,消毒缸-4/W9050,1598418,整行,,1.0/13.2/13.2,,22,
5月,妇科门诊,多余行,大镊子-1/Z7534,1598783,整行,,6.0/4.8/28.8,,23,
5月,妇科门诊,多余行,宫颈钳-1/Z1535,1598783,整行,,1.0/6.6/6.6,,24,
5月,妇科门诊,多余行,剪刀-1/Z1029,1598783,整行,,1.0/4.8/4.8,,25,
5月,妇科门诊,多余行,上取环包-9件,1598783,整行,,1.0/29.7/29.7,,26,
5月,妇科门诊,多余行,大镊子-1/Z7534,1599206,整行,,4.0/4.8/19.2,,27,
5月,妇科门诊,多余行,剪刀-1/Z1029,1599206,整行,,1.0/4.8/4.8,,28,
5月,妇科门诊,多余行,取环钩-1(不套保护套)/z7537,1599673,整行,,1.0/4.8/4.8,,29,
5月,妇科门诊,多余行,消毒缸-4/W9050,1599673,整行,,1.0/13.2/13.2,,30,
5月,妇科门诊,多余行,上取环包-9件,1599673,整行,,1.0/29.7/29.7,,31,
5月,妇科门诊,多余行,大镊子-1/Z7534,1600438,整行,,3.0/4.8/14.4,,32,
5月,妇科门诊,多余行,宫颈钳-1/Z1535,1600438,整行,,2.0/6.6/13.2,,33,
5月,妇科门诊,多余行,剪刀-1/Z1029,1600438,整行,,1.0/4.8/4.8,,34,
5月,妇科门诊,多余行,窥器-1/Z1526,1600438,整行,,1.0/6.6/6.6,,35,
5月,妇科门诊,多余行,取环钩-1(不套保护套)/z7537,1600438,整行,,1.0/4.8/4.8,,36,
5月,妇科门诊,多余行,止血钳-1/Z1029,1600438,整行,,2.0/4.8/9.6,,37,
5月,妇科门诊,多余行,上取环包-9件,1600438,整行,,2.0/29.7/59.4,,38,
5月,妇科门诊,多余行,消毒缸-4/W9050,1600908,整行,,1.0/13.2/13.2,,39,
5月,妇科门诊,多余行,大镊子-1/Z7534,1600979,整行,,1.0/4.8/4.8,,40,
5月,妇科门诊,多余行,流产包（12件）,1600979,整行,,2.0/39.6/79.2,,41,
5月,妇科门诊,多余行,大镊子-1/Z7534,1601645,整行,,5.0/4.8/24.0,,42,
5月,妇科门诊,多余行,宫颈钳-1/Z1535,1601645,整行,,1.0/6.6/6.6,,43,
5月,妇科门诊,多余行,扩棒（4号）-1件/Z7526,1601645,整行,,1.0/4.8/4.8,,44,
5月,妇科门诊,多余行,取环钩-1(不套保护套)/z7537,1601645,整行,,1.0/4.8/4.8,,45,
5月,妇科门诊,多余行,探针-1/Z7537,1601645,整行,,1.0/4.8/4.8,,46,
5月,妇科门诊,多余行,流产包（12件）,1601645,整行,,2.0/39.6/79.2,,47,
5月,妇科门诊,多余行,消毒缸-4/W9050,1601996,整行,,1.0/13.2/13.2,,48,
5月,妇科门诊,多余行,流产包（12件）,1601996,整行,,1.0/39.6/39.6,,49,
5月,妇科门诊,多余行,病理钳-1/Z2032,1602359,整行,,1.0/7.8/7.8,,50,
5月,妇科门诊,多余行,大镊子-1/Z7534,1602359,整行,,2.0/4.8/9.6,,51,
5月,妇科门诊,多余行,取环钩-1(不套保护套)/z7537,1602359,整行,,1.0/4.8/4.8,,52,
5月,妇科门诊,多余行,上取环包-9件,1602359,整行,,1.0/29.7/29.7,,53,
5月,妇科门诊,多余行,取环钩-1(不套保护套)/z7537,1602669,整行,,1.0/4.8/4.8,,54,
5月,妇科门诊,多余行,止血钳-1/Z1029,1602669,整行,,1.0/4.8/4.8,,55,
5月,妇科门诊,多余行,上取环包-9件,1602669,整行,,1.0/29.7/29.7,,56,
5月,妇科门诊,多余行,消毒缸-4/W9050,1603083,整行,,1.0/13.2/13.2,,57,
5月,妇科门诊,多余行,取环钩-1(不套保护套)/z7537,1603486,整行,,3.0/4.8/14.4,,58,
5月,妇科门诊,多余行,止血钳-1/Z1029,1603486,整行,,2.0/4.8/9.6,,59,
5月,妇科门诊,多余行,流产包（12件）,1603486,整行,,1.0/39.6/39.6,,60,
5月,妇科门诊,多余行,上取环包-9件,1603486,整行,,2.0/29.7/59.4,,61,
5月,妇科门诊,多余行,大镊子-1/Z7534,1603848,整行,,3.0/4.8/14.4,,62,
5月,妇科门诊,多余行,扩棒（3号）-1件/Z7526,1603848,整行,,1.0/4.8/4.8,,63,
5月,妇科门诊,多余行,扩棒（6.5号）-1件/Z7526,1603848,整行,,1.0/4.8/4.8,,64,
5月,妇科门诊,多余行,取环钩-1(不套保护套)/z7537,1603848,整行,,2.0/4.8/9.6,,65,
5月,妇科门诊,多余行,流产包（12件）,1603848,整行,,1.0/39.6/39.6,,66,
5月,妇科门诊,多余行,上取环包-9件,1603848,整行,,1.0/29.7/29.7,,67,
5月,妇科门诊,多余行,大镊子-1/Z7534,1603985,整行,,1.0/4.8/4.8,,68,
5月,妇科门诊,多余行,剪刀-1/Z1029,1603985,整行,,1.0/4.8/4.8,,69,
5月,妇科门诊,多余行,扩棒（4.5号）-1件/Z7526,1603985,整行,,1.0/4.8/4.8,,70,
5月,妇科门诊,多余行,扩棒（8号）-1件/Z7526,1603985,整行,,1.0/4.8/4.8,,71,
5月,妇科门诊,多余行,卵圆钳-1/Z1535,1603985,整行,,1.0/6.6/6.6,,72,
5月,妇科门诊,多余行,取环钩-1(不套保护套)/z7537,1603985,整行,,2.0/4.8/9.6,,73,
5月,妇科门诊,多余行,消毒缸-4/W9050,1603985,整行,,1.0/13.2/13.2,,74,
5月,妇科门诊,多余行,取环钩-1(不套保护套)/z7537,1604377,整行,,1.0/4.8/4.8,,75,
5月,妇科门诊,多余行,上取环包-9件,1604377,整行,,1.0/29.7/29.7,,76,
5月,妇科门诊,多余行,大镊子-1/Z7534,1604734,整行,,1.0/4.8/4.8,,77,
5月,妇科门诊,多余行,取环钩-1(不套保护套)/z7537,1604734,整行,,1.0/4.8/4.8,,78,
5月,妇科门诊,多余行,上取环包-9件,1604734,整行,,2.0/29.7/59.4,,79,
5月,妇科门诊,汇总不一致-总价,妇科门诊,,总价,1380.3,1215.3,8,8,
5月,心内科,多余行,剪刀-1/Z1029,1600916,整行,,1.0/4.8/4.8,,9,
5月,心内科,多余行,开口器-1/Z1026,1600916,整行,,1.0/4.8/4.8,,10,
5月,心内科,多余行,镊子-1/Z7526,1600916,整行,,1.0/4.8/4.8,,11,
5月,心内科,多余行,止血钳-1/Z1029,1600916,整行,,1.0/4.8/4.8,,12,
5月,心内科,多余行,止血钳-1/Z1029,1600983,整行,,1.0/4.8/4.8,,13,
5月,急诊,缺失行,剪刀-1/Z1029,1605144,整行,1.0/4.8/4.8,,9,,
5月,急诊,缺失行,止血钳-1/Z1029,1605144,整行,1.0/4.8/4.8,,10,,
5月,急诊,缺失行,消毒缸-8/w9050,1605144,整行,1.0/26.4/26.4,,11,,
5月,急诊,缺失行,剪刀-1/Z1029,1605531,整行,1.0/4.8/4.8,,12,,
5月,急诊,缺失行,剪刀-1/Z1029,1605911,整行,4.0/4.8/19.2,,13,,
5月,急诊,缺失行,剪刀-1/Z1029,1606059,整行,1.0/4.8/4.8,,14,,
5月,急诊,缺失行,消毒缸-8/w9050,1606059,整行,1.0/26.4/26.4,,15,,
5月,急诊,缺失行,剪刀-1/Z1029,1606442,整行,1.0/4.8/4.8,,16,,
5月,急诊,缺失行,缝合包4件,1606442,整行,1.0/13.2/13.2,,17,,
5月,急诊,缺失行,缝合包4件,1606847,整行,1.0/13.2/13.2,,18,,
5月,急诊,缺失行,剪刀-1/Z1029,1607219,整行,1.0/4.8/4.8,,19,,
5月,急诊,缺失行,消毒缸-8/w9050,1607219,整行,1.0/26.4/26.4,,20,,
5月,急诊,缺失行,剪刀-1/Z1029,1607955,整行,2.0/4.8/9.6,,21,,
5月,急诊,缺失行,止血钳-1/Z1029,1607955,整行,1.0/4.8/4.8,,22,,
5月,急诊,缺失行,缝合包4件,1607955,整行,1.0/13.2/13.2,,23,,
5月,急诊,缺失行,剪刀-1/Z1029,1608053,整行,1.0/4.8/4.8,,24,,
5月,急诊,缺失行,消毒缸-8/w9050,1608053,整行,1.0/26.4/26.4,,25,,
5月,急诊,缺失行,缝合包4件,1608053,整行,2.0/13.2/26.4,,26,,
5月,急诊,缺失行,剪刀-1/Z1029,1609275,整行,1.0/4.8/4.8,,27,,
5月,急诊,缺失行,止血钳-1/Z1029,1609275,整行,1.0/4.8/4.8,,28,,
5月,急诊,缺失行,消毒缸-8/w9050,1609275,整行,1.0/26.4/26.4,,29,,
5月,急诊,缺失行,缝合包4件,1609275,整行,1.0/13.2/13.2,,30,,
5月,急诊,缺失行,止血钳-1/Z1029,1609609,整行,1.0/4.8/4.8,,31,,
5月,急诊,缺失行,缝合包4件,1609609,整行,1.0/13.2/13.2,,32,,
5月,急诊,缺失行,消毒缸-8/w9050,1610190,整行,1.0/26.4/26.4,,33,,
5月,急诊,缺失行,整形包-13件,1610621,整行,1.0/42.9/42.9,,34,,
5月,急诊,缺失行,剪刀-1/Z1029,1611366,整行,1.0/4.8/4.8,,35,,
5月,急诊,缺失行,消毒缸-8/w9050,1611366,整行,1.0/26.4/26.4,,36,,
5月,急诊,缺失行,剪刀-1/Z1029,1611752,整行,1.0/4.8/4.8,,37,,
5月,急诊,缺失行,弯盘1止血钳1/w6050,1611752,整行,1.0/9.9/9.9,,38,,
5月,急诊,缺失行,剪刀-1/Z1029,1612061,整行,1.0/4.8/4.8,,39,,
5月,急诊,缺失行,镊子-1/Z7526,1612061,整行,1.0/4.8/4.8,,40,,
5月,急诊,缺失行,缝合包4件,1612061,整行,1.0/13.2/13.2,,41,,
5月,急诊,缺失行,弯盘1止血钳1/w6050,1612061,整行,2.0/9.9/19.8,,42,,
5月,急诊,缺失行,消毒缸-8/w9050,1612187,整行,1.0/26.4/26.4,,43,,
5月,急诊,缺失行,刮勺-1/Z7530,1612685,整行,2.0/4.8/9.6,,44,,
5月,急诊,缺失行,剪刀-1/Z1029,1612685,整行,1.0/4.8/4.8,,45,,
5月,急诊,缺失行,剪刀-1/Z1029,1613023,整行,1.0/4.8/4.8,,46,,
5月,急诊,缺失行,镊子-1/Z7526,1613023,整行,1.0/4.8/4.8,,47,,
5月,急诊,缺失行,消毒缸-8/w9050,1613023,整行,1.0/26.4/26.4,,48,,
5月,急诊,缺失行,缝合包4件,1613023,整行,1.0/13.2/13.2,,49,,
5月,急诊,缺失行,剪刀-1/Z1029,1613749,整行,2.0/4.8/9.6,,50,,
5月,急诊,缺失行,蚊式-1/Z1026,1613749,整行,1.0/4.8/4.8,,51,,
5月,急诊,缺失行,缝合包4件,1613749,整行,1.0/13.2/13.2,,52,,
5月,急诊,多余行,止血钳-1/Z1029,1596818,整行,,1.0/4.8/4.8,,9,
5月,急诊,多余行,剪刀-1/Z1029,1597146,整行,,1.0/4.8/4.8,,10,
5月,急诊,多余行,止血钳-1/Z1029,1597146,整行,,2.0/4.8/9.6,,11,
5月,急诊,多余行,缝合包4件,1597146,整行,,1.0/13.2/13.2,,12,
5月,急诊,多余行,切开包-11/w6050,1597146,整行,,1.0/36.3/36.3,,13,
5月,急诊,多余行,消毒缸-8/w9050,1597502,整行,,1.0/26.4/26.4,,14,
5月,急诊,多余行,缝合包4件,1598271,整行,,1.0/13.2/13.2,,15,
5月,急诊,多余行,剪刀-1/Z1029,1598420,整行,,1.0/4.8/4.8,,16,
5月,急诊,多余行,止血钳-1/Z1029,1598420,整行,,2.0/4.8/9.6,,17,
5月,急诊,多余行,消毒缸-8/w9050,1598420,整行,,1.0/26.4/26.4,,18,
5月,急诊,多余行,缝合包4件,1598420,整行,,1.0/13.2/13.2,,19,
5月,急诊,多余行,切开包-11/w6050,1598420,整行,,1.0/36.3/36.3,,20,
5月,急诊,多余行,消毒缸-8/w9050,1599675,整行,,1.0/26.4/26.4,,21,
5月,急诊,多余行,剪刀-1/Z1029,1600205,整行,,1.0/4.8/4.8,,22,
5月,急诊,多余行,蚊式-1/Z1026,1600205,整行,,1.0/4.8/4.8,,23,
5月,急诊,多余行,小镊子-1/Z7526,1600205,整行,,1.0/4.8/4.8,,24,
5月,急诊,多余行,止血钳-1/Z1029,1600205,整行,,2.0/4.8/9.6,,25,
5月,急诊,多余行,缝合包4件,1600205,整行,,2.0/13.2/26.4,,26,
5月,急诊,多余行,换药包（弯盘1小弯1）/w6050,1600205,整行,,2.0/9.9/19.8,,27,
5月,急诊,多余行,剪刀-1/Z1029,1600347,整行,,1.0/4.8/4.8,,28,
5月,急诊,多余行,剪刀-1/Z1029,1600455,整行,,1.0/4.8/4.8,,29,
5月,急诊,多余行,缝合包4件,1600455,整行,,1.0/13.2/13.2,,30,
5月,急诊,多余行,换药包（弯盘1小弯1）/w6050,1600455,整行,,1.0/9.9/9.9,,31,
5月,急诊,多余行,剪刀-1/Z1029,1600905,整行,,1.0/4.8/4.8,,32,
5月,急诊,多余行,消毒缸-8/w9050,1600905,整行,,1.0/26.4/26.4,,33,
5月,急诊,多余行,弯盘1止血钳1/w6050,1600905,整行,,1.0/9.9/9.9,,34,
5月,急诊,多余行,剪刀-1/Z1029,1602016,整行,,3.0/4.8/14.4,,35,
5月,急诊,多余行,止血钳-1/Z1029,1602016,整行,,1.0/4.8/4.8,,36,
5月,急诊,多余行,消毒缸-8/w9050,1602016,整行,,1.0/26.4/26.4,,37,
5月,急诊,多余行,换药包（弯盘1小弯1）/w6050,1602016,整行,,1.0/9.9/9.9,,38,
5月,急诊,多余行,剪刀-1/Z1029,1602362,整行,,1.0/4.8/4.8,,39,
5月,急诊,多余行,止血钳-1/Z1029,1602362,整行,,1.0/4.8/4.8,,40,
5月,急诊,多余行,喉镜片（低温）-1/Z1530,1602362,整行,,1.0/15.0/15.0,,41,
5月,急诊,多余行,开口器-1/Z1026,1602383,整行,,1.0/4.8/4.8,,42,
5月,急诊,多余行,剪刀-1/Z1029,1603085,整行,,2.0/4.8/9.6,,43,
5月,急诊,多余行,消毒缸-8/w9050,1603085,整行,,1.0/26.4/26.4,,44,
5月,急诊,多余行,缝合包4件,1603458,整行,,1.0/13.2/13.2,,45,
5月,急诊,多余行,弯盘1止血钳1/w6050,1603458,整行,,1.0/9.9/9.9,,46,
5月,急诊,多余行,镊子-1/Z7526,1603847,整行,,1.0/4.8/4.8,,47,
5月,急诊,多余行,消毒缸-8/w9050,1603989,整行,,1.0/26.4/26.4,,48,
5月,急诊,汇总不一致-总价,急诊,,总价,581.4,544.2,8,8,
5月,手术室,缺失行,腹腔镜基础包23件,1605133,整行,1.0/79.2/79.2,,9,,
5月,手术室,缺失行,普外腹腔镜D(17件）,1605133,整行,1.0/59.4/59.4,,10,,
5月,手术室,缺失行,拉钩-2/z1026,1605133,整行,1.0/8.1/8.1,,11,,
5月,手术室,缺失行,单极线-1/Z3040,1605133,整行,1.0/21.0/21.0,,12,,
5月,手术室,缺失行,30 度镜头-1(威沙普)/Z2060,1605133,整行,1.0/16.8/16.8,,13,,
5月,手术室,缺失行,持物钳罐-5件/w6050,1605133,整行,2.0/16.5/33.0,,14,,
5月,手术室,缺失行,生物夹钳-1/（双，保护）Z2060,1605152,整行,1.0/21.0/21.0,,15,,
5月,手术室,缺失行,单子/W12050,1605271,整行,2.0/21.0/42.0,,16,,
5月,手术室,缺失行,刷手服/W12050,1605271,整行,2.0/21.0/42.0,,17,,
5月,手术室,缺失行,开腹（66件）,1605285,整行,1.0/227.7/227.7,,18,,
5月,手术室,缺失行,泌尿号包-18件,1605285,整行,2.0/59.4/118.8,,19,,
5月,手术室,缺失行,普外肠道腔镜器械（19件框1）,1605285,整行,1.0/66.0/66.0,,20,,
5月,手术室,缺失行,普外腹腔镜B(17件）,1605285,整行,1.0/59.4/59.4,,21,,
5月,手术室,缺失行,小开腹（50件）,1605285,整行,1.0/171.6/171.6,,22,,
5月,手术室,缺失行,妇科针-2/Z7537,1605285,整行,1.0/8.1/8.1,,23,,
5月,手术室,缺失行,宫颈钳-1/Z1535,1605285,整行,1.0/6.6/6.6,,24,,
5月,手术室,缺失行,荷包钳-1/（双）Z1540,1605285,整行,1.0/9.9/9.9,,25,,
5月,手术室,缺失行,超声刀线-1/z3040,1605285,整行,2.0/21.0/42.0,,26,,
5月,手术室,缺失行,单极线-1/Z3040,1605285,整行,1.0/21.0/21.0,,27,,
5月,手术室,缺失行,生物夹钳-1/（双，保护）Z2060,1605285,整行,2.0/21.0/42.0,,28,,
5月,手术室,缺失行,妇科检查包-16件,1605285,整行,2.0/52.8/105.6,,29,,
5月,手术室,缺失行,小整形包,1605285,整行,1.0/52.8/52.8,,30,,
5月,手术室,缺失行,30 度镜头-1(威沙普)/Z2060,1605285,整行,1.0/16.8/16.8,,31,,
5月,手术室,缺失行,3D镜头-1件/Z2060,1605285,整行,1.0/16.8/16.8,,32,,
5月,手术室,缺失行,检查镜-12度-3/Z2060,1605285,整行,2.0/39.6/79.2,,33,,
5月,手术室,缺失行,持物钳罐-5件/w6050,1605285,整行,1.0/16.5/16.5,,34,,
5月,手术室,缺失行,妇科腔镜-17件,1605679,整行,1.0/59.4/59.4,,35,,
5月,手术室,缺失行,腹腔镜基础包23件,1605679,整行,1.0/79.2/79.2,,36,,
5月,手术室,缺失行,举宫杯-15件,1605679,整行,1.0/52.8/52.8,,37,,
5月,手术室,缺失行,绝育（34件）,1605679,整行,1.0/115.5/115.5,,38,,
5月,手术室,缺失行,流产包B（16件）,1605679,整行,1.0/56.1/56.1,,39,,
5月,手术室,缺失行,普外腹腔镜B(17件）,1605679,整行,1.0/59.4/59.4,,40,,
5月,手术室,缺失行,下肢内固定（35件）,1605679,整行,1.0/118.8/118.8,,41,,
5月,手术室,缺失行,阴式（59件）,1605679,整行,1.0/201.3/201.3,,42,,
5月,手术室,缺失行,超声刀线-1/z3040,1605679,整行,1.0/21.0/21.0,,43,,
5月,手术室,缺失行,单极线-1/Z3040,1605679,整行,1.0/21.0/21.0,,44,,
5月,手术室,缺失行,剪刀-1（低温）/Z2060,1605679,整行,1.0/16.8/16.8,,45,,
5月,手术室,缺失行,生物夹钳-1/（双，保护）Z2060,1605679,整行,1.0/21.0/21.0,,46,,
5月,手术室,缺失行,双极线-1/Z3040,1605679,整行,1.0/21.0/21.0,,47,,
5月,手术室,缺失行,30 度镜头-1(STORZE)/Z2060,1605679,整行,1.0/16.8/16.8,,48,,
5月,手术室,缺失行,妇科镜头0度-1/Z2060,1605679,整行,1.0/16.8/16.8,,49,,
5月,手术室,缺失行,持物钳罐-5件/w6050,1605679,整行,4.0/16.5/66.0,,50,,
5月,手术室,缺失行,妇儿（64件）,1605912,整行,1.0/217.8/217.8,,51,,
5月,手术室,缺失行,妇科针-2/Z7537,1605912,整行,1.0/8.1/8.1,,52,,
5月,手术室,缺失行,电切环-1/Z7526,1605912,整行,1.0/13.2/13.2,,53,,
5月,手术室,缺失行,妇科检查包-16件,1605912,整行,1.0/52.8/52.8,,54,,
5月,手术室,缺失行,妇科治疗镜A 12度-5件盒1/W12050,1605912,整行,1.0/52.8/52.8,,55,,
5月,手术室,缺失行,持物钳罐-5件/w6050,1605912,整行,2.0/16.5/33.0,,56,,
5月,手术室,缺失行,扩棒（7-9.5）-6件/W6050,1605912,整行,1.0/19.8/19.8,,57,,
5月,手术室,缺失行,单子/W12050,1605978,整行,2.0/21.0/42.0,,58,,
5月,手术室,缺失行,敷料包/W12050,1605978,整行,3.0/21.0/63.0,,59,,
5月,手术室,缺失行,腹腔镜基础包23件,1606185,整行,1.0/79.2/79.2,,60,,
5月,手术室,缺失行,绝育（34件）,1606185,整行,1.0/115.5/115.5,,61,,
5月,手术室,缺失行,普外肠道腔镜器械（19件框1）,1606185,整行,1.0/66.0/66.0,,62,,
5月,手术室,缺失行,普外腹腔镜D(17件）,1606185,整行,1.0/59.4/59.4,,63,,
5月,手术室,缺失行,下肢内固定（35件）,1606185,整行,1.0/118.8/118.8,,64,,
5月,手术室,缺失行,小开腹（50件）,1606185,整行,1.0/171.6/171.6,,65,,
5月,手术室,缺失行,妇科针-2/Z7537,1606185,整行,1.0/8.1/8.1,,66,,
5月,手术室,缺失行,荷包钳-1/（双）Z1540,1606185,整行,1.0/9.9/9.9,,67,,
5月,手术室,缺失行,PRD生物夹钳(绿)-1/（双，保）Z2060,1606185,整行,1.0/21.0/21.0,,68,,
5月,手术室,缺失行,PRD生物夹钳(紫)-1/（双，保）Z2060,1606185,整行,1.0/21.0/21.0,,69,,
5月,手术室,缺失行,保温杯-1/z2040,1606185,整行,1.0/16.8/16.8,,70,,
5月,手术室,缺失行,超声刀线-1/z3040,1606185,整行,3.0/21.0/63.0,,71,,
5月,手术室,缺失行,单极线-1/Z3040,1606185,整行,1.0/21.0/21.0,,72,,
5月,手术室,缺失行,电凝棒-1（低温）/Z7545,1606185,整行,1.0/13.2/13.2,,73,,
5月,手术室,缺失行,双极钳-1/Z2060,1606185,整行,1.0/16.8/16.8,,74,,
5月,手术室,缺失行,双极线-1/Z3040,1606185,整行,1.0/21.0/21.0,,75,,
5月,手术室,缺失行,妇科检查包-16件,1606185,整行,2.0/52.8/105.6,,76,,
5月,手术室,缺失行,30 度镜头-1(STORZE)/Z2060,1606185,整行,1.0/16.8/16.8,,77,,
5月,手术室,缺失行,3D镜头-1件/Z2060,1606185,整行,1.0/16.8/16.8,,78,,
5月,手术室,缺失行,检查镜-12度-3/Z2060,1606185,整行,2.0/39.6/79.2,,79,,
5月,手术室,缺失行,持物钳罐-5件/w6050,1606185,整行,4.0/16.5/66.0,,80,,
5月,手术室,缺失行,扩棒（7-9.5）-6件/W6050,1606185,整行,1.0/19.8/19.8,,81,,
5月,手术室,缺失行,手术衣-1件/W9050,1606486,整行,4.0/15.0/60.0,,82,,
5月,手术室,缺失行,妇科腔镜-17件,1606588,整行,1.0/59.4/59.4,,83,,
5月,手术室,缺失行,腹腔镜基础包23件,1606588,整行,2.0/79.2/158.4,,84,,
5月,手术室,缺失行,举宫杯16件,1606588,整行,1.0/56.1/56.1,,85,,
5月,手术室,缺失行,绝育（34件）,1606588,整行,1.0/115.5/115.5,,86,,
5月,手术室,缺失行,流产包B（16件）,1606588,整行,1.0/56.1/56.1,,87,,
5月,手术室,缺失行,普外腹腔镜C(17件）,1606588,整行,1.0/59.4/59.4,,88,,
5月,手术室,缺失行,切开（28件）,1606588,整行,1.0/95.7/95.7,,89,,
5月,手术室,缺失行,下肢内固定（35件）,1606588,整行,1.0/118.8/118.8,,90,,
5月,手术室,缺失行,超声刀线-1/z3040,1606588,整行,1.0/21.0/21.0,,91,,
5月,手术室,缺失行,单极线-1/Z3040,1606588,整行,1.0/21.0/21.0,,92,,
5月,手术室,缺失行,生物夹钳-1/（双，保护）Z2060,1606588,整行,2.0/21.0/42.0,,93,,
5月,手术室,缺失行,双极钳-1/Z2060,1606588,整行,1.0/16.8/16.8,,94,,
5月,手术室,缺失行,双极线-1/Z3040,1606588,整行,1.0/21.0/21.0,,95,,
5月,手术室,缺失行,0 度镜头-1(威沙普)/Z2060,1606588,整行,1.0/16.8/16.8,,96,,
5月,手术室,缺失行,2D镜头-1件/Z2060,1606588,整行,1.0/16.8/16.8,,97,,
5月,手术室,缺失行,30 度镜头-1(STORZE)/Z2060,1606588,整行,1.0/16.8/16.8,,98,,
5月,手术室,缺失行,持物钳罐-5件/w6050,1606588,整行,5.0/16.5/82.5,,99,,
5月,手术室,缺失行,单子/W12050,1606606,整行,1.0/21.0/21.0,,100,,
5月,手术室,缺失行,刷手服/W12050,1606606,整行,1.0/21.0/21.0,,101,,
5月,手术室,缺失行,妇科腔镜-17件,1606824,整行,1.0/59.4/59.4,,102,,
5月,手术室,缺失行,腹腔镜基础包23件,1606824,整行,1.0/79.2/79.2,,103,,
5月,手术室,缺失行,举宫杯-15件,1606824,整行,1.0/52.8/52.8,,104,,
5月,手术室,缺失行,流产包B（16件）,1606824,整行,1.0/56.1/56.1,,105,,
5月,手术室,缺失行,普外腹腔镜D(17件）,1606824,整行,1.0/59.4/59.4,,106,,
5月,手术室,缺失行,切开（28件）,1606824,整行,1.0/95.7/95.7,,107,,
5月,手术室,缺失行,妇科针-2/Z7537,1606824,整行,1.0/8.1/8.1,,108,,
5月,手术室,缺失行,剪刀-1/Z1029,1606824,整行,1.0/4.8/4.8,,109,,
5月,手术室,缺失行,取环勾-1/7530,1606824,整行,1.0/4.8/4.8,,110,,
5月,手术室,缺失行,妇科检查包-16件,1606824,整行,2.0/52.8/105.6,,111,,
5月,手术室,缺失行,持物钳罐-5件/w6050,1606824,整行,3.0/16.5/49.5,,112,,
5月,手术室,缺失行,扩棒（7-9.5）-6件/W6050,1606824,整行,1.0/19.8/19.8,,113,,
5月,手术室,缺失行,扩棒（8-10.5）-6件/W6050,1606824,整行,1.0/19.8/19.8,,114,,
5月,手术室,缺失行,超声刀线-1/z3040,1606832,整行,1.0/21.0/21.0,,115,,
5月,手术室,缺失行,单极线-1/Z3040,1606832,整行,1.0/21.0/21.0,,116,,
5月,手术室,缺失行,电切环-1/Z7526,1606832,整行,1.0/13.2/13.2,,117,,
5月,手术室,缺失行,30 度镜头-1(威沙普)/Z2060,1606832,整行,1.0/16.8/16.8,,118,,
5月,手术室,缺失行,妇科0度镜-1(OLYMPUS)/Z2060,1606832,整行,1.0/16.8/16.8,,119,,
5月,手术室,缺失行,妇科治疗镜A 12度-5件盒1/W12050,1606832,整行,1.0/52.8/52.8,,120,,
5月,手术室,缺失行,妇科治疗镜B 12度-5件盒1/W12050,1606832,整行,1.0/52.8/52.8,,121,,
5月,手术室,缺失行,腹腔镜基础包23件,1606859,整行,2.0/79.2/158.4,,122,,
5月,手术室,缺失行,普外腹腔镜B(17件）,1606859,整行,1.0/59.4/59.4,,123,,
5月,手术室,缺失行,普外腹腔镜E(17件）,1606859,整行,1.0/59.4/59.4,,124,,
5月,手术室,缺失行,小拉勾-2/Z1026,1606859,整行,1.0/8.1/8.1,,125,,
5月,手术室,缺失行,持物钳罐-5件/w6050,1606859,整行,2.0/16.5/33.0,,126,,
5月,手术室,缺失行,单极线-1/Z3040,1606862,整行,3.0/21.0/63.0,,127,,
5月,手术室,缺失行,双极钳-1/Z2060,1606862,整行,1.0/16.8/16.8,,128,,
5月,手术室,缺失行,双极线-1/Z3040,1606862,整行,1.0/21.0/21.0,,129,,
5月,手术室,缺失行,2D镜头-1件/Z2060,1606862,整行,1.0/16.8/16.8,,130,,
5月,手术室,缺失行,30 度镜头-1(STORZE)/Z2060,1606862,整行,1.0/16.8/16.8,,131,,
5月,手术室,缺失行,检查镜-12度-3/Z2060,1606862,整行,1.0/39.6/39.6,,132,,
5月,手术室,缺失行,腹腔镜基础包23件,1606945,整行,1.0/79.2/79.2,,133,,
5月,手术室,缺失行,开腹（66件）,1606945,整行,1.0/227.7/227.7,,134,,
5月,手术室,缺失行,脑科纤维-39件,1606945,整行,1.0/132.0/132.0,,135,,
5月,手术室,缺失行,普外肠道腔镜器械（19件框1）,1606945,整行,1.0/66.0/66.0,,136,,
5月,手术室,缺失行,普外腹腔镜A(17件）,1606945,整行,1.0/59.4/59.4,,137,,
5月,手术室,缺失行,切开（28件）,1606945,整行,1.0/95.7/95.7,,138,,
5月,手术室,缺失行,持夹器-1/Z1530,1606945,整行,1.0/6.6/6.6,,139,,
5月,手术室,缺失行,大镊子-1/Z7534,1606945,整行,1.0/4.8/4.8,,140,,
5月,手术室,缺失行,大直角-2/Z1530,1606945,整行,1.0/9.9/9.9,,141,,
5月,手术室,缺失行,妇科针-2/Z7537,1606945,整行,1.0/8.1/8.1,,142,,
5月,手术室,缺失行,哈巴狗钳-1/Z1026,1606945,整行,2.0/4.8/9.6,,143,,
5月,手术室,缺失行,巾钳子-4/双/Z1526,1606945,整行,1.0/13.2/13.2,,144,,
5月,手术室,缺失行,尿道探子-5/Z1537,1606945,整行,1.0/16.5/16.5,,145,,
5月,手术室,缺失行,驱血带-1/Z2032,1606945,整行,1.0/7.8/7.8,,146,,
5月,手术室,缺失行,无损伤镊-1/Z7534,1606945,整行,1.0/4.8/4.8,,147,,
5月,手术室,缺失行,血管夹-1/Z1026,1606945,整行,3.0/4.8/14.4,,148,,
5月,手术室,缺失行,超声刀线-1/z3040,1606945,整行,2.0/21.0/42.0,,149,,
5月,手术室,缺失行,穿刺针-1/Z1526,1606945,整行,1.0/15.0/15.0,,150,,
5月,手术室,缺失行,戳卡-1/z1026,1606945,整行,1.0/13.2/13.2,,151,,
5月,手术室,缺失行,单极线-1/Z3040,1606945,整行,1.0/21.0/21.0,,152,,
5月,手术室,缺失行,胆囊爬-1/z2060,1606945,整行,1.0/16.8/16.8,,153,,
5月,手术室,缺失行,电凝棒-1（低温）/Z7545,1606945,整行,1.0/13.2/13.2,,154,,
5月,手术室,缺失行,泌外取支架钳-1/z2060,1606945,整行,1.0/16.8/16.8,,155,,
5月,手术室,缺失行,腔镜剪刀-1/Z2060,1606945,整行,1.0/16.8/16.8,,156,,
5月,手术室,缺失行,生物夹钳-1/（双，保护）Z2060,1606945,整行,3.0/21.0/63.0,,157,,
5月,手术室,缺失行,抓钳-1件/Z2060,1606945,整行,1.0/16.8/16.8,,158,,
5月,手术室,缺失行,妇科检查包-16件,1606945,整行,1.0/52.8/52.8,,159,,
5月,手术室,缺失行,30 度镜头-1(STORZE)/Z2060,1606945,整行,1.0/16.8/16.8,,160,,
5月,手术室,缺失行,3D镜头-1件/Z2060,1606945,整行,1.0/16.8/16.8,,161,,
5月,手术室,缺失行,检查镜-12度-3/Z2060,1606945,整行,1.0/39.6/39.6,,162,,
5月,手术室,缺失行,持物钳罐-5件/w6050,1606945,整行,4.0/16.5/66.0,,163,,
5月,手术室,缺失行,环形拉钩-16/w9050,1606945,整行,1.0/52.8/52.8,,164,,
5月,手术室,缺失行,血管夹-10件盒1/W9050,1606945,整行,1.0/36.3/36.3,,165,,
5月,手术室,缺失行,直肠加件-10件/W9050,1606945,整行,1.0/33.0/33.0,,166,,
5月,手术室,缺失行,绿布套/Z1530,1606945,整行,2.0/1.5/3.0,,167,,
5月,手术室,缺失行,腿套/Z2032,1606945,整行,1.0/2.4/2.4,,168,,
5月,手术室,缺失行,开腹（66件）,1607146,整行,1.0/227.7/227.7,,169,,
5月,手术室,缺失行,普外腹腔镜B(17件）,1607146,整行,1.0/59.4/59.4,,170,,
5月,手术室,缺失行,普外腹腔镜C(17件）,1607146,整行,1.0/59.4/59.4,,171,,
5月,手术室,缺失行,小开腹（50件）,1607146,整行,1.0/171.6/171.6,,172,,
5月,手术室,缺失行,（长）肠钳-1/Z2060,1607150,整行,1.0/16.8/16.8,,173,,
5月,手术室,缺失行,超声刀线-1/z3040,1607150,整行,2.0/21.0/42.0,,174,,
5月,手术室,缺失行,生物夹钳-1/（双，保护）Z2060,1607150,整行,2.0/21.0/42.0,,175,,
5月,手术室,缺失行,30 度镜头-1(STORZE)/Z2060,1607150,整行,1.0/16.8/16.8,,176,,
5月,手术室,缺失行,30 度镜头-1(威沙普)/Z2060,1607150,整行,1.0/16.8/16.8,,177,,
5月,手术室,缺失行,单子/W12050,1607321,整行,2.0/21.0/42.0,,178,,
5月,手术室,缺失行,敷料包/W12050,1607321,整行,2.0/21.0/42.0,,179,,
5月,手术室,缺失行,阴式（59件）,1607342,整行,1.0/201.3/201.3,,180,,
5月,手术室,缺失行,剥脱器-1/Z1029,1607342,整行,1.0/4.8/4.8,,181,,
5月,手术室,缺失行,剥脱器-2/Z1026,1607342,整行,1.0/8.1/8.1,,182,,
5月,手术室,缺失行,持针器-1/Z1029,1607342,整行,1.0/4.8/4.8,,183,,
5月,手术室,缺失行,妇科针-2/Z7537,1607342,整行,2.0/8.1/16.2,,184,,
5月,手术室,缺失行,刮勺-1/Z7530,1607342,整行,1.0/4.8/4.8,,185,,
5月,手术室,缺失行,克氏钳-1/z1526,1607342,整行,1.0/6.6/6.6,,186,,
5月,手术室,缺失行,克氏针-10/(双)Z7530,1607342,整行,1.0/9.9/9.9,,187,,
5月,手术室,缺失行,克氏针-15/（双）Z7530,1607342,整行,1.0/9.9/9.9,,188,,
5月,手术室,缺失行,克氏针-2件/Z7534,1607342,整行,1.0/4.8/4.8,,189,,
5月,手术室,缺失行,拉钩-2/z1026,1607342,整行,1.0/8.1/8.1,,190,,
5月,手术室,缺失行,老虎钳-1/Z1530,1607342,整行,1.0/6.6/6.6,,191,,
5月,手术室,缺失行,木把螺丝刀-1/Z7526,1607342,整行,1.0/4.8/4.8,,192,,
5月,手术室,缺失行,木把螺丝刀-4/双/Z1526,1607342,整行,1.0/13.2/13.2,,193,,
5月,手术室,缺失行,木把十字-1件/z1029,1607342,整行,1.0/4.8/4.8,,194,,
5月,手术室,缺失行,取钉器-2/双/Z1526,1607342,整行,1.0/9.9/9.9,,195,,
5月,手术室,缺失行,取环勾-1/7530,1607342,整行,1.0/4.8/4.8,,196,,
5月,手术室,缺失行,取皮刀-1/Z1535,1607342,整行,2.0/6.6/13.2,,197,,
5月,手术室,缺失行,取石钳-1/Z2032,1607342,整行,1.0/7.8/7.8,,198,,
5月,手术室,缺失行,压舌板-1/Z7526,1607342,整行,1.0/4.8/4.8,,199,,
5月,手术室,缺失行,圆凿-2/（双）Z1030,1607342,整行,1.0/9.9/9.9,,200,,
5月,手术室,缺失行,钻头-1/Z7526,1607342,整行,2.0/4.8/9.6,,201,,
5月,手术室,缺失行,钻头-5/Z7526,1607342,整行,1.0/16.5/16.5,,202,,
5月,手术室,缺失行,电凝棒-1（低温）/Z7545,1607342,整行,1.0/13.2/13.2,,203,,
5月,手术室,缺失行,电切环-1/Z7526,1607342,整行,4.0/13.2/52.8,,204,,
5月,手术室,缺失行,红帽-1/Z7520,1607342,整行,1.0/13.2/13.2,,205,,
5月,手术室,缺失行,取皮刀片-1/Z1030,1607342,整行,2.0/13.2/26.4,,206,,
5月,手术室,缺失行,妇科检查包-16件,1607342,整行,2.0/52.8/105.6,,207,,
5月,手术室,缺失行,妇科治疗镜A 12度-5件盒1/W12050,1607342,整行,1.0/52.8/52.8,,208,,
5月,手术室,缺失行,妇科治疗镜B 12度-5件盒1/W12050,1607342,整行,1.0/52.8/52.8,,209,,
5月,手术室,缺失行,检查镜-12度-3/Z2060,1607342,整行,1.0/39.6/39.6,,210,,
5月,手术室,缺失行,持物钳罐-5件/w6050,1607342,整行,2.0/16.5/33.0,,211,,
5月,手术室,缺失行,扩棒（7-9.5）-6件/W6050,1607342,整行,1.0/19.8/19.8,,212,,
5月,手术室,缺失行,扩棒（8-10.5）-6件/W6050,1607342,整行,1.0/19.8/19.8,,213,,
5月,手术室,缺失行,绝育（34件）,1607684,整行,1.0/115.5/115.5,,214,,
5月,手术室,缺失行,普外肠道腔镜器械（19件框1）,1607684,整行,1.0/66.0/66.0,,215,,
5月,手术室,缺失行,切开（28件）,1607684,整行,1.0/95.7/95.7,,216,,
5月,手术室,缺失行,上肢内固定（22件）,1607684,整行,1.0/75.9/75.9,,217,,
5月,手术室,缺失行,手外伤（30件）,1607684,整行,1.0/102.3/102.3,,218,,
5月,手术室,缺失行,(黑色）电钻-4件筐1/W905060,1607684,整行,1.0/16.5/16.5,,219,,
5月,手术室,缺失行,空心钻-3件（加筐4件）/W905060,1607684,整行,1.0/13.2/13.2,,220,,
5月,手术室,缺失行,刮勺-1/Z7530,1607684,整行,4.0/4.8/19.2,,221,,
5月,手术室,缺失行,克氏针-15/（双）Z7530,1607684,整行,1.0/9.9/9.9,,222,,
5月,手术室,缺失行,克氏针-2件/Z7534,1607684,整行,1.0/4.8/4.8,,223,,
5月,手术室,缺失行,拉钩-2/z1026,1607684,整行,1.0/8.1/8.1,,224,,
5月,手术室,缺失行,圆凿-2/（双）Z1030,1607684,整行,1.0/9.9/9.9,,225,,
5月,手术室,缺失行,超声刀线-1/z3040,1607684,整行,1.0/21.0/21.0,,226,,
5月,手术室,缺失行,单极线-1/Z3040,1607684,整行,1.0/21.0/21.0,,227,,
5月,手术室,缺失行,电凝棒-1（低温）/Z7545,1607684,整行,1.0/13.2/13.2,,228,,
5月,手术室,缺失行,生物夹钳-1/（双，保护）Z2060,1607684,整行,2.0/21.0/42.0,,229,,
5月,手术室,缺失行,双极钳-1/Z2060,1607684,整行,1.0/16.8/16.8,,230,,
5月,手术室,缺失行,双极线-1/Z3040,1607684,整行,1.0/21.0/21.0,,231,,
5月,手术室,缺失行,小整形包,1607684,整行,1.0/52.8/52.8,,232,,
5月,手术室,缺失行,3D镜头-1件/Z2060,1607684,整行,1.0/16.8/16.8,,233,,
5月,手术室,缺失行,持物钳罐-5件/w6050,1607684,整行,5.0/16.5/82.5,,234,,
5月,手术室,缺失行,大盆2弯盘2碗1/w9050,1607684,整行,1.0/16.5/16.5,,235,,
5月,手术室,缺失行,单子/W12050,1607992,整行,2.0/21.0/42.0,,236,,
5月,手术室,缺失行,刷手服/W12050,1607992,整行,2.0/21.0/42.0,,237,,
5月,手术室,缺失行,绝育（34件）,1608206,整行,1.0/115.5/115.5,,238,,
5月,手术室,缺失行,开腹（66件）,1608206,整行,2.0/227.7/455.4,,239,,
5月,手术室,缺失行,普外肠道腔镜器械（19件框1）,1608206,整行,1.0/66.0/66.0,,240,,
5月,手术室,缺失行,拉钩-2/z1026,1608206,整行,1.0/8.1/8.1,,241,,
5月,手术室,缺失行,头皮夹-1/Z1026,1608206,整行,2.0/4.8/9.6,,242,,
5月,手术室,缺失行,超声刀线-1/z3040,1608206,整行,1.0/21.0/21.0,,243,,
5月,手术室,缺失行,单极线-1/Z3040,1608206,整行,1.0/21.0/21.0,,244,,
5月,手术室,缺失行,电凝棒-1（低温）/Z7545,1608206,整行,1.0/13.2/13.2,,245,,
5月,手术室,缺失行,生物夹钳-1/（双，保护）Z2060,1608206,整行,2.0/21.0/42.0,,246,,
5月,手术室,缺失行,3D镜头-1件/Z2060,1608206,整行,1.0/16.8/16.8,,247,,
5月,手术室,缺失行,持物钳罐-5件/w6050,1608206,整行,2.0/16.5/33.0,,248,,
5月,手术室,缺失行,腹腔镜基础包23件,1608616,整行,1.0/79.2/79.2,,249,,
5月,手术室,缺失行,甲状腺-52件,1608616,整行,1.0/178.2/178.2,,250,,
5月,手术室,缺失行,普外腹腔镜C(17件）,1608616,整行,1.0/59.4/59.4,,251,,
5月,手术室,缺失行,切开（28件）,1608616,整行,1.0/95.7/95.7,,252,,
5月,手术室,缺失行,妇科针-2/Z7537,1608616,整行,1.0/8.1/8.1,,253,,
5月,手术室,缺失行,刮勺-1/Z7530,1608616,整行,1.0/4.8/4.8,,254,,
5月,手术室,缺失行,吸引器头-2/Z7534,1608616,整行,1.0/8.1/8.1,,255,,
5月,手术室,缺失行,超声刀线-1/z3040,1608616,整行,2.0/21.0/42.0,,256,,
5月,手术室,缺失行,单极线-1/Z3040,1608616,整行,1.0/21.0/21.0,,257,,
5月,手术室,缺失行,胆道镜-1/双/Z3095,1608616,整行,1.0/180.0/180.0,,258,,
5月,手术室,缺失行,电凝棒-1（低温）/Z7545,1608616,整行,1.0/13.2/13.2,,259,,
5月,手术室,缺失行,电切环-1/Z7526,1608616,整行,1.0/13.2/13.2,,260,,
5月,手术室,缺失行,生物夹钳-1/（双，保护）Z2060,1608616,整行,1.0/21.0/21.0,,261,,
5月,手术室,缺失行,妇科检查包-16件,1608616,整行,1.0/52.8/52.8,,262,,
5月,手术室,缺失行,30 度镜头-1(STORZE)/Z2060,1608616,整行,1.0/16.8/16.8,,263,,
5月,手术室,缺失行,妇科治疗镜A 12度-5件盒1/W12050,1608616,整行,1.0/52.8/52.8,,264,,
5月,手术室,缺失行,检查镜-12度-3/Z2060,1608616,整行,1.0/39.6/39.6,,265,,
5月,手术室,缺失行,持物钳罐-5件/w6050,1608616,整行,4.0/16.5/66.0,,266,,
5月,手术室,缺失行,扩棒（8-10.5）-6件/W6050,1608616,整行,1.0/19.8/19.8,,267,,
5月,手术室,缺失行,乳突拉钩-1/w6050,1608616,整行,1.0/6.6/6.6,,268,,
5月,手术室,缺失行,单子/W12050,1608622,整行,1.0/21.0/21.0,,269,,
5月,手术室,缺失行,刷手服/W12050,1608622,整行,1.0/21.0/21.0,,270,,
5月,手术室,缺失行,妇科腔镜-17件,1608841,整行,1.0/59.4/59.4,,271,,
5月,手术室,缺失行,腹腔镜基础包23件,1608841,整行,2.0/79.2/158.4,,272,,
5月,手术室,缺失行,流产包B（16件）,1608841,整行,1.0/56.1/56.1,,273,,
5月,手术室,缺失行,普外腹腔镜B(17件）,1608841,整行,1.0/59.4/59.4,,274,,
5月,手术室,缺失行,超声刀线-1/z3040,1608841,整行,2.0/21.0/42.0,,275,,
5月,手术室,缺失行,单极线-1/Z3040,1608841,整行,1.0/21.0/21.0,,276,,
5月,手术室,缺失行,生物夹钳-1/（双，保护）Z2060,1608841,整行,2.0/21.0/42.0,,277,,
5月,手术室,缺失行,双极钳-1/Z2060,1608841,整行,1.0/16.8/16.8,,278,,
5月,手术室,缺失行,双极线-1/Z3040,1608841,整行,1.0/21.0/21.0,,279,,
5月,手术室,缺失行,30 度镜头-1(STORZE)/Z2060,1608841,整行,1.0/16.8/16.8,,280,,
5月,手术室,缺失行,妇科镜头0度-1/Z2060,1608841,整行,1.0/16.8/16.8,,281,,
5月,手术室,缺失行,持物钳罐-5件/w6050,1608841,整行,2.0/16.5/33.0,,282,,
5月,手术室,缺失行,腹腔镜基础包23件,1608994,整行,2.0/79.2/158.4,,283,,
5月,手术室,缺失行,开腹（66件）,1608994,整行,1.0/227.7/227.7,,284,,
5月,手术室,缺失行,普外腹腔镜A(17件）,1608994,整行,1.0/59.4/59.4,,285,,
5月,手术室,缺失行,普外腹腔镜E(17件）,1608994,整行,1.0/59.4/59.4,,286,,
5月,手术室,缺失行,切开（28件）,1608994,整行,1.0/95.7/95.7,,287,,
5月,手术室,缺失行,整形（37件）,1608994,整行,1.0/125.4/125.4,,288,,
5月,手术室,缺失行,大拉钩-4件（加筐5件）/W905060,1608994,整行,1.0/16.5/16.5,,289,,
5月,手术室,缺失行,刀柄-1/Z7526,1608994,整行,1.0/4.8/4.8,,290,,
5月,手术室,缺失行,刮勺-1/Z7530,1608994,整行,1.0/4.8/4.8,,291,,
5月,手术室,缺失行,荷包钳-1/（双）Z1540,1608994,整行,1.0/9.9/9.9,,292,,
5月,手术室,缺失行,拉钩-2/z1026,1608994,整行,1.0/8.1/8.1,,293,,
5月,手术室,缺失行,止血钳-1/Z1029,1608994,整行,1.0/4.8/4.8,,294,,
5月,手术室,缺失行,超声刀线-1/z3040,1608994,整行,5.0/21.0/105.0,,295,,
5月,手术室,缺失行,单极线-1/Z3040,1608994,整行,1.0/21.0/21.0,,296,,
5月,手术室,缺失行,电凝棒-1（低温）/Z7545,1608994,整行,1.0/13.2/13.2,,297,,
5月,手术室,缺失行,生物夹钳-1/（双，保护）Z2060,1608994,整行,5.0/21.0/105.0,,298,,
5月,手术室,缺失行,双极钳-1/Z2060,1608994,整行,1.0/16.8/16.8,,299,,
5月,手术室,缺失行,双极线-1/Z3040,1608994,整行,1.0/21.0/21.0,,300,,
5月,手术室,缺失行,2D镜头-1件/Z2060,1608994,整行,1.0/16.8/16.8,,301,,
5月,手术室,缺失行,30 度镜头-1(STORZE)/Z2060,1608994,整行,1.0/16.8/16.8,,302,,
5月,手术室,缺失行,持物钳罐-5件/w6050,1608994,整行,5.0/16.5/82.5,,303,,
5月,手术室,缺失行,腹腔镜基础包23件,1609225,整行,1.0/79.2/79.2,,304,,
5月,手术室,缺失行,甲状腺-52件,1609225,整行,1.0/178.2/178.2,,305,,
5月,手术室,缺失行,脑科纤维-39件,1609225,整行,1.0/132.0/132.0,,306,,
5月,手术室,缺失行,脑显微-47件,1609225,整行,1.0/158.4/158.4,,307,,
5月,手术室,缺失行,普外肠道腔镜器械（19件框1）,1609225,整行,1.0/66.0/66.0,,308,,
5月,手术室,缺失行,普外腹腔镜B(17件）,1609225,整行,1.0/59.4/59.4,,309,,
5月,手术室,缺失行,小开腹（50件）,1609225,整行,1.0/171.6/171.6,,310,,
5月,手术室,缺失行,超声刀线-1/z3040,1609225,整行,2.0/21.0/42.0,,311,,
5月,手术室,缺失行,单极线-1/Z3040,1609225,整行,1.0/21.0/21.0,,312,,
5月,手术室,缺失行,电凝棒-1（低温）/Z7545,1609225,整行,1.0/13.2/13.2,,313,,
5月,手术室,缺失行,生物夹钳-1/（双，保护）Z2060,1609225,整行,2.0/21.0/42.0,,314,,
5月,手术室,缺失行,30 度镜头-1(威沙普)/Z2060,1609225,整行,1.0/16.8/16.8,,315,,
5月,手术室,缺失行,3D镜头-1件/Z2060,1609225,整行,1.0/16.8/16.8,,316,,
5月,手术室,缺失行,持物钳罐-5件/w6050,1609225,整行,3.0/16.5/49.5,,317,,
5月,手术室,缺失行,腹腔镜基础包23件,1609364,整行,1.0/79.2/79.2,,318,,
5月,手术室,缺失行,开腹（66件）,1609364,整行,1.0/227.7/227.7,,319,,
5月,手术室,缺失行,普外腹腔镜D(17件）,1609364,整行,1.0/59.4/59.4,,320,,
5月,手术室,缺失行,切开（28件）,1609364,整行,2.0/95.7/191.4,,321,,
5月,手术室,缺失行,拉钩-2/z1026,1609364,整行,1.0/8.1/8.1,,322,,
5月,手术室,缺失行,超声刀线-1/z3040,1609364,整行,2.0/21.0/42.0,,323,,
5月,手术室,缺失行,生物夹钳-1/（双，保护）Z2060,1609364,整行,3.0/21.0/63.0,,324,,
5月,手术室,缺失行,2D镜头-1件/Z2060,1609364,整行,1.0/16.8/16.8,,325,,
5月,手术室,缺失行,30 度镜头-1(STORZE)/Z2060,1609364,整行,1.0/16.8/16.8,,326,,
5月,手术室,缺失行,持物钳罐-5件/w6050,1609364,整行,3.0/16.5/49.5,,327,,
5月,手术室,缺失行,大拉钩-4件/w9050,1609364,整行,1.0/13.2/13.2,,328,,
5月,手术室,缺失行,单子/W12050,1609374,整行,2.0/21.0/42.0,,329,,
5月,手术室,缺失行,刷手服/W12050,1609374,整行,2.0/21.0/42.0,,330,,
5月,手术室,缺失行,腹腔镜基础包23件,1609765,整行,4.0/79.2/316.8,,331,,
5月,手术室,缺失行,普外腹腔镜A(17件）,1609765,整行,1.0/59.4/59.4,,332,,
5月,手术室,缺失行,普外腹腔镜B(17件）,1609765,整行,1.0/59.4/59.4,,333,,
5月,手术室,缺失行,普外腹腔镜C(17件）,1609765,整行,1.0/59.4/59.4,,334,,
5月,手术室,缺失行,普外腹腔镜D(17件）,1609765,整行,1.0/59.4/59.4,,335,,
5月,手术室,缺失行,切开（28件）,1609765,整行,1.0/95.7/95.7,,336,,
5月,手术室,缺失行,拉钩-2/z1026,1609765,整行,1.0/8.1/8.1,,337,,
5月,手术室,缺失行,超声刀线-1/z3040,1609765,整行,4.0/21.0/84.0,,338,,
5月,手术室,缺失行,单极线-1/Z3040,1609765,整行,1.0/21.0/21.0,,339,,
5月,手术室,缺失行,生物夹钳-1/（双，保护）Z2060,1609765,整行,4.0/21.0/84.0,,340,,
5月,手术室,缺失行,2D镜头-1件/Z2060,1609765,整行,1.0/16.8/16.8,,341,,
5月,手术室,缺失行,30 度镜头-1(STORZE)/Z2060,1609765,整行,2.0/16.8/33.6,,342,,
5月,手术室,缺失行,3D镜头-1件/Z2060,1609765,整行,1.0/16.8/16.8,,343,,
5月,手术室,缺失行,持物钳罐-5件/w6050,1609765,整行,5.0/16.5/82.5,,344,,
5月,手术室,缺失行,腹腔镜基础包23件,1610035,整行,1.0/79.2/79.2,,345,,
5月,手术室,缺失行,普外腹腔镜E(17件）,1610035,整行,1.0/59.4/59.4,,346,,
5月,手术室,缺失行,超声刀线-1/z3040,1610035,整行,1.0/21.0/21.0,,347,,
5月,手术室,缺失行,单极线-1/Z3040,1610035,整行,1.0/21.0/21.0,,348,,
5月,手术室,缺失行,电凝棒-1（低温）/Z7545,1610035,整行,1.0/13.2/13.2,,349,,
5月,手术室,缺失行,生物夹钳-1/（双，保护）Z2060,1610035,整行,2.0/21.0/42.0,,350,,
5月,手术室,缺失行,妇科检查包-16件,1610035,整行,1.0/52.8/52.8,,351,,
5月,手术室,缺失行,小整形包,1610035,整行,1.0/52.8/52.8,,352,,
5月,手术室,缺失行,30 度镜头-1(威沙普)/Z2060,1610035,整行,1.0/16.8/16.8,,353,,
5月,手术室,缺失行,持物钳罐-5件/w6050,1610035,整行,2.0/16.5/33.0,,354,,
5月,手术室,缺失行,单子/W12050,1610057,整行,2.0/21.0/42.0,,355,,
5月,手术室,缺失行,刷手服/W12050,1610057,整行,3.0/21.0/63.0,,356,,
5月,手术室,缺失行,腹腔镜基础包23件,1610326,整行,1.0/79.2/79.2,,357,,
5月,手术室,缺失行,间盘A（52件）2/2,1610326,整行,1.0/75.9/75.9,,358,,
5月,手术室,缺失行,开腹（66件）,1610326,整行,1.0/227.7/227.7,,359,,
5月,手术室,缺失行,普外腹腔镜C(17件）,1610326,整行,1.0/59.4/59.4,,360,,
5月,手术室,缺失行,超声刀线-1/z3040,1610326,整行,1.0/21.0/21.0,,361,,
5月,手术室,缺失行,生物夹钳-1/（双，保护）Z2060,1610326,整行,3.0/21.0/63.0,,362,,
5月,手术室,缺失行,2D镜头-1件/Z2060,1610326,整行,1.0/16.8/16.8,,363,,
5月,手术室,缺失行,持物钳罐-5件/w6050,1610326,整行,2.0/16.5/33.0,,364,,
5月,手术室,缺失行,单子/W12050,1610763,整行,1.0/21.0/21.0,,365,,
5月,手术室,缺失行,刷手服/W12050,1610763,整行,1.0/21.0/21.0,,366,,
5月,手术室,缺失行,腹腔镜基础包23件,1610766,整行,1.0/79.2/79.2,,367,,
5月,手术室,缺失行,绝育（34件）,1610766,整行,2.0/115.5/231.0,,368,,
5月,手术室,缺失行,开腹（66件）,1610766,整行,1.0/227.7/227.7,,369,,
5月,手术室,缺失行,普外腹腔镜D(17件）,1610766,整行,1.0/59.4/59.4,,370,,
5月,手术室,缺失行,切开（28件）,1610766,整行,1.0/95.7/95.7,,371,,
5月,手术室,缺失行,下肢内固定（35件）,1610766,整行,1.0/118.8/118.8,,372,,
5月,手术室,缺失行,阴式（59件）,1610766,整行,1.0/201.3/201.3,,373,,
5月,手术室,缺失行,刀柄-1/Z7526,1610766,整行,1.0/4.8/4.8,,374,,
5月,手术室,缺失行,拉钩-2/z1026,1610766,整行,1.0/8.1/8.1,,375,,
5月,手术室,缺失行,超声刀线-1/z3040,1610766,整行,1.0/21.0/21.0,,376,,
5月,手术室,缺失行,单极线-1/Z3040,1610766,整行,1.0/21.0/21.0,,377,,
5月,手术室,缺失行,胆道镜-1/双/Z3095,1610766,整行,1.0/180.0/180.0,,378,,
5月,手术室,缺失行,生物夹钳-1/（双，保护）Z2060,1610766,整行,2.0/21.0/42.0,,379,,
5月,手术室,缺失行,2D镜头-1件/Z2060,1610766,整行,1.0/16.8/16.8,,380,,
5月,手术室,缺失行,持物钳罐-5件/w6050,1610766,整行,5.0/16.5/82.5,,381,,
5月,手术室,缺失行,泌尿号包-18件,1611085,整行,1.0/59.4/59.4,,382,,
5月,手术室,缺失行,妇科针-2/Z7537,1611085,整行,1.0/8.1/8.1,,383,,
5月,手术室,缺失行,刮勺-1/Z7530,1611085,整行,1.0/4.8/4.8,,384,,
5月,手术室,缺失行,妇科检查包-16件,1611085,整行,1.0/52.8/52.8,,385,,
5月,手术室,缺失行,检查镜-12度-3/Z2060,1611085,整行,1.0/39.6/39.6,,386,,
5月,手术室,缺失行,持物钳罐-5件/w6050,1611085,整行,2.0/16.5/33.0,,387,,
5月,手术室,缺失行,妇科针-2/Z7537,1611469,整行,1.0/8.1/8.1,,388,,
5月,手术室,缺失行,电切环-1/Z7526,1611469,整行,1.0/13.2/13.2,,389,,
5月,手术室,缺失行,镜鞘-1/z1550,1611469,整行,1.0/15.0/15.0,,390,,
5月,手术室,缺失行,妇科检查包-16件,1611469,整行,3.0/52.8/158.4,,391,,
5月,手术室,缺失行,妇科治疗镜A 12度-5件盒1/W12050,1611469,整行,1.0/52.8/52.8,,392,,
5月,手术室,缺失行,检查镜-12度-3/Z2060,1611469,整行,2.0/39.6/79.2,,393,,
5月,手术室,缺失行,检查镜-30度-1/Z2060,1611469,整行,1.0/16.8/16.8,,394,,
5月,手术室,缺失行,持物钳罐-5件/w6050,1611469,整行,2.0/16.5/33.0,,395,,
5月,手术室,缺失行,扩棒（7-9.5）-6件/W6050,1611469,整行,1.0/19.8/19.8,,396,,
5月,手术室,缺失行,单子/W12050,1611502,整行,2.0/21.0/42.0,,397,,
5月,手术室,缺失行,刷手服/W12050,1611502,整行,2.0/21.0/42.0,,398,,
5月,手术室,缺失行,绝育（34件）,1611848,整行,1.0/115.5/115.5,,399,,
5月,手术室,缺失行,阑尾40件（无纺布）,1611848,整行,1.0/138.6/138.6,,400,,
5月,手术室,缺失行,普外肠道腔镜器械（19件框1）,1611848,整行,1.0/66.0/66.0,,401,,
5月,手术室,缺失行,下肢内固定（35件）,1611848,整行,1.0/118.8/118.8,,402,,
5月,手术室,缺失行,小开腹（50件）,1611848,整行,1.0/171.6/171.6,,403,,
5月,手术室,缺失行,大直角-2/Z1530,1611848,整行,1.0/9.9/9.9,,404,,
5月,手术室,缺失行,荷包钳-1/（双）Z1540,1611848,整行,1.0/9.9/9.9,,405,,
5月,手术室,缺失行,克氏针-15/（双）Z7530,1611848,整行,1.0/9.9/9.9,,406,,
5月,手术室,缺失行,超声刀线-1/z3040,1611848,整行,1.0/21.0/21.0,,407,,
5月,手术室,缺失行,单极线-1/Z3040,1611848,整行,1.0/21.0/21.0,,408,,
5月,手术室,缺失行,生物夹钳-1/（双，保护）Z2060,1611848,整行,3.0/21.0/63.0,,409,,
5月,手术室,缺失行,3D镜头-1件/Z2060,1611848,整行,1.0/16.8/16.8,,410,,
5月,手术室,缺失行,持物钳罐-5件/w6050,1611848,整行,3.0/16.5/49.5,,411,,
5月,手术室,缺失行,超声刀线-1/z3040,1612057,整行,1.0/21.0/21.0,,412,,
5月,手术室,缺失行,电凝棒-1（低温）/Z7545,1612057,整行,1.0/13.2/13.2,,413,,
5月,手术室,缺失行,生物夹钳-1/（双，保护）Z2060,1612057,整行,2.0/21.0/42.0,,414,,
5月,手术室,缺失行,30 度镜头-1(STORZE)/Z2060,1612057,整行,1.0/16.8/16.8,,415,,
5月,手术室,缺失行,腹腔镜基础包23件,1612058,整行,1.0/79.2/79.2,,416,,
5月,手术室,缺失行,普外腹腔镜D(17件）,1612058,整行,1.0/59.4/59.4,,417,,
5月,手术室,缺失行,切开（28件）,1612058,整行,1.0/95.7/95.7,,418,,
5月,手术室,缺失行,刮勺-1/Z7530,1612058,整行,1.0/4.8/4.8,,419,,
5月,手术室,缺失行,持物钳罐-5件/w6050,1612058,整行,2.0/16.5/33.0,,420,,
5月,手术室,缺失行,单极线-1/Z3040,1612121,整行,1.0/21.0/21.0,,421,,
5月,手术室,缺失行,妇科针-2/Z7537,1612277,整行,1.0/8.1/8.1,,422,,
5月,手术室,缺失行,扩棒6.5 7.5 8 8.5 9 9.5-6件/w6050,1612277,整行,1.0/19.8/19.8,,423,,
5月,手术室,缺失行,电切环-1/Z7526,1612277,整行,1.0/13.2/13.2,,424,,
5月,手术室,缺失行,妇科检查包-16件,1612277,整行,1.0/52.8/52.8,,425,,
5月,手术室,缺失行,妇科治疗镜B 12度-5件盒1/W12050,1612277,整行,1.0/52.8/52.8,,426,,
5月,手术室,缺失行,持物钳罐-5件/w6050,1612277,整行,1.0/16.5/16.5,,427,,
5月,手术室,缺失行,开腹（66件）,1612572,整行,2.0/227.7/455.4,,428,,
5月,手术室,缺失行,普外肠道腔镜器械（19件框1）,1612572,整行,1.0/66.0/66.0,,429,,
5月,手术室,缺失行,普外腹腔镜A(17件）,1612572,整行,1.0/59.4/59.4,,430,,
5月,手术室,缺失行,血管器械（13件）,1612572,整行,1.0/46.2/46.2,,431,,
5月,手术室,缺失行,荷包钳-1/（双）Z1540,1612572,整行,1.0/9.9/9.9,,432,,
5月,手术室,缺失行,70度镜头-1/双Z1555,1612572,整行,1.0/21.0/21.0,,433,,
5月,手术室,缺失行,膀胱镜-3件/双/Z1555,1612572,整行,1.0/39.6/39.6,,434,,
5月,手术室,缺失行,肠钳子-1/Z2060,1612572,整行,1.0/16.8/16.8,,435,,
5月,手术室,缺失行,超声刀线-1/z3040,1612572,整行,3.0/21.0/63.0,,436,,
5月,手术室,缺失行,单极线-1/Z3040,1612572,整行,2.0/21.0/42.0,,437,,
5月,手术室,缺失行,电凝棒-1（低温）/Z7545,1612572,整行,1.0/13.2/13.2,,438,,
5月,手术室,缺失行,生物夹钳-1/（双，保护）Z2060,1612572,整行,4.0/21.0/84.0,,439,,
5月,手术室,缺失行,胃钳-1件（低温）/（双，保）Z2060,1612572,整行,2.0/21.0/42.0,,440,,
5月,手术室,缺失行,消毒包/W12050,1612572,整行,2.0/21.0/42.0,,441,,
5月,手术室,缺失行,30 度镜头-1(STORZE)/Z2060,1612572,整行,1.0/16.8/16.8,,442,,
5月,手术室,缺失行,3D镜头-1件/Z2060,1612572,整行,1.0/16.8/16.8,,443,,
5月,手术室,缺失行,持物钳罐-5件/w6050,1612572,整行,2.0/16.5/33.0,,444,,
5月,手术室,缺失行,妇儿（64件）,1612718,整行,1.0/217.8/217.8,,445,,
5月,手术室,缺失行,绝育（34件）,1612718,整行,1.0/115.5/115.5,,446,,
5月,手术室,缺失行,流产包B（16件）,1612718,整行,1.0/56.1/56.1,,447,,
5月,手术室,缺失行,切开（28件）,1612718,整行,4.0/95.7/382.8,,448,,
5月,手术室,缺失行,下肢内固定（35件）,1612718,整行,1.0/118.8/118.8,,449,,
5月,手术室,缺失行,(新）电钻-4件筐1/W905060,1612718,整行,1.0/16.5/16.5,,450,,
5月,手术室,缺失行,把持器-4件（筐1）/W9050,1612718,整行,1.0/16.5/16.5,,451,,
5月,手术室,缺失行,妇科针-2/Z7537,1612718,整行,1.0/8.1/8.1,,452,,
5月,手术室,缺失行,取环勾-1/7530,1612718,整行,1.0/4.8/4.8,,453,,
5月,手术室,缺失行,上环叉-1/7530,1612718,整行,1.0/4.8/4.8,,454,,
5月,手术室,缺失行,电切环-1/Z7526,1612718,整行,1.0/13.2/13.2,,455,,
5月,手术室,缺失行,妇科检查包-16件,1612718,整行,2.0/52.8/105.6,,456,,
5月,手术室,缺失行,妇科治疗镜B 12度-5件盒1/W12050,1612718,整行,1.0/52.8/52.8,,457,,
5月,手术室,缺失行,持物钳罐-5件/w6050,1612718,整行,6.0/16.5/99.0,,458,,
5月,手术室,缺失行,扩棒（7-9.5）-6件/W6050,1612718,整行,1.0/19.8/19.8,,459,,
5月,手术室,缺失行,扩棒（8-10.5）-6件/W6050,1612718,整行,1.0/19.8/19.8,,460,,
5月,手术室,缺失行,单子/W12050,1612727,整行,1.0/21.0/21.0,,461,,
5月,手术室,缺失行,手术衣-1件/W9050,1612727,整行,2.0/15.0/30.0,,462,,
5月,手术室,缺失行,刷手服/W12050,1612727,整行,1.0/21.0/21.0,,463,,
5月,手术室,缺失行,腹腔镜基础包23件,1613076,整行,1.0/79.2/79.2,,464,,
5月,手术室,缺失行,普外腹腔镜D(17件）,1613076,整行,1.0/59.4/59.4,,465,,
5月,手术室,缺失行,普外腹腔镜E(17件）,1613076,整行,1.0/59.4/59.4,,466,,
5月,手术室,缺失行,切开（28件）,1613076,整行,1.0/95.7/95.7,,467,,
5月,手术室,缺失行,小开腹（50件）,1613076,整行,1.0/171.6/171.6,,468,,
5月,手术室,缺失行,拉钩-2/z1026,1613076,整行,1.0/8.1/8.1,,469,,
5月,手术室,缺失行,超声刀线-1/z3040,1613076,整行,2.0/21.0/42.0,,470,,
5月,手术室,缺失行,持针器-1（低温等离子）/双/Z1555,1613076,整行,1.0/21.0/21.0,,471,,
5月,手术室,缺失行,生物夹钳-1/（双，保护）Z2060,1613076,整行,2.0/21.0/42.0,,472,,
5月,手术室,缺失行,30 度镜头-1(STORZE)/Z2060,1613076,整行,2.0/16.8/33.6,,473,,
5月,手术室,缺失行,持物钳罐-5件/w6050,1613076,整行,3.0/16.5/49.5,,474,,
5月,手术室,缺失行,腹腔镜基础包23件,1613502,整行,1.0/79.2/79.2,,475,,
5月,手术室,缺失行,绝育（34件）,1613502,整行,1.0/115.5/115.5,,476,,
5月,手术室,缺失行,开腹（66件）,1613502,整行,1.0/227.7/227.7,,477,,
5月,手术室,缺失行,普外肠道腔镜器械（19件框1）,1613502,整行,1.0/66.0/66.0,,478,,
5月,手术室,缺失行,普外腹腔镜C(17件）,1613502,整行,1.0/59.4/59.4,,479,,
5月,手术室,缺失行,切开（28件）,1613502,整行,1.0/95.7/95.7,,480,,
5月,手术室,缺失行,手外伤（30件）,1613502,整行,1.0/102.3/102.3,,481,,
5月,手术室,缺失行,艾利斯-2/Z1530,1613502,整行,1.0/9.9/9.9,,482,,
5月,手术室,缺失行,大直角-2/Z1530,1613502,整行,1.0/9.9/9.9,,483,,
5月,手术室,缺失行,刀柄-1/Z7526,1613502,整行,1.0/4.8/4.8,,484,,
5月,手术室,缺失行,妇科针-2/Z7537,1613502,整行,2.0/8.1/16.2,,485,,
5月,手术室,缺失行,荷包钳-1/（双）Z1540,1613502,整行,1.0/9.9/9.9,,486,,
5月,手术室,缺失行,扩棒6.5 7.5 8 8.5 9 9.5-6件/w6050,1613502,整行,1.0/19.8/19.8,,487,,
5月,手术室,缺失行,拉钩-2/z1026,1613502,整行,1.0/8.1/8.1,,488,,
5月,手术室,缺失行,蚊式-6/Z1526,1613502,整行,1.0/19.8/19.8,,489,,
5月,手术室,缺失行,牙钳-2/Z1530,1613502,整行,1.0/9.9/9.9,,490,,
5月,手术室,缺失行,止血钳（中）-5/Z1526,1613502,整行,1.0/16.5/16.5,,491,,
5月,手术室,缺失行,保温杯-1/z2040,1613502,整行,1.0/16.8/16.8,,492,,
5月,手术室,缺失行,超声刀线-1/z3040,1613502,整行,1.0/21.0/21.0,,493,,
5月,手术室,缺失行,单极线-1/Z3040,1613502,整行,1.0/21.0/21.0,,494,,
5月,手术室,缺失行,电切环-1/Z7526,1613502,整行,2.0/13.2/26.4,,495,,
5月,手术室,缺失行,生物夹钳-1/（双，保护）Z2060,1613502,整行,1.0/21.0/21.0,,496,,
5月,手术室,缺失行,妇科检查包-16件,1613502,整行,2.0/52.8/105.6,,497,,
5月,手术室,缺失行,30 度镜头-1(STORZE)/Z2060,1613502,整行,1.0/16.8/16.8,,498,,
5月,手术室,缺失行,3D镜头-1件/Z2060,1613502,整行,1.0/16.8/16.8,,499,,
5月,手术室,缺失行,妇科治疗镜A 12度-5件盒1/W12050,1613502,整行,1.0/52.8/52.8,,500,,
5月,手术室,缺失行,妇科治疗镜B 12度-5件盒1/W12050,1613502,整行,1.0/52.8/52.8,,501,,
5月,手术室,缺失行,检查镜-12度-3/Z2060,1613502,整行,1.0/39.6/39.6,,502,,
5月,手术室,缺失行,持物钳罐-5件/w6050,1613502,整行,7.0/16.5/115.5,,503,,
5月,手术室,缺失行,扩棒（8-10.5）-6件/W6050,1613502,整行,1.0/19.8/19.8,,504,,
5月,手术室,缺失行,小弯-6件/W6050,1613502,整行,1.0/19.8/19.8,,505,,
5月,手术室,缺失行,单子/W12050,1613516,整行,2.0/21.0/42.0,,506,,
5月,手术室,缺失行,手术衣-1件/W9050,1613516,整行,2.0/15.0/30.0,,507,,
5月,手术室,缺失行,刷手服/W12050,1613516,整行,3.0/21.0/63.0,,508,,
5月,手术室,缺失行,绝育（34件）,1613750,整行,1.0/115.5/115.5,,509,,
5月,手术室,缺失行,阑尾40件（无纺布）,1613750,整行,1.0/138.6/138.6,,510,,
5月,手术室,缺失行,上肢内固定（22件）,1613750,整行,1.0/75.9/75.9,,511,,
5月,手术室,缺失行,小开腹（50件）,1613750,整行,1.0/171.6/171.6,,512,,
5月,手术室,缺失行,(黑色）电钻-4件筐1/W905060,1613750,整行,1.0/16.5/16.5,,513,,
5月,手术室,缺失行,把持器-4件（筐1）/W9050,1613750,整行,1.0/16.5/16.5,,514,,
5月,手术室,缺失行,持物钳罐-5件/w6050,1613750,整行,3.0/16.5/49.5,,515,,
5月,手术室,多余行,腹腔镜基础包23件,1596683,整行,,1.0/79.2/79.2,,9,
5月,手术室,多余行,开腹（66件）,1596683,整行,,1.0/227.7/227.7,,10,
5月,手术室,多余行,普外腹腔镜C(45件）,1596683,整行,,1.0/151.8/151.8,,11,
5月,手术室,多余行,超声刀线-1/z3040,1596683,整行,,2.0/21.0/42.0,,12,
5月,手术室,多余行,单极线-1/Z3040,1596683,整行,,2.0/21.0/42.0,,13,
5月,手术室,多余行,生物夹钳-1/（双，保护）Z2060,1596683,整行,,1.0/21.0/21.0,,14,
5月,手术室,多余行,30 度镜头-1(STORZE)/Z2060,1596683,整行,,1.0/16.8/16.8,,15,
5月,手术室,多余行,持物钳罐-5件/w6050,1596683,整行,,1.0/16.5/16.5,,16,
5月,手术室,多余行,超声刀线-1/z3040,1596870,整行,,3.0/21.0/63.0,,17,
5月,手术室,多余行,单极线-1/Z3040,1596870,整行,,3.0/21.0/63.0,,18,
5月,手术室,多余行,生物夹钳-1/（双，保护）Z2060,1596870,整行,,1.0/21.0/21.0,,19,
5月,手术室,多余行,2D镜头-1件/Z2060,1596870,整行,,1.0/16.8/16.8,,20,
5月,手术室,多余行,30 度镜头-1(STORZE)/Z2060,1596870,整行,,1.0/16.8/16.8,,21,
5月,手术室,多余行,3D镜头-1件/Z2060,1596870,整行,,1.0/16.8/16.8,,22,
5月,手术室,多余行,腹腔镜基础包23件,1596874,整行,,1.0/79.2/79.2,,23,
5月,手术室,多余行,开腹（66件）,1596874,整行,,1.0/227.7/227.7,,24,
5月,手术室,多余行,普外肠道腔镜器械（56件）,1596874,整行,,1.0/188.1/188.1,,25,
5月,手术室,多余行,普外腹腔镜A(44件）,1596874,整行,,1.0/148.5/148.5,,26,
5月,手术室,多余行,切开（28件）,1596874,整行,,2.0/95.7/191.4,,27,
5月,手术室,多余行,小拉勾-2/Z1026,1596874,整行,,1.0/8.1/8.1,,28,
5月,手术室,多余行,持物钳罐-5件/w6050,1596874,整行,,4.0/16.5/66.0,,29,
5月,手术室,多余行,单子/W12050,1596888,整行,,2.0/21.0/42.0,,30,
5月,手术室,多余行,刷手服/W12050,1596888,整行,,3.0/21.0/63.0,,31,
5月,手术室,多余行,妇科腹腔镜B（46件）,1597117,整行,,1.0/155.1/155.1,,32,
5月,手术室,多余行,腹腔镜基础包23件,1597117,整行,,1.0/79.2/79.2,,33,
5月,手术室,多余行,举宫杯-15件,1597117,整行,,1.0/52.8/52.8,,34,
5月,手术室,多余行,流产包B（16件）,1597117,整行,,1.0/56.1/56.1,,35,
5月,手术室,多余行,普外腹腔镜D(45件）,1597117,整行,,1.0/151.8/151.8,,36,
5月,手术室,多余行,妇科针-2/Z7537,1597117,整行,,1.0/8.1/8.1,,37,
5月,手术室,多余行,宫颈钳（单齿）-1/Z1535,1597117,整行,,1.0/6.6/6.6,,38,
5月,手术室,多余行,小拉勾-2/Z1026,1597117,整行,,1.0/8.1/8.1,,39,
5月,手术室,多余行,阴道拉钩-2/Z2032,1597117,整行,,1.0/9.9/9.9,,40,
5月,手术室,多余行,超声刀线-1/z3040,1597117,整行,,1.0/21.0/21.0,,41,
5月,手术室,多余行,电切环-1/Z7526,1597117,整行,,1.0/13.2/13.2,,42,
5月,手术室,多余行,生物夹钳-1/（双，保护）Z2060,1597117,整行,,1.0/21.0/21.0,,43,
5月,手术室,多余行,妇科检查包-16件,1597117,整行,,1.0/52.8/52.8,,44,
5月,手术室,多余行,30 度镜头-1(威沙普)/Z2060,1597117,整行,,1.0/16.8/16.8,,45,
5月,手术室,多余行,妇科治疗镜B 12度-5件盒1/W12050,1597117,整行,,1.0/52.8/52.8,,46,
5月,手术室,多余行,检查镜-12度-3/Z2060,1597117,整行,,1.0/39.6/39.6,,47,
5月,手术室,多余行,持物钳罐-5件/w6050,1597117,整行,,2.0/16.5/33.0,,48,
5月,手术室,多余行,腹膜钳-5/W6050,1597117,整行,,1.0/16.5/16.5,,49,
5月,手术室,多余行,扩棒（7-9.5）-6件/W6050,1597117,整行,,1.0/19.8/19.8,,50,
5月,手术室,多余行,腹腔镜基础包23件,1597150,整行,,1.0/79.2/79.2,,51,
5月,手术室,多余行,单极线-1/Z3040,1597150,整行,,1.0/21.0/21.0,,52,
5月,手术室,多余行,超声刀线-1/z3040,1597250,整行,,2.0/21.0/42.0,,53,
5月,手术室,多余行,单极线-1/Z3040,1597250,整行,,2.0/21.0/42.0,,54,
5月,手术室,多余行,普外腹腔镜C(45件）/W1205060,1597250,整行,,1.0/180.0/180.0,,55,
5月,手术室,多余行,生物夹钳-1/（双，保护）Z2060,1597250,整行,,3.0/21.0/63.0,,56,
5月,手术室,多余行,胃钳子-1/Z2060（低温）,1597250,整行,,1.0/16.8/16.8,,57,
5月,手术室,多余行,2D镜头-1件/Z2060,1597250,整行,,1.0/16.8/16.8,,58,
5月,手术室,多余行,30 度镜头-1(STORZE)/Z2060,1597250,整行,,1.0/16.8/16.8,,59,
5月,手术室,多余行,检查镜-12度-3/Z2060,1597250,整行,,1.0/39.6/39.6,,60,
5月,手术室,多余行,腹腔镜基础包23件,1597251,整行,,2.0/79.2/158.4,,61,
5月,手术室,多余行,普外腹腔镜E(42件）,1597251,整行,,1.0/141.9/141.9,,62,
5月,手术室,多余行,妇科窥器-1/Z1526,1597251,整行,,2.0/6.6/13.2,,63,
5月,手术室,多余行,妇科针-2/Z7537,1597251,整行,,1.0/8.1/8.1,,64,
5月,手术室,多余行,小拉勾-2/Z1026,1597251,整行,,1.0/8.1/8.1,,65,
5月,手术室,多余行,妇科检查包-16件,1597251,整行,,2.0/52.8/105.6,,66,
5月,手术室,多余行,持物钳罐-5件/w6050,1597251,整行,,2.0/16.5/33.0,,67,
5月,手术室,多余行,超声刀线-1/z3040,1597611,整行,,2.0/21.0/42.0,,68,
5月,手术室,多余行,单极线-1/Z3040,1597611,整行,,1.0/21.0/21.0,,69,
5月,手术室,多余行,电切环-1/Z7526,1597611,整行,,1.0/13.2/13.2,,70,
5月,手术室,多余行,生物夹钳-1/（双，保护）Z2060,1597611,整行,,1.0/21.0/21.0,,71,
5月,手术室,多余行,吸引器-1件/Z1550,1597611,整行,,1.0/15.0/15.0,,72,
5月,手术室,多余行,30 度镜头-1(STORZE)/Z2060,1597611,整行,,2.0/16.8/33.6,,73,
5月,手术室,多余行,妇科治疗镜A 12度-5件盒1/W12050,1597611,整行,,1.0/52.8/52.8,,74,
5月,手术室,多余行,检查镜-12度-3/Z2060,1597611,整行,,1.0/39.6/39.6,,75,
5月,手术室,多余行,妇科腹腔镜A（46件）,1597620,整行,,1.0/155.1/155.1,,76,
5月,手术室,多余行,腹腔镜基础包23件,1597620,整行,,2.0/79.2/158.4,,77,
5月,手术室,多余行,举宫杯16件,1597620,整行,,1.0/56.1/56.1,,78,
5月,手术室,多余行,绝育（34件）,1597620,整行,,1.0/115.5/115.5,,79,
5月,手术室,多余行,流产包B（16件）,1597620,整行,,1.0/56.1/56.1,,80,
5月,手术室,多余行,普外腹腔镜C(45件）,1597620,整行,,1.0/151.8/151.8,,81,
5月,手术室,多余行,切开（28件）,1597620,整行,,1.0/95.7/95.7,,82,
5月,手术室,多余行,剥离子-1/（双）Z7530,1597620,整行,,1.0/6.3/6.3,,83,
5月,手术室,多余行,妇科窥器-1/Z1526,1597620,整行,,1.0/6.6/6.6,,84,
5月,手术室,多余行,妇科针-2/Z7537,1597620,整行,,1.0/8.1/8.1,,85,
5月,手术室,多余行,梅花螺丝刀-8件/双/Z1526,1597620,整行,,1.0/26.4/26.4,,86,
5月,手术室,多余行,内六角-1/Z1029,1597620,整行,,1.0/4.8/4.8,,87,
5月,手术室,多余行,内六角螺丝刀-8件/Z1526,1597620,整行,,1.0/26.4/26.4,,88,
5月,手术室,多余行,咬骨钳-1/（双）Z2032,1597620,整行,,1.0/9.9/9.9,,89,
5月,手术室,多余行,妇科检查包-16件,1597620,整行,,1.0/52.8/52.8,,90,
5月,手术室,多余行,持物钳罐-5件/w6050,1597620,整行,,3.0/16.5/49.5,,91,
5月,手术室,多余行,扩棒（8-10.5）-6件/W6050,1597620,整行,,1.0/19.8/19.8,,92,
5月,手术室,多余行,单子/W12050,1597625,整行,,3.0/21.0/63.0,,93,
5月,手术室,多余行,刷手服/W12050,1597625,整行,,2.0/21.0/42.0,,94,
5月,手术室,多余行,开腹（66件）,1598001,整行,,2.0/227.7/455.4,,95,
5月,手术室,多余行,普外肠道腔镜器械（56件）,1598001,整行,,1.0/188.1/188.1,,96,
5月,手术室,多余行,普外腹腔镜D(45件）,1598001,整行,,1.0/151.8/151.8,,97,
5月,手术室,多余行,妇科针-2/Z7537,1598001,整行,,1.0/8.1/8.1,,98,
5月,手术室,多余行,荷包钳-1/（双）Z1540,1598001,整行,,1.0/9.9/9.9,,99,
5月,手术室,多余行,妇科检查包-16件,1598001,整行,,1.0/52.8/52.8,,100,
5月,手术室,多余行,持物钳罐-5件/w6050,1598001,整行,,3.0/16.5/49.5,,101,
5月,手术室,多余行,杯-1/z1526,1598028,整行,,1.0/15.0/15.0,,102,
5月,手术室,多余行,超声刀线-1/z3040,1598028,整行,,2.0/21.0/42.0,,103,
5月,手术室,多余行,生物夹钳-1/（双，保护）Z2060,1598028,整行,,3.0/21.0/63.0,,104,
5月,手术室,多余行,胃钳子-1/Z2060（低温）,1598028,整行,,2.0/16.8/33.6,,105,
5月,手术室,多余行,30 度镜头-1(STORZE)/Z2060,1598028,整行,,1.0/16.8/16.8,,106,
5月,手术室,多余行,3D镜头-1件/Z2060,1598028,整行,,1.0/16.8/16.8,,107,
5月,手术室,多余行,检查镜-12度-3/Z2060,1598028,整行,,1.0/39.6/39.6,,108,
5月,手术室,多余行,腹腔镜基础包23件,1598251,整行,,1.0/79.2/79.2,,109,
5月,手术室,多余行,甲状腺-52件,1598251,整行,,1.0/178.2/178.2,,110,
5月,手术室,多余行,脑显微-47件,1598251,整行,,1.0/158.4/158.4,,111,
5月,手术室,多余行,普外腹腔镜A(44件）,1598251,整行,,1.0/148.5/148.5,,112,
5月,手术室,多余行,铣切钻-8件,1598251,整行,,1.0/29.7/29.7,,113,
5月,手术室,多余行,钻孔-79件,1598251,整行,,1.0/264.0/264.0,,114,
5月,手术室,多余行,超声刀线-1/z3040,1598251,整行,,1.0/21.0/21.0,,115,
5月,手术室,多余行,单极线-1/Z3040,1598251,整行,,1.0/21.0/21.0,,116,
5月,手术室,多余行,生物夹钳-1/（双，保护）Z2060,1598251,整行,,1.0/21.0/21.0,,117,
5月,手术室,多余行,30 度镜头-1(STORZE)/Z2060,1598251,整行,,1.0/16.8/16.8,,118,
5月,手术室,多余行,持物钳罐-5件/w6050,1598251,整行,,2.0/16.5/33.0,,119,
5月,手术室,多余行,脑科螺丝刀-2/z1530,1598273,整行,,1.0/9.9/9.9,,120,
5月,手术室,多余行,单子/W12050,1598277,整行,,2.0/21.0/42.0,,121,
5月,手术室,多余行,敷料包/W12050,1598277,整行,,2.0/21.0/42.0,,122,
5月,手术室,多余行,腹腔镜基础包23件,1598549,整行,,1.0/79.2/79.2,,123,
5月,手术室,多余行,开腹（66件）,1598549,整行,,2.0/227.7/455.4,,124,
5月,手术室,多余行,普外腹腔镜A(44件）,1598549,整行,,1.0/148.5/148.5,,125,
5月,手术室,多余行,普外腹腔镜D(45件）,1598549,整行,,1.0/151.8/151.8,,126,
5月,手术室,多余行,半月板拉钩-5/W6050,1598549,整行,,1.0/16.5/16.5,,127,
5月,手术室,多余行,剥离子-1/（双）Z7530,1598549,整行,,1.0/6.3/6.3,,128,
5月,手术室,多余行,持针器-1/Z1029,1598549,整行,,2.0/4.8/9.6,,129,
5月,手术室,多余行,大直角-2/Z1530,1598549,整行,,1.0/9.9/9.9,,130,
5月,手术室,多余行,胆道探子-7/W6050,1598549,整行,,1.0/23.1/23.1,,131,
5月,手术室,多余行,肛门探针-1/Z7526,1598549,整行,,1.0/4.8/4.8,,132,
5月,手术室,多余行,骨锉-1/Z7530,1598549,整行,,1.0/4.8/4.8,,133,
5月,手术室,多余行,刮勺-1/Z7530,1598549,整行,,2.0/4.8/9.6,,134,
5月,手术室,多余行,克氏钳-1/z1526,1598549,整行,,1.0/6.6/6.6,,135,
5月,手术室,多余行,克氏针-1件/Z7534,1598549,整行,,2.0/4.8/9.6,,136,
5月,手术室,多余行,克氏针-2件/Z7534,1598549,整行,,1.0/4.8/4.8,,137,
5月,手术室,多余行,拉钩-2/z1026,1598549,整行,,1.0/8.1/8.1,,138,
5月,手术室,多余行,颅骨钻头-1/Z7520,1598549,整行,,2.0/4.8/9.6,,139,
5月,手术室,多余行,尿道探子F16-1/Z7530,1598549,整行,,1.0/4.8/4.8,,140,
5月,手术室,多余行,镊子-1/Z7526,1598549,整行,,4.0/4.8/19.2,,141,
5月,手术室,多余行,驱血带-1/Z2032,1598549,整行,,1.0/7.8/7.8,,142,
5月,手术室,多余行,舌钳子-1/1526,1598549,整行,,1.0/6.6/6.6,,143,
5月,手术室,多余行,头皮夹-1/Z1026,1598549,整行,,2.0/4.8/9.6,,144,
5月,手术室,多余行,铣刀刀头-1/Z7526,1598549,整行,,1.0/4.8/4.8,,145,
5月,手术室,多余行,小S钩-2/Z2044,1598549,整行,,1.0/9.9/9.9,,146,
5月,手术室,多余行,小拉勾-2/Z1026,1598549,整行,,1.0/8.1/8.1,,147,
5月,手术室,多余行,血管夹-1/Z1026,1598549,整行,,2.0/4.8/9.6,,148,
5月,手术室,多余行,咬骨钳-1/（双）Z2032,1598549,整行,,1.0/9.9/9.9,,149,
5月,手术室,多余行,直肠钳子-2件/Z1535,1598549,整行,,1.0/9.9/9.9,,150,
5月,手术室,多余行,钻头-1/Z7526,1598549,整行,,1.0/4.8/4.8,,151,
5月,手术室,多余行,钻钥匙-1/Z1020,1598549,整行,,1.0/4.8/4.8,,152,
5月,手术室,多余行,持物钳罐-5件/w6050,1598549,整行,,2.0/16.5/33.0,,153,
5月,手术室,多余行,大爪钩-2/W6050,1598549,整行,,1.0/9.9/9.9,,154,
5月,手术室,多余行,开口器-5件/w6050,1598549,整行,,2.0/16.5/33.0,,155,
5月,手术室,多余行,肠钳子-1（低温）/Z2060,1598560,整行,,2.0/16.8/33.6,,156,
5月,手术室,多余行,超声刀线-1/z3040,1598560,整行,,1.0/21.0/21.0,,157,
5月,手术室,多余行,单极线-1/Z3040,1598560,整行,,1.0/21.0/21.0,,158,
5月,手术室,多余行,胆道镜-1/双/Z3095,1598560,整行,,1.0/180.0/180.0,,159,
5月,手术室,多余行,康基连发施夹钳（绿）-1/双保Z2060,1598560,整行,,1.0/21.0/21.0,,160,
5月,手术室,多余行,生物夹钳-1/（双，保护）Z2060,1598560,整行,,1.0/21.0/21.0,,161,
5月,手术室,多余行,双极电凝-1/Z2060,1598560,整行,,1.0/16.8/16.8,,162,
5月,手术室,多余行,2D镜头-1件/Z2060,1598560,整行,,1.0/16.8/16.8,,163,
5月,手术室,多余行,30 度镜头-1(STORZE)/Z2060,1598560,整行,,1.0/16.8/16.8,,164,
5月,手术室,多余行,单子/W12050,1598964,整行,,1.0/21.0/21.0,,165,
5月,手术室,多余行,敷料包/W12050,1598964,整行,,2.0/21.0/42.0,,166,
5月,手术室,多余行,腹腔镜基础包23件,1598985,整行,,2.0/79.2/158.4,,167,
5月,手术室,多余行,绝育（34件）,1598985,整行,,1.0/115.5/115.5,,168,
5月,手术室,多余行,普外腹腔镜C(45件）,1598985,整行,,1.0/151.8/151.8,,169,
5月,手术室,多余行,普外腹腔镜D(45件）,1598985,整行,,1.0/151.8/151.8,,170,
5月,手术室,多余行,切开（28件）,1598985,整行,,1.0/95.7/95.7,,171,
5月,手术室,多余行,下肢内固定（35件）,1598985,整行,,1.0/118.8/118.8,,172,
5月,手术室,多余行,整形（37件）,1598985,整行,,2.0/125.4/250.8,,173,
5月,手术室,多余行,胆囊穿刺针-1（高温）/Z7560,1598985,整行,,1.0/4.8/4.8,,174,
5月,手术室,多余行,开口器-1/Z1026,1598985,整行,,1.0/4.8/4.8,,175,
5月,手术室,多余行,拉钩-2/z1026,1598985,整行,,2.0/8.1/16.2,,176,
5月,手术室,多余行,气腹针（高温）-1/Z1029,1598985,整行,,3.0/4.8/14.4,,177,
5月,手术室,多余行,肠钳子-1（低温）/Z2060,1598985,整行,,1.0/16.8/16.8,,178,
5月,手术室,多余行,超声刀线-1/z3040,1598985,整行,,1.0/21.0/21.0,,179,
5月,手术室,多余行,戳卡-4/z1530,1598985,整行,,1.0/52.8/52.8,,180,
5月,手术室,多余行,戳卡-5（低温）/Z2045,1598985,整行,,1.0/52.8/52.8,,181,
5月,手术室,多余行,单极线-1/Z3040,1598985,整行,,1.0/21.0/21.0,,182,
5月,手术室,多余行,取石钳胆道-1/Z2060,1598985,整行,,1.0/16.8/16.8,,183,
5月,手术室,多余行,生物夹钳-1/（双，保护）Z2060,1598985,整行,,3.0/21.0/63.0,,184,
5月,手术室,多余行,手柄-1/z2026,1598985,整行,,1.0/16.8/16.8,,185,
5月,手术室,多余行,30 度镜头-1(STORZE)/Z2060,1598985,整行,,2.0/16.8/33.6,,186,
5月,手术室,多余行,胆道镜-1/z2060,1598985,整行,,1.0/16.8/16.8,,187,
5月,手术室,多余行,持物钳罐-5件/w6050,1598985,整行,,5.0/16.5/82.5,,188,
5月,手术室,多余行,腹腔镜基础包23件,1599367,整行,,2.0/79.2/158.4,,189,
5月,手术室,多余行,泌尿（38件）,1599367,整行,,1.0/128.7/128.7,,190,
5月,手术室,多余行,普外腹腔镜A(44件）,1599367,整行,,1.0/148.5/148.5,,191,
5月,手术室,多余行,普外腹腔镜C(45件）,1599367,整行,,1.0/151.8/151.8,,192,
5月,手术室,多余行,手摇钻-2(带筐)/W905060,1599367,整行,,1.0/9.9/9.9,,193,
5月,手术室,多余行,刮勺-1/Z7530,1599367,整行,,1.0/4.8/4.8,,194,
5月,手术室,多余行,超声刀线-1/z3040,1599367,整行,,2.0/21.0/42.0,,195,
5月,手术室,多余行,单极线-1/Z3040,1599367,整行,,2.0/21.0/42.0,,196,
5月,手术室,多余行,生物夹钳-1/（双，保护）Z2060,1599367,整行,,2.0/21.0/42.0,,197,
5月,手术室,多余行,2D镜头-1件/Z2060,1599367,整行,,1.0/16.8/16.8,,198,
5月,手术室,多余行,30 度镜头-1(STORZE)/Z2060,1599367,整行,,1.0/16.8/16.8,,199,
5月,手术室,多余行,持物钳罐-5件/w6050,1599367,整行,,2.0/16.5/33.0,,200,
5月,手术室,多余行,自动拉钩-1 /W9050,1599367,整行,,1.0/9.9/9.9,,201,
5月,手术室,多余行,腹腔镜基础包23件,1599649,整行,,2.0/79.2/158.4,,202,
5月,手术室,多余行,开腹（66件）,1599649,整行,,1.0/227.7/227.7,,203,
5月,手术室,多余行,普外肠道腔镜器械（56件）,1599649,整行,,1.0/188.1/188.1,,204,
5月,手术室,多余行,普外腹腔镜B(44件）,1599649,整行,,1.0/148.5/148.5,,205,
5月,手术室,多余行,普外腹腔镜D(45件）,1599649,整行,,1.0/151.8/151.8,,206,
5月,手术室,多余行,荷包钳-1/（双）Z1540,1599649,整行,,1.0/9.9/9.9,,207,
5月,手术室,多余行,小拉勾-2/Z1026,1599649,整行,,2.0/8.1/16.2,,208,
5月,手术室,多余行,超声刀线-1/z3040,1599649,整行,,3.0/21.0/63.0,,209,
5月,手术室,多余行,单极线-1/Z3040,1599649,整行,,2.0/21.0/42.0,,210,
5月,手术室,多余行,生物夹钳-1/（双，保护）Z2060,1599649,整行,,3.0/21.0/63.0,,211,
5月,手术室,多余行,30 度镜头-1(STORZE)/Z2060,1599649,整行,,1.0/16.8/16.8,,212,
5月,手术室,多余行,30 度镜头-1(威沙普)/Z2060,1599649,整行,,1.0/16.8/16.8,,213,
5月,手术室,多余行,3D镜头-1件/Z2060,1599649,整行,,1.0/16.8/16.8,,214,
5月,手术室,多余行,持物钳罐-5件/w6050,1599649,整行,,3.0/16.5/49.5,,215,
5月,手术室,多余行,单子/W12050,1599715,整行,,2.0/21.0/42.0,,216,
5月,手术室,多余行,手术衣-1件/W9050,1599715,整行,,2.0/15.0/30.0,,217,
5月,手术室,多余行,刷手服/W12050,1599715,整行,,1.0/21.0/21.0,,218,
5月,手术室,多余行,腹腔镜基础包23件,1599766,整行,,2.0/79.2/158.4,,219,
5月,手术室,多余行,泌尿号包-16件,1599766,整行,,1.0/52.8/52.8,,220,
5月,手术室,多余行,普外腹腔镜A(44件）,1599766,整行,,1.0/148.5/148.5,,221,
5月,手术室,多余行,普外腹腔镜C(45件）,1599766,整行,,1.0/151.8/151.8,,222,
5月,手术室,多余行,超声刀线-1/z3040,1599766,整行,,2.0/21.0/42.0,,223,
5月,手术室,多余行,单极线-1/Z3040,1599766,整行,,1.0/21.0/21.0,,224,
5月,手术室,多余行,胆道镜-1/双/Z3095,1599766,整行,,1.0/180.0/180.0,,225,
5月,手术室,多余行,取石钳-1（低温）/Z2060,1599766,整行,,2.0/16.8/33.6,,226,
5月,手术室,多余行,生物夹钳-1/（双，保护）Z2060,1599766,整行,,3.0/21.0/63.0,,227,
5月,手术室,多余行,2D镜头-1件/Z2060,1599766,整行,,1.0/16.8/16.8,,228,
5月,手术室,多余行,30 度镜头-1(STORZE)/Z2060,1599766,整行,,1.0/16.8/16.8,,229,
5月,手术室,多余行,持物钳罐-5件/w6050,1599766,整行,,3.0/16.5/49.5,,230,
5月,手术室,多余行,刷手服/W12050,1599802,整行,,1.0/21.0/21.0,,231,
5月,手术室,多余行,腹腔镜基础包23件,1600027,整行,,2.0/79.2/158.4,,232,
5月,手术室,多余行,普外腹腔镜B(44件）,1600027,整行,,1.0/148.5/148.5,,233,
5月,手术室,多余行,普外腹腔镜D(45件）,1600027,整行,,1.0/151.8/151.8,,234,
5月,手术室,多余行,超声刀线-1/z3040,1600027,整行,,2.0/21.0/42.0,,235,
5月,手术室,多余行,生物夹钳-1/（双，保护）Z2060,1600027,整行,,1.0/21.0/21.0,,236,
5月,手术室,多余行,胃钳子-1/Z2060（低温）,1600027,整行,,1.0/16.8/16.8,,237,
5月,手术室,多余行,30 度镜头-1(STORZE)/Z2060,1600027,整行,,2.0/16.8/33.6,,238,
5月,手术室,多余行,持物钳罐-5件/w6050,1600027,整行,,2.0/16.5/33.0,,239,
5月,手术室,多余行,腹腔镜基础包23件,1600207,整行,,2.0/79.2/158.4,,240,
5月,手术室,多余行,普外腹腔镜B(44件）,1600207,整行,,1.0/148.5/148.5,,241,
5月,手术室,多余行,普外腹腔镜D(45件）,1600207,整行,,1.0/151.8/151.8,,242,
5月,手术室,多余行,超声刀线-1/z3040,1600207,整行,,2.0/21.0/42.0,,243,
5月,手术室,多余行,单极线-1/Z3040,1600207,整行,,1.0/21.0/21.0,,244,
5月,手术室,多余行,生物夹钳-1/（双，保护）Z2060,1600207,整行,,2.0/21.0/42.0,,245,
5月,手术室,多余行,30 度镜头-1(STORZE)/Z2060,1600207,整行,,2.0/16.8/33.6,,246,
5月,手术室,多余行,持物钳罐-5件/w6050,1600207,整行,,2.0/16.5/33.0,,247,
5月,手术室,多余行,超声刀线-1/z3040,1600396,整行,,2.0/21.0/42.0,,248,
5月,手术室,多余行,单极线-1/Z3040,1600396,整行,,2.0/21.0/42.0,,249,
5月,手术室,多余行,胆道镜-1/双/Z3095,1600396,整行,,1.0/180.0/180.0,,250,
5月,手术室,多余行,生物夹钳-1/（双，保护）Z2060,1600396,整行,,2.0/21.0/42.0,,251,
5月,手术室,多余行,30 度镜头-1(STORZE)/Z2060,1600396,整行,,1.0/16.8/16.8,,252,
5月,手术室,多余行,30 度镜头-1(威沙普)/Z2060,1600396,整行,,1.0/16.8/16.8,,253,
5月,手术室,多余行,腹腔镜基础包23件,1600397,整行,,2.0/79.2/158.4,,254,
5月,手术室,多余行,持物钳罐-5件/w6050,1600397,整行,,2.0/16.5/33.0,,255,
5月,手术室,多余行,普外腹腔镜B(17件）,1600547,整行,,1.0/59.4/59.4,,256,
5月,手术室,多余行,普外腹腔镜C(17件）,1600547,整行,,1.0/59.4/59.4,,257,
5月,手术室,多余行,妇科针-2/Z7537,1600547,整行,,2.0/8.1/16.2,,258,
5月,手术室,多余行,宫颈钳（单齿）-1/Z1535,1600547,整行,,1.0/6.6/6.6,,259,
5月,手术室,多余行,拉钩-2/z1026,1600547,整行,,1.0/8.1/8.1,,260,
5月,手术室,多余行,取环勾-1/7530,1600547,整行,,1.0/4.8/4.8,,261,
5月,手术室,多余行,电凝棒-1（低温）/Z7545,1600547,整行,,2.0/13.2/26.4,,262,
5月,手术室,多余行,电切环-1/Z7526,1600547,整行,,1.0/13.2/13.2,,263,
5月,手术室,多余行,妇科检查包-16件,1600547,整行,,2.0/52.8/105.6,,264,
5月,手术室,多余行,妇科治疗镜B 12度-5件盒1/W12050,1600547,整行,,1.0/52.8/52.8,,265,
5月,手术室,多余行,检查镜-12度-3/Z2060,1600547,整行,,1.0/39.6/39.6,,266,
5月,手术室,多余行,持物钳罐-5件/w6050,1600547,整行,,2.0/16.5/33.0,,267,
5月,手术室,多余行,扩棒（8-10.5）-6件/W6050,1600547,整行,,1.0/19.8/19.8,,268,
5月,手术室,多余行,单子/W12050,1600954,整行,,2.0/21.0/42.0,,269,
5月,手术室,多余行,刷手服/W12050,1600954,整行,,2.0/21.0/42.0,,270,
5月,手术室,多余行,腹腔镜基础包23件,1600985,整行,,2.0/79.2/158.4,,271,
5月,手术室,多余行,绝育（34件）,1600985,整行,,1.0/115.5/115.5,,272,
5月,手术室,多余行,普外腹腔镜A(17件）,1600985,整行,,1.0/59.4/59.4,,273,
5月,手术室,多余行,普外腹腔镜D(17件）,1600985,整行,,1.0/59.4/59.4,,274,
5月,手术室,多余行,下肢内固定（35件）,1600985,整行,,1.0/118.8/118.8,,275,
5月,手术室,多余行,妇科针-2/Z7537,1600985,整行,,1.0/8.1/8.1,,276,
5月,手术室,多余行,宫颈钳（单齿）-1/Z1535,1600985,整行,,1.0/6.6/6.6,,277,
5月,手术室,多余行,小拉勾-2/Z1026,1600985,整行,,1.0/8.1/8.1,,278,
5月,手术室,多余行,超声刀线-1/z3040,1600985,整行,,2.0/21.0/42.0,,279,
5月,手术室,多余行,单极线-1/Z3040,1600985,整行,,2.0/21.0/42.0,,280,
5月,手术室,多余行,电凝棒-1（低温）/Z7545,1600985,整行,,1.0/13.2/13.2,,281,
5月,手术室,多余行,电切环-1/Z7526,1600985,整行,,1.0/13.2/13.2,,282,
5月,手术室,多余行,红帽-1/Z7520,1600985,整行,,3.0/13.2/39.6,,283,
5月,手术室,多余行,生物夹钳-1/（双，保护）Z2060,1600985,整行,,3.0/21.0/63.0,,284,
5月,手术室,多余行,双极钳-1/Z2060,1600985,整行,,1.0/16.8/16.8,,285,
5月,手术室,多余行,双极线-1/Z3040,1600985,整行,,1.0/21.0/21.0,,286,
5月,手术室,多余行,妇科检查包-16件,1600985,整行,,2.0/52.8/105.6,,287,
5月,手术室,多余行,2D镜头-1件/Z2060,1600985,整行,,1.0/16.8/16.8,,288,
5月,手术室,多余行,30 度镜头-1(STORZE)/Z2060,1600985,整行,,1.0/16.8/16.8,,289,
5月,手术室,多余行,妇科治疗镜A 12度-5件盒1/W12050,1600985,整行,,1.0/52.8/52.8,,290,
5月,手术室,多余行,检查镜-12度-3/Z2060,1600985,整行,,2.0/39.6/79.2,,291,
5月,手术室,多余行,持物钳罐-5件/w6050,1600985,整行,,3.0/16.5/49.5,,292,
5月,手术室,多余行,大S拉钩1小S拉钩1/W6050,1600985,整行,,2.0/9.9/19.8,,293,
5月,手术室,多余行,扩棒（7-9.5）-6件/W6050,1600985,整行,,1.0/19.8/19.8,,294,
5月,手术室,多余行,腹腔镜基础包23件,1601369,整行,,2.0/79.2/158.4,,295,
5月,手术室,多余行,绝育（34件）,1601369,整行,,2.0/115.5/231.0,,296,
5月,手术室,多余行,普外腹腔镜B(17件）,1601369,整行,,1.0/59.4/59.4,,297,
5月,手术室,多余行,普外腹腔镜E(17件）,1601369,整行,,1.0/59.4/59.4,,298,
5月,手术室,多余行,切开（28件）,1601369,整行,,1.0/95.7/95.7,,299,
5月,手术室,多余行,上肢内固定（22件）,1601369,整行,,1.0/75.9/75.9,,300,
5月,手术室,多余行,(黑色）电钻-4件筐1/W905060,1601369,整行,,1.0/16.5/16.5,,301,
5月,手术室,多余行,空心钻-3件（加筐4件）/W905060,1601369,整行,,1.0/13.2/13.2,,302,
5月,手术室,多余行,刮勺-1/Z7530,1601369,整行,,1.0/4.8/4.8,,303,
5月,手术室,多余行,克氏针-10/(双)Z7530,1601369,整行,,1.0/9.9/9.9,,304,
5月,手术室,多余行,拉钩-2/z1026,1601369,整行,,1.0/8.1/8.1,,305,
5月,手术室,多余行,超声刀线-1/z3040,1601369,整行,,1.0/21.0/21.0,,306,
5月,手术室,多余行,单极线-1/Z3040,1601369,整行,,2.0/21.0/42.0,,307,
5月,手术室,多余行,电凝棒-1（低温）/Z7545,1601369,整行,,1.0/13.2/13.2,,308,
5月,手术室,多余行,2D镜头-1件/Z2060,1601369,整行,,1.0/16.8/16.8,,309,
5月,手术室,多余行,30 度镜头-1(STORZE)/Z2060,1601369,整行,,1.0/16.8/16.8,,310,
5月,手术室,多余行,把持器-4件/W6050,1601369,整行,,1.0/13.2/13.2,,311,
5月,手术室,多余行,持物钳罐-5件/w6050,1601369,整行,,6.0/16.5/99.0,,312,
5月,手术室,多余行,腹腔镜基础包23件,1601580,整行,,1.0/79.2/79.2,,313,
5月,手术室,多余行,普外腹腔镜C(17件）,1601580,整行,,1.0/59.4/59.4,,314,
5月,手术室,多余行,把持器-4件（筐1）/W9050,1601580,整行,,1.0/16.5/16.5,,315,
5月,手术室,多余行,持物钳罐-5件/w6050,1601580,整行,,1.0/16.5/16.5,,316,
5月,手术室,多余行,超声刀线-1/z3040,1601581,整行,,1.0/21.0/21.0,,317,
5月,手术室,多余行,30 度镜头-1(STORZE)/Z2060,1601581,整行,,1.0/16.8/16.8,,318,
5月,手术室,多余行,单子/W12050,1601724,整行,,1.0/21.0/21.0,,319,
5月,手术室,多余行,敷料包/W12050,1601724,整行,,2.0/21.0/42.0,,320,
5月,手术室,多余行,腹腔镜基础包23件,1601735,整行,,1.0/79.2/79.2,,321,
5月,手术室,多余行,普外腹腔镜A(17件）,1601735,整行,,1.0/59.4/59.4,,322,
5月,手术室,多余行,下肢内固定（35件）,1601735,整行,,1.0/118.8/118.8,,323,
5月,手术室,多余行,超声刀线-1/z3040,1601735,整行,,1.0/21.0/21.0,,324,
5月,手术室,多余行,生物夹钳-1/（双，保护）Z2060,1601735,整行,,2.0/21.0/42.0,,325,
5月,手术室,多余行,30 度镜头-1(STORZE)/Z2060,1601735,整行,,1.0/16.8/16.8,,326,
5月,手术室,多余行,持物钳罐-5件/w6050,1601735,整行,,1.0/16.5/16.5,,327,
5月,手术室,多余行,腹腔镜基础包23件,1602115,整行,,1.0/79.2/79.2,,328,
5月,手术室,多余行,普外腹腔镜C(17件）,1602115,整行,,1.0/59.4/59.4,,329,
5月,手术室,多余行,妇科针-2/Z7537,1602115,整行,,1.0/8.1/8.1,,330,
5月,手术室,多余行,妇科检查包-16件,1602115,整行,,1.0/52.8/52.8,,331,
5月,手术室,多余行,持物钳罐-5件/w6050,1602115,整行,,2.0/16.5/33.0,,332,
5月,手术室,多余行,扩棒（8-10.5）-6件/W6050,1602115,整行,,1.0/19.8/19.8,,333,
5月,手术室,多余行,超声刀线-1/z3040,1602124,整行,,1.0/21.0/21.0,,334,
5月,手术室,多余行,电切环-1/Z7526,1602124,整行,,1.0/13.2/13.2,,335,
5月,手术室,多余行,30 度镜头-1(STORZE)/Z2060,1602124,整行,,1.0/16.8/16.8,,336,
5月,手术室,多余行,妇科治疗镜B 12度-5件盒1/W12050,1602124,整行,,1.0/52.8/52.8,,337,
5月,手术室,多余行,腹腔镜基础包23件,1602488,整行,,2.0/79.2/158.4,,338,
5月,手术室,多余行,开腹（66件）,1602488,整行,,1.0/227.7/227.7,,339,
5月,手术室,多余行,普外肠道腔镜器械（19件框1）,1602488,整行,,1.0/66.0/66.0,,340,
5月,手术室,多余行,普外腹腔镜A(17件）,1602488,整行,,1.0/59.4/59.4,,341,
5月,手术室,多余行,普外腹腔镜B(17件）,1602488,整行,,1.0/59.4/59.4,,342,
5月,手术室,多余行,切开（28件）,1602488,整行,,3.0/95.7/287.1,,343,
5月,手术室,多余行,妇科针-2/Z7537,1602488,整行,,1.0/8.1/8.1,,344,
5月,手术室,多余行,取环勾-1/7530,1602488,整行,,1.0/4.8/4.8,,345,
5月,手术室,多余行,小拉勾-2/Z1026,1602488,整行,,1.0/8.1/8.1,,346,
5月,手术室,多余行,妇科检查包-16件,1602488,整行,,1.0/52.8/52.8,,347,
5月,手术室,多余行,持物钳罐-5件/w6050,1602488,整行,,5.0/16.5/82.5,,348,
5月,手术室,多余行,扩棒（7-9.5）-6件/W6050,1602488,整行,,1.0/19.8/19.8,,349,
5月,手术室,多余行,超声刀线-1/z3040,1602497,整行,,3.0/21.0/63.0,,350,
5月,手术室,多余行,戳卡-1/z1026,1602497,整行,,1.0/13.2/13.2,,351,
5月,手术室,多余行,单极线-1/Z3040,1602497,整行,,2.0/21.0/42.0,,352,
5月,手术室,多余行,电切环-1/Z7526,1602497,整行,,1.0/13.2/13.2,,353,
5月,手术室,多余行,分离钳-1（低温）/Z2060,1602497,整行,,1.0/16.8/16.8,,354,
5月,手术室,多余行,生物夹钳-1/（双，保护）Z2060,1602497,整行,,3.0/21.0/63.0,,355,
5月,手术室,多余行,双极钳-1/Z2060,1602497,整行,,1.0/16.8/16.8,,356,
5月,手术室,多余行,双极线-1/Z3040,1602497,整行,,1.0/21.0/21.0,,357,
5月,手术室,多余行,胃钳子-1/Z2060（低温）,1602497,整行,,1.0/16.8/16.8,,358,
5月,手术室,多余行,2D镜头-1件/Z2060,1602497,整行,,1.0/16.8/16.8,,359,
5月,手术室,多余行,30 度镜头-1(STORZE)/Z2060,1602497,整行,,1.0/16.8/16.8,,360,
5月,手术室,多余行,3D镜头-1件/Z2060,1602497,整行,,1.0/16.8/16.8,,361,
5月,手术室,多余行,单子/W12050,1602505,整行,,2.0/21.0/42.0,,362,
5月,手术室,多余行,刷手服/W12050,1602505,整行,,2.0/21.0/42.0,,363,
5月,手术室,多余行,妇科治疗镜A 12度-5件盒1/W12050,1602508,整行,,1.0/52.8/52.8,,364,
5月,手术室,多余行,腹腔镜基础包23件,1602667,整行,,1.0/79.2/79.2,,365,
5月,手术室,多余行,绝育（34件）,1602667,整行,,1.0/115.5/115.5,,366,
5月,手术室,多余行,普外腹腔镜E(17件）,1602667,整行,,1.0/59.4/59.4,,367,
5月,手术室,多余行,切开（28件）,1602667,整行,,1.0/95.7/95.7,,368,
5月,手术室,多余行,中弯-31件,1602667,整行,,1.0/105.6/105.6,,369,
5月,手术室,多余行,镊子-1/Z7526,1602667,整行,,1.0/4.8/4.8,,370,
5月,手术室,多余行,超声刀线-1/z3040,1602667,整行,,1.0/21.0/21.0,,371,
5月,手术室,多余行,30 度镜头-1(STORZE)/Z2060,1602667,整行,,1.0/16.8/16.8,,372,
5月,手术室,多余行,持物钳罐-5件/w6050,1602667,整行,,2.0/16.5/33.0,,373,
5月,手术室,多余行,腹腔镜基础包23件,1602813,整行,,1.0/79.2/79.2,,374,
5月,手术室,多余行,绝育（34件）,1602813,整行,,1.0/115.5/115.5,,375,
5月,手术室,多余行,开腹（66件）,1602813,整行,,2.0/227.7/455.4,,376,
5月,手术室,多余行,普外肠道腔镜器械（19件框1）,1602813,整行,,1.0/66.0/66.0,,377,
5月,手术室,多余行,普外腹腔镜D(17件）,1602813,整行,,1.0/59.4/59.4,,378,
5月,手术室,多余行,上肢内固定（22件）,1602813,整行,,1.0/75.9/75.9,,379,
5月,手术室,多余行,(银色）电钻-4件筐1/W905060,1602813,整行,,1.0/16.5/16.5,,380,
5月,手术室,多余行,大拉钩-4件（加筐5件）/W905060,1602813,整行,,2.0/16.5/33.0,,381,
5月,手术室,多余行,板钩-2/（双）Z2032,1602813,整行,,1.0/9.9/9.9,,382,
5月,手术室,多余行,大弯钳-2/Z1535,1602813,整行,,1.0/9.9/9.9,,383,
5月,手术室,多余行,妇科针-2/Z7537,1602813,整行,,2.0/8.1/16.2,,384,
5月,手术室,多余行,取环勾-1/7530,1602813,整行,,1.0/4.8/4.8,,385,
5月,手术室,多余行,妇科检查包-16件,1602813,整行,,2.0/52.8/105.6,,386,
5月,手术室,多余行,持物钳罐-5件/w6050,1602813,整行,,5.0/16.5/82.5,,387,
5月,手术室,多余行,扩棒（7-9.5）-6件/W6050,1602813,整行,,1.0/19.8/19.8,,388,
5月,手术室,多余行,扩棒（8-10.5）-6件/W6050,1602813,整行,,1.0/19.8/19.8,,389,
5月,手术室,多余行,超声刀线-1/z3040,1602840,整行,,3.0/21.0/63.0,,390,
5月,手术室,多余行,单极线-1/Z3040,1602840,整行,,2.0/21.0/42.0,,391,
5月,手术室,多余行,电凝棒-1（低温）/Z7545,1602840,整行,,1.0/13.2/13.2,,392,
5月,手术室,多余行,电切环-1/Z7526,1602840,整行,,2.0/13.2/26.4,,393,
5月,手术室,多余行,胃钳子-1/Z2060（低温）,1602840,整行,,1.0/16.8/16.8,,394,
5月,手术室,多余行,30 度镜头-1(STORZE)/Z2060,1602840,整行,,1.0/16.8/16.8,,395,
5月,手术室,多余行,3D镜头-1件/Z2060,1602840,整行,,1.0/16.8/16.8,,396,
5月,手术室,多余行,妇科治疗镜A 12度-5件盒1/W12050,1602840,整行,,1.0/52.8/52.8,,397,
5月,手术室,多余行,妇科治疗镜B 12度-5件盒1/W12050,1602840,整行,,1.0/52.8/52.8,,398,
5月,手术室,多余行,切开（28件）,1603171,整行,,2.0/95.7/191.4,,399,
5月,手术室,多余行,咬骨钳-1/（双）Z2032,1603171,整行,,1.0/9.9/9.9,,400,
5月,手术室,多余行,持物钳罐-5件/w6050,1603171,整行,,3.0/16.5/49.5,,401,
5月,手术室,多余行,单子/W12050,1603203,整行,,2.0/21.0/42.0,,402,
5月,手术室,多余行,手术衣-1件/W9050,1603203,整行,,2.0/15.0/30.0,,403,
5月,手术室,多余行,刷手服/W12050,1603203,整行,,2.0/21.0/42.0,,404,
5月,手术室,多余行,腹腔镜基础包23件,1603212,整行,,3.0/79.2/237.6,,405,
5月,手术室,多余行,普外腹腔镜B(17件）,1603212,整行,,1.0/59.4/59.4,,406,
5月,手术室,多余行,普外腹腔镜C(17件）,1603212,整行,,1.0/59.4/59.4,,407,
5月,手术室,多余行,普外腹腔镜D(17件）,1603212,整行,,1.0/59.4/59.4,,408,
5月,手术室,多余行,持物钳罐-5件/w6050,1603212,整行,,1.0/16.5/16.5,,409,
5月,手术室,多余行,超声刀线-1/z3040,1603218,整行,,3.0/21.0/63.0,,410,
5月,手术室,多余行,生物夹钳-1/（双，保护）Z2060,1603218,整行,,4.0/21.0/84.0,,411,
5月,手术室,多余行,2D镜头-1件/Z2060,1603218,整行,,1.0/16.8/16.8,,412,
5月,手术室,多余行,30 度镜头-1(STORZE)/Z2060,1603218,整行,,2.0/16.8/33.6,,413,
5月,手术室,多余行,超声刀线-1/z3040,1603590,整行,,2.0/21.0/42.0,,414,
5月,手术室,多余行,单极线-1/Z3040,1603590,整行,,3.0/21.0/63.0,,415,
5月,手术室,多余行,电凝棒-1（低温）/Z7545,1603590,整行,,2.0/13.2/26.4,,416,
5月,手术室,多余行,剪刀-1（低温）/Z2060,1603590,整行,,1.0/16.8/16.8,,417,
5月,手术室,多余行,生物夹钳-1/（双，保护）Z2060,1603590,整行,,2.0/21.0/42.0,,418,
5月,手术室,多余行,2D镜头-1件/Z2060,1603590,整行,,1.0/16.8/16.8,,419,
5月,手术室,多余行,30 度镜头-1(STORZE)/Z2060,1603590,整行,,1.0/16.8/16.8,,420,
5月,手术室,多余行,3D镜头-1件/Z2060,1603590,整行,,1.0/16.8/16.8,,421,
5月,手术室,多余行,检查镜-12度-3/Z2060,1603590,整行,,1.0/39.6/39.6,,422,
5月,手术室,多余行,腹腔镜基础包23件,1603591,整行,,3.0/79.2/237.6,,423,
5月,手术室,多余行,绝育（34件）,1603591,整行,,1.0/115.5/115.5,,424,
5月,手术室,多余行,普外肠道腔镜器械（19件框1）,1603591,整行,,1.0/66.0/66.0,,425,
5月,手术室,多余行,普外腹腔镜C(17件）,1603591,整行,,1.0/59.4/59.4,,426,
5月,手术室,多余行,普外腹腔镜E(17件）,1603591,整行,,1.0/59.4/59.4,,427,
5月,手术室,多余行,下肢内固定（35件）,1603591,整行,,1.0/118.8/118.8,,428,
5月,手术室,多余行,妇科针-2/Z7537,1603591,整行,,1.0/8.1/8.1,,429,
5月,手术室,多余行,宫颈钳-1/Z1535,1603591,整行,,1.0/6.6/6.6,,430,
5月,手术室,多余行,取环勾-1/7530,1603591,整行,,1.0/4.8/4.8,,431,
5月,手术室,多余行,小拉勾-2/Z1026,1603591,整行,,1.0/8.1/8.1,,432,
5月,手术室,多余行,妇科检查包-16件,1603591,整行,,1.0/52.8/52.8,,433,
5月,手术室,多余行,持物钳罐-5件/w6050,1603591,整行,,4.0/16.5/66.0,,434,
5月,手术室,多余行,妇科针-2/Z7537,1603850,整行,,1.0/8.1/8.1,,435,
5月,手术室,多余行,电切环-1/Z7526,1603850,整行,,1.0/13.2/13.2,,436,
5月,手术室,多余行,妇科检查包-16件,1603850,整行,,1.0/52.8/52.8,,437,
5月,手术室,多余行,妇科治疗镜B 12度-5件盒1/W12050,1603850,整行,,1.0/52.8/52.8,,438,
5月,手术室,多余行,扩棒（8-10.5）-6件/W6050,1603850,整行,,1.0/19.8/19.8,,439,
5月,手术室,多余行,单子/W12050,1603878,整行,,2.0/21.0/42.0,,440,
5月,手术室,多余行,刷手服/W12050,1603878,整行,,2.0/21.0/42.0,,441,
5月,手术室,多余行,开腹（66件）,1604127,整行,,1.0/227.7/227.7,,442,
5月,手术室,多余行,普外肠道腔镜器械（19件框1）,1604127,整行,,1.0/66.0/66.0,,443,
5月,手术室,多余行,超声刀线-1/z3040,1604127,整行,,1.0/21.0/21.0,,444,
5月,手术室,多余行,持针器-1（低温等离子）/双/Z1555,1604127,整行,,1.0/21.0/21.0,,445,
5月,手术室,多余行,生物夹钳-1/（双，保护）Z2060,1604127,整行,,2.0/21.0/42.0,,446,
5月,手术室,多余行,3D镜头-1件/Z2060,1604127,整行,,1.0/16.8/16.8,,447,
5月,手术室,多余行,单子/W12050,1604488,整行,,1.0/21.0/21.0,,448,
5月,手术室,多余行,刷手服/W12050,1604488,整行,,2.0/21.0/42.0,,449,
5月,手术室,多余行,腹腔镜基础包23件,1604513,整行,,2.0/79.2/158.4,,450,
5月,手术室,多余行,泌尿号包-16件,1604513,整行,,1.0/52.8/52.8,,451,
5月,手术室,多余行,普外肠道腔镜器械（19件框1）,1604513,整行,,1.0/66.0/66.0,,452,
5月,手术室,多余行,普外腹腔镜B(17件）,1604513,整行,,1.0/59.4/59.4,,453,
5月,手术室,多余行,普外腹腔镜C(17件）,1604513,整行,,1.0/59.4/59.4,,454,
5月,手术室,多余行,切开（28件）,1604513,整行,,2.0/95.7/191.4,,455,
5月,手术室,多余行,小开腹（50件）,1604513,整行,,1.0/174.9/174.9,,456,
5月,手术室,多余行,刮勺-1/Z7530,1604513,整行,,1.0/4.8/4.8,,457,
5月,手术室,多余行,疝气穿刺针-1/Z7520,1604513,整行,,1.0/4.8/4.8,,458,
5月,手术室,多余行,压肠板-2/Z1035,1604513,整行,,1.0/8.1/8.1,,459,
5月,手术室,多余行,超声刀线-1/z3040,1604513,整行,,3.0/21.0/63.0,,460,
5月,手术室,多余行,单极线-1/Z3040,1604513,整行,,1.0/21.0/21.0,,461,
5月,手术室,多余行,电凝棒-1（低温）/Z7545,1604513,整行,,1.0/13.2/13.2,,462,
5月,手术室,多余行,生物夹钳-1/（双，保护）Z2060,1604513,整行,,3.0/21.0/63.0,,463,
5月,手术室,多余行,30 度镜头-1(STORZE)/Z2060,1604513,整行,,2.0/16.8/33.6,,464,
5月,手术室,多余行,3D镜头-1件/Z2060,1604513,整行,,1.0/16.8/16.8,,465,
5月,手术室,多余行,持物钳罐-5件/w6050,1604513,整行,,7.0/16.5/115.5,,466,
5月,手术室,多余行,腹腔镜基础包23件,1604912,整行,,2.0/79.2/158.4,,467,
5月,手术室,多余行,绝育（34件）,1604912,整行,,1.0/115.5/115.5,,468,
5月,手术室,多余行,开腹（66件）,1604912,整行,,1.0/227.7/227.7,,469,
5月,手术室,多余行,普外肠道腔镜器械（19件框1）,1604912,整行,,1.0/66.0/66.0,,470,
5月,手术室,多余行,普外腹腔镜A(17件）,1604912,整行,,1.0/59.4/59.4,,471,
5月,手术室,多余行,普外腹腔镜C(17件）,1604912,整行,,1.0/59.4/59.4,,472,
5月,手术室,多余行,普外腹腔镜E(17件）,1604912,整行,,1.0/59.4/59.4,,473,
5月,手术室,多余行,切开（28件）,1604912,整行,,2.0/95.7/191.4,,474,
5月,手术室,多余行,下肢内固定（35件）,1604912,整行,,1.0/118.8/118.8,,475,
5月,手术室,多余行,小开腹（50件）,1604912,整行,,1.0/171.6/171.6,,476,
5月,手术室,多余行,荷包钳-1/（双）Z1540,1604912,整行,,1.0/9.9/9.9,,477,
5月,手术室,多余行,拉钩-2/z1026,1604912,整行,,2.0/8.1/16.2,,478,
5月,手术室,多余行,超声刀线-1/z3040,1604912,整行,,4.0/21.0/84.0,,479,
5月,手术室,多余行,单极线-1/Z3040,1604912,整行,,2.0/21.0/42.0,,480,
5月,手术室,多余行,生物夹钳-1/（双，保护）Z2060,1604912,整行,,3.0/21.0/63.0,,481,
5月,手术室,多余行,胃钳-1件（低温）/（双，保）Z2060,1604912,整行,,1.0/21.0/21.0,,482,
5月,手术室,多余行,消毒包/W12050,1604912,整行,,2.0/21.0/42.0,,483,
5月,手术室,多余行,2D镜头-1件/Z2060,1604912,整行,,1.0/16.8/16.8,,484,
5月,手术室,多余行,30 度镜头-1(STORZE)/Z2060,1604912,整行,,2.0/16.8/33.6,,485,
5月,手术室,多余行,3D镜头-1件/Z2060,1604912,整行,,1.0/16.8/16.8,,486,
5月,手术室,多余行,持物钳罐-5件/w6050,1604912,整行,,5.0/16.5/82.5,,487,
5月,手术室,多余行,大S拉钩1小S拉钩1/W6050,1604912,整行,,1.0/9.9/9.9,,488,
5月,手术室,多余行,小碗-2/W6050,1604912,整行,,1.0/9.9/9.9,,489,
5月,手术室,多余行,2026-04-29 20:20:10.787000,2026-05-21 14:47:49.153000,整行,,None/None/None,,508,
5月,手术室,汇总不一致-总价,手术室,,总价,26280.0,27606.9,8,8,
5月,手术室（备货）,缺失行,半髋器械（国药科学）1/2,1605170,整行,1.0/26.4/26.4,,9,,
5月,手术室（备货）,缺失行,半髋器械（国药科学）2/2,1605170,整行,1.0/135.3/135.3,,10,,
5月,日间病房,多余行,开口器-1/Z1026,1603098,整行,,1.0/4.8/4.8,,9,
5月,日间病房,多余行,喉镜1 喉镜柄1（低温）/Z1526,1603170,整行,,1.0/26.4/26.4,,10,
5月,日间病房,多余行,简易呼吸器-1件/Z3060,1603377,整行,,1.0/21.0/21.0,,11,
5月,日间病房,多余行,呼吸面罩-1/z1532,1603998,整行,,1.0/15.0/15.0,,12,
5月,普外一,缺失行,消毒缸-3/ZW7050,1605150,整行,1.0/9.9/9.9,,9,,
5月,普外一,缺失行,消毒缸-3/ZW7050,1606062,整行,1.0/9.9/9.9,,10,,
5月,普外一,缺失行,消毒缸-3/ZW7050,1607223,整行,1.0/9.9/9.9,,11,,
5月,普外一,缺失行,止血钳-1/Z1029,1608054,整行,1.0/4.8/4.8,,12,,
5月,普外一,缺失行,消毒缸-3/ZW7050,1608054,整行,1.0/9.9/9.9,,13,,
5月,普外一,缺失行,持针器-1/Z1029,1609268,整行,1.0/4.8/4.8,,14,,
5月,普外一,缺失行,消毒缸-3/ZW7050,1609268,整行,1.0/9.9/9.9,,15,,
5月,普外一,缺失行,止血钳-1/Z1029,1609607,整行,1.0/4.8/4.8,,16,,
5月,普外一,缺失行,消毒缸-3/ZW7050,1610191,整行,1.0/9.9/9.9,,17,,
5月,普外一,缺失行,消毒缸-3/ZW7050,1611361,整行,1.0/9.9/9.9,,18,,
5月,普外一,缺失行,消毒缸-3/ZW7050,1612182,整行,1.0/9.9/9.9,,19,,
5月,普外一,缺失行,止血钳-1/Z1029,1613015,整行,1.0/4.8/4.8,,20,,
5月,普外一,缺失行,消毒缸-3/ZW7050,1613015,整行,1.0/9.9/9.9,,21,,
5月,普外一,多余行,消毒缸-3/ZW7050,1597500,整行,,1.0/9.9/9.9,,9,
5月,普外一,多余行,消毒缸-3/ZW7050,1598421,整行,,1.0/9.9/9.9,,10,
5月,普外一,多余行,消毒缸-3/ZW7050,1599681,整行,,1.0/9.9/9.9,,11,
5月,普外一,多余行,压舌板-1/Z7526,1600911,整行,,1.0/4.8/4.8,,12,
5月,普外一,多余行,消毒缸-3/ZW7050,1600911,整行,,1.0/9.9/9.9,,13,
5月,普外一,多余行,开口器-1/Z1026,1600982,整行,,1.0/4.8/4.8,,14,
5月,普外一,多余行,喉镜柄（低温）-1/Z1530,1600982,整行,,1.0/15.0/15.0,,15,
5月,普外一,多余行,喉镜片（低温）-1/Z1530,1600982,整行,,3.0/15.0/45.0,,16,
5月,普外一,多余行,简易呼吸器-1件/Z3060,1601108,整行,,1.0/21.0/21.0,,17,
5月,普外一,多余行,消毒缸-3/ZW7050,1601999,整行,,1.0/9.9/9.9,,18,
5月,普外一,多余行,消毒缸-3/ZW7050,1603080,整行,,1.0/9.9/9.9,,19,
5月,普外一,多余行,止血钳-1/Z1029,1603846,整行,,2.0/4.8/9.6,,20,
5月,普外一,多余行,消毒缸-3/ZW7050,1603997,整行,,1.0/9.9/9.9,,21,
5月,普外一,多余行,持针器-1/Z1029,1604391,整行,,1.0/4.8/4.8,,22,
5月,普外一,多余行,止血钳-2/Z1530,1604391,整行,,1.0/9.9/9.9,,23,
5月,普外一,汇总不一致-总价,普外一,,总价,108.3,184.2,8,8,
5月,检验科,缺失行,玻璃管包（轻拿轻放！！！）/w9050,1607585,整行,1.0/21.0/21.0,,9,,
5月,检验科,多余行,吸头-6/W9050,1597881,整行,,2.0/66.0/132.0,,9,
5月,检验科,多余行,加样枪头/w9050,1603092,整行,,1.0/21.0/21.0,,10,
5月,检验科,汇总不一致-总价,检验科,,总价,21.0,153.0,8,8,
5月,泌外腔镜,缺失行,尿道探子F20-1（低温）/z2060,1605287,整行,1.0/16.8/16.8,,9,,
5月,泌外腔镜,缺失行,0°膀胱镜-1件/z2060,1606944,整行,1.0/16.8/16.8,,10,,
5月,泌外腔镜,缺失行,70°膀胱镜-1/双Z1050,1606944,整行,1.0/21.0/21.0,,11,,
5月,泌外腔镜,缺失行,膀胱镜-4件（布！！！）,1606944,整行,1.0/52.8/52.8,,12,,
5月,泌外腔镜,缺失行,异物钳-1/z1532,1606944,整行,1.0/15.0/15.0,,13,,
5月,泌外腔镜,缺失行,尿道探子F20-1（低温）/z2060,1609363,整行,1.0/16.8/16.8,,14,,
5月,泌外腔镜,缺失行,尿道探子F14-1件（低温）/z7530,1611468,整行,1.0/13.2/13.2,,15,,
5月,泌外腔镜,缺失行,尿道探子F16-1（低温）/z2060,1611468,整行,1.0/16.8/16.8,,16,,
5月,泌外腔镜,缺失行,基础-11,1611842,整行,1.0/39.6/39.6,,17,,
5月,泌外腔镜,缺失行,尿道探子F20-1（低温）/z2060,1613501,整行,1.0/16.8/16.8,,18,,
5月,泌外腔镜,多余行,70°膀胱镜-1/双Z1050,1596753,整行,,1.0/21.0/21.0,,9,
5月,泌外腔镜,多余行,膀胱镜-4件/w9050,1596753,整行,,1.0/52.8/52.8,,10,
5月,泌外腔镜,多余行,病理钳（低温）-1/Z2060,1596753,整行,,1.0/16.8/16.8,,11,
5月,泌外腔镜,多余行,异物钳-1/z1532,1596753,整行,,1.0/15.0/15.0,,12,
5月,泌外腔镜,多余行,深大电切-11件,1596753,整行,,1.0/112.2/112.2,,13,
5月,泌外腔镜,多余行,尿道探子F20-1（低温）/z2060,1597249,整行,,1.0/16.8/16.8,,14,
5月,泌外腔镜,多余行,尿道探子F14-1件（低温）/z7530,1598025,整行,,1.0/13.2/13.2,,15,
5月,泌外腔镜,多余行,尿道探子F20-1（低温）/z2060,1601368,整行,,1.0/16.8/16.8,,16,
5月,泌外腔镜,多余行,基础-11,1601368,整行,,1.0/39.6/39.6,,17,
5月,泌外腔镜,多余行,70°膀胱镜-1/双Z1050,1602123,整行,,1.0/21.0/21.0,,18,
5月,泌外腔镜,多余行,膀胱镜-4件（布！！！）,1602123,整行,,1.0/52.8/52.8,,19,
5月,泌外腔镜,多余行,异物钳-1/z1532,1602123,整行,,1.0/15.0/15.0,,20,
5月,泌外腔镜,多余行,基础-11,1602123,整行,,1.0/39.6/39.6,,21,
5月,泌外腔镜,汇总不一致-总价,泌外腔镜,,总价,225.6,432.6,8,8,
5月,消化一科,缺失行,简易呼吸器-1件/Z3060,1605047,整行,1.0/21.0/21.0,,9,,
5月,消化二科,多余行,剪刀-1/Z1029,1602002,整行,,1.0/4.8/4.8,,9,
5月,消化二科,多余行,开口器-1/Z1026,1602002,整行,,1.0/4.8/4.8,,10,
5月,消化二科,多余行,止血钳-1/Z1029,1602002,整行,,2.0/4.8/9.6,,11,
5月,消化二科,多余行,喉镜灯泡-4/Z7520,1602002,整行,,1.0/13.2/13.2,,12,
5月,消化二科,多余行,喉镜片（低温）-1/Z1530,1602002,整行,,1.0/15.0/15.0,,13,
5月,消化二科,多余行,简易呼吸器-1件/Z3060,1602246,整行,,1.0/21.0/21.0,,14,
5月,消化内镜,缺失行,盒子-1/Z2540,1605151,整行,1.0/9.6/9.6,,9,,
5月,消化内镜,缺失行,乐奥2件/Z2035,1605151,整行,1.0/26.4/26.4,,10,,
5月,消化内镜,缺失行,简易呼吸器-2件/z3060,1605409,整行,1.0/26.4/26.4,,11,,
5月,消化内镜,缺失行,方盘-1/Z2530,1606066,整行,1.0/9.6/9.6,,12,,
5月,消化内镜,缺失行,乐奥2件/Z2035,1606328,整行,1.0/11.1/11.1,,13,,
5月,消化内镜,缺失行,打孔器 带芯-2件/（标签贴背面！）Z7506,1606439,整行,1.0/8.1/8.1,,14,,
5月,消化内镜,缺失行,26N-1/Z2025,1607218,整行,1.0/7.8/7.8,,15,,
5月,消化内镜,缺失行,打孔器 带芯-1/（标签贴背面！）Z7526,1607218,整行,1.0/4.8/4.8,,16,,
5月,消化内镜,缺失行,方盘-1/Z2530,1607218,整行,1.0/9.6/9.6,,17,,
5月,消化内镜,缺失行,剪刀-1/Z1029,1607218,整行,1.0/4.8/4.8,,18,,
5月,消化内镜,缺失行,穿刺架-1/Z1029,1607558,整行,1.0/4.8/4.8,,19,,
5月,消化内镜,缺失行,打孔器 带芯-2件/（标签贴背面！）Z7506,1607558,整行,1.0/8.1/8.1,,20,,
5月,消化内镜,缺失行,弯盘-1/Z2032,1607558,整行,1.0/7.8/7.8,,21,,
5月,消化内镜,缺失行,止血钳-1/Z1029,1607558,整行,1.0/4.8/4.8,,22,,
5月,消化内镜,缺失行,打孔器 带芯-2件/（标签贴背面！）Z7506,1608058,整行,1.0/8.1/8.1,,23,,
5月,消化内镜,缺失行,26N-1/Z2025,1608471,整行,1.0/7.8/7.8,,24,,
5月,消化内镜,缺失行,止血钳-1/Z1029,1608471,整行,1.0/4.8/4.8,,25,,
5月,消化内镜,缺失行,乐奥2件/Z2035,1609512,整行,1.0/11.1/11.1,,26,,
5月,消化内镜,缺失行,打孔器 带芯-1/（标签贴背面！）Z7526,1610615,整行,1.0/4.8/4.8,,27,,
5月,消化内镜,缺失行,方盘-1/Z2530,1610615,整行,1.0/9.6/9.6,,28,,
5月,消化内镜,缺失行,止血钳-1/Z1029,1610615,整行,1.0/4.8/4.8,,29,,
5月,消化内镜,缺失行,乐奥2件/Z2035,1610615,整行,1.0/26.4/26.4,,30,,
5月,消化内镜,缺失行,26N-1/Z2025,1611028,整行,1.0/7.8/7.8,,31,,
5月,消化内镜,缺失行,方盘-1/Z2530,1611371,整行,1.0/9.6/9.6,,32,,
5月,消化内镜,缺失行,止血钳-1/Z1029,1611371,整行,1.0/4.8/4.8,,33,,
5月,消化内镜,缺失行,乐奥2件/Z2035,1611371,整行,2.0/26.4/52.8,,34,,
5月,消化内镜,缺失行,26N-1/Z2025,1611749,整行,1.0/7.8/7.8,,35,,
5月,消化内镜,缺失行,穿刺架-1/Z1029,1612120,整行,1.0/4.8/4.8,,36,,
5月,消化内镜,缺失行,弯盘-1/Z2032,1612190,整行,1.0/7.8/7.8,,37,,
5月,消化内镜,缺失行,止血钳-1/Z1029,1612190,整行,1.0/4.8/4.8,,38,,
5月,消化内镜,缺失行,FG-47L-1/Z2032,1612620,整行,1.0/7.8/7.8,,39,,
5月,消化内镜,缺失行,方盘-1/Z2530,1612620,整行,1.0/9.6/9.6,,40,,
5月,消化内镜,缺失行,乐奥2件/Z2035,1612861,整行,1.0/11.1/11.1,,41,,
5月,消化内镜,缺失行,剪刀-1/Z1029,1613077,整行,1.0/4.8/4.8,,42,,
5月,消化内镜,缺失行,方盘-1/Z2530,1613413,整行,1.0/9.6/9.6,,43,,
5月,消化内镜,缺失行,乐奥2件/Z2035,1613413,整行,1.0/26.4/26.4,,44,,
5月,消化内镜,多余行,打孔器 带芯-2件/（标签贴背面！）Z7506,1597142,整行,,1.0/8.1/8.1,,9,
5月,消化内镜,多余行,46Q-1/Z2032,1597560,整行,,1.0/7.8/7.8,,10,
5月,消化内镜,多余行,盒子-1/Z2540,1597847,整行,,2.0/9.6/19.2,,11,
5月,消化内镜,多余行,打孔器 带芯-2件/（标签贴背面！）Z7506,1598781,整行,,1.0/8.1/8.1,,12,
5月,消化内镜,多余行,盒子-1/Z2540,1598781,整行,,2.0/9.6/19.2,,13,
5月,消化内镜,多余行,Fs5Q-1-1件/Z2035,1598974,整行,,1.0/7.8/7.8,,14,
5月,消化内镜,多余行,乐奥2件/Z2035,1598974,整行,,3.0/26.4/79.2,,15,
5月,消化内镜,多余行,剪刀-1/Z1029,1599208,整行,,1.0/4.8/4.8,,16,
5月,消化内镜,多余行,止血钳-1/Z1029,1599208,整行,,1.0/4.8/4.8,,17,
5月,消化内镜,多余行,FG-47L-1/Z2032,1599682,整行,,1.0/7.8/7.8,,18,
5月,消化内镜,多余行,盒子-1/Z2540,1599682,整行,,2.0/9.6/19.2,,19,
5月,消化内镜,多余行,止血钳-1/Z1029,1599682,整行,,1.0/4.8/4.8,,20,
5月,消化内镜,多余行,方盘-1/Z2530,1600441,整行,,2.0/9.6/19.2,,21,
5月,消化内镜,多余行,止血钳-1/Z1029,1600441,整行,,1.0/4.8/4.8,,22,
5月,消化内镜,多余行,ERCP管-2/Z2032,1600913,整行,,1.0/9.9/9.9,,23,
5月,消化内镜,多余行,持针器-1/Z1029,1600913,整行,,1.0/4.8/4.8,,24,
5月,消化内镜,多余行,盒子-1/Z2540,1600913,整行,,1.0/9.6/9.6,,25,
5月,消化内镜,多余行,止血钳-1/Z1029,1600913,整行,,1.0/4.8/4.8,,26,
5月,消化内镜,多余行,BF2424SF-1件/Z2032,1600913,整行,,1.0/16.8/16.8,,27,
5月,消化内镜,多余行,穿刺架-1/Z1029,1601162,整行,,1.0/4.8/4.8,,28,
5月,消化内镜,多余行,26N-1/Z2025,1601235,整行,,1.0/7.8/7.8,,29,
5月,消化内镜,多余行,盒子-1/Z2540,1601235,整行,,1.0/9.6/9.6,,30,
5月,消化内镜,多余行,激光导线(高温)-1/Z2530,1601235,整行,,1.0/9.6/9.6,,31,
5月,消化内镜,多余行,止血钳-1/Z1029,1601235,整行,,1.0/4.8/4.8,,32,
5月,消化内镜,多余行,26N-1/Z2025,1601649,整行,,1.0/7.8/7.8,,33,
5月,消化内镜,多余行,止血钳-1/Z1029,1601649,整行,,1.0/4.8/4.8,,34,
5月,消化内镜,多余行,方盘-1/Z2530,1602001,整行,,1.0/9.6/9.6,,35,
5月,消化内镜,多余行,ERCP管-2/Z2032,1602353,整行,,1.0/9.9/9.9,,36,
5月,消化内镜,多余行,方盘-1/Z2530,1602353,整行,,1.0/9.6/9.6,,37,
5月,消化内镜,多余行,止血钳-1/Z1029,1602353,整行,,1.0/4.8/4.8,,38,
5月,消化内镜,多余行,打孔器 带芯-2件/（标签贴背面！）Z7506,1602668,整行,,2.0/8.1/16.2,,39,
5月,消化内镜,多余行,打孔器外套-1/Z7526,1602668,整行,,1.0/4.8/4.8,,40,
5月,消化内镜,多余行,方盘-1/Z2530,1603091,整行,,1.0/9.6/9.6,,41,
5月,消化内镜,多余行,止血钳-1/Z1029,1603091,整行,,1.0/4.8/4.8,,42,
5月,消化内镜,多余行,穿刺架-1/Z1029,1603446,整行,,1.0/4.8/4.8,,43,
5月,消化内镜,多余行,打孔器 带芯-2件/（标签贴背面！）Z7506,1603446,整行,,1.0/8.1/8.1,,44,
5月,消化内镜,多余行,方盘-1/Z2530,1603446,整行,,1.0/9.6/9.6,,45,
5月,消化内镜,多余行,弯盘-1/Z2032,1603446,整行,,1.0/7.8/7.8,,46,
5月,消化内镜,多余行,止血钳-1/Z1029,1603446,整行,,1.0/4.8/4.8,,47,
5月,消化内镜,多余行,方盘-1/Z2530,1603988,整行,,1.0/9.6/9.6,,48,
5月,消化内镜,多余行,26N-1/Z2025,1604375,整行,,1.0/7.8/7.8,,49,
5月,消化内镜,多余行,方盘-1/Z2530,1604375,整行,,1.0/9.6/9.6,,50,
5月,消化内镜,多余行,激光导线(高温)-1/Z2530,1604375,整行,,1.0/9.6/9.6,,51,
5月,消化内镜,多余行,止血钳-1/Z1029,1604375,整行,,1.0/4.8/4.8,,52,
5月,消化内镜,多余行,乐奥2件/Z2035,1604634,整行,,1.0/26.4/26.4,,53,
5月,消化内镜,汇总不一致-总价,消化内镜,,总价,390.6,482.1,8,8,
5月,消化科,缺失行,大单/W12050,1605269,整行,1.0/21.0/21.0,,9,,
5月,消化科,缺失行,敷料/W9050,1605269,整行,1.0/18.0/18.0,,10,,
5月,消化科,缺失行,敷料包/W12050,1605269,整行,15.0/21.0/315.0,,11,,
5月,消化科,缺失行,大单/W12050,1605979,整行,1.0/21.0/21.0,,12,,
5月,消化科,缺失行,敷料包/W12050,1605979,整行,16.0/21.0/336.0,,13,,
5月,消化科,缺失行,大单/W12050,1606607,整行,1.0/21.0/21.0,,14,,
5月,消化科,缺失行,敷料包/W12050,1606607,整行,8.0/21.0/168.0,,15,,
5月,消化科,缺失行,大单/W12050,1607322,整行,2.0/21.0/42.0,,16,,
5月,消化科,缺失行,敷料包/W12050,1607322,整行,16.0/21.0/336.0,,17,,
5月,消化科,缺失行,大单/W12050,1607993,整行,1.0/21.0/21.0,,18,,
5月,消化科,缺失行,敷料包/W12050,1607993,整行,16.0/21.0/336.0,,19,,
5月,消化科,缺失行,大单/W12050,1608621,整行,1.0/21.0/21.0,,20,,
5月,消化科,缺失行,敷料包/W12050,1608621,整行,8.0/21.0/168.0,,21,,
5月,消化科,缺失行,大单/W12050,1609373,整行,1.0/21.0/21.0,,22,,
5月,消化科,缺失行,敷料包/W12050,1609373,整行,5.0/21.0/105.0,,23,,
5月,消化科,缺失行,刷手服/W12050,1609373,整行,10.0/21.0/210.0,,24,,
5月,消化科,缺失行,敷料包/W12050,1610058,整行,15.0/21.0/315.0,,25,,
5月,消化科,缺失行,大单/W12050,1610764,整行,1.0/21.0/21.0,,26,,
5月,消化科,缺失行,敷料包/W12050,1610764,整行,10.0/21.0/210.0,,27,,
5月,消化科,缺失行,大单/W12050,1611503,整行,1.0/21.0/21.0,,28,,
5月,消化科,缺失行,敷料/W9050,1611503,整行,1.0/18.0/18.0,,29,,
5月,消化科,缺失行,敷料包/W12050,1611503,整行,15.0/21.0/315.0,,30,,
5月,消化科,缺失行,大单/W12050,1612100,整行,1.0/21.0/21.0,,31,,
5月,消化科,缺失行,敷料包/W12050,1612100,整行,10.0/21.0/210.0,,32,,
5月,消化科,缺失行,刷手服/W12050,1612100,整行,6.0/21.0/126.0,,33,,
5月,消化科,缺失行,敷料/W9050,1612726,整行,2.0/18.0/36.0,,34,,
5月,消化科,缺失行,敷料包/W12050,1612726,整行,9.0/21.0/189.0,,35,,
5月,消化科,缺失行,大单/W12050,1613515,整行,1.0/21.0/21.0,,36,,
5月,消化科,缺失行,敷料/W9050,1613515,整行,1.0/18.0/18.0,,37,,
5月,消化科,缺失行,敷料包/W12050,1613515,整行,13.0/21.0/273.0,,38,,
5月,消化科,多余行,大单/W12050,1596887,整行,,1.0/21.0/21.0,,9,
5月,消化科,多余行,刷手服/W12050,1596887,整行,,9.0/21.0/189.0,,10,
5月,消化科,多余行,大单/W12050,1597624,整行,,1.0/21.0/21.0,,11,
5月,消化科,多余行,刷手服/W12050,1597624,整行,,16.0/21.0/336.0,,12,
5月,消化科,多余行,大单/W12050,1598278,整行,,2.0/21.0/42.0,,13,
5月,消化科,多余行,敷料/W9050,1598278,整行,,1.0/18.0/18.0,,14,
5月,消化科,多余行,敷料包/W12050,1598278,整行,,17.0/21.0/357.0,,15,
5月,消化科,多余行,大单/W12050,1598965,整行,,1.0/21.0/21.0,,16,
5月,消化科,多余行,敷料包/W12050,1598965,整行,,8.0/21.0/168.0,,17,
5月,消化科,多余行,敷料包/W12050,1599716,整行,,3.0/21.0/63.0,,18,
5月,消化科,多余行,大单/W12050,1599803,整行,,1.0/21.0/21.0,,19,
5月,消化科,多余行,敷料包/W12050,1599803,整行,,12.0/21.0/252.0,,20,
5月,消化科,多余行,大单/W12050,1600952,整行,,2.0/21.0/42.0,,21,
5月,消化科,多余行,刷手服/W12050,1600952,整行,,17.0/21.0/357.0,,22,
5月,消化科,多余行,大单/W12050,1601722,整行,,1.0/21.0/21.0,,23,
5月,消化科,多余行,敷料/W9050,1601722,整行,,1.0/18.0/18.0,,24,
5月,消化科,多余行,敷料包/W12050,1601722,整行,,17.0/21.0/357.0,,25,
5月,消化科,多余行,大单/W12050,1602506,整行,,1.0/21.0/21.0,,26,
5月,消化科,多余行,敷料包/W12050,1602506,整行,,16.0/21.0/336.0,,27,
5月,消化科,多余行,大单/W12050,1603204,整行,,1.0/21.0/21.0,,28,
5月,消化科,多余行,敷料/W9050,1603204,整行,,1.0/18.0/18.0,,29,
5月,消化科,多余行,敷料包/W12050,1603204,整行,,16.0/21.0/336.0,,30,
5月,消化科,多余行,大单/W12050,1603876,整行,,2.0/21.0/42.0,,31,
5月,消化科,多余行,敷料包/W12050,1603876,整行,,20.0/21.0/420.0,,32,
5月,消化科,多余行,大单/W12050,1604487,整行,,1.0/21.0/21.0,,33,
5月,消化科,多余行,敷料/W9050,1604487,整行,,4.0/18.0/72.0,,34,
5月,消化科,多余行,敷料包/W12050,1604487,整行,,4.0/21.0/84.0,,35,
5月,消化科,汇总不一致-总价,消化科,,总价,3954.0,3675.0,8,8,
5月,皮肤门诊,缺失行,消毒缸-7/w9050,1605141,整行,1.0/23.1/23.1,,9,,
5月,皮肤门诊,缺失行,门皮 手术包-6件（双信封包装！！！）,1605141,整行,1.0/21.828/21.828,,10,,
5月,皮肤门诊,缺失行,剪刀-1/Z1029,1605536,整行,1.0/4.8/4.8,,11,,
5月,皮肤门诊,缺失行,镊子-1/Z7526,1605536,整行,2.0/4.8/9.6,,12,,
5月,皮肤门诊,缺失行,止血钳-1/Z1029,1605536,整行,2.0/4.8/9.6,,13,,
5月,皮肤门诊,缺失行,门皮 手术包-6件（双信封包装！！！）,1605536,整行,3.0/21.828/65.484,,14,,
5月,皮肤门诊,缺失行,镊子-1/Z7526,1606055,整行,1.0/4.8/4.8,,15,,
5月,皮肤门诊,缺失行,止血钳-1/Z1029,1606055,整行,2.0/4.8/9.6,,16,,
5月,皮肤门诊,缺失行,消毒缸-7/w9050,1606055,整行,1.0/23.1/23.1,,17,,
5月,皮肤门诊,缺失行,门皮 手术包-6件（双信封包装！！！）,1606447,整行,2.0/21.828/43.656,,18,,
5月,皮肤门诊,缺失行,止血钳-1/Z1029,1606845,整行,2.0/4.8/9.6,,19,,
5月,皮肤门诊,缺失行,门皮 手术包-6件（双信封包装！！！）,1606845,整行,2.0/21.828/43.656,,20,,
5月,皮肤门诊,缺失行,镊子-1/Z7526,1607206,整行,3.0/4.8/14.4,,21,,
5月,皮肤门诊,缺失行,消毒缸-7/w9050,1607206,整行,1.0/23.1/23.1,,22,,
5月,皮肤门诊,缺失行,门皮 手术包-6件（双信封包装！！！）,1607206,整行,6.0/21.828/130.968,,23,,
5月,皮肤门诊,缺失行,持针器-1/Z1029,1608057,整行,1.0/4.8/4.8,,24,,
5月,皮肤门诊,缺失行,镊子-1/Z7526,1608057,整行,1.0/4.8/4.8,,25,,
5月,皮肤门诊,缺失行,止血钳-2/Z1530,1608057,整行,2.0/9.9/19.8,,26,,
5月,皮肤门诊,缺失行,消毒缸-7/w9050,1608057,整行,1.0/23.1/23.1,,27,,
5月,皮肤门诊,缺失行,止血钳-1/Z1029,1608470,整行,3.0/4.8/14.4,,28,,
5月,皮肤门诊,缺失行,开口器-1/Z1026,1609286,整行,1.0/4.8/4.8,,29,,
5月,皮肤门诊,缺失行,镊子-1/Z7526,1609286,整行,1.0/4.8/4.8,,30,,
5月,皮肤门诊,缺失行,止血钳-1/Z1029,1609286,整行,1.0/4.8/4.8,,31,,
5月,皮肤门诊,缺失行,喉镜片（低温）-1/Z1530,1609286,整行,3.0/15.0/45.0,,32,,
5月,皮肤门诊,缺失行,消毒缸-7/w9050,1609286,整行,1.0/23.1/23.1,,33,,
5月,皮肤门诊,缺失行,简易呼吸器-1件/Z3060,1609511,整行,1.0/21.0/21.0,,34,,
5月,皮肤门诊,缺失行,面罩-1/z1526,1609511,整行,1.0/15.0/15.0,,35,,
5月,皮肤门诊,缺失行,剪刀-1/Z1029,1609631,整行,1.0/4.8/4.8,,36,,
5月,皮肤门诊,缺失行,止血钳-1/Z1029,1609631,整行,2.0/4.8/9.6,,37,,
5月,皮肤门诊,缺失行,门皮 手术包-6件（双信封包装！！！）,1609631,整行,7.0/21.828/152.796,,38,,
5月,皮肤门诊,缺失行,止血钳-1/Z1029,1610183,整行,1.0/4.8/4.8,,39,,
5月,皮肤门诊,缺失行,消毒缸-7/w9050,1610183,整行,1.0/23.1/23.1,,40,,
5月,皮肤门诊,缺失行,门皮 手术包-6件（双信封包装！！！）,1610183,整行,6.0/21.828/130.968,,41,,
5月,皮肤门诊,缺失行,止血钳-1/Z1029,1610618,整行,4.0/4.8/19.2,,42,,
5月,皮肤门诊,缺失行,止血钳-1/Z1029,1610969,整行,2.0/4.8/9.6,,43,,
5月,皮肤门诊,缺失行,门皮 手术包-6件（双信封包装！！！）,1610969,整行,3.0/21.828/65.484,,44,,
5月,皮肤门诊,缺失行,门皮 手术包-6件（双信封包装！！！）,1611370,整行,2.0/21.828/43.656,,45,,
5月,皮肤门诊,缺失行,消毒缸-7/w9050,1611675,整行,1.0/23.1/23.1,,46,,
5月,皮肤门诊,缺失行,门皮 手术包-6件（双信封包装！！！）,1611751,整行,4.0/21.828/87.312,,47,,
5月,皮肤门诊,缺失行,镊子-1/Z7526,1612183,整行,5.0/4.8/24.0,,48,,
5月,皮肤门诊,缺失行,止血钳-1/Z1029,1612183,整行,2.0/4.8/9.6,,49,,
5月,皮肤门诊,缺失行,消毒缸-7/w9050,1612183,整行,1.0/23.1/23.1,,50,,
5月,皮肤门诊,缺失行,门皮 手术包-6件（双信封包装！！！）,1612618,整行,3.0/21.828/65.484,,51,,
5月,皮肤门诊,缺失行,止血钳-1/Z1029,1612997,整行,1.0/4.8/4.8,,52,,
5月,皮肤门诊,缺失行,消毒缸-7/w9050,1612997,整行,1.0/23.1/23.1,,53,,
5月,皮肤门诊,缺失行,门皮 手术包-6件（双信封包装！！！）,1612997,整行,1.0/21.828/21.828,,54,,
5月,皮肤门诊,缺失行,止血钳-1/Z1029,1613412,整行,2.0/4.8/9.6,,55,,
5月,皮肤门诊,缺失行,门皮 手术包-6件（双信封包装！！！）,1613412,整行,1.0/21.828/21.828,,56,,
5月,皮肤门诊,多余行,镊子-1/Z7526,1596768,整行,,1.0/4.8/4.8,,9,
5月,皮肤门诊,多余行,止血钳-1/Z1029,1596768,整行,,2.0/4.8/9.6,,10,
5月,皮肤门诊,多余行,门皮 手术包-6件（双信封包装！！！）,1596768,整行,,2.0/22.01/44.02,,11,
5月,皮肤门诊,多余行,止血钳-1/Z1029,1597145,整行,,1.0/4.8/4.8,,12,
5月,皮肤门诊,多余行,门皮 手术包-6件（双信封包装！！！）,1597145,整行,,5.0/22.01/110.05,,13,
5月,皮肤门诊,多余行,消毒缸-7/w9050,1597503,整行,,1.0/23.1/23.1,,14,
5月,皮肤门诊,多余行,门皮 手术包-6件（双信封包装！！！）,1597503,整行,,4.0/22.01/88.04,,15,
5月,皮肤门诊,多余行,止血钳-1/Z1029,1597849,整行,,3.0/4.8/14.4,,16,
5月,皮肤门诊,多余行,门皮 手术包-6件（双信封包装！！！）,1597849,整行,,1.0/22.01/22.01,,17,
5月,皮肤门诊,多余行,消毒缸-7/w9050,1598438,整行,,1.0/23.1/23.1,,18,
5月,皮肤门诊,多余行,镊子-1/Z7526,1598779,整行,,1.0/4.8/4.8,,19,
5月,皮肤门诊,多余行,止血钳-1/Z1029,1598779,整行,,3.0/4.8/14.4,,20,
5月,皮肤门诊,多余行,门皮 手术包-6件（双信封包装！！！）,1598779,整行,,2.0/22.01/44.02,,21,
5月,皮肤门诊,多余行,艾利斯-1/z1029,1599209,整行,,1.0/4.8/4.8,,22,
5月,皮肤门诊,多余行,持针器-1/Z1029,1599209,整行,,1.0/4.8/4.8,,23,
5月,皮肤门诊,多余行,镊子-1/Z7526,1599209,整行,,1.0/4.8/4.8,,24,
5月,皮肤门诊,多余行,止血钳-1/Z1029,1599209,整行,,1.0/4.8/4.8,,25,
5月,皮肤门诊,多余行,消毒缸-7/w9050,1599680,整行,,1.0/23.1/23.1,,26,
5月,皮肤门诊,多余行,门皮 手术包-6件（双信封包装！！！）,1599680,整行,,6.0/22.01/132.06,,27,
5月,皮肤门诊,多余行,小镊子-1/Z7526,1600439,整行,,3.0/4.8/14.4,,28,
5月,皮肤门诊,多余行,止血钳-1/Z1029,1600439,整行,,4.0/4.8/19.2,,29,
5月,皮肤门诊,多余行,门皮 手术包-6件（双信封包装！！！）,1600802,整行,,6.0/22.01/132.06,,30,
5月,皮肤门诊,多余行,消毒缸-7/w9050,1600906,整行,,1.0/23.1/23.1,,31,
5月,皮肤门诊,多余行,止血钳-1/Z1029,1601236,整行,,1.0/4.8/4.8,,32,
5月,皮肤门诊,多余行,门皮 手术包-6件（双信封包装！！！）,1601236,整行,,9.0/22.01/198.09,,33,
5月,皮肤门诊,多余行,镊子-1/Z7526,1601656,整行,,1.0/4.8/4.8,,34,
5月,皮肤门诊,多余行,止血钳-1/Z1029,1601656,整行,,1.0/4.8/4.8,,35,
5月,皮肤门诊,多余行,止血钳-1/Z1029,1601997,整行,,1.0/4.8/4.8,,36,
5月,皮肤门诊,多余行,消毒缸-7/w9050,1601997,整行,,1.0/23.1/23.1,,37,
5月,皮肤门诊,多余行,门皮 手术包-6件（双信封包装！！！）,1601997,整行,,4.0/22.01/88.04,,38,
5月,皮肤门诊,多余行,门皮 手术包-6件（双信封包装！！！）,1602361,整行,,3.0/22.01/66.03,,39,
5月,皮肤门诊,多余行,镊子-1/Z7526,1602670,整行,,1.0/4.8/4.8,,40,
5月,皮肤门诊,多余行,门皮 手术包-6件（双信封包装！！！）,1602670,整行,,4.0/22.01/88.04,,41,
5月,皮肤门诊,多余行,消毒缸-7/w9050,1603086,整行,,1.0/23.1/23.1,,42,
5月,皮肤门诊,多余行,门皮 手术包-6件（双信封包装！！！）,1603086,整行,,2.0/22.01/44.02,,43,
5月,皮肤门诊,多余行,剪刀-1/Z1029,1603459,整行,,1.0/4.8/4.8,,44,
5月,皮肤门诊,多余行,小镊子-1/Z7526,1603459,整行,,2.0/4.8/9.6,,45,
5月,皮肤门诊,多余行,门皮 手术包-6件（双信封包装！！！）,1603459,整行,,2.0/22.01/44.02,,46,
5月,皮肤门诊,多余行,消毒缸-7/w9050,1603990,整行,,1.0/23.1/23.1,,47,
5月,皮肤门诊,多余行,持针器-1/Z1029,1604372,整行,,1.0/4.8/4.8,,48,
5月,皮肤门诊,多余行,镊子-1/Z7526,1604372,整行,,1.0/4.8/4.8,,49,
5月,皮肤门诊,多余行,止血钳-1/Z1029,1604372,整行,,6.0/4.8/28.8,,50,
5月,皮肤门诊,多余行,门皮 手术包-6件（双信封包装！！！）,1604372,整行,,5.0/22.01/110.05,,51,
5月,皮肤门诊,多余行,镊子-1/Z7526,1604735,整行,,4.0/4.8/19.2,,52,
5月,皮肤门诊,多余行,门皮 手术包-6件（双信封包装！！！）,1604735,整行,,3.0/22.01/66.03,,53,
5月,皮肤门诊,汇总不一致-总价,皮肤门诊,,总价,1400.448,1639.88,8,8,
5月,眼科门诊,多余行,泪点扩张器-1/Z7520,1603460,整行,,1.0/4.8/4.8,,9,
5月,神内二科,缺失行,开口器-1/Z1026,1607221,整行,1.0/4.8/4.8,,9,,
5月,美容整形外科,缺失行,消毒缸-4/W9050,1605224,整行,2.0/13.2/26.4,,9,,
5月,美容整形外科,缺失行,孔巾/Z2535,1605224,整行,4.0/2.4/9.6,,10,,
5月,美容整形外科,缺失行,镊子缸-2（缸底贴日期）/z1535,1605286,整行,1.0/9.9/9.9,,11,,
5月,美容整形外科,缺失行,双头挖勺-1/Z7526,1605286,整行,1.0/4.8/4.8,,12,,
5月,美容整形外科,缺失行,挖勺-1/Z7526,1605286,整行,1.0/4.8/4.8,,13,,
5月,美容整形外科,缺失行,手术包-6件（双信封包装 ！）,1605286,整行,4.0/21.828/87.312,,14,,
5月,美容整形外科,缺失行,孔巾/Z2535,1605589,整行,5.0/2.4/12.0,,15,,
5月,美容整形外科,缺失行,手术包-6件（双信封包装 ！）,1605678,整行,4.0/21.828/87.312,,16,,
5月,美容整形外科,缺失行,孔巾/Z2535,1605913,整行,5.0/2.4/12.0,,17,,
5月,美容整形外科,缺失行,消毒缸-4/W9050,1606057,整行,2.0/13.2/26.4,,18,,
5月,美容整形外科,缺失行,孔巾/Z2535,1606057,整行,4.0/2.4/9.6,,19,,
5月,美容整形外科,缺失行,剪刀-1/Z1029,1606179,整行,1.0/4.8/4.8,,20,,
5月,美容整形外科,缺失行,拉钩-1/z7520,1606179,整行,1.0/4.8/4.8,,21,,
5月,美容整形外科,缺失行,镊子缸-2（缸底贴日期）/z1535,1606179,整行,2.0/9.9/19.8,,22,,
5月,美容整形外科,缺失行,手术包-6件（双信封包装 ！）,1606179,整行,4.0/21.828/87.312,,23,,
5月,美容整形外科,缺失行,镊子缸-2（缸底贴日期）/z1535,1606441,整行,1.0/9.9/9.9,,24,,
5月,美容整形外科,缺失行,手术包-6件（双信封包装 ！）,1606441,整行,2.0/21.828/43.656,,25,,
5月,美容整形外科,缺失行,手术包-6件（双信封包装 ！）,1606849,整行,1.0/21.828/21.828,,26,,
5月,美容整形外科,缺失行,孔巾/Z2535,1606849,整行,6.0/2.4/14.4,,27,,
5月,美容整形外科,缺失行,刮勺-1/Z7530,1607204,整行,1.0/4.8/4.8,,28,,
5月,美容整形外科,缺失行,剪刀-1/Z1029,1607204,整行,1.0/4.8/4.8,,29,,
5月,美容整形外科,缺失行,镊子缸-2（缸底贴日期）/z1535,1607204,整行,4.0/9.9/39.6,,30,,
5月,美容整形外科,缺失行,显微止血钳-1/Z1026,1607204,整行,1.0/4.8/4.8,,31,,
5月,美容整形外科,缺失行,消毒缸-4/W9050,1607204,整行,2.0/13.2/26.4,,32,,
5月,美容整形外科,缺失行,手术包-6件（双信封包装 ！）,1607204,整行,5.0/21.828/109.14,,33,,
5月,美容整形外科,缺失行,孔巾/Z2535,1607204,整行,2.0/2.4/4.8,,34,,
5月,美容整形外科,缺失行,镊子缸-2（缸底贴日期）/z1535,1607576,整行,1.0/9.9/9.9,,35,,
5月,美容整形外科,缺失行,小镊子-1/Z7526,1607576,整行,1.0/4.8/4.8,,36,,
5月,美容整形外科,缺失行,手术包-6件（双信封包装 ！）,1607576,整行,1.0/21.828/21.828,,37,,
5月,美容整形外科,缺失行,孔巾/Z2535,1607576,整行,5.0/2.4/12.0,,38,,
5月,美容整形外科,缺失行,孔巾/Z2535,1607954,整行,1.0/2.4/2.4,,39,,
5月,美容整形外科,缺失行,镊子缸-2（缸底贴日期）/z1535,1608044,整行,1.0/9.9/9.9,,40,,
5月,美容整形外科,缺失行,手术包-6件（双信封包装 ！）,1608044,整行,2.0/21.828/43.656,,41,,
5月,美容整形外科,缺失行,消毒缸-4/W9050,1608052,整行,2.0/13.2/26.4,,42,,
5月,美容整形外科,缺失行,拉钩-1/z7520,1608838,整行,1.0/4.8/4.8,,43,,
5月,美容整形外科,缺失行,镊子缸-2（缸底贴日期）/z1535,1608838,整行,2.0/9.9/19.8,,44,,
5月,美容整形外科,缺失行,手术包-6件（双信封包装 ！）,1608838,整行,4.0/21.828/87.312,,45,,
5月,美容整形外科,缺失行,孔巾/Z2535,1608868,整行,3.0/2.4/7.2,,46,,
5月,美容整形外科,缺失行,长接头-2/Z7530,1609287,整行,1.0/8.1/8.1,,47,,
5月,美容整形外科,缺失行,纱网片-5/z1020,1609287,整行,1.0/16.5/16.5,,48,,
5月,美容整形外科,缺失行,吸脂针-1/Z7526,1609287,整行,7.0/4.8/33.6,,49,,
5月,美容整形外科,缺失行,小圆针-10/Z7520,1609287,整行,14.0/13.2/184.8,,50,,
5月,美容整形外科,缺失行,小圆针-2/Z7520,1609287,整行,5.0/4.8/24.0,,51,,
5月,美容整形外科,缺失行,注水针-1/Z7530,1609287,整行,1.0/4.8/4.8,,52,,
5月,美容整形外科,缺失行,吸脂头-1/Z1020,1609287,整行,1.0/13.2/13.2,,53,,
5月,美容整形外科,缺失行,消毒缸-4/W9050,1609287,整行,2.0/13.2/26.4,,54,,
5月,美容整形外科,缺失行,钻石手锯（面部，大）-1/W12050,1609287,整行,1.0/21.0/21.0,,55,,
5月,美容整形外科,缺失行,钻石手锯（眼部）-1/Z2060,1609287,整行,1.0/16.8/16.8,,56,,
5月,美容整形外科,缺失行,吸脂盆-1W6050,1609287,整行,1.0/9.9/9.9,,57,,
5月,美容整形外科,缺失行,孔巾/Z2535,1609287,整行,4.0/2.4/9.6,,58,,
5月,美容整形外科,缺失行,吸脂针-1/Z7526,1609362,整行,1.0/4.8/4.8,,59,,
5月,美容整形外科,缺失行,剪刀-1/Z1029,1609605,整行,2.0/4.8/9.6,,60,,
5月,美容整形外科,缺失行,镊子缸-2（缸底贴日期）/z1535,1609605,整行,1.0/9.9/9.9,,61,,
5月,美容整形外科,缺失行,吸脂套-2/Z1026,1609605,整行,1.0/8.1/8.1,,62,,
5月,美容整形外科,缺失行,小镊子-1/Z7526,1609605,整行,1.0/4.8/4.8,,63,,
5月,美容整形外科,缺失行,眼袋拉钩-1/Z7526,1609605,整行,2.0/4.8/9.6,,64,,
5月,美容整形外科,缺失行,手术包-6件（双信封包装 ！）,1609605,整行,2.0/21.828/43.656,,65,,
5月,美容整形外科,缺失行,孔巾/Z2535,1610027,整行,2.0/2.4/4.8,,66,,
5月,美容整形外科,缺失行,持针器-1/Z1029,1610107,整行,1.0/4.8/4.8,,67,,
5月,美容整形外科,缺失行,刮勺-1/Z7530,1610107,整行,1.0/4.8/4.8,,68,,
5月,美容整形外科,缺失行,剪刀-1/Z1029,1610107,整行,2.0/4.8/9.6,,69,,
5月,美容整形外科,缺失行,镊子缸-2（缸底贴日期）/z1535,1610107,整行,1.0/9.9/9.9,,70,,
5月,美容整形外科,缺失行,手术包-6件（双信封包装 ！）,1610107,整行,2.0/21.828/43.656,,71,,
5月,美容整形外科,缺失行,消毒缸-4/W9050,1610194,整行,2.0/13.2/26.4,,72,,
5月,美容整形外科,缺失行,镊子缸-2（缸底贴日期）/z1535,1610616,整行,1.0/9.9/9.9,,73,,
5月,美容整形外科,缺失行,小圆针-1/Z7520,1610616,整行,1.0/4.8/4.8,,74,,
5月,美容整形外科,缺失行,小圆针-2/Z7520,1610616,整行,5.0/4.8/24.0,,75,,
5月,美容整形外科,缺失行,眼袋拉钩-1/Z7526,1610616,整行,2.0/4.8/9.6,,76,,
5月,美容整形外科,缺失行,手术包-6件（双信封包装 ！）,1610616,整行,3.0/21.828/65.484,,77,,
5月,美容整形外科,缺失行,孔巾/Z2535,1611027,整行,7.0/2.4/16.8,,78,,
5月,美容整形外科,缺失行,镊子缸-2（缸底贴日期）/z1535,1611363,整行,1.0/9.9/9.9,,79,,
5月,美容整形外科,缺失行,消毒缸-4/W9050,1611363,整行,2.0/13.2/26.4,,80,,
5月,美容整形外科,缺失行,手术包-6件（双信封包装 ！）,1611363,整行,2.0/21.828/43.656,,81,,
5月,美容整形外科,缺失行,镊子缸-2（缸底贴日期）/z1535,1611778,整行,1.0/9.9/9.9,,82,,
5月,美容整形外科,缺失行,手术包-6件（双信封包装 ！）,1611778,整行,1.0/21.828/21.828,,83,,
5月,美容整形外科,缺失行,孔巾/Z2535,1611778,整行,2.0/2.4/4.8,,84,,
5月,美容整形外科,缺失行,镊子缸-2（缸底贴日期）/z1535,1612060,整行,2.0/9.9/19.8,,85,,
5月,美容整形外科,缺失行,手术包-6件（双信封包装 ！）,1612060,整行,4.0/21.828/87.312,,86,,
5月,美容整形外科,缺失行,孔巾/Z2535,1612060,整行,1.0/2.4/2.4,,87,,
5月,美容整形外科,缺失行,消毒缸-4/W9050,1612181,整行,2.0/13.2/26.4,,88,,
5月,美容整形外科,缺失行,孔巾/Z2535,1612687,整行,5.0/2.4/12.0,,89,,
5月,美容整形外科,缺失行,镊子缸-2（缸底贴日期）/z1535,1612998,整行,2.0/9.9/19.8,,90,,
5月,美容整形外科,缺失行,消毒缸-4/W9050,1612998,整行,2.0/13.2/26.4,,91,,
5月,美容整形外科,缺失行,手术包-6件（双信封包装 ！）,1612998,整行,3.0/21.828/65.484,,92,,
5月,美容整形外科,多余行,镊子缸-2（缸底贴日期）/z1535,1596769,整行,,1.0/9.9/9.9,,9,
5月,美容整形外科,多余行,手术包-6件（双信封包装 ！）,1596769,整行,,2.0/22.01/44.02,,10,
5月,美容整形外科,多余行,孔巾/Z2535,1596819,整行,,5.0/2.4/12.0,,11,
5月,美容整形外科,多余行,孔巾/Z2535,1597149,整行,,2.0/2.4/4.8,,12,
5月,美容整形外科,多余行,消毒缸-4/W9050,1597506,整行,,2.0/13.2/26.4,,13,
5月,美容整形外科,多余行,剪刀-1/Z1029,1597846,整行,,1.0/4.8/4.8,,14,
5月,美容整形外科,多余行,拉钩-1/z7520,1597846,整行,,2.0/4.8/9.6,,15,
5月,美容整形外科,多余行,镊子缸-2（缸底贴日期）/z1535,1597846,整行,,3.0/9.9/29.7,,16,
5月,美容整形外科,多余行,蚊式-1/Z1026,1597846,整行,,1.0/4.8/4.8,,17,
5月,美容整形外科,多余行,吸脂针-1/Z7526,1597846,整行,,2.0/4.8/9.6,,18,
5月,美容整形外科,多余行,止血钳-1/Z1029,1597846,整行,,2.0/4.8/9.6,,19,
5月,美容整形外科,多余行,手术包-6件（双信封包装 ！）,1597846,整行,,6.0/22.01/132.06,,20,
5月,美容整形外科,多余行,钻石手锯（面部，小）-1/Z2060,1597846,整行,,1.0/16.8/16.8,,21,
5月,美容整形外科,多余行,剪刀-1/Z1029,1597883,整行,,1.0/4.8/4.8,,22,
5月,美容整形外科,多余行,孔巾/Z2535,1597913,整行,,1.0/2.4/2.4,,23,
5月,美容整形外科,多余行,剪刀-1/Z1029,1598274,整行,,2.0/4.8/9.6,,24,
5月,美容整形外科,多余行,镊子-1/Z7526,1598274,整行,,1.0/4.8/4.8,,25,
5月,美容整形外科,多余行,镊子缸-2（缸底贴日期）/z1535,1598274,整行,,2.0/9.9/19.8,,26,
5月,美容整形外科,多余行,手术包-6件（双信封包装 ！）,1598274,整行,,9.0/22.01/198.09,,27,
5月,美容整形外科,多余行,孔巾/Z2535,1598274,整行,,7.0/2.4/16.8,,28,
5月,美容整形外科,多余行,消毒缸-4/W9050,1598432,整行,,2.0/13.2/26.4,,29,
5月,美容整形外科,多余行,孔巾/Z2535,1598836,整行,,10.0/2.4/24.0,,30,
5月,美容整形外科,多余行,镊子缸-2（缸底贴日期）/z1535,1599189,整行,,1.0/9.9/9.9,,31,
5月,美容整形外科,多余行,手术包-6件（双信封包装 ！）,1599189,整行,,3.0/22.01/66.03,,32,
5月,美容整形外科,多余行,镊子缸-2（缸底贴日期）/z1535,1599353,整行,,1.0/9.9/9.9,,33,
5月,美容整形外科,多余行,手术包-6件（双信封包装 ！）,1599353,整行,,6.0/22.01/132.06,,34,
5月,美容整形外科,多余行,开口器-1/Z1026,1599650,整行,,1.0/4.8/4.8,,35,
5月,美容整形外科,多余行,镊子缸-2（缸底贴日期）/z1535,1599650,整行,,1.0/9.9/9.9,,36,
5月,美容整形外科,多余行,消毒缸-4/W9050,1599650,整行,,2.0/13.2/26.4,,37,
5月,美容整形外科,多余行,手术包-6件（双信封包装 ！）,1599650,整行,,1.0/22.01/22.01,,38,
5月,美容整形外科,多余行,孔巾/Z2535,1599684,整行,,3.0/2.4/7.2,,39,
5月,美容整形外科,多余行,显微止血钳-1/Z1026,1599762,整行,,1.0/4.8/4.8,,40,
5月,美容整形外科,多余行,手术包-6件（双信封包装 ！）,1599762,整行,,3.0/22.01/66.03,,41,
5月,美容整形外科,多余行,简易呼吸器-1件/Z3060,1599955,整行,,1.0/21.0/21.0,,42,
5月,美容整形外科,多余行,孔巾/Z2535,1600026,整行,,7.0/2.4/16.8,,43,
5月,美容整形外科,多余行,孔巾/Z2535,1600206,整行,,3.0/2.4/7.2,,44,
5月,美容整形外科,多余行,持针器-1/Z1029,1600915,整行,,1.0/4.8/4.8,,45,
5月,美容整形外科,多余行,镊子缸-2（缸底贴日期）/z1535,1600915,整行,,3.0/9.9/29.7,,46,
5月,美容整形外科,多余行,吸脂针-1/Z7526,1600915,整行,,1.0/4.8/4.8,,47,
5月,美容整形外科,多余行,消毒缸-4/W9050,1600915,整行,,2.0/13.2/26.4,,48,
5月,美容整形外科,多余行,手术包-6件（双信封包装 ！）,1600915,整行,,4.0/22.01/88.04,,49,
5月,美容整形外科,多余行,剪刀-1/Z1029,1600980,整行,,2.0/4.8/9.6,,50,
5月,美容整形外科,多余行,镊子-1/Z7526,1600980,整行,,4.0/4.8/19.2,,51,
5月,美容整形外科,多余行,手术包-6件（双信封包装 ！）,1601367,整行,,3.0/22.01/66.03,,52,
5月,美容整形外科,多余行,孔巾/Z2535,1601647,整行,,4.0/2.4/9.6,,53,
5月,美容整形外科,多余行,刮勺-1/Z7530,1601993,整行,,1.0/4.8/4.8,,54,
5月,美容整形外科,多余行,剪刀-1/Z1029,1601993,整行,,1.0/4.8/4.8,,55,
5月,美容整形外科,多余行,镊子缸-2（缸底贴日期）/z1535,1601993,整行,,3.0/9.9/29.7,,56,
5月,美容整形外科,多余行,小圆针-1/Z7520,1601993,整行,,3.0/4.8/14.4,,57,
5月,美容整形外科,多余行,消毒缸-4/W9050,1601993,整行,,2.0/13.2/26.4,,58,
5月,美容整形外科,多余行,手术包-6件（双信封包装 ！）,1601993,整行,,2.0/22.01/44.02,,59,
5月,美容整形外科,多余行,孔巾/Z2535,1601993,整行,,7.0/2.4/16.8,,60,
5月,美容整形外科,多余行,镊子缸-2（缸底贴日期）/z1535,1602360,整行,,1.0/9.9/9.9,,61,
5月,美容整形外科,多余行,手术包-6件（双信封包装 ！）,1602360,整行,,2.0/22.01/44.02,,62,
5月,美容整形外科,多余行,孔巾/Z2535,1602720,整行,,2.0/2.4/4.8,,63,
5月,美容整形外科,多余行,镊子缸-2（缸底贴日期）/z1535,1602834,整行,,2.0/9.9/19.8,,64,
5月,美容整形外科,多余行,手术包-6件（双信封包装 ！）,1602834,整行,,5.0/22.01/110.05,,65,
5月,美容整形外科,多余行,消毒缸-4/W9050,1603084,整行,,2.0/13.2/26.4,,66,
5月,美容整形外科,多余行,孔巾/Z2535,1603099,整行,,2.0/2.4/4.8,,67,
5月,美容整形外科,多余行,剪刀-1/Z1029,1603455,整行,,1.0/4.8/4.8,,68,
5月,美容整形外科,多余行,拉钩-1/z7520,1603455,整行,,1.0/4.8/4.8,,69,
5月,美容整形外科,多余行,镊子缸-2（缸底贴日期）/z1535,1603455,整行,,1.0/9.9/9.9,,70,
5月,美容整形外科,多余行,显微止血钳-1/Z1026,1603455,整行,,1.0/4.8/4.8,,71,
5月,美容整形外科,多余行,眼袋拉钩-1/Z7526,1603455,整行,,1.0/4.8/4.8,,72,
5月,美容整形外科,多余行,手术包-6件（双信封包装 ！）,1603455,整行,,2.0/22.01/44.02,,73,
5月,美容整形外科,多余行,胸包-15件（双信封包装）,1603455,整行,,1.0/51.528/51.528,,74,
5月,美容整形外科,多余行,孔巾/Z2535,1603487,整行,,6.0/2.4/14.4,,75,
5月,美容整形外科,多余行,剪刀-1/Z1029,1603849,整行,,1.0/4.8/4.8,,76,
5月,美容整形外科,多余行,拉钩-1/z7520,1603849,整行,,1.0/4.8/4.8,,77,
5月,美容整形外科,多余行,镊子缸-2（缸底贴日期）/z1535,1603849,整行,,1.0/9.9/9.9,,78,
5月,美容整形外科,多余行,蚊式-1/Z1026,1603849,整行,,1.0/4.8/4.8,,79,
5月,美容整形外科,多余行,止血钳-1/Z1029,1603849,整行,,1.0/4.8/4.8,,80,
5月,美容整形外科,多余行,手术包-6件（双信封包装 ！）,1603849,整行,,5.0/22.01/110.05,,81,
5月,美容整形外科,多余行,孔巾/Z2535,1603849,整行,,5.0/2.4/12.0,,82,
5月,美容整形外科,多余行,消毒缸-4/W9050,1603991,整行,,2.0/13.2/26.4,,83,
5月,美容整形外科,多余行,镊子-1/Z7526,1604096,整行,,1.0/4.8/4.8,,84,
5月,美容整形外科,多余行,镊子缸-2（缸底贴日期）/z1535,1604096,整行,,1.0/9.9/9.9,,85,
5月,美容整形外科,多余行,手术包-6件（双信封包装 ！）,1604096,整行,,3.0/22.01/66.03,,86,
5月,美容整形外科,多余行,孔巾/Z2535,1604407,整行,,5.0/2.4/12.0,,87,
5月,美容整形外科,多余行,手术包-6件（双信封包装 ！）,1604512,整行,,5.0/22.01/110.05,,88,
5月,美容整形外科,多余行,孔巾/Z2535,1604811,整行,,3.0/2.4/7.2,,89,
5月,美容整形外科,多余行,剪刀-1/Z1029,1604908,整行,,4.0/4.8/19.2,,90,
5月,美容整形外科,多余行,镊子缸-2（缸底贴日期）/z1535,1604908,整行,,2.0/9.9/19.8,,91,
5月,美容整形外科,多余行,手术包-6件（双信封包装 ！）,1604908,整行,,5.0/22.01/110.05,,92,
5月,美容整形外科,多余行,拔牙钳-1/Z1029,1597559,整行,,3.0/4.8/14.4,,93,
5月,美容整形外科,多余行,剥离子-1/（双）Z7530,1597559,整行,,1.0/6.3/6.3,,94,
5月,美容整形外科,多余行,大镊子-1/Z7534,1597559,整行,,2.0/4.8/9.6,,95,
5月,美容整形外科,多余行,镊子-1/Z7526,1597559,整行,,1.0/4.8/4.8,,96,
5月,美容整形外科,多余行,镊子缸-2（缸底贴日期）/z1535,1597559,整行,,1.0/9.9/9.9,,97,
5月,美容整形外科,多余行,双头挖勺-1/Z7526,1597559,整行,,4.0/4.8/19.2,,98,
5月,美容整形外科,多余行,牙铤子-1/Z7526,1597559,整行,,8.0/4.8/38.4,,99,
5月,美容整形外科,多余行,止血钳-1/Z1029,1597559,整行,,1.0/4.8/4.8,,100,
5月,美容整形外科,多余行,注射器-1/Z1026,1597559,整行,,4.0/4.8/19.2,,101,
5月,美容整形外科,多余行,消毒缸-2/w7050,1597559,整行,,1.0/9.9/9.9,,102,
5月,美容整形外科,多余行,消毒缸-4/W9050,1597559,整行,,2.0/13.2/26.4,,103,
5月,美容整形外科,多余行,手术包-6件（双信封包装 ！）,1597559,整行,,1.0/22.01/22.01,,104,
5月,美容整形外科,多余行,拔牙钳-1/Z1029,1597912,整行,,1.0/4.8/4.8,,105,
5月,美容整形外科,多余行,镊子缸-2（缸底贴日期）/z1535,1597912,整行,,1.0/9.9/9.9,,106,
5月,美容整形外科,多余行,排针-1/Z7520,1597912,整行,,9.0/4.8/43.2,,107,
5月,美容整形外科,多余行,双头挖勺-1/Z7526,1597912,整行,,1.0/4.8/4.8,,108,
5月,美容整形外科,多余行,小剪刀-1/Z7526,1597912,整行,,1.0/4.8/4.8,,109,
5月,美容整形外科,多余行,牙铤子-1/Z7526,1597912,整行,,2.0/4.8/9.6,,110,
5月,美容整形外科,多余行,注射器-1/Z1026,1597912,整行,,1.0/4.8/4.8,,111,
5月,美容整形外科,多余行,剥离子-1/（双）Z7530,1598270,整行,,2.0/6.3/12.6,,112,
5月,美容整形外科,多余行,镊子缸-2（缸底贴日期）/z1535,1598270,整行,,2.0/9.9/19.8,,113,
5月,美容整形外科,多余行,双头挖勺-1/Z7526,1598270,整行,,2.0/4.8/9.6,,114,
5月,美容整形外科,多余行,蚊式-1/Z1026,1598270,整行,,1.0/4.8/4.8,,115,
5月,美容整形外科,多余行,牙铤子-1/Z7526,1598270,整行,,4.0/4.8/19.2,,116,
5月,美容整形外科,多余行,凿子-1/z7530,1598270,整行,,1.0/4.8/4.8,,117,
5月,美容整形外科,多余行,止血钳-1/Z1029,1598270,整行,,2.0/4.8/9.6,,118,
5月,美容整形外科,多余行,注射器-1/Z1026,1598270,整行,,3.0/4.8/14.4,,119,
5月,美容整形外科,多余行,手术包-6件（双信封包装 ！）,1598270,整行,,1.0/22.01/22.01,,120,
5月,美容整形外科,多余行,消毒缸-2/w7050,1598423,整行,,1.0/9.9/9.9,,121,
5月,美容整形外科,多余行,消毒缸-4/W9050,1598423,整行,,2.0/13.2/26.4,,122,
5月,美容整形外科,多余行,拔牙钳-1/Z1029,1598782,整行,,4.0/4.8/19.2,,123,
5月,美容整形外科,多余行,镊子缸-2（缸底贴日期）/z1535,1598782,整行,,1.0/9.9/9.9,,124,
5月,美容整形外科,多余行,排针-1/Z7520,1598782,整行,,1.0/4.8/4.8,,125,
5月,美容整形外科,多余行,双头挖勺-1/Z7526,1598782,整行,,4.0/4.8/19.2,,126,
5月,美容整形外科,多余行,小剪刀-1/Z7526,1598782,整行,,1.0/4.8/4.8,,127,
5月,美容整形外科,多余行,牙铤子-1/Z7526,1598782,整行,,5.0/4.8/24.0,,128,
5月,美容整形外科,多余行,止血钳-1/Z1029,1598782,整行,,1.0/4.8/4.8,,129,
5月,美容整形外科,多余行,注射器-1/Z1026,1598782,整行,,4.0/4.8/19.2,,130,
5月,美容整形外科,多余行,排针-1/Z7520,1599678,整行,,2.0/4.8/9.6,,131,
5月,美容整形外科,多余行,蚊式-1/Z1026,1599678,整行,,2.0/4.8/9.6,,132,
5月,美容整形外科,多余行,小剪刀-1/Z7526,1599678,整行,,2.0/4.8/9.6,,133,
5月,美容整形外科,多余行,牙铤子-1/Z7526,1599678,整行,,1.0/4.8/4.8,,134,
5月,美容整形外科,多余行,消毒缸-2/w7050,1599678,整行,,1.0/9.9/9.9,,135,
5月,美容整形外科,多余行,消毒缸-4/W9050,1599678,整行,,2.0/13.2/26.4,,136,
5月,美容整形外科,多余行,拔牙钳-1/Z1029,1600914,整行,,4.0/4.8/19.2,,137,
5月,美容整形外科,多余行,剥离子-1/（双）Z7530,1600914,整行,,1.0/6.3/6.3,,138,
5月,美容整形外科,多余行,镊子-1/Z7526,1600914,整行,,1.0/4.8/4.8,,139,
5月,美容整形外科,多余行,排针-1/Z7520,1600914,整行,,2.0/4.8/9.6,,140,
5月,美容整形外科,多余行,双头挖勺-1/Z7526,1600914,整行,,3.0/4.8/14.4,,141,
5月,美容整形外科,多余行,蚊式-1/Z1026,1600914,整行,,2.0/4.8/9.6,,142,
5月,美容整形外科,多余行,小剪刀-1/Z7526,1600914,整行,,2.0/4.8/9.6,,143,
5月,美容整形外科,多余行,牙铤子-1/Z7526,1600914,整行,,7.0/4.8/33.6,,144,
5月,美容整形外科,多余行,注射器-1/Z1026,1600914,整行,,2.0/4.8/9.6,,145,
5月,美容整形外科,多余行,消毒缸-2/w7050,1600914,整行,,1.0/9.9/9.9,,146,
5月,美容整形外科,多余行,消毒缸-4/W9050,1600914,整行,,2.0/13.2/26.4,,147,
5月,美容整形外科,多余行,残根钳-1/Z1526,1600981,整行,,1.0/6.6/6.6,,148,
5月,美容整形外科,多余行,镊子缸-2（缸底贴日期）/z1535,1600981,整行,,1.0/9.9/9.9,,149,
5月,美容整形外科,多余行,排针-1/Z7520,1600981,整行,,2.0/4.8/9.6,,150,
5月,美容整形外科,多余行,注射器-1/Z1026,1600981,整行,,1.0/4.8/4.8,,151,
5月,美容整形外科,多余行,拔牙钳-1/Z1029,1601237,整行,,4.0/4.8/19.2,,152,
5月,美容整形外科,多余行,镊子-1/Z7526,1601237,整行,,1.0/4.8/4.8,,153,
5月,美容整形外科,多余行,镊子缸-2（缸底贴日期）/z1535,1601237,整行,,1.0/9.9/9.9,,154,
5月,美容整形外科,多余行,双头挖勺-1/Z7526,1601237,整行,,4.0/4.8/19.2,,155,
5月,美容整形外科,多余行,牙铤子-1/Z7526,1601237,整行,,6.0/4.8/28.8,,156,
5月,美容整形外科,多余行,注射器-1/Z1026,1601237,整行,,3.0/4.8/14.4,,157,
5月,美容整形外科,多余行,拔牙钳-1/Z1029,1602000,整行,,2.0/4.8/9.6,,158,
5月,美容整形外科,多余行,镊子缸-2（缸底贴日期）/z1535,1602000,整行,,1.0/9.9/9.9,,159,
5月,美容整形外科,多余行,排针-1/Z7520,1602000,整行,,1.0/4.8/4.8,,160,
5月,美容整形外科,多余行,双头挖勺-1/Z7526,1602000,整行,,2.0/4.8/9.6,,161,
5月,美容整形外科,多余行,牙铤子-1/Z7526,1602000,整行,,4.0/4.8/19.2,,162,
5月,美容整形外科,多余行,止血钳-1/Z1029,1602000,整行,,2.0/4.8/9.6,,163,
5月,美容整形外科,多余行,注射器-1/Z1026,1602000,整行,,2.0/4.8/9.6,,164,
5月,美容整形外科,多余行,消毒缸-2/w7050,1602000,整行,,1.0/9.9/9.9,,165,
5月,美容整形外科,多余行,消毒缸-4/W9050,1602000,整行,,2.0/13.2/26.4,,166,
5月,美容整形外科,多余行,拔牙钳-1/Z1029,1602835,整行,,3.0/4.8/14.4,,167,
5月,美容整形外科,多余行,镊子缸-2（缸底贴日期）/z1535,1602835,整行,,2.0/9.9/19.8,,168,
5月,美容整形外科,多余行,双头挖勺-1/Z7526,1602835,整行,,4.0/4.8/19.2,,169,
5月,美容整形外科,多余行,牙铤子-1/Z7526,1602835,整行,,7.0/4.8/33.6,,170,
5月,美容整形外科,多余行,注射器-1/Z1026,1602835,整行,,4.0/4.8/19.2,,171,
5月,美容整形外科,多余行,剥离子-1/（双）Z7530,1603088,整行,,1.0/6.3/6.3,,172,
5月,美容整形外科,多余行,镊子缸-2（缸底贴日期）/z1535,1603088,整行,,1.0/9.9/9.9,,173,
5月,美容整形外科,多余行,双头挖勺-1/Z7526,1603088,整行,,1.0/4.8/4.8,,174,
5月,美容整形外科,多余行,蚊式-1/Z1026,1603088,整行,,1.0/4.8/4.8,,175,
5月,美容整形外科,多余行,小剪刀-1/Z7526,1603088,整行,,1.0/4.8/4.8,,176,
5月,美容整形外科,多余行,牙铤子-1/Z7526,1603088,整行,,2.0/4.8/9.6,,177,
5月,美容整形外科,多余行,注射器-1/Z1026,1603088,整行,,1.0/4.8/4.8,,178,
5月,美容整形外科,多余行,消毒缸-2/w7050,1603088,整行,,1.0/9.9/9.9,,179,
5月,美容整形外科,多余行,消毒缸-4/W9050,1603088,整行,,2.0/13.2/26.4,,180,
5月,美容整形外科,多余行,手术包-6件（双信封包装 ！）,1603088,整行,,1.0/22.01/22.01,,181,
5月,美容整形外科,多余行,拔牙钳-1/Z1029,1603457,整行,,2.0/4.8/9.6,,182,
5月,美容整形外科,多余行,大弯-1/z1029,1603457,整行,,1.0/4.8/4.8,,183,
5月,美容整形外科,多余行,镊子缸-2（缸底贴日期）/z1535,1603457,整行,,1.0/9.9/9.9,,184,
5月,美容整形外科,多余行,双头挖勺-1/Z7526,1603457,整行,,2.0/4.8/9.6,,185,
5月,美容整形外科,多余行,小剪刀-1/Z7526,1603457,整行,,1.0/4.8/4.8,,186,
5月,美容整形外科,多余行,牙铤子-1/Z7526,1603457,整行,,3.0/4.8/14.4,,187,
5月,美容整形外科,多余行,注射器-1/Z1026,1603457,整行,,2.0/4.8/9.6,,188,
5月,美容整形外科,多余行,消毒缸-2/w7050,1603992,整行,,1.0/9.9/9.9,,189,
5月,美容整形外科,多余行,消毒缸-4/W9050,1603992,整行,,2.0/13.2/26.4,,190,
5月,美容整形外科,多余行,拔牙钳-1/Z1029,1604376,整行,,1.0/4.8/4.8,,191,
5月,美容整形外科,多余行,镊子-1/Z7526,1604376,整行,,2.0/4.8/9.6,,192,
5月,美容整形外科,多余行,镊子缸-2（缸底贴日期）/z1535,1604376,整行,,2.0/9.9/19.8,,193,
5月,美容整形外科,多余行,排针-1/Z7520,1604376,整行,,3.0/4.8/14.4,,194,
5月,美容整形外科,多余行,双头挖勺-1/Z7526,1604376,整行,,4.0/4.8/19.2,,195,
5月,美容整形外科,多余行,蚊式-1/Z1026,1604376,整行,,1.0/4.8/4.8,,196,
5月,美容整形外科,多余行,牙铤子-1/Z7526,1604376,整行,,8.0/4.8/38.4,,197,
5月,美容整形外科,多余行,注射器-1/Z1026,1604376,整行,,4.0/4.8/19.2,,198,
5月,美容整形外科,汇总不一致-总价,美容整形外科,,总价,2010.732,3742.52,8,8,
5月,耳鼻喉科,缺失行,无菌缸-5件/W9050,1605145,整行,1.0/16.5/16.5,,9,,
5月,耳鼻喉科,缺失行,鼻镜-5/Z2032,1605534,整行,4.0/16.5/66.0,,10,,
5月,耳鼻喉科,缺失行,镊子-5/Z1030,1605534,整行,1.0/16.5/16.5,,11,,
5月,耳鼻喉科,缺失行,吸引器头-5/z7526,1605534,整行,2.0/16.5/33.0,,12,,
5月,耳鼻喉科,缺失行,无菌缸-5件/W9050,1606063,整行,1.0/16.5/16.5,,13,,
5月,耳鼻喉科,缺失行,鼻镜-5/Z2032,1606846,整行,2.0/16.5/33.0,,14,,
5月,耳鼻喉科,缺失行,耵聍钩-1/z7526,1606846,整行,2.0/4.8/9.6,,15,,
5月,耳鼻喉科,缺失行,卷棉子-1/z7526,1606846,整行,1.0/4.8/4.8,,16,,
5月,耳鼻喉科,缺失行,镊子-5/Z1030,1606846,整行,1.0/16.5/16.5,,17,,
5月,耳鼻喉科,缺失行,吸引器头-5/z7526,1606846,整行,2.0/16.5/33.0,,18,,
5月,耳鼻喉科,缺失行,止血钳-1/Z1029,1606846,整行,1.0/4.8/4.8,,19,,
5月,耳鼻喉科,缺失行,消毒缸-5/w9050,1607222,整行,1.0/16.5/16.5,,20,,
5月,耳鼻喉科,缺失行,无菌缸-5件/W9050,1608062,整行,1.0/16.5/16.5,,21,,
5月,耳鼻喉科,缺失行,无菌缸-5件/W9050,1609273,整行,1.0/16.5/16.5,,22,,
5月,耳鼻喉科,缺失行,鼻镜-5/Z2032,1609608,整行,5.0/16.5/82.5,,23,,
5月,耳鼻喉科,缺失行,镊子-5/Z1030,1609608,整行,3.0/16.5/49.5,,24,,
5月,耳鼻喉科,缺失行,吸引器头-5/z7526,1609608,整行,4.0/16.5/66.0,,25,,
5月,耳鼻喉科,缺失行,无菌缸-5件/W9050,1610185,整行,1.0/16.5/16.5,,26,,
5月,耳鼻喉科,缺失行,鼻镜-5/Z2032,1611412,整行,3.0/16.5/49.5,,27,,
5月,耳鼻喉科,缺失行,耵聍钩-1/z7526,1611412,整行,1.0/4.8/4.8,,28,,
5月,耳鼻喉科,缺失行,镊子-5/Z1030,1611412,整行,2.0/16.5/33.0,,29,,
5月,耳鼻喉科,缺失行,吸引器头-5/z7526,1611412,整行,3.0/16.5/49.5,,30,,
5月,耳鼻喉科,缺失行,无菌缸-5件/W9050,1611412,整行,1.0/16.5/16.5,,31,,
5月,耳鼻喉科,缺失行,耳纱-100/z1526,1611412,整行,5.0/1.5/7.5,,32,,
5月,耳鼻喉科,缺失行,镊子-5/Z1030,1612186,整行,2.0/16.5/33.0,,33,,
5月,耳鼻喉科,缺失行,吸引器头-5/z7526,1612186,整行,3.0/16.5/49.5,,34,,
5月,耳鼻喉科,缺失行,消毒缸-5/w9050,1612186,整行,1.0/16.5/16.5,,35,,
5月,耳鼻喉科,缺失行,鼻镜-5/Z2032,1613001,整行,2.0/16.5/33.0,,36,,
5月,耳鼻喉科,缺失行,镊子-5/Z1030,1613001,整行,2.0/16.5/33.0,,37,,
5月,耳鼻喉科,缺失行,吸引器头-5/z7526,1613001,整行,1.0/16.5/16.5,,38,,
5月,耳鼻喉科,缺失行,无菌缸-5件/W9050,1613001,整行,1.0/16.5/16.5,,39,,
5月,耳鼻喉科,多余行,鼻镜-5/Z2032,1596771,整行,,2.0/16.5/33.0,,9,
5月,耳鼻喉科,多余行,镊子-5/Z1030,1596771,整行,,1.0/16.5/16.5,,10,
5月,耳鼻喉科,多余行,吸引器头-5/z7526,1596771,整行,,2.0/16.5/33.0,,11,
5月,耳鼻喉科,多余行,消毒缸-5/w9050,1597498,整行,,1.0/16.5/16.5,,12,
5月,耳鼻喉科,多余行,鼻镜-5/Z2032,1597848,整行,,3.0/16.5/49.5,,13,
5月,耳鼻喉科,多余行,镊子-5/Z1030,1597848,整行,,3.0/16.5/49.5,,14,
5月,耳鼻喉科,多余行,吸头-5/Z1035,1597848,整行,,3.0/16.5/49.5,,15,
5月,耳鼻喉科,多余行,消毒缸-5/w9050,1598417,整行,,1.0/16.5/16.5,,16,
5月,耳鼻喉科,多余行,耵聍钩-1/z7526,1598780,整行,,2.0/4.8/9.6,,17,
5月,耳鼻喉科,多余行,剪刀-1/Z1029,1598780,整行,,1.0/4.8/4.8,,18,
5月,耳鼻喉科,多余行,镊子-5/Z1030,1598780,整行,,3.0/16.5/49.5,,19,
5月,耳鼻喉科,多余行,吸头-5/Z1035,1598780,整行,,4.0/16.5/66.0,,20,
5月,耳鼻喉科,多余行,异物钳-1/Z2032,1598780,整行,,1.0/7.8/7.8,,21,
5月,耳鼻喉科,多余行,鼻镜-5/Z2032,1600437,整行,,3.0/16.5/49.5,,22,
5月,耳鼻喉科,多余行,粗吸引器头-1/Z7526,1600437,整行,,1.0/4.8/4.8,,23,
5月,耳鼻喉科,多余行,镊子-5/Z1030,1600437,整行,,2.0/16.5/33.0,,24,
5月,耳鼻喉科,多余行,吸引器头-5/z7526,1600437,整行,,2.0/16.5/33.0,,25,
5月,耳鼻喉科,多余行,消毒缸-5/w9050,1600910,整行,,1.0/16.5/16.5,,26,
5月,耳鼻喉科,多余行,鼻镜-5/Z2032,1601643,整行,,2.0/16.5/33.0,,27,
5月,耳鼻喉科,多余行,镊子-5/Z1030,1601643,整行,,3.0/16.5/49.5,,28,
5月,耳鼻喉科,多余行,吸引器头-5/z7526,1601643,整行,,2.0/16.5/33.0,,29,
5月,耳鼻喉科,多余行,消毒缸-5/w9050,1601998,整行,,1.0/16.5/16.5,,30,
5月,耳鼻喉科,多余行,鼻镜-5/Z2032,1602744,整行,,4.0/16.5/66.0,,31,
5月,耳鼻喉科,多余行,长吸引器头-1/Z7526,1602744,整行,,1.0/4.8/4.8,,32,
5月,耳鼻喉科,多余行,耵聍钩-1/z7526,1602744,整行,,1.0/4.8/4.8,,33,
5月,耳鼻喉科,多余行,镊子-5/Z1030,1602744,整行,,1.0/16.5/16.5,,34,
5月,耳鼻喉科,多余行,吸引器头-5/z7526,1602744,整行,,1.0/16.5/16.5,,35,
5月,耳鼻喉科,多余行,异物钳-1/Z2032,1602744,整行,,1.0/7.8/7.8,,36,
5月,耳鼻喉科,多余行,缸子-5/W9050,1603089,整行,,1.0/16.5/16.5,,37,
5月,耳鼻喉科,多余行,鼻镜-4件/Z2032,1603995,整行,,4.0/13.2/52.8,,38,
5月,耳鼻喉科,多余行,粗吸引器头-1/Z7526,1603995,整行,,1.0/4.8/4.8,,39,
5月,耳鼻喉科,多余行,耵聍钩-2/z7526,1603995,整行,,1.0/8.1/8.1,,40,
5月,耳鼻喉科,多余行,镊子-5/Z1030,1603995,整行,,2.0/16.5/33.0,,41,
5月,耳鼻喉科,多余行,吸头-5/Z1035,1603995,整行,,2.0/16.5/33.0,,42,
5月,耳鼻喉科,多余行,无菌缸-5件/W9050,1603995,整行,,1.0/16.5/16.5,,43,
5月,耳鼻喉科,多余行,棉球/Z1026,1603995,整行,,4.0/1.5/6.0,,44,
5月,耳鼻喉科,汇总不一致-总价,耳鼻喉科,,总价,873.0,957.6,8,8,
5月,血管科,缺失行,蚊式-1/Z1026,1605532,整行,1.0/4.8/4.8,,9,,
5月,血管科,缺失行,换药包-3件/W6050,1605532,整行,1.0/9.9/9.9,,10,,
5月,血管科,缺失行,剪刀-1/Z1029,1606446,整行,2.0/4.8/9.6,,11,,
5月,血管科,缺失行,镊子-1/Z7526,1606446,整行,1.0/4.8/4.8,,12,,
5月,血管科,缺失行,蚊式-1/Z1026,1606446,整行,1.0/4.8/4.8,,13,,
5月,血管科,缺失行,剪刀-1/Z1029,1607948,整行,2.0/4.8/9.6,,14,,
5月,血管科,缺失行,蚊式-1/Z1026,1607948,整行,1.0/4.8/4.8,,15,,
5月,血管科,缺失行,止血钳-1/Z1029,1607948,整行,1.0/4.8/4.8,,16,,
5月,血管科,缺失行,持针器-1/Z1029,1608473,整行,1.0/4.8/4.8,,17,,
5月,血管科,缺失行,剪刀-1/Z1029,1608473,整行,2.0/4.8/9.6,,18,,
5月,血管科,缺失行,镊子-1/Z7526,1608473,整行,1.0/4.8/4.8,,19,,
5月,血管科,缺失行,止血钳-1/Z1029,1608473,整行,1.0/4.8/4.8,,20,,
5月,血管科,缺失行,持针器-1/Z1029,1610986,整行,1.0/4.8/4.8,,21,,
5月,血管科,缺失行,剪刀-1/Z1029,1610986,整行,1.0/4.8/4.8,,22,,
5月,血管科,缺失行,蚊式-1/Z1026,1611365,整行,1.0/4.8/4.8,,23,,
5月,血管科,缺失行,剪刀-1/Z1029,1612999,整行,1.0/4.8/4.8,,24,,
5月,血管科,缺失行,蚊式-1/Z1026,1612999,整行,1.0/4.8/4.8,,25,,
5月,血管科,缺失行,切开包4件,1612999,整行,1.0/13.2/13.2,,26,,
5月,血管科,缺失行,换药包-3件/W6050,1612999,整行,1.0/9.9/9.9,,27,,
5月,血管科,缺失行,止血钳-1/Z1029,1613410,整行,2.0/4.8/9.6,,28,,
5月,血管科,多余行,咬骨钳-1/（双）Z2032,1598433,整行,,1.0/9.9/9.9,,9,
5月,血管科,多余行,剪刀-1/Z1029,1599205,整行,,2.0/4.8/9.6,,10,
5月,血管科,多余行,止血钳-1/Z1029,1599205,整行,,2.0/4.8/9.6,,11,
5月,血管科,多余行,切开包4件,1599205,整行,,1.0/13.2/13.2,,12,
5月,血管科,多余行,换药包-3件/W6050,1599205,整行,,1.0/9.9/9.9,,13,
5月,血管科,多余行,剪刀-1/Z1029,1601238,整行,,1.0/4.8/4.8,,14,
5月,血管科,多余行,止血钳-1/Z1029,1601238,整行,,1.0/4.8/4.8,,15,
5月,血管科,多余行,剪刀-1/Z1029,1602076,整行,,1.0/4.8/4.8,,16,
5月,血管科,多余行,切开-3/W6050,1602076,整行,,1.0/9.9/9.9,,17,
5月,血管科,多余行,剪刀-1/Z1029,1602357,整行,,1.0/4.8/4.8,,18,
5月,血管科,多余行,止血钳-1/Z1029,1602357,整行,,2.0/4.8/9.6,,19,
5月,血管科,多余行,切开包4件,1602671,整行,,1.0/13.2/13.2,,20,
5月,血管科,多余行,剪刀-1/Z1029,1603845,整行,,1.0/4.8/4.8,,21,
5月,血管科,汇总不一致-总价,血管科,,总价,133.8,108.9,8,8,
5月,骨脑,缺失行,消毒缸-1 /W6050,1605149,整行,1.0/9.9/9.9,,9,,
5月,骨脑,缺失行,消毒缸-1 /W6050,1606054,整行,1.0/9.9/9.9,,10,,
5月,骨脑,缺失行,消毒缸-1 /W6050,1607220,整行,1.0/9.9/9.9,,11,,
5月,骨脑,缺失行,止血钳-1/Z1029,1607949,整行,1.0/4.8/4.8,,12,,
5月,骨脑,缺失行,消毒缸-1 /W6050,1608063,整行,1.0/9.9/9.9,,13,,
5月,骨脑,缺失行,消毒缸-1 /W6050,1609271,整行,1.0/9.9/9.9,,14,,
5月,骨脑,缺失行,镊子-1/Z7526,1609361,整行,1.0/4.8/4.8,,15,,
5月,骨脑,缺失行,舌钳子-1/1526,1609361,整行,1.0/6.6/6.6,,16,,
5月,骨脑,缺失行,骨穿包-18件/w9050,1609361,整行,1.0/59.4/59.4,,17,,
5月,骨脑,缺失行,手摇钻-1/w7050,1609361,整行,1.0/9.9/9.9,,18,,
5月,骨脑,缺失行,消毒缸-1 /W6050,1610193,整行,1.0/9.9/9.9,,19,,
5月,骨脑,缺失行,消毒缸-1 /W6050,1611362,整行,1.0/9.9/9.9,,20,,
5月,骨脑,缺失行,骨穿包-17件/w9050,1611750,整行,1.0/56.1/56.1,,21,,
5月,骨脑,缺失行,手摇钻-2/w7050,1611750,整行,1.0/13.2/13.2,,22,,
5月,骨脑,缺失行,消毒缸-1 /W6050,1612191,整行,1.0/9.9/9.9,,23,,
5月,骨脑,缺失行,消毒缸-1 /W6050,1613002,整行,1.0/9.9/9.9,,24,,
5月,骨脑,多余行,消毒缸-1 /W6050,1597501,整行,,1.0/9.9/9.9,,9,
5月,骨脑,多余行,剪刀-1/Z1029,1597882,整行,,2.0/4.8/9.6,,10,
5月,骨脑,多余行,止血钳-1/Z1029,1597882,整行,,1.0/4.8/4.8,,11,
5月,骨脑,多余行,消毒缸-1 /W6050,1598437,整行,,1.0/9.9/9.9,,12,
5月,骨脑,多余行,锤子-1/W6050,1598437,整行,,1.0/9.9/9.9,,13,
5月,骨脑,多余行,弯盘1持针器1止血钳1剪刀1/w6050,1598437,整行,,1.0/13.2/13.2,,14,
5月,骨脑,多余行,镊子-1/Z7526,1599677,整行,,1.0/4.8/4.8,,15,
5月,骨脑,多余行,消毒缸-1 /W6050,1599677,整行,,1.0/9.9/9.9,,16,
5月,骨脑,多余行,消毒缸-1 /W6050,1600912,整行,,1.0/9.9/9.9,,17,
5月,骨脑,多余行,克氏钳-1/z1526,1601240,整行,,1.0/6.6/6.6,,18,
5月,骨脑,多余行,起钉器-1（高温）/z1526,1601240,整行,,1.0/6.6/6.6,,19,
5月,骨脑,多余行,消毒缸-1 /W6050,1602015,整行,,1.0/9.9/9.9,,20,
5月,骨脑,多余行,开口器-1/Z1026,1602354,整行,,1.0/4.8/4.8,,21,
5月,骨脑,多余行,消毒缸-1 /W6050,1603093,整行,,1.0/9.9/9.9,,22,
5月,骨脑,多余行,消毒缸-1 /W6050,1603987,整行,,1.0/9.9/9.9,,23,
5月,骨脑,汇总不一致-总价,骨脑,,总价,243.9,129.6,8,8,
