月份,Sheet,问题类型,包名,发货单号,字段,原始值,处理后值,原始行号,处理后行号,说明
1月,全部科室(汇总对比),缺失行,刮宫包,1575128,整行,1.0/66.0/66.0,,12,,
1月,全部科室(汇总对比),缺失行,棉球/Z1526,1568246,整行,29.0/2.0/58.0,,9,,
1月,全部科室(汇总对比),缺失行,上取环包,1574118,整行,3.0/48.4/145.2,,10,,
1月,全部科室(汇总对比),缺失行,纱布/Z3032,1574118,整行,2.0/3.2/6.4,,11,,
1月,全部科室(汇总对比),缺失行,穿刺架-1/z1029,1568234,整行,1.0/6.4/6.4,,9,,
1月,全部科室(汇总对比),缺失行,剪刀-1/Z1029,1568234,整行,1.0/6.4/6.4,,10,,
1月,全部科室(汇总对比),缺失行,窥器-1/Z1526,1568234,整行,1.0/8.8/8.8,,11,,
1月,全部科室(汇总对比),缺失行,卵圆钳-1/Z1535,1568234,整行,1.0/8.8/8.8,,12,,
1月,全部科室(汇总对比),缺失行,穿刺架-1/Z1030,1568291,整行,1.0/17.6/17.6,,13,,
1月,全部科室(汇总对比),缺失行,穿刺架-1/z1029,1569340,整行,1.0/6.4/6.4,,14,,
1月,全部科室(汇总对比),缺失行,剪刀-1/Z1029,1569340,整行,1.0/6.4/6.4,,15,,
1月,全部科室(汇总对比),缺失行,窥器-1/Z1526,1569340,整行,2.0/8.8/17.6,,16,,
1月,全部科室(汇总对比),缺失行,卵圆钳-1/Z1535,1569340,整行,2.0/8.8/17.6,,17,,
1月,全部科室(汇总对比),缺失行,剪刀-1/Z1029,1569354,整行,1.0/6.4/6.4,,18,,
1月,全部科室(汇总对比),缺失行,穿刺架-1/z1029,1570252,整行,1.0/6.4/6.4,,19,,
1月,全部科室(汇总对比),缺失行,剪刀-1/Z1029,1570252,整行,1.0/6.4/6.4,,20,,
1月,全部科室(汇总对比),缺失行,窥器-1/Z1526,1570252,整行,1.0/8.8/8.8,,21,,
1月,全部科室(汇总对比),缺失行,卵圆钳-1/Z1535,1570252,整行,1.0/8.8/8.8,,22,,
1月,全部科室(汇总对比),缺失行,剪刀-1/Z1029,1571283,整行,3.0/6.4/19.2,,23,,
1月,全部科室(汇总对比),缺失行,卵圆钳-1/Z1535,1571283,整行,1.0/8.8/8.8,,24,,
1月,全部科室(汇总对比),缺失行,止血钳-1/Z1029,1571283,整行,1.0/6.4/6.4,,25,,
1月,全部科室(汇总对比),缺失行,穿刺架-1/Z1030,1571348,整行,1.0/17.6/17.6,,26,,
1月,全部科室(汇总对比),缺失行,穿刺架-1/z1029,1572175,整行,1.0/6.4/6.4,,27,,
1月,全部科室(汇总对比),缺失行,剪刀-1/Z1029,1572175,整行,1.0/6.4/6.4,,28,,
1月,全部科室(汇总对比),缺失行,窥器-1/Z1526,1572175,整行,1.0/8.8/8.8,,29,,
1月,全部科室(汇总对比),缺失行,卵圆钳-1/Z1535,1572175,整行,1.0/8.8/8.8,,30,,
1月,全部科室(汇总对比),缺失行,穿刺架-1/Z1030,1572944,整行,1.0/17.6/17.6,,31,,
1月,全部科室(汇总对比),缺失行,穿刺架-1/z1029,1574435,整行,1.0/6.4/6.4,,32,,
1月,全部科室(汇总对比),缺失行,剪刀-1/Z1029,1574435,整行,2.0/6.4/12.8,,33,,
1月,全部科室(汇总对比),缺失行,窥器-1/Z1526,1574435,整行,1.0/8.8/8.8,,34,,
1月,全部科室(汇总对比),缺失行,卵圆钳-1/Z1535,1574435,整行,2.0/8.8/17.6,,35,,
1月,全部科室(汇总对比),缺失行,鼻镜20 方盘1/W9050,1567401,整行,3.0/88.0/264.0,,9,,
1月,全部科室(汇总对比),缺失行,穿刺针-1/Z7526,1567401,整行,8.0/6.4/51.2,,10,,
1月,全部科室(汇总对比),缺失行,止血钳-1/Z1029,1567401,整行,2.0/6.4/12.8,,11,,
1月,全部科室(汇总对比),缺失行,枪镊24喉镜17吸引管23弯针17盘1/w9050,1567401,整行,1.0/356.4/356.4,,12,,
1月,全部科室(汇总对比),缺失行,鼻镜20 方盘1/W9050,1567432,整行,1.0/88.0/88.0,,13,,
1月,全部科室(汇总对比),缺失行,鼻镜20 方盘1/W9050,1567932,整行,4.0/88.0/352.0,,14,,
1月,全部科室(汇总对比),缺失行,穿刺针-1/Z7526,1567932,整行,5.0/6.4/32.0,,15,,
1月,全部科室(汇总对比),缺失行,止血钳-1/Z1029,1567932,整行,1.0/6.4/6.4,,16,,
1月,全部科室(汇总对比),缺失行,枪状镊45盘1/W9050,1567932,整行,1.0/202.4/202.4,,17,,
1月,全部科室(汇总对比),缺失行,吸引器17弯针9喉镜8盘1/w9050,1567932,整行,1.0/154.0/154.0,,18,,
1月,全部科室(汇总对比),缺失行,橄榄头-106/z2030,1567974,整行,1.0/275.2/275.2,,19,,
1月,全部科室(汇总对比),缺失行,鼻镜20 方盘1/W9050,1568235,整行,4.0/88.0/352.0,,20,,
1月,全部科室(汇总对比),缺失行,持针器-1/Z1029,1568235,整行,1.0/6.4/6.4,,21,,
1月,全部科室(汇总对比),缺失行,穿刺针-1/Z7526,1568235,整行,5.0/6.4/32.0,,22,,
1月,全部科室(汇总对比),缺失行,枪装镊18弯针4吸管11喉镜5盘1/W9050,1568235,整行,1.0/171.6/171.6,,23,,
1月,全部科室(汇总对比),缺失行,鼻镜20 方盘1/W9050,1568609,整行,4.0/88.0/352.0,,24,,
1月,全部科室(汇总对比),缺失行,吸引管12喉镜9弯针5枪状镊22盘1/w9050,1568609,整行,1.0/215.6/215.6,,25,,
1月,全部科室(汇总对比),缺失行,鼻镜20 方盘1/W9050,1568998,整行,3.0/88.0/264.0,,26,,
1月,全部科室(汇总对比),缺失行,穿刺针-1/Z7526,1568998,整行,2.0/6.4/12.8,,27,,
1月,全部科室(汇总对比),缺失行,止血钳-1/Z1029,1568998,整行,1.0/6.4/6.4,,28,,
1月,全部科室(汇总对比),缺失行,吸管9枪状镊23弯针3喉镜8盘1/W9050,1568998,整行,1.0/193.6/193.6,,29,,
1月,全部科室(汇总对比),缺失行,鼻镜20 方盘1/W9050,1569341,整行,4.0/88.0/352.0,,30,,
1月,全部科室(汇总对比),缺失行,穿刺针-1/Z7526,1569341,整行,4.0/6.4/25.6,,31,,
1月,全部科室(汇总对比),缺失行,剪刀-1/Z1029,1569341,整行,1.0/6.4/6.4,,32,,
1月,全部科室(汇总对比),缺失行,枪装镊29弯针3吸管15喉镜5盘1/W9050,1569341,整行,1.0/233.2/233.2,,33,,
1月,全部科室(汇总对比),缺失行,穿刺针-1/Z7526,1569355,整行,1.0/6.4/6.4,,34,,
1月,全部科室(汇总对比),缺失行,橄榄头-108/z2030,1569403,整行,1.0/275.2/275.2,,35,,
1月,全部科室(汇总对比),缺失行,鼻镜20 方盘1/W9050,1569846,整行,4.0/88.0/352.0,,36,,
1月,全部科室(汇总对比),缺失行,穿刺针-1/Z7526,1569846,整行,2.0/6.4/12.8,,37,,
1月,全部科室(汇总对比),缺失行,喉镜20吸管26弯针13盒1/w9050,1569846,整行,1.0/264.0/264.0,,38,,
1月,全部科室(汇总对比),缺失行,枪状镊53 盒1/w9050,1569846,整行,1.0/237.6/237.6,,39,,
1月,全部科室(汇总对比),缺失行,鼻镜20 方盘1/W9050,1570253,整行,3.0/88.0/264.0,,40,,
1月,全部科室(汇总对比),缺失行,穿刺针-1/Z7526,1570253,整行,1.0/6.4/6.4,,41,,
1月,全部科室(汇总对比),缺失行,剪刀-1/Z1029,1570253,整行,1.0/6.4/6.4,,42,,
1月,全部科室(汇总对比),缺失行,枪状镊20喉镜7弯针1吸管8盘1/W9050,1570253,整行,1.0/162.8/162.8,,43,,
1月,全部科室(汇总对比),缺失行,鼻镜20 方盘1/W9050,1570594,整行,5.0/88.0/440.0,,44,,
1月,全部科室(汇总对比),缺失行,穿刺针-1/Z7526,1570594,整行,4.0/6.4/25.6,,45,,
1月,全部科室(汇总对比),缺失行,枪状镊33喉镜13弯针6吸管20盘1/W9050,1570594,整行,1.0/321.2/321.2,,46,,
1月,全部科室(汇总对比),缺失行,冲洗头-100/z2030,1570634,整行,1.0/328.0/328.0,,47,,
1月,全部科室(汇总对比),缺失行,鼻镜20 方盘1/W9050,1571006,整行,4.0/88.0/352.0,,48,,
1月,全部科室(汇总对比),缺失行,穿刺针-1/Z7526,1571006,整行,1.0/6.4/6.4,,49,,
1月,全部科室(汇总对比),缺失行,枪状镊5/Z1026,1571006,整行,1.0/22.0/22.0,,50,,
1月,全部科室(汇总对比),缺失行,枪状镊16喉镜5弯针4吸管10盘1/W9050,1571006,整行,1.0/158.4/158.4,,51,,
1月,全部科室(汇总对比),缺失行,纱条/Z1029,1571006,整行,1.0/2.0/2.0,,52,,
1月,全部科室(汇总对比),缺失行,鼻镜20 方盘1/W9050,1571297,整行,4.0/88.0/352.0,,53,,
1月,全部科室(汇总对比),缺失行,穿刺针-1/Z7526,1571297,整行,1.0/6.4/6.4,,54,,
1月,全部科室(汇总对比),缺失行,吸管9枪状镊26弯针8喉镜11盘1/W9050,1571297,整行,1.0/242.0/242.0,,55,,
1月,全部科室(汇总对比),缺失行,橄榄头-65/z2030,1571349,整行,1.0/184.8/184.8,,56,,
1月,全部科室(汇总对比),缺失行,鼻镜20 方盘1/W9050,1571831,整行,4.0/88.0/352.0,,57,,
1月,全部科室(汇总对比),缺失行,穿刺针-1/Z7526,1571831,整行,3.0/6.4/19.2,,58,,
1月,全部科室(汇总对比),缺失行,枪状镊6/Z1026,1571831,整行,1.0/26.4/26.4,,59,,
1月,全部科室(汇总对比),缺失行,吸引管-2件/Z7526,1571831,整行,1.0/6.4/6.4,,60,,
1月,全部科室(汇总对比),缺失行,吸引管44枪状镊64弯针18喉镜23盘1/W9050,1571831,整行,1.0/660.0/660.0,,61,,
1月,全部科室(汇总对比),缺失行,冲洗头-71/Z2030,1571844,整行,1.0/202.4/202.4,,62,,
1月,全部科室(汇总对比),缺失行,鼻镜20 方盘1/W9050,1572176,整行,4.0/88.0/352.0,,63,,
1月,全部科室(汇总对比),缺失行,穿刺针-1/Z7526,1572176,整行,1.0/6.4/6.4,,64,,
1月,全部科室(汇总对比),缺失行,枪状镊2/Z7526,1572176,整行,1.0/10.8/10.8,,65,,
1月,全部科室(汇总对比),缺失行,弯针10吸引8喉镜12枪状镊22盘1/w9050,1572176,整行,1.0/233.2/233.2,,66,,
1月,全部科室(汇总对比),缺失行,鼻镜20 方盘1/W9050,1572455,整行,4.0/88.0/352.0,,67,,
1月,全部科室(汇总对比),缺失行,穿刺针-1/Z7526,1572455,整行,1.0/6.4/6.4,,68,,
1月,全部科室(汇总对比),缺失行,枪装镊22弯针9吸管12喉镜12盘1/W9050,1572455,整行,1.0/246.4/246.4,,69,,
1月,全部科室(汇总对比),缺失行,冲洗头-66/Z2030,1572529,整行,1.0/202.4/202.4,,70,,
1月,全部科室(汇总对比),缺失行,鼻镜20 方盘1/W9050,1572908,整行,3.0/88.0/264.0,,71,,
1月,全部科室(汇总对比),缺失行,穿刺针-1/Z7526,1572908,整行,2.0/6.4/12.8,,72,,
1月,全部科室(汇总对比),缺失行,粗吸引管-1/Z1029,1572908,整行,1.0/6.4/6.4,,73,,
1月,全部科室(汇总对比),缺失行,枪状镊2/Z7526,1572908,整行,1.0/10.8/10.8,,74,,
1月,全部科室(汇总对比),缺失行,吸管14枪状镊13弯针11喉镜12盘1/W9050,1572908,整行,1.0/224.4/224.4,,75,,
1月,全部科室(汇总对比),缺失行,鼻镜20 方盘1/W9050,1573276,整行,4.0/88.0/352.0,,76,,
1月,全部科室(汇总对比),缺失行,穿刺针-1/Z7526,1573276,整行,1.0/6.4/6.4,,77,,
1月,全部科室(汇总对比),缺失行,粗吸引管-1/Z1029,1573276,整行,1.0/6.4/6.4,,78,,
1月,全部科室(汇总对比),缺失行,枪状镊2/Z7526,1573276,整行,1.0/10.8/10.8,,79,,
1月,全部科室(汇总对比),缺失行,枪装镊13弯针13吸管9喉镜17盘1/W9050,1573276,整行,1.0/233.2/233.2,,80,,
1月,全部科室(汇总对比),缺失行,鼻镜20 方盘1/W9050,1573710,整行,4.0/88.0/352.0,,81,,
1月,全部科室(汇总对比),缺失行,穿刺针-1/Z7526,1573710,整行,4.0/6.4/25.6,,82,,
1月,全部科室(汇总对比),缺失行,剪刀-1/Z1029,1573710,整行,1.0/6.4/6.4,,83,,
1月,全部科室(汇总对比),缺失行,枪状镊6/Z1026,1573710,整行,1.0/26.4/26.4,,84,,
1月,全部科室(汇总对比),缺失行,吸引管-2件/Z7526,1573710,整行,1.0/6.4/6.4,,85,,
1月,全部科室(汇总对比),缺失行,枪状镊64吸管26喉镜42弯针36盘1/w9050,1573710,整行,1.0/743.6/743.6,,86,,
1月,全部科室(汇总对比),缺失行,冲洗头-107/z2030,1573783,整行,1.0/328.0/328.0,,87,,
1月,全部科室(汇总对比),缺失行,鼻镜20 方盘1/W9050,1574119,整行,4.0/88.0/352.0,,88,,
1月,全部科室(汇总对比),缺失行,烙治头-1/Z7534,1574119,整行,1.0/6.4/6.4,,89,,
1月,全部科室(汇总对比),缺失行,枪状镊2/Z7526,1574119,整行,1.0/10.8/10.8,,90,,
1月,全部科室(汇总对比),缺失行,吸引管-1/Z7526,1574119,整行,1.0/6.4/6.4,,91,,
1月,全部科室(汇总对比),缺失行,药缸-1/z2530,1574119,整行,1.0/12.8/12.8,,92,,
1月,全部科室(汇总对比),缺失行,枪装镊7弯针10吸管10喉镜12盘1/W9050,1574119,整行,1.0/176.0/176.0,,93,,
1月,全部科室(汇总对比),缺失行,纱条/Z1029,1574139,整行,1.0/2.0/2.0,,94,,
1月,全部科室(汇总对比),缺失行,鼻镜20 方盘1/W9050,1574436,整行,4.0/88.0/352.0,,95,,
1月,全部科室(汇总对比),缺失行,穿刺针-1/Z7526,1574436,整行,1.0/6.4/6.4,,96,,
1月,全部科室(汇总对比),缺失行,枪状镊2/Z7526,1574436,整行,1.0/10.8/10.8,,97,,
1月,全部科室(汇总对比),缺失行,吸引管-1/Z7526,1574436,整行,1.0/6.4/6.4,,98,,
1月,全部科室(汇总对比),缺失行,异物钳-1/Z1535,1574436,整行,1.0/8.8/8.8,,99,,
1月,全部科室(汇总对比),缺失行,止血钳-1/Z1029,1574436,整行,1.0/6.4/6.4,,100,,
1月,全部科室(汇总对比),缺失行,组织钳-1/Z1026,1574436,整行,1.0/6.4/6.4,,101,,
1月,全部科室(汇总对比),缺失行,枪状镊9喉镜22吸引管5弯针16盘1/W9050,1574436,整行,1.0/233.2/233.2,,102,,
1月,全部科室(汇总对比),缺失行,鼻镜20 方盘1/W9050,1574823,整行,3.0/88.0/264.0,,103,,
1月,全部科室(汇总对比),缺失行,持针器-1/Z1029,1574823,整行,1.0/6.4/6.4,,104,,
1月,全部科室(汇总对比),缺失行,穿刺针-1/Z7526,1574823,整行,2.0/6.4/12.8,,105,,
1月,全部科室(汇总对比),缺失行,冲洗头-85/Z3040,1574869,整行,1.0/237.6/237.6,,106,,
1月,全部科室(汇总对比),缺失行,鼻镜20 方盘1/W9050,1575129,整行,4.0/88.0/352.0,,107,,
1月,全部科室(汇总对比),缺失行,穿刺针-1/Z7526,1575129,整行,1.0/6.4/6.4,,108,,
1月,全部科室(汇总对比),缺失行,止血钳-1/Z1029,1575129,整行,1.0/6.4/6.4,,109,,
1月,全部科室(汇总对比),缺失行,枪装镊22弯针23吸管12喉镜28盘1/W9050,1575129,整行,1.0/378.4/378.4,,110,,
1月,全部科室(汇总对比),缺失行,鼻镜25 方盘1/W9050,1567297,整行,2.0/114.4/228.8,,9,,
1月,全部科室(汇总对比),缺失行,刮勺-1/Z7526,1567297,整行,1.0/6.4/6.4,,10,,
1月,全部科室(汇总对比),缺失行,烙治头-1/Z7534,1567297,整行,3.0/6.4/19.2,,11,,
1月,全部科室(汇总对比),缺失行,镊子30弯针5吸引管29喉镜9盘1/w9050,1567297,整行,1.0/325.6/325.6,,12,,
1月,全部科室(汇总对比),缺失行,橄榄头-20/Z2030,1567387,整行,7.0/70.4/492.8,,13,,
1月,全部科室(汇总对比),缺失行,鼻镜25 方盘1/W9050,1567402,整行,4.0/114.4/457.6,,14,,
1月,全部科室(汇总对比),缺失行,穿刺针-1/Z7526,1567402,整行,1.0/6.4/6.4,,15,,
1月,全部科室(汇总对比),缺失行,烙治头-1/Z7534,1567402,整行,1.0/6.4/6.4,,16,,
1月,全部科室(汇总对比),缺失行,组织钳-1/Z1026,1567402,整行,1.0/6.4/6.4,,17,,
1月,全部科室(汇总对比),缺失行,镊子82弯针4吸引管57喉镜4盘1/w9050,1567402,整行,1.0/651.2/651.2,,18,,
1月,全部科室(汇总对比),缺失行,鼻镜25 方盘1/W9050,1567431,整行,1.0/114.4/114.4,,19,,
1月,全部科室(汇总对比),缺失行,鼻镜25 方盘1/W9050,1567933,整行,4.0/114.4/457.6,,20,,
1月,全部科室(汇总对比),缺失行,穿刺针-1/Z7526,1567933,整行,1.0/6.4/6.4,,21,,
1月,全部科室(汇总对比),缺失行,耳镜-1/Z1020,1567933,整行,1.0/6.4/6.4,,22,,
1月,全部科室(汇总对比),缺失行,烙治头-1/Z7534,1567933,整行,3.0/6.4/19.2,,23,,
1月,全部科室(汇总对比),缺失行,组织钳-1/Z1026,1567933,整行,1.0/6.4/6.4,,24,,
1月,全部科室(汇总对比),缺失行,镊子44弯针5吸引管33喉镜5盘1/w9050,1567933,整行,1.0/387.2/387.2,,25,,
1月,全部科室(汇总对比),缺失行,鼻镜25 方盘1/W9050,1568247,整行,5.0/114.4/572.0,,26,,
1月,全部科室(汇总对比),缺失行,穿刺针-1/Z7526,1568247,整行,2.0/6.4/12.8,,27,,
1月,全部科室(汇总对比),缺失行,烙治头-1/Z7534,1568247,整行,5.0/6.4/32.0,,28,,
1月,全部科室(汇总对比),缺失行,组织钳-1/Z1026,1568247,整行,1.0/6.4/6.4,,29,,
1月,全部科室(汇总对比),缺失行,镊子41弯针2吸引管27喉镜9盘1/w9050,1568247,整行,1.0/352.0/352.0,,30,,
1月,全部科室(汇总对比),缺失行,橄榄头-20/Z2030,1568292,整行,5.0/70.4/352.0,,31,,
1月,全部科室(汇总对比),缺失行,鼻镜25 方盘1/W9050,1568610,整行,7.0/114.4/800.8,,32,,
1月,全部科室(汇总对比),缺失行,烙治头-1/Z7534,1568610,整行,3.0/6.4/19.2,,33,,
1月,全部科室(汇总对比),缺失行,直角钳-1/Z1029,1568610,整行,1.0/6.4/6.4,,34,,
1月,全部科室(汇总对比),缺失行,组织钳-1/Z1026,1568610,整行,1.0/6.4/6.4,,35,,
1月,全部科室(汇总对比),缺失行,镊子66弯针6吸引管57喉镜6盘1/w9050,1568610,整行,1.0/598.4/598.4,,36,,
1月,全部科室(汇总对比),缺失行,鼻镜25 方盘1/W9050,1568999,整行,4.0/114.4/457.6,,37,,
1月,全部科室(汇总对比),缺失行,穿刺针-1/Z7526,1568999,整行,1.0/6.4/6.4,,38,,
1月,全部科室(汇总对比),缺失行,耳镜-1/Z1020,1568999,整行,1.0/6.4/6.4,,39,,
1月,全部科室(汇总对比),缺失行,烙治头-1/Z7534,1568999,整行,1.0/6.4/6.4,,40,,
1月,全部科室(汇总对比),缺失行,组织钳-1/Z1026,1568999,整行,1.0/6.4/6.4,,41,,
1月,全部科室(汇总对比),缺失行,镊子53弯针4吸管42喉镜3盘1/W9050,1568999,整行,1.0/453.2/453.2,,42,,
1月,全部科室(汇总对比),缺失行,鼻镜25 方盘1/W9050,1569342,整行,5.0/114.4/572.0,,43,,
1月,全部科室(汇总对比),缺失行,烙治头-1/Z7534,1569342,整行,4.0/6.4/25.6,,44,,
1月,全部科室(汇总对比),缺失行,组织钳-1/Z1026,1569342,整行,1.0/6.4/6.4,,45,,
1月,全部科室(汇总对比),缺失行,镊子46弯针5吸引管38喉镜5盘1/w9050,1569342,整行,1.0/418.0/418.0,,46,,
1月,全部科室(汇总对比),缺失行,橄榄头-20/Z2030,1569404,整行,8.0/70.4/563.2,,47,,
1月,全部科室(汇总对比),缺失行,鼻镜25 方盘1/W9050,1569633,整行,3.0/114.4/343.2,,48,,
1月,全部科室(汇总对比),缺失行,穿刺针-1/Z7526,1569633,整行,1.0/6.4/6.4,,49,,
1月,全部科室(汇总对比),缺失行,耳镜-1/Z1020,1569633,整行,1.0/6.4/6.4,,50,,
1月,全部科室(汇总对比),缺失行,烙治头-1/Z7534,1569633,整行,3.0/6.4/19.2,,51,,
1月,全部科室(汇总对比),缺失行,镊子69弯针14吸引管51喉镜18盘1/w9050,1569633,整行,1.0/673.2/673.2,,52,,
1月,全部科室(汇总对比),缺失行,橄榄头-20/Z2030,1569635,整行,1.0/70.4/70.4,,53,,
1月,全部科室(汇总对比),缺失行,橄榄头-20/Z2030,1569637,整行,5.0/70.4/352.0,,54,,
1月,全部科室(汇总对比),缺失行,鼻镜25 方盘1/W9050,1569847,整行,5.0/114.4/572.0,,55,,
1月,全部科室(汇总对比),缺失行,烙治头-1/Z7534,1569847,整行,4.0/6.4/25.6,,56,,
1月,全部科室(汇总对比),缺失行,组织钳-1/Z1026,1569847,整行,1.0/6.4/6.4,,57,,
1月,全部科室(汇总对比),缺失行,镊子56弯针3吸管47喉镜3盘1/w9050,1569847,整行,1.0/484.0/484.0,,58,,
1月,全部科室(汇总对比),缺失行,鼻镜25 方盘1/W9050,1570254,整行,6.0/114.4/686.4,,59,,
1月,全部科室(汇总对比),缺失行,烙治头-1/Z7534,1570254,整行,6.0/6.4/38.4,,60,,
1月,全部科室(汇总对比),缺失行,组织钳-1/Z1026,1570254,整行,3.0/6.4/19.2,,61,,
1月,全部科室(汇总对比),缺失行,镊子44弯针6吸引管32喉镜6盘1/w9050,1570254,整行,1.0/391.6/391.6,,62,,
1月,全部科室(汇总对比),缺失行,橄榄头-20/Z2030,1570294,整行,5.0/70.4/352.0,,63,,
1月,全部科室(汇总对比),缺失行,鼻镜25 方盘1/W9050,1570595,整行,6.0/114.4/686.4,,64,,
1月,全部科室(汇总对比),缺失行,烙治头-1/Z7534,1570595,整行,10.0/6.4/64.0,,65,,
1月,全部科室(汇总对比),缺失行,镊子67弯针7吸引管58喉镜6盘1/w9050,1570595,整行,1.0/611.6/611.6,,66,,
1月,全部科室(汇总对比),缺失行,鼻镜25 方盘1/W9050,1571007,整行,6.0/114.4/686.4,,67,,
1月,全部科室(汇总对比),缺失行,组织钳-1/Z1026,1571007,整行,1.0/6.4/6.4,,68,,
1月,全部科室(汇总对比),缺失行,镊子42弯针5吸引管38喉镜8盘1/w9050,1571007,整行,1.0/413.6/413.6,,69,,
1月,全部科室(汇总对比),缺失行,橄榄头-20/Z2030,1571021,整行,6.0/70.4/422.4,,70,,
1月,全部科室(汇总对比),缺失行,鼻镜25 方盘1/W9050,1571298,整行,5.0/114.4/572.0,,71,,
1月,全部科室(汇总对比),缺失行,穿刺针-1/Z7526,1571298,整行,1.0/6.4/6.4,,72,,
1月,全部科室(汇总对比),缺失行,烙治头-1/Z7534,1571298,整行,1.0/6.4/6.4,,73,,
1月,全部科室(汇总对比),缺失行,组织钳-1/Z1026,1571298,整行,1.0/6.4/6.4,,74,,
1月,全部科室(汇总对比),缺失行,镊子50弯针9吸引管32喉镜20盘1/w9050,1571298,整行,1.0/492.8/492.8,,75,,
1月,全部科室(汇总对比),缺失行,鼻镜25 方盘1/W9050,1571515,整行,2.0/114.4/228.8,,76,,
1月,全部科室(汇总对比),缺失行,烙治头-1/Z7534,1571515,整行,1.0/6.4/6.4,,77,,
1月,全部科室(汇总对比),缺失行,组织钳-1/Z1026,1571515,整行,1.0/6.4/6.4,,78,,
1月,全部科室(汇总对比),缺失行,镊子28弯针8吸管18喉镜18盘1/W9050,1571515,整行,1.0/321.2/321.2,,79,,
1月,全部科室(汇总对比),缺失行,橄榄头-20/Z2030,1571530,整行,6.0/70.4/422.4,,80,,
1月,全部科室(汇总对比),缺失行,鼻镜25 方盘1/W9050,1571832,整行,6.0/114.4/686.4,,81,,
1月,全部科室(汇总对比),缺失行,烙治头-1/Z7534,1571832,整行,1.0/6.4/6.4,,82,,
1月,全部科室(汇总对比),缺失行,组织钳-1/Z1026,1571832,整行,1.0/6.4/6.4,,83,,
1月,全部科室(汇总对比),缺失行,镊子45弯针12吸引管38喉镜32盘1/w9050,1571832,整行,1.0/563.2/563.2,,84,,
1月,全部科室(汇总对比),缺失行,橄榄头-20/Z2030,1571845,整行,5.0/70.4/352.0,,85,,
1月,全部科室(汇总对比),缺失行,活检钳1三通1/Z2030,1571845,整行,1.0/35.2/35.2,,86,,
1月,全部科室(汇总对比),缺失行,鼻镜25 方盘1/W9050,1572177,整行,4.0/114.4/457.6,,87,,
1月,全部科室(汇总对比),缺失行,刮勺-1/Z7526,1572177,整行,1.0/6.4/6.4,,88,,
1月,全部科室(汇总对比),缺失行,剪刀-1/Z1029,1572177,整行,1.0/6.4/6.4,,89,,
1月,全部科室(汇总对比),缺失行,组织钳-1/Z1026,1572177,整行,1.0/6.4/6.4,,90,,
1月,全部科室(汇总对比),缺失行,镊子37弯针3吸引管29喉镜13盘1/w9050,1572177,整行,1.0/365.2/365.2,,91,,
1月,全部科室(汇总对比),缺失行,鼻镜25 方盘1/W9050,1572456,整行,8.0/114.4/915.2,,92,,
1月,全部科室(汇总对比),缺失行,烙治头-1/Z7534,1572456,整行,9.0/6.4/57.6,,93,,
1月,全部科室(汇总对比),缺失行,镊子54弯针4吸引管44喉镜17盘1/w9050,1572456,整行,1.0/510.4/510.4,,94,,
1月,全部科室(汇总对比),缺失行,橄榄头-20/Z2030,1572530,整行,6.0/70.4/422.4,,95,,
1月,全部科室(汇总对比),缺失行,鼻镜25 方盘1/W9050,1572909,整行,3.0/114.4/343.2,,96,,
1月,全部科室(汇总对比),缺失行,烙治头-1/Z7534,1572909,整行,3.0/6.4/19.2,,97,,
1月,全部科室(汇总对比),缺失行,直角压舌板-1  /Z1026,1572909,整行,1.0/6.4/6.4,,98,,
1月,全部科室(汇总对比),缺失行,组织钳-1/Z1026,1572909,整行,5.0/6.4/32.0,,99,,
1月,全部科室(汇总对比),缺失行,镊子43弯针3吸引管73喉镜3盘1/w9050,1572909,整行,1.0/541.2/541.2,,100,,
1月,全部科室(汇总对比),缺失行,鼻镜25 方盘1/W9050,1573277,整行,7.0/114.4/800.8,,101,,
1月,全部科室(汇总对比),缺失行,烙治头-1/Z7534,1573277,整行,6.0/6.4/38.4,,102,,
1月,全部科室(汇总对比),缺失行,镊子46弯针5吸引管38喉镜8盘1/w9050,1573277,整行,1.0/431.2/431.2,,103,,
1月,全部科室(汇总对比),缺失行,橄榄头-20/Z2030,1573304,整行,5.0/70.4/352.0,,104,,
1月,全部科室(汇总对比),缺失行,鼻镜25 方盘1/W9050,1573440,整行,2.0/114.4/228.8,,105,,
1月,全部科室(汇总对比),缺失行,橄榄头-20/Z2030,1573520,整行,4.0/70.4/281.6,,106,,
1月,全部科室(汇总对比),缺失行,鼻镜25 方盘1/W9050,1573537,整行,2.0/114.4/228.8,,107,,
1月,全部科室(汇总对比),缺失行,烙治头-1/Z7534,1573537,整行,4.0/6.4/25.6,,108,,
1月,全部科室(汇总对比),缺失行,组织钳-1/Z1026,1573537,整行,1.0/6.4/6.4,,109,,
1月,全部科室(汇总对比),缺失行,镊子52弯针9吸引管42喉镜17盘1/w9050,1573537,整行,1.0/532.4/532.4,,110,,
1月,全部科室(汇总对比),缺失行,鼻镜25 方盘1/W9050,1573711,整行,5.0/114.4/572.0,,111,,
1月,全部科室(汇总对比),缺失行,烙治头-1/Z7534,1573711,整行,2.0/6.4/12.8,,112,,
1月,全部科室(汇总对比),缺失行,组织钳-1/Z1026,1573711,整行,1.0/6.4/6.4,,113,,
1月,全部科室(汇总对比),缺失行,镊子54弯针5吸引管51喉镜4盘1/w9050,1573711,整行,1.0/506.0/506.0,,114,,
1月,全部科室(汇总对比),缺失行,活检钳-1/Z2530,1573903,整行,1.0/24.0/24.0,,115,,
1月,全部科室(汇总对比),缺失行,鼻镜25 方盘1/W9050,1574120,整行,6.0/114.4/686.4,,116,,
1月,全部科室(汇总对比),缺失行,烙治头-1/Z7534,1574120,整行,11.0/6.4/70.4,,117,,
1月,全部科室(汇总对比),缺失行,镊子47喉镜7吸管36弯针7盘1/w9050,1574120,整行,1.0/431.2/431.2,,118,,
1月,全部科室(汇总对比),缺失行,橄榄头-20/Z2030,1574160,整行,7.0/70.4/492.8,,119,,
1月,全部科室(汇总对比),缺失行,鼻镜25 方盘1/W9050,1574437,整行,8.0/114.4/915.2,,120,,
1月,全部科室(汇总对比),缺失行,刮勺-1/Z7526,1574437,整行,1.0/6.4/6.4,,121,,
1月,全部科室(汇总对比),缺失行,烙治头-1/Z7534,1574437,整行,7.0/6.4/44.8,,122,,
1月,全部科室(汇总对比),缺失行,异物钳-1/Z1535,1574437,整行,1.0/8.8/8.8,,123,,
1月,全部科室(汇总对比),缺失行,直角压舌板-1  /Z1026,1574437,整行,2.0/6.4/12.8,,124,,
1月,全部科室(汇总对比),缺失行,组织钳-1/Z1026,1574437,整行,1.0/6.4/6.4,,125,,
1月,全部科室(汇总对比),缺失行,镊子53弯针6吸引管43喉镜9盘1/w9050,1574437,整行,1.0/492.8/492.8,,126,,
1月,全部科室(汇总对比),缺失行,鼻镜25 方盘1/W9050,1574824,整行,4.0/114.4/457.6,,127,,
1月,全部科室(汇总对比),缺失行,烙治头-1/Z7534,1574824,整行,9.0/6.4/57.6,,128,,
1月,全部科室(汇总对比),缺失行,异物钳-1/Z1535,1574824,整行,3.0/8.8/26.4,,129,,
1月,全部科室(汇总对比),缺失行,组织钳-1/Z1026,1574824,整行,3.0/6.4/19.2,,130,,
1月,全部科室(汇总对比),缺失行,镊子26弯针5吸引管29喉镜4盘1/w9050,1574824,整行,1.0/286.0/286.0,,131,,
1月,全部科室(汇总对比),缺失行,橄榄头-20/Z2030,1574870,整行,5.0/70.4/352.0,,132,,
1月,全部科室(汇总对比),缺失行,活检钳-1/Z2530,1574870,整行,1.0/24.0/24.0,,133,,
1月,全部科室(汇总对比),缺失行,鼻镜25 方盘1/W9050,1575130,整行,8.0/114.4/915.2,,134,,
1月,全部科室(汇总对比),缺失行,烙治头-1/Z7534,1575130,整行,5.0/6.4/32.0,,135,,
1月,全部科室(汇总对比),缺失行,异物钳-1/Z1535,1575130,整行,2.0/8.8/17.6,,136,,
1月,全部科室(汇总对比),缺失行,镊子46弯针5吸管37喉镜5盘1/w9050,1575130,整行,1.0/413.6/413.6,,137,,
1月,全部科室(汇总对比),缺失行,橄榄头-20/Z2030,1575198,整行,4.0/70.4/281.6,,138,,
1月,全部科室(汇总对比),缺失行,活检钳-1/Z2530,1575198,整行,1.0/24.0/24.0,,139,,
1月,全部科室(汇总对比),缺失行,剪刀-1/Z1029,1568236,整行,1.0/6.4/6.4,,9,,
1月,全部科室(汇总对比),缺失行,窥器-1/Z1526,1568236,整行,1.0/8.8/8.8,,10,,
1月,全部科室(汇总对比),缺失行,腔内单极-2/z1530,1568236,整行,1.0/13.2/13.2,,11,,
1月,全部科室(汇总对比),缺失行,特殊取环器-1/Z1535,1568236,整行,1.0/8.8/8.8,,12,,
1月,全部科室(汇总对比),缺失行,止血钳-1/Z1530,1568236,整行,1.0/8.8/8.8,,13,,
1月,全部科室(汇总对比),缺失行,取环包,1568236,整行,4.0/48.4/193.6,,14,,
1月,全部科室(汇总对比),缺失行,通水包（妇二）,1568236,整行,2.0/13.2/26.4,,15,,
1月,全部科室(汇总对比),缺失行,持物钳罐-2/w6050,1568236,整行,1.0/13.2/13.2,,16,,
1月,全部科室(汇总对比),缺失行,腔内电极-5/w6050,1568236,整行,2.0/22.0/44.0,,17,,
1月,全部科室(汇总对比),缺失行,止血钳-1/Z1530,1568611,整行,1.0/8.8/8.8,,18,,
1月,全部科室(汇总对比),缺失行,取环包,1569343,整行,2.0/48.4/96.8,,19,,
1月,全部科室(汇总对比),缺失行,人流包,1569343,整行,3.0/66.0/198.0,,20,,
1月,全部科室(汇总对比),缺失行,剪刀-1/Z1029,1569848,整行,2.0/6.4/12.8,,21,,
1月,全部科室(汇总对比),缺失行,取环包,1569848,整行,2.0/48.4/96.8,,22,,
1月,全部科室(汇总对比),缺失行,人流包,1569848,整行,4.0/66.0/264.0,,23,,
1月,全部科室(汇总对比),缺失行,持物钳罐-2/w6050,1569848,整行,1.0/13.2/13.2,,24,,
1月,全部科室(汇总对比),缺失行,腔内电极-5/w6050,1569848,整行,1.0/22.0/22.0,,25,,
1月,全部科室(汇总对比),缺失行,取环包,1571284,整行,3.0/48.4/145.2,,26,,
1月,全部科室(汇总对比),缺失行,人流包,1571284,整行,2.0/66.0/132.0,,27,,
1月,全部科室(汇总对比),缺失行,持物钳罐-2/w6050,1571284,整行,1.0/13.2/13.2,,28,,
1月,全部科室(汇总对比),缺失行,特殊取环器-1/Z1535,1571767,整行,2.0/8.8/17.6,,29,,
1月,全部科室(汇总对比),缺失行,止血钳-1/Z1530,1571767,整行,1.0/8.8/8.8,,30,,
1月,全部科室(汇总对比),缺失行,取环包,1571767,整行,3.0/48.4/145.2,,31,,
1月,全部科室(汇总对比),缺失行,人流包,1571767,整行,2.0/66.0/132.0,,32,,
1月,全部科室(汇总对比),缺失行,持物钳罐-2/w6050,1571767,整行,1.0/13.2/13.2,,33,,
1月,全部科室(汇总对比),缺失行,腔内电极-5/w6050,1571767,整行,2.0/22.0/44.0,,34,,
1月,全部科室(汇总对比),缺失行,剪刀-1/Z1029,1573278,整行,1.0/6.4/6.4,,35,,
1月,全部科室(汇总对比),缺失行,特殊取环器-1/Z1535,1573278,整行,1.0/8.8/8.8,,36,,
1月,全部科室(汇总对比),缺失行,止血钳-1/Z1530,1573278,整行,1.0/8.8/8.8,,37,,
1月,全部科室(汇总对比),缺失行,取环包,1573278,整行,2.0/48.4/96.8,,38,,
1月,全部科室(汇总对比),缺失行,人流包,1573278,整行,1.0/66.0/66.0,,39,,
1月,全部科室(汇总对比),缺失行,持物钳罐-2/w6050,1573278,整行,1.0/13.2/13.2,,40,,
1月,全部科室(汇总对比),缺失行,大镊子-1/Z7534,1574121,整行,1.0/6.4/6.4,,41,,
1月,全部科室(汇总对比),缺失行,宫颈钳-1/Z1535,1574121,整行,1.0/8.8/8.8,,42,,
1月,全部科室(汇总对比),缺失行,剪刀-1/Z1029,1574121,整行,3.0/6.4/19.2,,43,,
1月,全部科室(汇总对比),缺失行,扩棒-1/Z7530,1574121,整行,1.0/6.4/6.4,,44,,
1月,全部科室(汇总对比),缺失行,特殊取环器-1/Z1535,1574121,整行,1.0/8.8/8.8,,45,,
1月,全部科室(汇总对比),缺失行,切开包,1574121,整行,1.0/57.2/57.2,,46,,
1月,全部科室(汇总对比),缺失行,取环包,1574121,整行,4.0/48.4/193.6,,47,,
1月,全部科室(汇总对比),缺失行,人流包,1574121,整行,2.0/66.0/132.0,,48,,
1月,全部科室(汇总对比),缺失行,持物钳罐-2/w6050,1574121,整行,1.0/13.2/13.2,,49,,
1月,全部科室(汇总对比),缺失行,腔内电极-5/w6050,1574121,整行,2.0/22.0/44.0,,50,,
1月,全部科室(汇总对比),缺失行,妇科刮勺-1/z7537,1574825,整行,1.0/6.4/6.4,,51,,
1月,全部科室(汇总对比),缺失行,剪刀-1/Z1029,1574825,整行,1.0/6.4/6.4,,52,,
1月,全部科室(汇总对比),缺失行,特殊取环器-1/Z1535,1574825,整行,2.0/8.8/17.6,,53,,
1月,全部科室(汇总对比),缺失行,止血钳-1/Z1530,1574825,整行,1.0/8.8/8.8,,54,,
1月,全部科室(汇总对比),缺失行,切开包,1574825,整行,1.0/57.2/57.2,,55,,
1月,全部科室(汇总对比),缺失行,取环包,1574825,整行,2.0/48.4/96.8,,56,,
1月,全部科室(汇总对比),缺失行,人流包,1574825,整行,2.0/66.0/132.0,,57,,
1月,全部科室(汇总对比),缺失行,持物钳罐-2/w6050,1574825,整行,1.0/13.2/13.2,,58,,
1月,全部科室(汇总对比),缺失行,宫颈钳-1/Z1535,1575131,整行,1.0/8.8/8.8,,59,,
1月,全部科室(汇总对比),缺失行,剪刀-1/Z1029,1575131,整行,2.0/6.4/12.8,,60,,
1月,全部科室(汇总对比),缺失行,窥器-1/Z1526,1575131,整行,1.0/8.8/8.8,,61,,
1月,全部科室(汇总对比),缺失行,卵圆钳(小头！！！)-1/Z1535,1575131,整行,1.0/8.8/8.8,,62,,
1月,全部科室(汇总对比),缺失行,特殊取环器-1/Z1535,1575131,整行,1.0/8.8/8.8,,63,,
1月,全部科室(汇总对比),缺失行,止血钳-1/Z1530,1575131,整行,1.0/8.8/8.8,,64,,
1月,全部科室(汇总对比),缺失行,取环包,1575131,整行,3.0/48.4/145.2,,65,,
1月,全部科室(汇总对比),缺失行,人流包,1575131,整行,4.0/66.0/264.0,,66,,
1月,全部科室(汇总对比),缺失行,通水包（妇二）,1575131,整行,1.0/13.2/13.2,,67,,
1月,全部科室(汇总对比),缺失行,持物钳罐-2/w6050,1575131,整行,1.0/13.2/13.2,,68,,
1月,全部科室(汇总对比),缺失行,腔内电极-4/z1530,1567934,整行,1.0/17.6/17.6,,9,,
1月,全部科室(汇总对比),缺失行,腔内电极-6/w6050,1567934,整行,3.0/26.4/79.2,,10,,
1月,全部科室(汇总对比),缺失行,腔内电极-5/w6050,1568983,整行,1.0/22.0/22.0,,11,,
1月,全部科室(汇总对比),缺失行,腔内电极-6/w6050,1568983,整行,3.0/26.4/79.2,,12,,
1月,全部科室(汇总对比),缺失行,腔内电极-4/z1530,1569849,整行,1.0/17.6/17.6,,13,,
1月,全部科室(汇总对比),缺失行,腔内电极-6/w6050,1569849,整行,3.0/26.4/79.2,,14,,
1月,全部科室(汇总对比),缺失行,腔内电极-6/w6050,1570960,整行,5.0/26.4/132.0,,15,,
1月,全部科室(汇总对比),缺失行,腔内电极-5/w6050,1571768,整行,1.0/22.0/22.0,,16,,
1月,全部科室(汇总对比),缺失行,腔内电极-6/w6050,1571768,整行,3.0/26.4/79.2,,17,,
1月,全部科室(汇总对比),缺失行,腔内电极-5/w6050,1572850,整行,1.0/22.0/22.0,,18,,
1月,全部科室(汇总对比),缺失行,腔内电极-7/w6050,1572850,整行,2.0/30.8/61.6,,19,,
1月,全部科室(汇总对比),缺失行,腔内电极-5/w6050,1574122,整行,1.0/22.0/22.0,,20,,
1月,全部科室(汇总对比),缺失行,腔内电极-6/w6050,1574122,整行,4.0/26.4/105.6,,21,,
1月,全部科室(汇总对比),缺失行,棉球缸-1/z2530,1574826,整行,1.0/12.8/12.8,,22,,
1月,全部科室(汇总对比),缺失行,镊子-1/Z7534,1574826,整行,1.0/6.4/6.4,,23,,
1月,全部科室(汇总对比),缺失行,腔内电极-6/w6050,1574826,整行,3.0/26.4/79.2,,24,,
1月,全部科室(汇总对比),缺失行,妇科刮勺-1/z7537,1567935,整行,2.0/6.4/12.8,,9,,
1月,全部科室(汇总对比),缺失行,阴道镜-4/w6050,1567935,整行,4.0/17.6/70.4,,10,,
1月,全部科室(汇总对比),缺失行,妇科刮勺-1/z7537,1569344,整行,2.0/6.4/12.8,,11,,
1月,全部科室(汇总对比),缺失行,息肉包-4/w6050,1569344,整行,1.0/17.6/17.6,,12,,
1月,全部科室(汇总对比),缺失行,阴道镜-4/w6050,1569344,整行,5.0/17.6/88.0,,13,,
1月,全部科室(汇总对比),缺失行,活检钳-1/Z2032,1570596,整行,1.0/10.4/10.4,,14,,
1月,全部科室(汇总对比),缺失行,探针-1/保/Z7530,1570596,整行,1.0/6.4/6.4,,15,,
1月,全部科室(汇总对比),缺失行,息肉包-4/w6050,1570596,整行,1.0/17.6/17.6,,16,,
1月,全部科室(汇总对比),缺失行,阴道镜-4/w6050,1570596,整行,4.0/17.6/70.4,,17,,
1月,全部科室(汇总对比),缺失行,妇科刮勺-1/z7537,1571285,整行,1.0/6.4/6.4,,18,,
1月,全部科室(汇总对比),缺失行,息肉包-4/w6050,1571285,整行,1.0/17.6/17.6,,19,,
1月,全部科室(汇总对比),缺失行,阴道镜-4/w6050,1571285,整行,5.0/17.6/88.0,,20,,
1月,全部科室(汇总对比),缺失行,阴道镜-4/w6050,1572457,整行,5.0/17.6/88.0,,21,,
1月,全部科室(汇总对比),缺失行,阴道镜-4/w6050,1574123,整行,6.0/17.6/105.6,,22,,
1月,全部科室(汇总对比),缺失行,探针-1/保/Z7530,1575132,整行,1.0/6.4/6.4,,23,,
1月,全部科室(汇总对比),缺失行,阴道镜-4/w6050,1575132,整行,5.0/17.6/88.0,,24,,
1月,全部科室(汇总对比),缺失行,开口器-1/Z1026,1567936,整行,1.0/6.4/6.4,,9,,
1月,全部科室(汇总对比),缺失行,镊子-1/Z7534,1567936,整行,9.0/6.4/57.6,,10,,
1月,全部科室(汇总对比),缺失行,舌钳子-1/Z1526,1567936,整行,1.0/8.8/8.8,,11,,
1月,全部科室(汇总对比),缺失行,人流包,1567936,整行,3.0/105.6/316.8,,12,,
1月,全部科室(汇总对比),缺失行,剪刀-1/Z1029,1568984,整行,1.0/6.4/6.4,,13,,
1月,全部科室(汇总对比),缺失行,开口器-1/Z1026,1568984,整行,1.0/6.4/6.4,,14,,
1月,全部科室(汇总对比),缺失行,取环器-1/Z1535,1568984,整行,2.0/8.8/17.6,,15,,
1月,全部科室(汇总对比),缺失行,舌钳子-1/Z1526,1568984,整行,1.0/8.8/8.8,,16,,
1月,全部科室(汇总对比),缺失行,止血钳-1/Z1029,1568984,整行,1.0/6.4/6.4,,17,,
1月,全部科室(汇总对比),缺失行,切开包,1568984,整行,1.0/61.6/61.6,,18,,
1月,全部科室(汇总对比),缺失行,人流包,1568984,整行,3.0/105.6/316.8,,19,,
1月,全部科室(汇总对比),缺失行,镊子-1/Z7534,1569345,整行,2.0/6.4/12.8,,20,,
1月,全部科室(汇总对比),缺失行,人流包,1569345,整行,2.0/105.6/211.2,,21,,
1月,全部科室(汇总对比),缺失行,镊子-1/Z7534,1571008,整行,8.0/6.4/51.2,,22,,
1月,全部科室(汇总对比),缺失行,取环器-1/Z1535,1571008,整行,1.0/8.8/8.8,,23,,
1月,全部科室(汇总对比),缺失行,人流包,1571008,整行,4.0/105.6/422.4,,24,,
1月,全部科室(汇总对比),缺失行,剪刀-1/Z1029,1571769,整行,1.0/6.4/6.4,,25,,
1月,全部科室(汇总对比),缺失行,镊子-1/Z7534,1571769,整行,11.0/6.4/70.4,,26,,
1月,全部科室(汇总对比),缺失行,人流包,1571769,整行,3.0/105.6/316.8,,27,,
1月,全部科室(汇总对比),缺失行,剪刀-1/Z1029,1573279,整行,1.0/6.4/6.4,,28,,
1月,全部科室(汇总对比),缺失行,镊子-1/Z7534,1573279,整行,9.0/6.4/57.6,,29,,
1月,全部科室(汇总对比),缺失行,取环器-1/Z1535,1573279,整行,1.0/8.8/8.8,,30,,
1月,全部科室(汇总对比),缺失行,止血钳-1/Z1029,1573279,整行,1.0/6.4/6.4,,31,,
1月,全部科室(汇总对比),缺失行,人流包,1573279,整行,3.0/105.6/316.8,,32,,
1月,全部科室(汇总对比),缺失行,刀柄-1/Z7526,1574827,整行,1.0/6.4/6.4,,33,,
1月,全部科室(汇总对比),缺失行,剪刀-1/Z1029,1574827,整行,1.0/6.4/6.4,,34,,
1月,全部科室(汇总对比),缺失行,镊子-1/Z7534,1574827,整行,10.0/6.4/64.0,,35,,
1月,全部科室(汇总对比),缺失行,取环器-1/Z1535,1574827,整行,1.0/8.8/8.8,,36,,
1月,全部科室(汇总对比),缺失行,切开包,1574827,整行,1.0/61.6/61.6,,37,,
1月,全部科室(汇总对比),缺失行,人流包,1574827,整行,3.0/105.6/316.8,,38,,
1月,全部科室(汇总对比),缺失行,剪刀-1/Z1029,1575133,整行,1.0/6.4/6.4,,39,,
1月,全部科室(汇总对比),缺失行,剪刀-1/Z1029,1569850,整行,6.0/6.4/38.4,,9,,
1月,全部科室(汇总对比),缺失行,镊子-1/Z7534,1569850,整行,8.0/6.4/51.2,,10,,
1月,全部科室(汇总对比),缺失行,取环钩-1/Z7537,1569850,整行,1.0/6.4/6.4,,11,,
1月,全部科室(汇总对比),缺失行,人流包,1569850,整行,9.0/105.6/950.4,,12,,
1月,全部科室(汇总对比),缺失行,电极刀-1/Z1029,1569945,整行,1.0/17.6/17.6,,13,,
1月,全部科室(汇总对比),缺失行,妇科刮勺-1/z7537,1574828,整行,1.0/6.4/6.4,,14,,
1月,全部科室(汇总对比),缺失行,宫颈钳-1/Z1535,1574828,整行,1.0/8.8/8.8,,15,,
1月,全部科室(汇总对比),缺失行,钩镊-1/z7526,1574828,整行,1.0/6.4/6.4,,16,,
1月,全部科室(汇总对比),缺失行,剪刀-1/Z1029,1574828,整行,2.0/6.4/12.8,,17,,
1月,全部科室(汇总对比),缺失行,举宫器-1/Z1535,1574828,整行,1.0/8.8/8.8,,18,,
1月,全部科室(汇总对比),缺失行,开口器-1 舌钳子1/Z1526,1574828,整行,2.0/13.2/26.4,,19,,
1月,全部科室(汇总对比),缺失行,扩棒-3/Z7530,1574828,整行,1.0/13.2/13.2,,20,,
1月,全部科室(汇总对比),缺失行,镊子-1/Z7534,1574828,整行,10.0/6.4/64.0,,21,,
1月,全部科室(汇总对比),缺失行,止血钳-1/Z1029,1574828,整行,2.0/6.4/12.8,,22,,
1月,全部科室(汇总对比),缺失行,人流包,1574828,整行,1.0/105.6/105.6,,23,,
1月,全部科室(汇总对比),缺失行,通水包（妇一）,1574828,整行,4.0/35.2/140.8,,24,,
1月,全部科室(汇总对比),缺失行,阴道拉钩-2/w6050,1574828,整行,1.0/13.2/13.2,,25,,
1月,全部科室(汇总对比),缺失行,电极刀-1/Z1029,1574879,整行,5.0/17.6/88.0,,26,,
1月,全部科室(汇总对比),缺失行,探针-1/保/Z7530,1567298,整行,2.0/6.4/12.8,,9,,
1月,全部科室(汇总对比),缺失行,镊子44盘1/w9050,1567298,整行,1.0/198.0/198.0,,10,,
1月,全部科室(汇总对比),缺失行,镊子50盘1/w9050,1567298,整行,1.0/224.4/224.4,,11,,
1月,全部科室(汇总对比),缺失行,镊子50盘1/w9050,1567624,整行,3.0/224.4/673.2,,12,,
1月,全部科室(汇总对比),缺失行,换药碗(肛肠包配套)-1/Z2530,1567937,整行,1.0/12.8/12.8,,13,,
1月,全部科室(汇总对比),缺失行,剪刀-1/Z1029,1567937,整行,3.0/6.4/19.2,,14,,
1月,全部科室(汇总对比),缺失行,麻杯-1/Z1520,1567937,整行,1.0/8.8/8.8,,15,,
1月,全部科室(汇总对比),缺失行,镊子-1/Z7534,1567937,整行,1.0/6.4/6.4,,16,,
1月,全部科室(汇总对比),缺失行,探针-1/保/Z7530,1567937,整行,1.0/6.4/6.4,,17,,
1月,全部科室(汇总对比),缺失行,止血钳-1/Z1029,1567937,整行,1.0/6.4/6.4,,18,,
1月,全部科室(汇总对比),缺失行,肛肠包（肛肠科）,1567937,整行,1.0/70.4/70.4,,19,,
1月,全部科室(汇总对比),缺失行,镊子50盘1/w9050,1567937,整行,1.0/224.4/224.4,,20,,
1月,全部科室(汇总对比),缺失行,换药碗(肛肠包配套)-1/Z2530,1568237,整行,3.0/12.8/38.4,,21,,
1月,全部科室(汇总对比),缺失行,镊子-1/Z7534,1568237,整行,3.0/6.4/19.2,,22,,
1月,全部科室(汇总对比),缺失行,探针-1/保/Z7530,1568237,整行,2.0/6.4/12.8,,23,,
1月,全部科室(汇总对比),缺失行,肛肠包（肛肠科）,1568237,整行,3.0/70.4/211.2,,24,,
1月,全部科室(汇总对比),缺失行,镊子50盘1/w9050,1568237,整行,1.0/224.4/224.4,,25,,
1月,全部科室(汇总对比),缺失行,换药碗(肛肠包配套)-1/Z2530,1568612,整行,4.0/12.8/51.2,,26,,
1月,全部科室(汇总对比),缺失行,剪刀-1/Z1029,1568612,整行,1.0/6.4/6.4,,27,,
1月,全部科室(汇总对比),缺失行,拉钩-1/Z7526,1568612,整行,2.0/6.4/12.8,,28,,
1月,全部科室(汇总对比),缺失行,镊子-1/Z7534,1568612,整行,4.0/6.4/25.6,,29,,
1月,全部科室(汇总对比),缺失行,探针-1/保/Z7530,1568612,整行,1.0/6.4/6.4,,30,,
1月,全部科室(汇总对比),缺失行,肛肠包（肛肠科）,1568612,整行,4.0/70.4/281.6,,31,,
1月,全部科室(汇总对比),缺失行,镊子50盘1/w9050,1568612,整行,1.0/224.4/224.4,,32,,
1月,全部科室(汇总对比),缺失行,敷料/z3044,1568612,整行,1.0/3.2/3.2,,33,,
1月,全部科室(汇总对比),缺失行,换药碗(肛肠包配套)-1/Z2530,1568985,整行,3.0/12.8/38.4,,34,,
1月,全部科室(汇总对比),缺失行,镊子-1/Z7534,1568985,整行,4.0/6.4/25.6,,35,,
1月,全部科室(汇总对比),缺失行,肛肠包（肛肠科）,1568985,整行,4.0/70.4/281.6,,36,,
1月,全部科室(汇总对比),缺失行,镊子44盘1/w9050,1568985,整行,1.0/198.0/198.0,,37,,
1月,全部科室(汇总对比),缺失行,镊子50盘1/w9050,1568985,整行,1.0/224.4/224.4,,38,,
1月,全部科室(汇总对比),缺失行,肛肠包（肛肠科）,1569346,整行,3.0/70.4/211.2,,39,,
1月,全部科室(汇总对比),缺失行,带盖方盘-1/W6050,1569346,整行,1.0/13.2/13.2,,40,,
1月,全部科室(汇总对比),缺失行,换药碗(肛肠包配套)-1/Z2530,1569362,整行,3.0/12.8/38.4,,41,,
1月,全部科室(汇总对比),缺失行,镊子-1/Z7534,1569362,整行,3.0/6.4/19.2,,42,,
1月,全部科室(汇总对比),缺失行,探针-1/保/Z7530,1569362,整行,1.0/6.4/6.4,,43,,
1月,全部科室(汇总对比),缺失行,镊子50盘1/w9050,1569362,整行,1.0/224.4/224.4,,44,,
1月,全部科室(汇总对比),缺失行,换药碗(肛肠包配套)-1/Z2530,1569851,整行,2.0/12.8/25.6,,45,,
1月,全部科室(汇总对比),缺失行,镊子-1/Z7534,1569851,整行,2.0/6.4/12.8,,46,,
1月,全部科室(汇总对比),缺失行,肛肠包（肛肠科）,1569851,整行,2.0/70.4/140.8,,47,,
1月,全部科室(汇总对比),缺失行,带盖方盘-1/W6050,1569851,整行,1.0/13.2/13.2,,48,,
1月,全部科室(汇总对比),缺失行,镊子50盘1/w9050,1569851,整行,3.0/224.4/673.2,,49,,
1月,全部科室(汇总对比),缺失行,镊子50盘1/w9050,1570255,整行,1.0/224.4/224.4,,50,,
1月,全部科室(汇总对比),缺失行,换药碗(肛肠包配套)-1/Z2530,1570597,整行,6.0/12.8/76.8,,51,,
1月,全部科室(汇总对比),缺失行,镊子-1/Z7534,1570597,整行,3.0/6.4/19.2,,52,,
1月,全部科室(汇总对比),缺失行,探针-1/保/Z7530,1570597,整行,1.0/6.4/6.4,,53,,
1月,全部科室(汇总对比),缺失行,肛肠包（肛肠科）,1570597,整行,6.0/70.4/422.4,,54,,
1月,全部科室(汇总对比),缺失行,镊子50盘1/w9050,1570597,整行,1.0/224.4/224.4,,55,,
1月,全部科室(汇总对比),缺失行,镊子-1/Z7534,1570609,整行,3.0/6.4/19.2,,56,,
1月,全部科室(汇总对比),缺失行,换药碗(肛肠包配套)-1/Z2530,1571009,整行,5.0/12.8/64.0,,57,,
1月,全部科室(汇总对比),缺失行,剪刀-1/Z1029,1571009,整行,2.0/6.4/12.8,,58,,
1月,全部科室(汇总对比),缺失行,镊子-1/Z7534,1571009,整行,5.0/6.4/32.0,,59,,
1月,全部科室(汇总对比),缺失行,止血钳-1/Z1029,1571009,整行,1.0/6.4/6.4,,60,,
1月,全部科室(汇总对比),缺失行,肛肠包（肛肠科）,1571009,整行,5.0/70.4/352.0,,61,,
1月,全部科室(汇总对比),缺失行,镊子50盘1/w9050,1571009,整行,1.0/224.4/224.4,,62,,
1月,全部科室(汇总对比),缺失行,肛门自动拉钩-1/Z2530,1571286,整行,1.0/12.8/12.8,,63,,
1月,全部科室(汇总对比),缺失行,换药碗(肛肠包配套)-1/Z2530,1571286,整行,5.0/12.8/64.0,,64,,
1月,全部科室(汇总对比),缺失行,镊子-1/Z7534,1571286,整行,5.0/6.4/32.0,,65,,
1月,全部科室(汇总对比),缺失行,探针-1/保/Z7530,1571286,整行,1.0/6.4/6.4,,66,,
1月,全部科室(汇总对比),缺失行,肛肠包（肛肠科）,1571286,整行,5.0/70.4/352.0,,67,,
1月,全部科室(汇总对比),缺失行,镊子45盘1/w9050,1571286,整行,1.0/202.4/202.4,,68,,
1月,全部科室(汇总对比),缺失行,镊子50盘1/w9050,1571286,整行,1.0/224.4/224.4,,69,,
1月,全部科室(汇总对比),缺失行,换药碗(肛肠包配套)-1/Z2530,1571578,整行,1.0/12.8/12.8,,70,,
1月,全部科室(汇总对比),缺失行,剪刀-1/Z1029,1571578,整行,1.0/6.4/6.4,,71,,
1月,全部科室(汇总对比),缺失行,镊子-1/Z7534,1571578,整行,1.0/6.4/6.4,,72,,
1月,全部科室(汇总对比),缺失行,探针-1/保/Z7530,1571578,整行,1.0/6.4/6.4,,73,,
1月,全部科室(汇总对比),缺失行,止血钳-1/Z1029,1571578,整行,1.0/6.4/6.4,,74,,
1月,全部科室(汇总对比),缺失行,肛肠包（肛肠科）,1571578,整行,1.0/70.4/70.4,,75,,
1月,全部科室(汇总对比),缺失行,镊子50盘1/w9050,1571578,整行,3.0/224.4/673.2,,76,,
1月,全部科室(汇总对比),缺失行,换药碗(肛肠包配套)-1/Z2530,1572178,整行,2.0/12.8/25.6,,77,,
1月,全部科室(汇总对比),缺失行,剪刀-1/Z1029,1572178,整行,1.0/6.4/6.4,,78,,
1月,全部科室(汇总对比),缺失行,镊子-1/Z7534,1572178,整行,2.0/6.4/12.8,,79,,
1月,全部科室(汇总对比),缺失行,肛肠包（肛肠科）,1572178,整行,2.0/70.4/140.8,,80,,
1月,全部科室(汇总对比),缺失行,镊子50盘1/w9050,1572178,整行,3.0/224.4/673.2,,81,,
1月,全部科室(汇总对比),缺失行,棉球/Z3032,1572178,整行,4.0/3.2/12.8,,82,,
1月,全部科室(汇总对比),缺失行,肛门自动拉钩-1/Z2530,1572458,整行,1.0/12.8/12.8,,83,,
1月,全部科室(汇总对比),缺失行,换药碗(肛肠包配套)-1/Z2530,1572458,整行,2.0/12.8/25.6,,84,,
1月,全部科室(汇总对比),缺失行,剪刀-1/Z1029,1572458,整行,2.0/6.4/12.8,,85,,
1月,全部科室(汇总对比),缺失行,镊子-1/Z7534,1572458,整行,2.0/6.4/12.8,,86,,
1月,全部科室(汇总对比),缺失行,肛肠包（肛肠科）,1572458,整行,2.0/70.4/140.8,,87,,
1月,全部科室(汇总对比),缺失行,镊子43盒1/w9050,1572458,整行,1.0/193.6/193.6,,88,,
1月,全部科室(汇总对比),缺失行,镊子50盘1/w9050,1572458,整行,1.0/224.4/224.4,,89,,
1月,全部科室(汇总对比),缺失行,换药碗(肛肠包配套)-1/Z2530,1572859,整行,2.0/12.8/25.6,,90,,
1月,全部科室(汇总对比),缺失行,剪刀-1/Z1029,1572859,整行,4.0/6.4/25.6,,91,,
1月,全部科室(汇总对比),缺失行,镊子-1/Z7534,1572859,整行,2.0/6.4/12.8,,92,,
1月,全部科室(汇总对比),缺失行,蚊式-1/Z1026,1572859,整行,1.0/6.4/6.4,,93,,
1月,全部科室(汇总对比),缺失行,止血钳-1/Z1029,1572859,整行,2.0/6.4/12.8,,94,,
1月,全部科室(汇总对比),缺失行,肛肠包（肛肠科）,1572859,整行,2.0/70.4/140.8,,95,,
1月,全部科室(汇总对比),缺失行,镊子50盘1/w9050,1572859,整行,1.0/224.4/224.4,,96,,
1月,全部科室(汇总对比),缺失行,剪刀-1/Z1029,1573280,整行,1.0/6.4/6.4,,97,,
1月,全部科室(汇总对比),缺失行,蚊式-1/Z1026,1573280,整行,1.0/6.4/6.4,,98,,
1月,全部科室(汇总对比),缺失行,镊子50盘1/w9050,1573280,整行,1.0/224.4/224.4,,99,,
1月,全部科室(汇总对比),缺失行,换药碗(肛肠包配套)-1/Z2530,1573712,整行,3.0/12.8/38.4,,100,,
1月,全部科室(汇总对比),缺失行,剪刀-1/Z1029,1573712,整行,5.0/6.4/32.0,,101,,
1月,全部科室(汇总对比),缺失行,拉钩-1/Z7526,1573712,整行,1.0/6.4/6.4,,102,,
1月,全部科室(汇总对比),缺失行,麻杯-1/Z1520,1573712,整行,1.0/8.8/8.8,,103,,
1月,全部科室(汇总对比),缺失行,镊子-1/Z7534,1573712,整行,4.0/6.4/25.6,,104,,
1月,全部科室(汇总对比),缺失行,止血钳-1/Z1029,1573712,整行,6.0/6.4/38.4,,105,,
1月,全部科室(汇总对比),缺失行,肛肠包（肛肠科）,1573712,整行,4.0/70.4/281.6,,106,,
1月,全部科室(汇总对比),缺失行,镊子50盘1/w9050,1573712,整行,4.0/224.4/897.6,,107,,
1月,全部科室(汇总对比),缺失行,刮勺-1/Z7526,1574124,整行,1.0/6.4/6.4,,108,,
1月,全部科室(汇总对比),缺失行,换药碗(肛肠包配套)-1/Z2530,1574124,整行,2.0/12.8/25.6,,109,,
1月,全部科室(汇总对比),缺失行,镊子-1/Z7534,1574124,整行,2.0/6.4/12.8,,110,,
1月,全部科室(汇总对比),缺失行,圆刀柄-1/Z7526,1574124,整行,1.0/6.4/6.4,,111,,
1月,全部科室(汇总对比),缺失行,肛肠包（肛肠科）,1574124,整行,2.0/70.4/140.8,,112,,
1月,全部科室(汇总对比),缺失行,镊子50盘1/w9050,1574124,整行,1.0/224.4/224.4,,113,,
1月,全部科室(汇总对比),缺失行,换药碗(肛肠包配套)-1/Z2530,1574438,整行,3.0/12.8/38.4,,114,,
1月,全部科室(汇总对比),缺失行,剪刀-1/Z1029,1574438,整行,1.0/6.4/6.4,,115,,
1月,全部科室(汇总对比),缺失行,镊子-1/Z7534,1574438,整行,3.0/6.4/19.2,,116,,
1月,全部科室(汇总对比),缺失行,肛肠包（肛肠科）,1574438,整行,3.0/70.4/211.2,,117,,
1月,全部科室(汇总对比),缺失行,镊子48盘1/w9050,1574438,整行,1.0/215.6/215.6,,118,,
1月,全部科室(汇总对比),缺失行,镊子50盘1/w9050,1574438,整行,1.0/224.4/224.4,,119,,
1月,全部科室(汇总对比),缺失行,换药碗(肛肠包配套)-1/Z2530,1574829,整行,4.0/12.8/51.2,,120,,
1月,全部科室(汇总对比),缺失行,拉钩-1/Z7526,1574829,整行,2.0/6.4/12.8,,121,,
1月,全部科室(汇总对比),缺失行,镊子-1/Z7534,1574829,整行,4.0/6.4/25.6,,122,,
1月,全部科室(汇总对比),缺失行,探针-1/保/Z7530,1574829,整行,1.0/6.4/6.4,,123,,
1月,全部科室(汇总对比),缺失行,肛肠包（肛肠科）,1574829,整行,4.0/70.4/281.6,,124,,
1月,全部科室(汇总对比),缺失行,镊子50盘1/w9050,1574829,整行,1.0/224.4/224.4,,125,,
1月,全部科室(汇总对比),缺失行,剪刀-1/Z1029,1575134,整行,1.0/6.4/6.4,,126,,
1月,全部科室(汇总对比),缺失行,镊子50盘1/w9050,1575134,整行,1.0/224.4/224.4,,127,,
1月,全部科室(汇总对比),缺失行,剪刀-1/Z1029,1567938,整行,1.0/6.4/6.4,,9,,
1月,全部科室(汇总对比),缺失行,缝合包,1567938,整行,1.0/57.2/57.2,,10,,
1月,全部科室(汇总对比),缺失行,镊子16盒1/w9050,1567938,整行,1.0/74.8/74.8,,11,,
1月,全部科室(汇总对比),缺失行,剪刀-1/Z1029,1568986,整行,1.0/6.4/6.4,,12,,
1月,全部科室(汇总对比),缺失行,镊子14盘1/W9050,1568986,整行,1.0/66.0/66.0,,13,,
1月,全部科室(汇总对比),缺失行,剪刀-1/Z1029,1569852,整行,2.0/6.4/12.8,,14,,
1月,全部科室(汇总对比),缺失行,止血钳-1/Z1029,1569852,整行,3.0/6.4/19.2,,15,,
1月,全部科室(汇总对比),缺失行,缝合包,1569852,整行,1.0/57.2/57.2,,16,,
1月,全部科室(汇总对比),缺失行,镊子13盘1/W9050,1569852,整行,1.0/61.6/61.6,,17,,
1月,全部科室(汇总对比),缺失行,剪刀-1/Z1029,1571010,整行,1.0/6.4/6.4,,18,,
1月,全部科室(汇总对比),缺失行,止血钳-1/Z1029,1571010,整行,1.0/6.4/6.4,,19,,
1月,全部科室(汇总对比),缺失行,镊子24盘1/W9050,1571010,整行,1.0/110.0/110.0,,20,,
1月,全部科室(汇总对比),缺失行,剪刀-1/Z1029,1571770,整行,2.0/6.4/12.8,,21,,
1月,全部科室(汇总对比),缺失行,止血钳-1/Z1029,1571770,整行,1.0/6.4/6.4,,22,,
1月,全部科室(汇总对比),缺失行,镊子16盒1/w9050,1571770,整行,1.0/74.8/74.8,,23,,
1月,全部科室(汇总对比),缺失行,剪刀-1/Z1029,1572910,整行,1.0/6.4/6.4,,24,,
1月,全部科室(汇总对比),缺失行,止血钳-1/Z1029,1572910,整行,1.0/6.4/6.4,,25,,
1月,全部科室(汇总对比),缺失行,镊子24盘1/W9050,1572910,整行,1.0/110.0/110.0,,26,,
1月,全部科室(汇总对比),缺失行,剪刀-1/Z1029,1573713,整行,1.0/6.4/6.4,,27,,
1月,全部科室(汇总对比),缺失行,镊子15盘1/W9050,1573713,整行,1.0/70.4/70.4,,28,,
1月,全部科室(汇总对比),缺失行,剪刀-1/Z1029,1574830,整行,1.0/6.4/6.4,,29,,
1月,全部科室(汇总对比),缺失行,止血钳-1/Z1029,1574830,整行,1.0/6.4/6.4,,30,,
1月,全部科室(汇总对比),缺失行,镊子28盒1/w9050,1574830,整行,1.0/127.6/127.6,,31,,
1月,全部科室(汇总对比),缺失行,宫腔镜-2/双/z2044,1567182,整行,2.0/35.2/70.4,,9,,
1月,全部科室(汇总对比),缺失行,水管-1件(检查密封胶圈)/z3040,1567182,整行,1.0/28.0/28.0,,10,,
1月,全部科室(汇总对比),缺失行,人流包（90布）,1567939,整行,4.0/88.0/352.0,,11,,
1月,全部科室(汇总对比),缺失行,宫腔镜-2/双/z2044,1567991,整行,1.0/35.2/35.2,,12,,
1月,全部科室(汇总对比),缺失行,剪刀（EO）-1/Z2060,1567991,整行,1.0/22.4/22.4,,13,,
1月,全部科室(汇总对比),缺失行,水管-1件(检查密封胶圈)/z3040,1567991,整行,1.0/28.0/28.0,,14,,
1月,全部科室(汇总对比),缺失行,镜头-3件(盒1)/w9050,1567991,整行,1.0/52.8/52.8,,15,,
1月,全部科室(汇总对比),缺失行,镜头-3件(盒1)/Z2060,1567991,整行,1.0/52.8/52.8,,16,,
1月,全部科室(汇总对比),缺失行,人流包（90布）,1568238,整行,3.0/88.0/264.0,,17,,
1月,全部科室(汇总对比),缺失行,通水包,1568238,整行,3.0/26.4/79.2,,18,,
1月,全部科室(汇总对比),缺失行,宫腔镜-2/双/z2044,1568327,整行,3.0/35.2/105.6,,19,,
1月,全部科室(汇总对比),缺失行,水管-1件(检查密封胶圈)/z3040,1568327,整行,1.0/28.0/28.0,,20,,
1月,全部科室(汇总对比),缺失行,人流包（90布）,1568613,整行,3.0/88.0/264.0,,21,,
1月,全部科室(汇总对比),缺失行,宫腔镜-2/双/z2044,1568684,整行,3.0/35.2/105.6,,22,,
1月,全部科室(汇总对比),缺失行,水管-1件(检查密封胶圈)/z3040,1568684,整行,1.0/28.0/28.0,,23,,
1月,全部科室(汇总对比),缺失行,抓钳-1/z2060,1568684,整行,1.0/22.4/22.4,,24,,
1月,全部科室(汇总对比),缺失行,镜头-3件(盒1)/w9050,1568684,整行,1.0/52.8/52.8,,25,,
1月,全部科室(汇总对比),缺失行,剪刀-1/Z1029,1568987,整行,1.0/6.4/6.4,,26,,
1月,全部科室(汇总对比),缺失行,人流包（90布）,1568987,整行,8.0/88.0/704.0,,27,,
1月,全部科室(汇总对比),缺失行,通水包,1568987,整行,1.0/26.4/26.4,,28,,
1月,全部科室(汇总对比),缺失行,宫腔镜-2/双/z2044,1569072,整行,5.0/35.2/176.0,,29,,
1月,全部科室(汇总对比),缺失行,水管-1件(检查密封胶圈)/z3040,1569072,整行,1.0/28.0/28.0,,30,,
1月,全部科室(汇总对比),缺失行,镜头-3件(盒1)/w9050,1569072,整行,1.0/52.8/52.8,,31,,
1月,全部科室(汇总对比),缺失行,镜头-3件(盒1)/Z2060,1569072,整行,1.0/52.8/52.8,,32,,
1月,全部科室(汇总对比),缺失行,人流包（90布）,1569347,整行,6.0/88.0/528.0,,33,,
1月,全部科室(汇总对比),缺失行,宫腔镜-2/双/z2044,1569414,整行,6.0/35.2/211.2,,34,,
1月,全部科室(汇总对比),缺失行,水管-1件(检查密封胶圈)/z3040,1569414,整行,1.0/28.0/28.0,,35,,
1月,全部科室(汇总对比),缺失行,镜头-3件(盒1)/Z2060,1569414,整行,1.0/52.8/52.8,,36,,
1月,全部科室(汇总对比),缺失行,人流包（90布）,1569853,整行,5.0/88.0/440.0,,37,,
1月,全部科室(汇总对比),缺失行,宫腔镜-2/双/z2044,1569946,整行,5.0/35.2/176.0,,38,,
1月,全部科室(汇总对比),缺失行,水管-1件(检查密封胶圈)/z3040,1569946,整行,1.0/28.0/28.0,,39,,
1月,全部科室(汇总对比),缺失行,卵圆钳-1/Z1535,1570256,整行,1.0/8.8/8.8,,40,,
1月,全部科室(汇总对比),缺失行,人流包（90布）,1570256,整行,3.0/88.0/264.0,,41,,
1月,全部科室(汇总对比),缺失行,宫腔镜-2/双/z2044,1570302,整行,3.0/35.2/105.6,,42,,
1月,全部科室(汇总对比),缺失行,水管-1件(检查密封胶圈)/z3040,1570302,整行,1.0/28.0/28.0,,43,,
1月,全部科室(汇总对比),缺失行,人流包（90布）,1570553,整行,2.0/88.0/176.0,,44,,
1月,全部科室(汇总对比),缺失行,宫腔镜-2/双/z2044,1570680,整行,2.0/35.2/70.4,,45,,
1月,全部科室(汇总对比),缺失行,水管-1件(检查密封胶圈)/z3040,1570680,整行,1.0/28.0/28.0,,46,,
1月,全部科室(汇总对比),缺失行,人流包（90布）,1570961,整行,3.0/88.0/264.0,,47,,
1月,全部科室(汇总对比),缺失行,宫腔镜-2/双/z2044,1571038,整行,3.0/35.2/105.6,,48,,
1月,全部科室(汇总对比),缺失行,水管-1件(检查密封胶圈)/z3040,1571038,整行,1.0/28.0/28.0,,49,,
1月,全部科室(汇总对比),缺失行,人流包（90布）,1571287,整行,7.0/88.0/616.0,,50,,
1月,全部科室(汇总对比),缺失行,通水包,1571287,整行,1.0/26.4/26.4,,51,,
1月,全部科室(汇总对比),缺失行,宫腔镜-2/双/z2044,1571358,整行,6.0/35.2/211.2,,52,,
1月,全部科室(汇总对比),缺失行,水管-1件(检查密封胶圈)/z3040,1571358,整行,1.0/28.0/28.0,,53,,
1月,全部科室(汇总对比),缺失行,镜头-3件(盒1)/w9050,1571358,整行,1.0/52.8/52.8,,54,,
1月,全部科室(汇总对比),缺失行,人流包（90布）,1571771,整行,4.0/88.0/352.0,,55,,
1月,全部科室(汇总对比),缺失行,宫腔镜-2/双/z2044,1571858,整行,3.0/35.2/105.6,,56,,
1月,全部科室(汇总对比),缺失行,水管-1件(检查密封胶圈)/z3040,1571858,整行,1.0/28.0/28.0,,57,,
1月,全部科室(汇总对比),缺失行,镜头-3件(盒1)/w9050,1571858,整行,1.0/52.8/52.8,,58,,
1月,全部科室(汇总对比),缺失行,人流包（90布）,1572459,整行,7.0/88.0/616.0,,59,,
1月,全部科室(汇总对比),缺失行,宫腔镜-2/双/z2044,1572538,整行,6.0/35.2/211.2,,60,,
1月,全部科室(汇总对比),缺失行,水管-1件(检查密封胶圈)/z3040,1572538,整行,2.0/28.0/56.0,,61,,
1月,全部科室(汇总对比),缺失行,镜头-3件(盒1)/w9050,1572538,整行,1.0/52.8/52.8,,62,,
1月,全部科室(汇总对比),缺失行,人流包（90布）,1572851,整行,6.0/88.0/528.0,,63,,
1月,全部科室(汇总对比),缺失行,宫腔镜-2/双/z2044,1572986,整行,6.0/35.2/211.2,,64,,
1月,全部科室(汇总对比),缺失行,水管-1件(检查密封胶圈)/z3040,1572986,整行,1.0/28.0/28.0,,65,,
1月,全部科室(汇总对比),缺失行,人流包（90布）,1573281,整行,8.0/88.0/704.0,,66,,
1月,全部科室(汇总对比),缺失行,通水包,1573281,整行,1.0/26.4/26.4,,67,,
1月,全部科室(汇总对比),缺失行,宫腔镜-2/双/z2044,1573308,整行,6.0/35.2/211.2,,68,,
1月,全部科室(汇总对比),缺失行,水管-1件(检查密封胶圈)/z3040,1573308,整行,1.0/28.0/28.0,,69,,
1月,全部科室(汇总对比),缺失行,人流包（90布）,1573698,整行,9.0/88.0/792.0,,70,,
1月,全部科室(汇总对比),缺失行,宫腔镜-2/双/z2044,1573833,整行,5.0/35.2/176.0,,71,,
1月,全部科室(汇总对比),缺失行,水管-1件(检查密封胶圈)/z3040,1573833,整行,1.0/28.0/28.0,,72,,
1月,全部科室(汇总对比),缺失行,镜头-3件(盒1)/w9050,1573833,整行,2.0/52.8/105.6,,73,,
1月,全部科室(汇总对比),缺失行,镜头-3件(盒1)/Z2060,1573833,整行,2.0/52.8/105.6,,74,,
1月,全部科室(汇总对比),缺失行,人流包（90布）,1574125,整行,1.0/88.0/88.0,,75,,
1月,全部科室(汇总对比),缺失行,通水包,1574125,整行,1.0/26.4/26.4,,76,,
1月,全部科室(汇总对比),缺失行,宫腔镜-2/双/z2044,1574171,整行,1.0/35.2/35.2,,77,,
1月,全部科室(汇总对比),缺失行,水管-1件(检查密封胶圈)/z3040,1574171,整行,1.0/28.0/28.0,,78,,
1月,全部科室(汇总对比),缺失行,人流包（90布）,1574439,整行,4.0/88.0/352.0,,79,,
1月,全部科室(汇总对比),缺失行,宫腔镜-2/双/z2044,1574502,整行,4.0/35.2/140.8,,80,,
1月,全部科室(汇总对比),缺失行,水管-1件(检查密封胶圈)/z3040,1574502,整行,1.0/28.0/28.0,,81,,
1月,全部科室(汇总对比),缺失行,人流包（90布）,1574831,整行,4.0/88.0/352.0,,82,,
1月,全部科室(汇总对比),缺失行,宫腔镜-2/双/z2044,1574880,整行,4.0/35.2/140.8,,83,,
1月,全部科室(汇总对比),缺失行,水管-1件(检查密封胶圈)/z3040,1574880,整行,1.0/28.0/28.0,,84,,
1月,全部科室(汇总对比),缺失行,止血钳-1/Z1029,1575135,整行,1.0/6.4/6.4,,85,,
1月,全部科室(汇总对比),缺失行,人流包（90布）,1575135,整行,6.0/88.0/528.0,,86,,
1月,全部科室(汇总对比),缺失行,宫腔镜-2/双/z2044,1575231,整行,6.0/35.2/211.2,,87,,
1月,全部科室(汇总对比),缺失行,水管-1件(检查密封胶圈)/z3040,1575231,整行,1.0/28.0/28.0,,88,,
1月,全部科室(汇总对比),缺失行,拆线包-3件/Z1526,1570257,整行,1.0/13.2/13.2,,9,,
1月,全部科室(汇总对比),缺失行,剪刀1 钩镊1/Z1026,1570257,整行,1.0/10.8/10.8,,10,,
1月,全部科室(汇总对比),缺失行,开口器-1/Z1026,1570257,整行,1.0/6.4/6.4,,11,,
1月,全部科室(汇总对比),缺失行,舌钳子-1/Z1526,1570257,整行,1.0/8.8/8.8,,12,,
1月,全部科室(汇总对比),缺失行,孟宪宇器械-14件（盒1）/w7050,1574126,整行,1.0/66.0/66.0,,13,,
1月,全部科室(汇总对比),缺失行,孟宪宇器械-8件（盒1）/w7050,1574126,整行,1.0/39.6/39.6,,14,,
1月,全部科室(汇总对比),缺失行,钩镊1 剪刀1/Z1029,1568614,整行,1.0/10.8/10.8,,9,,
1月,全部科室(汇总对比),缺失行,剪刀-1/Z1029,1568614,整行,2.0/6.4/12.8,,10,,
1月,全部科室(汇总对比),缺失行,止血钳-1/Z1029,1568614,整行,1.0/6.4/6.4,,11,,
1月,全部科室(汇总对比),缺失行,试管架-1/w6050,1568614,整行,1.0/13.2/13.2,,12,,
1月,全部科室(汇总对比),缺失行,持针器-1/Z1029,1569854,整行,2.0/6.4/12.8,,13,,
1月,全部科室(汇总对比),缺失行,刀柄-1/Z7520,1569854,整行,1.0/6.4/6.4,,14,,
1月,全部科室(汇总对比),缺失行,钩镊1 剪刀1/Z1029,1569854,整行,1.0/10.8/10.8,,15,,
1月,全部科室(汇总对比),缺失行,钩镊-1/z7526,1569854,整行,1.0/6.4/6.4,,16,,
1月,全部科室(汇总对比),缺失行,剪刀-1/Z1029,1569854,整行,2.0/6.4/12.8,,17,,
1月,全部科室(汇总对比),缺失行,开口器-1/Z1026,1569854,整行,1.0/6.4/6.4,,18,,
1月,全部科室(汇总对比),缺失行,镊子-1/Z7534,1569854,整行,1.0/6.4/6.4,,19,,
1月,全部科室(汇总对比),缺失行,舌钳子-1/Z1526,1569854,整行,1.0/8.8/8.8,,20,,
1月,全部科室(汇总对比),缺失行,止血钳-1/Z1029,1569854,整行,4.0/6.4/25.6,,21,,
1月,全部科室(汇总对比),缺失行,试管架-1/w6050,1569854,整行,1.0/13.2/13.2,,22,,
1月,全部科室(汇总对比),缺失行,钩镊1 剪刀1/Z1029,1572460,整行,2.0/10.8/21.6,,23,,
1月,全部科室(汇总对比),缺失行,试管架-1/w6050,1572460,整行,1.0/13.2/13.2,,24,,
1月,全部科室(汇总对比),缺失行,钩镊1 剪刀1/Z1029,1573699,整行,2.0/10.8/21.6,,25,,
1月,全部科室(汇总对比),缺失行,试管架-1/w6050,1573699,整行,1.0/13.2/13.2,,26,,
1月,全部科室(汇总对比),缺失行,剪刀1 钩镊1/Z1026,1568248,整行,1.0/10.8/10.8,,9,,
1月,全部科室(汇总对比),缺失行,剪刀-1/Z1029,1568248,整行,1.0/6.4/6.4,,10,,
1月,全部科室(汇总对比),缺失行,开口器1舌钳子1压舌板1/Z1526,1568248,整行,1.0/13.2/13.2,,11,,
1月,全部科室(汇总对比),缺失行,骨锤1骨针3/w6050,1568248,整行,1.0/17.6/17.6,,12,,
1月,全部科室(汇总对比),缺失行,舌钳子-1/Z1526,1567940,整行,1.0/8.8/8.8,,9,,
1月,全部科室(汇总对比),缺失行,缝合包,1567941,整行,1.0/30.8/30.8,,9,,
1月,全部科室(汇总对比),缺失行,气管切开包,1567941,整行,1.0/96.8/96.8,,10,,
1月,全部科室(汇总对比),缺失行,切开包,1567941,整行,1.0/61.6/61.6,,11,,
1月,全部科室(汇总对比),缺失行,拆线包（钩镊，小剪刀）-2/Z1026,1567941,整行,5.0/10.8/54.0,,12,,
1月,全部科室(汇总对比),缺失行,止血钳-1/Z1029,1567941,整行,1.0/6.4/6.4,,13,,
1月,全部科室(汇总对比),缺失行,缝合包,1570554,整行,1.0/30.8/30.8,,14,,
1月,全部科室(汇总对比),缺失行,拆线包（钩镊，小剪刀）-2/Z1026,1570554,整行,3.0/10.8/32.4,,15,,
1月,全部科室(汇总对比),缺失行,缝合包,1571772,整行,1.0/30.8/30.8,,16,,
1月,全部科室(汇总对比),缺失行,拆线包（钩镊，小剪刀）-2/Z1026,1571772,整行,1.0/10.8/10.8,,17,,
1月,全部科室(汇总对比),缺失行,镊子-1/Z7534,1571772,整行,1.0/6.4/6.4,,18,,
1月,全部科室(汇总对比),缺失行,简易呼吸器-1/z3044,1571859,整行,1.0/28.0/28.0,,19,,
1月,全部科室(汇总对比),缺失行,缝合包,1575136,整行,1.0/30.8/30.8,,20,,
1月,全部科室(汇总对比),缺失行,切开包,1575136,整行,2.0/61.6/123.2,,21,,
1月,全部科室(汇总对比),缺失行,拆线包（钩镊，小剪刀）-2/Z1026,1575136,整行,3.0/10.8/32.4,,22,,
1月,全部科室(汇总对比),缺失行,剪刀-1/Z1029,1568239,整行,1.0/6.4/6.4,,9,,
1月,全部科室(汇总对比),缺失行,取环包,1568239,整行,12.0/17.6/211.2,,10,,
1月,全部科室(汇总对比),缺失行,人流包,1568239,整行,1.0/52.8/52.8,,11,,
1月,全部科室(汇总对比),缺失行,镊子缸-2/w6050,1568239,整行,1.0/13.2/13.2,,12,,
1月,全部科室(汇总对比),缺失行,扩棒-1/Z7530,1568988,整行,1.0/6.4/6.4,,13,,
1月,全部科室(汇总对比),缺失行,探针-1/保/Z7530,1568988,整行,1.0/6.4/6.4,,14,,
1月,全部科室(汇总对比),缺失行,取环包,1568988,整行,10.0/17.6/176.0,,15,,
1月,全部科室(汇总对比),缺失行,人流包,1568988,整行,1.0/52.8/52.8,,16,,
1月,全部科室(汇总对比),缺失行,取环包,1570258,整行,13.0/17.6/228.8,,17,,
1月,全部科室(汇总对比),缺失行,人流包,1570258,整行,2.0/52.8/105.6,,18,,
1月,全部科室(汇总对比),缺失行,镊子缸-2/w6050,1570258,整行,1.0/13.2/13.2,,19,,
1月,全部科室(汇总对比),缺失行,扩棒-1/Z7530,1570965,整行,2.0/6.4/12.8,,20,,
1月,全部科室(汇总对比),缺失行,取环包,1570965,整行,8.0/17.6/140.8,,21,,
1月,全部科室(汇总对比),缺失行,人流包,1570965,整行,1.0/52.8/52.8,,22,,
1月,全部科室(汇总对比),缺失行,剪刀-1/Z1029,1572179,整行,1.0/6.4/6.4,,23,,
1月,全部科室(汇总对比),缺失行,取环包,1572179,整行,7.0/17.6/123.2,,24,,
1月,全部科室(汇总对比),缺失行,人流包,1572179,整行,1.0/52.8/52.8,,25,,
1月,全部科室(汇总对比),缺失行,镊子缸-2/w6050,1572179,整行,1.0/13.2/13.2,,26,,
1月,全部科室(汇总对比),缺失行,取环包,1574127,整行,6.0/17.6/105.6,,27,,
1月,全部科室(汇总对比),缺失行,人流包,1574127,整行,3.0/52.8/158.4,,28,,
1月,全部科室(汇总对比),缺失行,镊子缸-2/w6050,1574127,整行,1.0/13.2/13.2,,29,,
1月,全部科室(汇总对比),缺失行,取环包,1574832,整行,4.0/17.6/70.4,,30,,
1月,全部科室(汇总对比),缺失行,人流包,1574832,整行,1.0/52.8/52.8,,31,,
1月,全部科室(汇总对比),缺失行,剪刀-1/Z1029,1569855,整行,4.0/6.4/25.6,,9,,
1月,全部科室(汇总对比),缺失行,止血钳直-1/Z1029,1569855,整行,2.0/6.4/12.8,,10,,
1月,全部科室(汇总对比),缺失行,静脉包,1569855,整行,1.0/105.6/105.6,,11,,
1月,全部科室(汇总对比),缺失行,静脉包,1570555,整行,1.0/105.6/105.6,,12,,
1月,全部科室(汇总对比),缺失行,剪刀-1/Z1029,1573700,整行,8.0/6.4/51.2,,13,,
1月,全部科室(汇总对比),缺失行,剪刀-1/Z1029,1574440,整行,1.0/6.4/6.4,,14,,
1月,全部科室(汇总对比),缺失行,针具-1/z7530,1574440,整行,4.0/6.4/25.6,,15,,
1月,全部科室(汇总对比),缺失行,毛巾/z3032,1568989,整行,11.0/3.2/35.2,,9,,
1月,全部科室(汇总对比),缺失行,毛巾/z3032,1570962,整行,9.0/3.2/28.8,,10,,
1月,全部科室(汇总对比),缺失行,毛巾/z3032,1572852,整行,10.0/3.2/32.0,,11,,
1月,全部科室(汇总对比),缺失行,毛巾/z3032,1574725,整行,9.0/3.2/28.8,,12,,
1月,全部科室(汇总对比),缺失行,拔牙钳-1/Z1029,1567483,整行,3.0/6.4/19.2,,9,,
1月,全部科室(汇总对比),缺失行,拔牙挺-1/Z7526,1567483,整行,2.0/6.4/12.8,,10,,
1月,全部科室(汇总对比),缺失行,充填器-1/Z7530,1567483,整行,1.0/6.4/6.4,,11,,
1月,全部科室(汇总对比),缺失行,洁牙机-1/z7526,1567483,整行,1.0/6.4/6.4,,12,,
1月,全部科室(汇总对比),缺失行,口镜-1/Z7530,1567483,整行,1.0/6.4/6.4,,13,,
1月,全部科室(汇总对比),缺失行,手机-1/Z7526,1567483,整行,7.0/6.4/44.8,,14,,
1月,全部科室(汇总对比),缺失行,剔挖器-1/Z7526,1567483,整行,1.0/6.4/6.4,,15,,
1月,全部科室(汇总对比),缺失行,挖匙-1/Z7530,1567483,整行,3.0/6.4/19.2,,16,,
1月,全部科室(汇总对比),缺失行,牙周探针-1/Z7530,1567483,整行,2.0/6.4/12.8,,17,,
1月,全部科室(汇总对比),缺失行,注射器-1/Z1029,1567483,整行,1.0/6.4/6.4,,18,,
1月,全部科室(汇总对比),缺失行,拔牙钳-1/Z1029,1567942,整行,1.0/6.4/6.4,,19,,
1月,全部科室(汇总对比),缺失行,车针盒-1/Z1526,1567942,整行,1.0/8.8/8.8,,20,,
1月,全部科室(汇总对比),缺失行,手机-1/Z7526,1567942,整行,4.0/6.4/25.6,,21,,
1月,全部科室(汇总对比),缺失行,车针盒-1/Z1526,1568240,整行,3.0/8.8/26.4,,22,,
1月,全部科室(汇总对比),缺失行,充填器-1/Z7530,1568240,整行,2.0/6.4/12.8,,23,,
1月,全部科室(汇总对比),缺失行,光敏刀-1/Z7530,1568240,整行,2.0/6.4/12.8,,24,,
1月,全部科室(汇总对比),缺失行,洁牙机-1/z7526,1568240,整行,1.0/6.4/6.4,,25,,
1月,全部科室(汇总对比),缺失行,手机-1/Z7526,1568240,整行,12.0/6.4/76.8,,26,,
1月,全部科室(汇总对比),缺失行,挖匙-1/Z7530,1568240,整行,1.0/6.4/6.4,,27,,
1月,全部科室(汇总对比),缺失行,牙周治疗盒-1/Z2032,1568240,整行,2.0/10.4/20.8,,28,,
1月,全部科室(汇总对比),缺失行,拔牙钳-1/Z1029,1568990,整行,2.0/6.4/12.8,,29,,
1月,全部科室(汇总对比),缺失行,碧兰麻注射器-1/Z1029,1568990,整行,1.0/6.4/6.4,,30,,
1月,全部科室(汇总对比),缺失行,充填器-1/Z7530,1568990,整行,2.0/6.4/12.8,,31,,
1月,全部科室(汇总对比),缺失行,洁牙机-1/z7526,1568990,整行,1.0/6.4/6.4,,32,,
1月,全部科室(汇总对比),缺失行,去冠器-1/Z7534,1568990,整行,1.0/6.4/6.4,,33,,
1月,全部科室(汇总对比),缺失行,手机-1/Z7526,1568990,整行,7.0/6.4/44.8,,34,,
1月,全部科室(汇总对比),缺失行,挖匙-1/Z7530,1568990,整行,2.0/6.4/12.8,,35,,
1月,全部科室(汇总对比),缺失行,拔牙钳-1/Z1029,1569348,整行,2.0/6.4/12.8,,36,,
1月,全部科室(汇总对比),缺失行,车针盒-1/Z1526,1569348,整行,1.0/8.8/8.8,,37,,
1月,全部科室(汇总对比),缺失行,充填器-1/Z7530,1569348,整行,2.0/6.4/12.8,,38,,
1月,全部科室(汇总对比),缺失行,洁牙机-1/z7526,1569348,整行,1.0/6.4/6.4,,39,,
1月,全部科室(汇总对比),缺失行,洁牙机钥匙-1/Z1020,1569348,整行,1.0/6.4/6.4,,40,,
1月,全部科室(汇总对比),缺失行,手机-1/Z7526,1569348,整行,5.0/6.4/32.0,,41,,
1月,全部科室(汇总对比),缺失行,车针盒-1/Z1526,1569856,整行,1.0/8.8/8.8,,42,,
1月,全部科室(汇总对比),缺失行,剪刀-1/Z1029,1569856,整行,1.0/6.4/6.4,,43,,
1月,全部科室(汇总对比),缺失行,手机-1/Z7526,1569856,整行,7.0/6.4/44.8,,44,,
1月,全部科室(汇总对比),缺失行,牙周治疗盒-1/Z2032,1569856,整行,1.0/10.4/10.4,,45,,
1月,全部科室(汇总对比),缺失行,车针盒-1/Z1526,1570259,整行,3.0/8.8/26.4,,46,,
1月,全部科室(汇总对比),缺失行,充填器-1/Z7530,1570259,整行,1.0/6.4/6.4,,47,,
1月,全部科室(汇总对比),缺失行,手机-1/Z7526,1570259,整行,9.0/6.4/57.6,,48,,
1月,全部科室(汇总对比),缺失行,挖匙-1/Z7530,1570259,整行,1.0/6.4/6.4,,49,,
1月,全部科室(汇总对比),缺失行,牙周治疗盒-1/Z2032,1570259,整行,1.0/10.4/10.4,,50,,
1月,全部科室(汇总对比),缺失行,拔牙钳-1/Z1029,1571011,整行,1.0/6.4/6.4,,51,,
1月,全部科室(汇总对比),缺失行,车针盒-1/Z1526,1571011,整行,2.0/8.8/17.6,,52,,
1月,全部科室(汇总对比),缺失行,充填器-1/Z7530,1571011,整行,5.0/6.4/32.0,,53,,
1月,全部科室(汇总对比),缺失行,垂直加压器-1/保Z7526,1571011,整行,1.0/6.4/6.4,,54,,
1月,全部科室(汇总对比),缺失行,洁牙机-1/z7526,1571011,整行,1.0/6.4/6.4,,55,,
1月,全部科室(汇总对比),缺失行,手机-1/Z7526,1571011,整行,13.0/6.4/83.2,,56,,
1月,全部科室(汇总对比),缺失行,挖匙-1/Z7530,1571011,整行,4.0/6.4/25.6,,57,,
1月,全部科室(汇总对比),缺失行,钥匙-1/Z1020,1571011,整行,1.0/6.4/6.4,,58,,
1月,全部科室(汇总对比),缺失行,拔牙钳-1/Z1029,1571288,整行,1.0/6.4/6.4,,59,,
1月,全部科室(汇总对比),缺失行,拔牙挺-1/Z7526,1571288,整行,1.0/6.4/6.4,,60,,
1月,全部科室(汇总对比),缺失行,碧兰麻注射器-1/Z1029,1571288,整行,2.0/6.4/12.8,,61,,
1月,全部科室(汇总对比),缺失行,车针盒-1/Z1526,1571288,整行,1.0/8.8/8.8,,62,,
1月,全部科室(汇总对比),缺失行,充填器-1/Z7530,1571288,整行,3.0/6.4/19.2,,63,,
1月,全部科室(汇总对比),缺失行,光敏刀-1/Z7530,1571288,整行,1.0/6.4/6.4,,64,,
1月,全部科室(汇总对比),缺失行,去冠器-1/Z7534,1571288,整行,1.0/6.4/6.4,,65,,
1月,全部科室(汇总对比),缺失行,手机-1/Z7526,1571288,整行,10.0/6.4/64.0,,66,,
1月,全部科室(汇总对比),缺失行,挖匙-1/Z7530,1571288,整行,1.0/6.4/6.4,,67,,
1月,全部科室(汇总对比),缺失行,牙周治疗盒-1/Z2032,1571288,整行,1.0/10.4/10.4,,68,,
1月,全部科室(汇总对比),缺失行,拔牙钳-1/Z1029,1571780,整行,1.0/6.4/6.4,,69,,
1月,全部科室(汇总对比),缺失行,碧兰麻注射器-1/Z1029,1571780,整行,1.0/6.4/6.4,,70,,
1月,全部科室(汇总对比),缺失行,车针盒-1/Z1526,1571780,整行,3.0/8.8/26.4,,71,,
1月,全部科室(汇总对比),缺失行,持针器-1/Z1029,1571780,整行,1.0/6.4/6.4,,72,,
1月,全部科室(汇总对比),缺失行,充填器-1/Z7530,1571780,整行,4.0/6.4/25.6,,73,,
1月,全部科室(汇总对比),缺失行,调刀-1/Z7530,1571780,整行,1.0/6.4/6.4,,74,,
1月,全部科室(汇总对比),缺失行,剪刀-1/Z1029,1571780,整行,1.0/6.4/6.4,,75,,
1月,全部科室(汇总对比),缺失行,洁牙机-1/z7526,1571780,整行,1.0/6.4/6.4,,76,,
1月,全部科室(汇总对比),缺失行,手机-1/Z7526,1571780,整行,18.0/6.4/115.2,,77,,
1月,全部科室(汇总对比),缺失行,挖匙-1/Z7530,1571780,整行,5.0/6.4/32.0,,78,,
1月,全部科室(汇总对比),缺失行,牙周治疗盒-1/Z2032,1571780,整行,2.0/10.4/20.8,,79,,
1月,全部科室(汇总对比),缺失行,拔牙钳-1/Z1029,1572180,整行,1.0/6.4/6.4,,80,,
1月,全部科室(汇总对比),缺失行,车针盒-1/Z1526,1572180,整行,1.0/8.8/8.8,,81,,
1月,全部科室(汇总对比),缺失行,充填器-1/Z7530,1572180,整行,1.0/6.4/6.4,,82,,
1月,全部科室(汇总对比),缺失行,手机-1/Z7526,1572180,整行,8.0/6.4/51.2,,83,,
1月,全部科室(汇总对比),缺失行,碧兰麻注射器-1/Z1029,1572911,整行,1.0/6.4/6.4,,84,,
1月,全部科室(汇总对比),缺失行,车针盒-1/Z1526,1572911,整行,2.0/8.8/17.6,,85,,
1月,全部科室(汇总对比),缺失行,充填器-1/Z7530,1572911,整行,3.0/6.4/19.2,,86,,
1月,全部科室(汇总对比),缺失行,剪刀-1/Z1029,1572911,整行,1.0/6.4/6.4,,87,,
1月,全部科室(汇总对比),缺失行,手机-1/Z7526,1572911,整行,11.0/6.4/70.4,,88,,
1月,全部科室(汇总对比),缺失行,挖匙-1/Z7530,1572911,整行,1.0/6.4/6.4,,89,,
1月,全部科室(汇总对比),缺失行,车针盒-1/Z1526,1573282,整行,2.0/8.8/17.6,,90,,
1月,全部科室(汇总对比),缺失行,刀柄-1/Z7530,1573282,整行,1.0/6.4/6.4,,91,,
1月,全部科室(汇总对比),缺失行,去冠器-1/Z7534,1573282,整行,1.0/6.4/6.4,,92,,
1月,全部科室(汇总对比),缺失行,手机-1/Z7526,1573282,整行,11.0/6.4/70.4,,93,,
1月,全部科室(汇总对比),缺失行,挖匙-1/Z7530,1573282,整行,1.0/6.4/6.4,,94,,
1月,全部科室(汇总对比),缺失行,牙周治疗盒-1/Z2032,1573282,整行,1.0/10.4/10.4,,95,,
1月,全部科室(汇总对比),缺失行,拔牙钳-1/Z1029,1573714,整行,5.0/6.4/32.0,,96,,
1月,全部科室(汇总对比),缺失行,拔牙挺-1/Z7526,1573714,整行,3.0/6.4/19.2,,97,,
1月,全部科室(汇总对比),缺失行,碧兰麻注射器-1/Z1029,1573714,整行,1.0/6.4/6.4,,98,,
1月,全部科室(汇总对比),缺失行,车针盒-1/Z1526,1573714,整行,1.0/8.8/8.8,,99,,
1月,全部科室(汇总对比),缺失行,成型夹-1/Z7520,1573714,整行,1.0/6.4/6.4,,100,,
1月,全部科室(汇总对比),缺失行,充填器-1/Z7530,1573714,整行,4.0/6.4/25.6,,101,,
1月,全部科室(汇总对比),缺失行,垂直加压器-1/保Z7526,1573714,整行,2.0/6.4/12.8,,102,,
1月,全部科室(汇总对比),缺失行,刮治器-1/Z7534,1573714,整行,1.0/6.4/6.4,,103,,
1月,全部科室(汇总对比),缺失行,剪刀-1/Z1029,1573714,整行,1.0/6.4/6.4,,104,,
1月,全部科室(汇总对比),缺失行,洁牙机-1/z7526,1573714,整行,1.0/6.4/6.4,,105,,
1月,全部科室(汇总对比),缺失行,口镜-1/Z7530,1573714,整行,1.0/6.4/6.4,,106,,
1月,全部科室(汇总对比),缺失行,手机-1/Z7526,1573714,整行,17.0/6.4/108.8,,107,,
1月,全部科室(汇总对比),缺失行,挖匙-1/Z7530,1573714,整行,3.0/6.4/19.2,,108,,
1月,全部科室(汇总对比),缺失行,钥匙-1/Z1020,1573714,整行,1.0/6.4/6.4,,109,,
1月,全部科室(汇总对比),缺失行,T字挺-1/Z1526,1574128,整行,1.0/8.8/8.8,,110,,
1月,全部科室(汇总对比),缺失行,拔牙挺-1/Z7526,1574128,整行,1.0/6.4/6.4,,111,,
1月,全部科室(汇总对比),缺失行,车针盒-1/Z1526,1574128,整行,2.0/8.8/17.6,,112,,
1月,全部科室(汇总对比),缺失行,充填器-1/Z7530,1574128,整行,1.0/6.4/6.4,,113,,
1月,全部科室(汇总对比),缺失行,挫骨刀-1/Z7526,1574128,整行,1.0/6.4/6.4,,114,,
1月,全部科室(汇总对比),缺失行,手机-1/Z7526,1574128,整行,4.0/6.4/25.6,,115,,
1月,全部科室(汇总对比),缺失行,挖匙-1/Z7530,1574128,整行,1.0/6.4/6.4,,116,,
1月,全部科室(汇总对比),缺失行,车针盒-1/Z1526,1574441,整行,1.0/8.8/8.8,,117,,
1月,全部科室(汇总对比),缺失行,剪刀-1/Z1029,1574441,整行,3.0/6.4/19.2,,118,,
1月,全部科室(汇总对比),缺失行,手机-1/Z7526,1574441,整行,4.0/6.4/25.6,,119,,
1月,全部科室(汇总对比),缺失行,拔牙挺-1/Z7526,1574833,整行,1.0/6.4/6.4,,120,,
1月,全部科室(汇总对比),缺失行,碧兰麻注射器-1/Z1029,1574833,整行,1.0/6.4/6.4,,121,,
1月,全部科室(汇总对比),缺失行,车针盒-1/Z1526,1574833,整行,2.0/8.8/17.6,,122,,
1月,全部科室(汇总对比),缺失行,成型夹-1/Z7520,1574833,整行,2.0/6.4/12.8,,123,,
1月,全部科室(汇总对比),缺失行,充填器-1/Z7530,1574833,整行,7.0/6.4/44.8,,124,,
1月,全部科室(汇总对比),缺失行,刮治器-1/Z7534,1574833,整行,1.0/6.4/6.4,,125,,
1月,全部科室(汇总对比),缺失行,手机-1/Z7526,1574833,整行,12.0/6.4/76.8,,126,,
1月,全部科室(汇总对比),缺失行,挖匙-1/Z7530,1574833,整行,4.0/6.4/25.6,,127,,
1月,全部科室(汇总对比),缺失行,牙周治疗盒-1/Z2032,1574833,整行,1.0/10.4/10.4,,128,,
1月,全部科室(汇总对比),缺失行,拔牙钳-1/Z1029,1575140,整行,1.0/6.4/6.4,,129,,
1月,全部科室(汇总对比),缺失行,拔牙挺-1/Z7526,1575140,整行,2.0/6.4/12.8,,130,,
1月,全部科室(汇总对比),缺失行,碧兰麻注射器-1/Z1029,1575140,整行,2.0/6.4/12.8,,131,,
1月,全部科室(汇总对比),缺失行,车针盒-1/Z1526,1575140,整行,1.0/8.8/8.8,,132,,
1月,全部科室(汇总对比),缺失行,洁牙机-1/z7526,1575140,整行,1.0/6.4/6.4,,133,,
1月,全部科室(汇总对比),缺失行,手机-1/Z7526,1575140,整行,7.0/6.4/44.8,,134,,
1月,全部科室(汇总对比),缺失行,挖匙-1/Z7530,1575140,整行,1.0/6.4/6.4,,135,,
1月,全部科室(汇总对比),缺失行,牙周治疗盒-1/Z2032,1575140,整行,1.0/10.4/10.4,,136,,
1月,全部科室(汇总对比),缺失行,小切开包,1567570,整行,2.0/66.0/132.0,,9,,
1月,全部科室(汇总对比),缺失行,中切开包,1567943,整行,1.0/70.4/70.4,,10,,
1月,全部科室(汇总对比),缺失行,拉钩-1/Z7526,1569857,整行,1.0/6.4/6.4,,11,,
1月,全部科室(汇总对比),缺失行,小切开包,1569857,整行,3.0/66.0/198.0,,12,,
1月,全部科室(汇总对比),缺失行,小切开包,1570260,整行,2.0/66.0/132.0,,13,,
1月,全部科室(汇总对比),缺失行,小切开包,1571773,整行,2.0/66.0/132.0,,14,,
1月,全部科室(汇总对比),缺失行,小切开包,1572181,整行,1.0/66.0/66.0,,15,,
1月,全部科室(汇总对比),缺失行,小切开包,1572461,整行,3.0/66.0/198.0,,16,,
1月,全部科室(汇总对比),缺失行,小切开包,1572853,整行,1.0/66.0/66.0,,17,,
1月,全部科室(汇总对比),缺失行,小切开包,1573701,整行,3.0/66.0/198.0,,18,,
1月,全部科室(汇总对比),缺失行,小切开包,1574129,整行,1.0/66.0/66.0,,19,,
1月,全部科室(汇总对比),缺失行,小切开包,1574834,整行,1.0/66.0/66.0,,20,,
1月,全部科室(汇总对比),缺失行,纱布/Z3032,1568241,整行,1.0/3.2/3.2,,9,,
1月,全部科室(汇总对比),缺失行,纱布/Z3032,1570194,整行,1.0/3.2/3.2,,10,,
1月,全部科室(汇总对比),缺失行,纱布/Z3032,1572462,整行,1.0/3.2/3.2,,11,,
1月,全部科室(汇总对比),缺失行,纱布/Z3032,1574130,整行,1.0/3.2/3.2,,12,,
1月,全部科室(汇总对比),缺失行,洗手服（L号）/W15050,1567538,整行,3.0/28.0/84.0,,9,,
1月,全部科室(汇总对比),缺失行,洗手服（M号）/W15050,1567538,整行,1.0/28.0/28.0,,10,,
1月,全部科室(汇总对比),缺失行,洗手服（XL号）/W15050,1567538,整行,5.0/28.0/140.0,,11,,
1月,全部科室(汇总对比),缺失行,洗手服（XXL号）/W15050,1567538,整行,1.0/28.0/28.0,,12,,
1月,全部科室(汇总对比),缺失行,洗手服（XXXL号）/W15050,1567538,整行,3.0/28.0/84.0,,13,,
1月,全部科室(汇总对比),缺失行,洗手服（M号）/W15050,1567944,整行,1.0/28.0/28.0,,14,,
1月,全部科室(汇总对比),缺失行,洗手服（XL号）/W15050,1567944,整行,2.0/28.0/56.0,,15,,
1月,全部科室(汇总对比),缺失行,洗手服（XXL号）/W15050,1567944,整行,1.0/28.0/28.0,,16,,
1月,全部科室(汇总对比),缺失行,洗手服（XXXL号）/W15050,1567944,整行,3.0/28.0/84.0,,17,,
1月,全部科室(汇总对比),缺失行,洗手服（L号）/W15050,1568944,整行,1.0/28.0/28.0,,18,,
1月,全部科室(汇总对比),缺失行,洗手服（M号）/W15050,1568944,整行,1.0/28.0/28.0,,19,,
1月,全部科室(汇总对比),缺失行,洗手服（XL号）/W15050,1568944,整行,4.0/28.0/112.0,,20,,
1月,全部科室(汇总对比),缺失行,洗手服（XXL号）/W15050,1568944,整行,1.0/28.0/28.0,,21,,
1月,全部科室(汇总对比),缺失行,洗手服（XXXL号）/W15050,1568944,整行,1.0/28.0/28.0,,22,,
1月,全部科室(汇总对比),缺失行,洗手服（M号）/W15050,1569858,整行,1.0/28.0/28.0,,23,,
1月,全部科室(汇总对比),缺失行,洗手服（XL号）/W15050,1569858,整行,2.0/28.0/56.0,,24,,
1月,全部科室(汇总对比),缺失行,洗手服（XXL号）/W15050,1569858,整行,1.0/28.0/28.0,,25,,
1月,全部科室(汇总对比),缺失行,洗手服（XXXL号）/W15050,1569858,整行,1.0/28.0/28.0,,26,,
1月,全部科室(汇总对比),缺失行,洗手服（L号）/W15050,1571012,整行,2.0/28.0/56.0,,27,,
1月,全部科室(汇总对比),缺失行,洗手服（XL号）/W15050,1571012,整行,2.0/28.0/56.0,,28,,
1月,全部科室(汇总对比),缺失行,洗手服（XXXL号）/W15050,1571012,整行,2.0/28.0/56.0,,29,,
1月,全部科室(汇总对比),缺失行,洗手服（L号）/W15050,1571779,整行,2.0/28.0/56.0,,30,,
1月,全部科室(汇总对比),缺失行,洗手服（XL号）/W15050,1571779,整行,2.0/28.0/56.0,,31,,
1月,全部科室(汇总对比),缺失行,洗手服（L号）/W15050,1572912,整行,3.0/28.0/84.0,,32,,
1月,全部科室(汇总对比),缺失行,洗手服（M号）/W15050,1572912,整行,1.0/28.0/28.0,,33,,
1月,全部科室(汇总对比),缺失行,洗手服（XL号）/W15050,1572912,整行,3.0/28.0/84.0,,34,,
1月,全部科室(汇总对比),缺失行,洗手服（XXXL号）/W15050,1572912,整行,2.0/28.0/56.0,,35,,
1月,全部科室(汇总对比),缺失行,洗手服（L号）/W15050,1573672,整行,1.0/28.0/28.0,,36,,
1月,全部科室(汇总对比),缺失行,洗手服（M号）/W15050,1573672,整行,1.0/28.0/28.0,,37,,
1月,全部科室(汇总对比),缺失行,洗手服（XL号）/W15050,1573672,整行,3.0/28.0/84.0,,38,,
1月,全部科室(汇总对比),缺失行,洗手服（XXL号）/W15050,1573672,整行,2.0/28.0/56.0,,39,,
1月,全部科室(汇总对比),缺失行,洗手服（XXXL号）/W15050,1573672,整行,2.0/28.0/56.0,,40,,
1月,全部科室(汇总对比),缺失行,洗手服（L号）/W15050,1574716,整行,3.0/28.0/84.0,,41,,
1月,全部科室(汇总对比),缺失行,洗手服（M号）/W15050,1574716,整行,1.0/28.0/28.0,,42,,
1月,全部科室(汇总对比),缺失行,洗手服（XL号）/W15050,1574716,整行,4.0/28.0/112.0,,43,,
1月,全部科室(汇总对比),缺失行,洗手服（XXXL号）/W15050,1574716,整行,2.0/28.0/56.0,,44,,
1月,全部科室(汇总对比),缺失行,显微镊-2/Z1029,1570556,整行,1.0/10.8/10.8,,9,,
1月,全部科室(汇总对比),缺失行,切开包,1570556,整行,1.0/39.6/39.6,,10,,
1月,全部科室(汇总对比),缺失行,造瘘包,1570556,整行,1.0/105.6/105.6,,11,,
1月,全部科室(汇总对比),缺失行,手术帽/Z1526,1570556,整行,1.0/2.0/2.0,,12,,
1月,全部科室(汇总对比),缺失行,显微镊-2/Z1029,1572854,整行,1.0/10.8/10.8,,13,,
1月,全部科室(汇总对比),缺失行,造瘘包,1572854,整行,1.0/105.6/105.6,,14,,
1月,全部科室(汇总对比),缺失行,持针器1剪刀1止血钳（弯）1/Z1530,1574442,整行,1.0/13.2/13.2,,15,,
1月,全部科室(汇总对比),缺失行,切开包,1574835,整行,2.0/39.6/79.2,,16,,
1月,全部科室(汇总对比),缺失行,超声刀线-1/z3040,1567183,整行,1.0/28.0/28.0,,9,,
1月,全部科室(汇总对比),缺失行,可拆吸引器-1件/z1560,1567183,整行,1.0/20.0/20.0,,10,,
1月,全部科室(汇总对比),缺失行,膨宫管-1/z3040,1567183,整行,1.0/28.0/28.0,,11,,
1月,全部科室(汇总对比),缺失行,膨宫管无铁头-1/Z3040,1567183,整行,1.0/28.0/28.0,,12,,
1月,全部科室(汇总对比),缺失行,气腹管-1（布）/w7050,1567183,整行,1.0/28.0/28.0,,13,,
1月,全部科室(汇总对比),缺失行,手件-2件/z2035,1567183,整行,2.0/35.2/70.4,,14,,
1月,全部科室(汇总对比),缺失行,弯钳-1/z2060,1567183,整行,1.0/22.4/22.4,,15,,
1月,全部科室(汇总对比),缺失行,无损伤钳-1/z2060,1567183,整行,1.0/22.4/22.4,,16,,
1月,全部科室(汇总对比),缺失行,30°腹腔镜-1/z2060,1567183,整行,1.0/28.0/28.0,,17,,
1月,全部科室(汇总对比),缺失行,宫腔镜-1/z2060,1567183,整行,2.0/22.4/44.8,,18,,
1月,全部科室(汇总对比),缺失行,镜头1 手件4盒1/W12050,1567183,整行,1.0/70.4/70.4,,19,,
1月,全部科室(汇总对比),缺失行,特殊取环器-1/Z1535,1567571,整行,1.0/8.8/8.8,,20,,
1月,全部科室(汇总对比),缺失行,人流包,1567571,整行,1.0/110.0/110.0,,21,,
1月,全部科室(汇总对比),缺失行,膨宫管无铁头-1/Z3040,1567671,整行,1.0/28.0/28.0,,22,,
1月,全部科室(汇总对比),缺失行,手件-2件/z2035,1567671,整行,1.0/35.2/35.2,,23,,
1月,全部科室(汇总对比),缺失行,宫腔镜-1/z2060,1567671,整行,1.0/22.4/22.4,,24,,
1月,全部科室(汇总对比),缺失行,镜头1 手件4盒1/W12050,1567671,整行,1.0/70.4/70.4,,25,,
1月,全部科室(汇总对比),缺失行,手术衣裤/w12050,1567945,整行,2.0/28.0/56.0,,26,,
1月,全部科室(汇总对比),缺失行,人流包,1567945,整行,2.0/110.0/220.0,,27,,
1月,全部科室(汇总对比),缺失行,膨宫管无铁头-1/Z3040,1567992,整行,2.0/28.0/56.0,,28,,
1月,全部科室(汇总对比),缺失行,手件-2件/z2035,1567992,整行,2.0/35.2/70.4,,29,,
1月,全部科室(汇总对比),缺失行,宫腔镜-1/z2060,1567992,整行,2.0/22.4/44.8,,30,,
1月,全部科室(汇总对比),缺失行,镜头1 手件4盒1/W12050,1567992,整行,2.0/70.4/140.8,,31,,
1月,全部科室(汇总对比),缺失行,卵圆钳-1/Z1535,1568615,整行,1.0/8.8/8.8,,32,,
1月,全部科室(汇总对比),缺失行,锐勺-1/Z1029,1568615,整行,1.0/6.4/6.4,,33,,
1月,全部科室(汇总对比),缺失行,特殊取环器-1/Z1535,1568615,整行,1.0/8.8/8.8,,34,,
1月,全部科室(汇总对比),缺失行,人流包,1568615,整行,1.0/110.0/110.0,,35,,
1月,全部科室(汇总对比),缺失行,膨宫管无铁头-1/Z3040,1568685,整行,1.0/28.0/28.0,,36,,
1月,全部科室(汇总对比),缺失行,手件-2件/z2035,1568685,整行,1.0/35.2/35.2,,37,,
1月,全部科室(汇总对比),缺失行,宫腔镜-1/z2060,1568685,整行,1.0/22.4/22.4,,38,,
1月,全部科室(汇总对比),缺失行,镜头1 手件4盒1/W12050,1568685,整行,1.0/70.4/70.4,,39,,
1月,全部科室(汇总对比),缺失行,腹腔镜包,1569150,整行,1.0/154.0/154.0,,40,,
1月,全部科室(汇总对比),缺失行,保温杯(高温)-1Z2044,1569150,整行,1.0/10.4/10.4,,41,,
1月,全部科室(汇总对比),缺失行,气腹针(高温)-1/Z1029,1569150,整行,1.0/6.4/6.4,,42,,
1月,全部科室(汇总对比),缺失行,碗1 盘2 杯2 /w6050,1569150,整行,1.0/22.0/22.0,,43,,
1月,全部科室(汇总对比),缺失行,超声刀线（低温）-1/z3040,1569166,整行,1.0/28.0/28.0,,44,,
1月,全部科室(汇总对比),缺失行,镜头-1/z2060,1569166,整行,1.0/22.4/22.4,,45,,
1月,全部科室(汇总对比),缺失行,可拆吸引器-1件（低温）/z1030,1569166,整行,1.0/17.6/17.6,,46,,
1月,全部科室(汇总对比),缺失行,气腹管-1/W7050,1569166,整行,1.0/28.0/28.0,,47,,
1月,全部科室(汇总对比),缺失行,弯钳-1（低温）/z2060,1569166,整行,1.0/22.4/22.4,,48,,
1月,全部科室(汇总对比),缺失行,无损伤钳(低)-1/Z2060,1569166,整行,1.0/22.4/22.4,,49,,
1月,全部科室(汇总对比),缺失行,手术衣裤/w12050,1569286,整行,2.0/28.0/56.0,,50,,
1月,全部科室(汇总对比),缺失行,毛巾/Z2530,1569286,整行,8.0/3.2/25.6,,51,,
1月,全部科室(汇总对比),缺失行,卵圆钳-1/Z1535,1569349,整行,1.0/8.8/8.8,,52,,
1月,全部科室(汇总对比),缺失行,特殊取环器-1/Z1535,1569349,整行,1.0/8.8/8.8,,53,,
1月,全部科室(汇总对比),缺失行,人流包,1569349,整行,2.0/110.0/220.0,,54,,
1月,全部科室(汇总对比),缺失行,膨宫管-1/z3040,1569415,整行,1.0/28.0/28.0,,55,,
1月,全部科室(汇总对比),缺失行,膨宫管无铁头-1/Z3040,1569415,整行,1.0/28.0/28.0,,56,,
1月,全部科室(汇总对比),缺失行,手件-2件/z2035,1569415,整行,2.0/35.2/70.4,,57,,
1月,全部科室(汇总对比),缺失行,宫腔镜-1/z2060,1569415,整行,2.0/22.4/44.8,,58,,
1月,全部科室(汇总对比),缺失行,毛巾/Z2530,1570966,整行,5.0/3.2/16.0,,59,,
1月,全部科室(汇总对比),缺失行,巾钳子-4/Z1526,1571013,整行,3.0/17.6/52.8,,60,,
1月,全部科室(汇总对比),缺失行,手术衣裤/w12050,1571013,整行,2.0/28.0/56.0,,61,,
1月,全部科室(汇总对比),缺失行,人流包,1571013,整行,2.0/110.0/220.0,,62,,
1月,全部科室(汇总对比),缺失行,持物钳罐-2/w6050,1571013,整行,3.0/13.2/39.6,,63,,
1月,全部科室(汇总对比),缺失行,开力-6/w6050,1571013,整行,1.0/26.4/26.4,,64,,
1月,全部科室(汇总对比),缺失行,电极线(EO)-1/Z3040,1571039,整行,1.0/28.0/28.0,,65,,
1月,全部科室(汇总对比),缺失行,膨宫管-1/z3040,1571039,整行,1.0/28.0/28.0,,66,,
1月,全部科室(汇总对比),缺失行,膨宫管无铁头-1/Z3040,1571039,整行,1.0/28.0/28.0,,67,,
1月,全部科室(汇总对比),缺失行,球状电极-1/z1045,1571039,整行,2.0/17.6/35.2,,68,,
1月,全部科室(汇总对比),缺失行,手件-2件/z2035,1571039,整行,2.0/35.2/70.4,,69,,
1月,全部科室(汇总对比),缺失行,手件-4件/z2035,1571039,整行,1.0/70.4/70.4,,70,,
1月,全部科室(汇总对比),缺失行,宫腔镜-1/z2060,1571039,整行,3.0/22.4/67.2,,71,,
1月,全部科室(汇总对比),缺失行,镜头1 手件4盒1/W12050,1571039,整行,1.0/70.4/70.4,,72,,
1月,全部科室(汇总对比),缺失行,小切开,1571299,整行,1.0/171.6/171.6,,73,,
1月,全部科室(汇总对比),缺失行,宫颈钳1窥器1扩棒1  /Z2032,1571299,整行,1.0/13.2/13.2,,74,,
1月,全部科室(汇总对比),缺失行,尖刀柄-1/Z7530,1571299,整行,1.0/6.4/6.4,,75,,
1月,全部科室(汇总对比),缺失行,金属导尿管-1/Z7530,1571299,整行,2.0/6.4/12.8,,76,,
1月,全部科室(汇总对比),缺失行,卵圆钳-1/Z1535,1571299,整行,1.0/8.8/8.8,,77,,
1月,全部科室(汇总对比),缺失行,人流包,1571299,整行,2.0/110.0/220.0,,78,,
1月,全部科室(汇总对比),缺失行,碗1 盘2 杯2 /w6050,1571299,整行,1.0/22.0/22.0,,79,,
1月,全部科室(汇总对比),缺失行,阴道拉钩-2/w6050,1571299,整行,2.0/13.2/26.4,,80,,
1月,全部科室(汇总对比),缺失行,锥切特器-13/w6050,1571299,整行,2.0/57.2/114.4,,81,,
1月,全部科室(汇总对比),缺失行,毛巾/Z2530,1571299,整行,5.0/3.2/16.0,,82,,
1月,全部科室(汇总对比),缺失行,膨宫管无铁头-1/Z3040,1571359,整行,1.0/28.0/28.0,,83,,
1月,全部科室(汇总对比),缺失行,镜头1 手件4盒1/W12050,1571359,整行,1.0/70.4/70.4,,84,,
1月,全部科室(汇总对比),缺失行,手术衣裤/w12050,1571778,整行,2.0/28.0/56.0,,85,,
1月,全部科室(汇总对比),缺失行,毛巾/Z2530,1571778,整行,8.0/3.2/25.6,,86,,
1月,全部科室(汇总对比),缺失行,人流包,1571833,整行,1.0/110.0/110.0,,87,,
1月,全部科室(汇总对比),缺失行,膨宫管-1/z3040,1571860,整行,1.0/28.0/28.0,,88,,
1月,全部科室(汇总对比),缺失行,手件-2件/z2035,1571860,整行,1.0/35.2/35.2,,89,,
1月,全部科室(汇总对比),缺失行,宫腔镜-1/z2060,1571860,整行,1.0/22.4/22.4,,90,,
1月,全部科室(汇总对比),缺失行,镜头1 手件4盒1/W12050,1571860,整行,1.0/70.4/70.4,,91,,
1月,全部科室(汇总对比),缺失行,超声刀线（低温）-1/z3040,1571864,整行,1.0/28.0/28.0,,92,,
1月,全部科室(汇总对比),缺失行,镜头-1/z2060,1571864,整行,1.0/22.4/22.4,,93,,
1月,全部科室(汇总对比),缺失行,可拆吸引器-1件（低温）/z1030,1571864,整行,1.0/17.6/17.6,,94,,
1月,全部科室(汇总对比),缺失行,气腹管-1/W7050,1571864,整行,1.0/28.0/28.0,,95,,
1月,全部科室(汇总对比),缺失行,弯钳-1（低温）/z2060,1571864,整行,1.0/22.4/22.4,,96,,
1月,全部科室(汇总对比),缺失行,无损伤钳(低)-1/Z2060,1571864,整行,1.0/22.4/22.4,,97,,
1月,全部科室(汇总对比),缺失行,腹腔镜包,1571867,整行,1.0/154.0/154.0,,98,,
1月,全部科室(汇总对比),缺失行,保温杯(高温)-1Z2044,1571867,整行,1.0/10.4/10.4,,99,,
1月,全部科室(汇总对比),缺失行,气腹针(高温)-1/Z1029,1571867,整行,1.0/6.4/6.4,,100,,
1月,全部科室(汇总对比),缺失行,碗1 盘2 杯2 /w6050,1571867,整行,1.0/22.0/22.0,,101,,
1月,全部科室(汇总对比),缺失行,妇科包（二区）,1572913,整行,1.0/206.8/206.8,,102,,
1月,全部科室(汇总对比),缺失行,小切开,1572913,整行,2.0/171.6/343.2,,103,,
1月,全部科室(汇总对比),缺失行,保温杯(高温)-1Z2044,1572913,整行,1.0/10.4/10.4,,104,,
1月,全部科室(汇总对比),缺失行,大巾钳-2/Z1526,1572913,整行,1.0/13.2/13.2,,105,,
1月,全部科室(汇总对比),缺失行,宫颈钳1窥器1扩棒1  /Z2032,1572913,整行,1.0/13.2/13.2,,106,,
1月,全部科室(汇总对比),缺失行,尖刀柄-1/Z7530,1572913,整行,1.0/6.4/6.4,,107,,
1月,全部科室(汇总对比),缺失行,直角1小勾1/z1029,1572913,整行,1.0/10.8/10.8,,108,,
1月,全部科室(汇总对比),缺失行,手术衣裤/w12050,1572913,整行,1.0/28.0/28.0,,109,,
1月,全部科室(汇总对比),缺失行,举宫杯-10/w9050,1572913,整行,1.0/44.0/44.0,,110,,
1月,全部科室(汇总对比),缺失行,碗1 盘2 杯2 /w6050,1572913,整行,3.0/22.0/66.0,,111,,
1月,全部科室(汇总对比),缺失行,阴道拉钩-2/w6050,1572913,整行,1.0/13.2/13.2,,112,,
1月,全部科室(汇总对比),缺失行,毛巾/Z2530,1572913,整行,4.0/3.2/12.8,,113,,
1月,全部科室(汇总对比),缺失行,超声刀线-1/z3040,1572987,整行,1.0/28.0/28.0,,114,,
1月,全部科室(汇总对比),缺失行,单极钩-1/z7550,1572987,整行,1.0/17.6/17.6,,115,,
1月,全部科室(汇总对比),缺失行,单极线-1/z3040,1572987,整行,1.0/28.0/28.0,,116,,
1月,全部科室(汇总对比),缺失行,可拆吸引器-1件/z1560,1572987,整行,1.0/20.0/20.0,,117,,
1月,全部科室(汇总对比),缺失行,气腹管-1（布）/w7050,1572987,整行,1.0/28.0/28.0,,118,,
1月,全部科室(汇总对比),缺失行,生物夹钳-1/双层z2060,1572987,整行,1.0/22.4/22.4,,119,,
1月,全部科室(汇总对比),缺失行,双极钳-1/z2060,1572987,整行,1.0/22.4/22.4,,120,,
1月,全部科室(汇总对比),缺失行,双极线-1（需保护）/z3040,1572987,整行,1.0/28.0/28.0,,121,,
1月,全部科室(汇总对比),缺失行,弯钳-1/z2060,1572987,整行,1.0/22.4/22.4,,122,,
1月,全部科室(汇总对比),缺失行,无损伤钳-1/z2060,1572987,整行,1.0/22.4/22.4,,123,,
1月,全部科室(汇总对比),缺失行,30°腹腔镜-1/z2060,1572987,整行,1.0/28.0/28.0,,124,,
1月,全部科室(汇总对比),缺失行,人流包,1573283,整行,1.0/110.0/110.0,,125,,
1月,全部科室(汇总对比),缺失行,膨宫管-1/z3040,1573309,整行,1.0/28.0/28.0,,126,,
1月,全部科室(汇总对比),缺失行,镜头1 手件4盒1/W12050,1573309,整行,1.0/70.4/70.4,,127,,
1月,全部科室(汇总对比),缺失行,手术衣裤/w12050,1573673,整行,3.0/28.0/84.0,,128,,
1月,全部科室(汇总对比),缺失行,毛巾/Z2530,1573673,整行,7.0/3.2/22.4,,129,,
1月,全部科室(汇总对比),缺失行,妇科包（二区）,1573702,整行,1.0/206.8/206.8,,130,,
1月,全部科室(汇总对比),缺失行,肌钩-2/Z7526,1573702,整行,1.0/10.8/10.8,,131,,
1月,全部科室(汇总对比),缺失行,尖刀柄-1/Z7530,1573702,整行,1.0/6.4/6.4,,132,,
1月,全部科室(汇总对比),缺失行,组织钳-3件/Z1026,1573702,整行,1.0/13.2/13.2,,133,,
1月,全部科室(汇总对比),缺失行,人流包,1573702,整行,1.0/110.0/110.0,,134,,
1月,全部科室(汇总对比),缺失行,碗1 盘2 杯2 /w6050,1573702,整行,1.0/22.0/22.0,,135,,
1月,全部科室(汇总对比),缺失行,膨宫管无铁头-1/Z3040,1573834,整行,1.0/28.0/28.0,,136,,
1月,全部科室(汇总对比),缺失行,手件-2件/z2035,1573834,整行,1.0/35.2/35.2,,137,,
1月,全部科室(汇总对比),缺失行,宫腔镜-1/z2060,1573834,整行,1.0/22.4/22.4,,138,,
1月,全部科室(汇总对比),缺失行,妇科包（二区）,1574131,整行,1.0/206.8/206.8,,139,,
1月,全部科室(汇总对比),缺失行,小小切开包,1574131,整行,2.0/92.4/184.8,,140,,
1月,全部科室(汇总对比),缺失行,人流包,1574131,整行,1.0/110.0/110.0,,141,,
1月,全部科室(汇总对比),缺失行,持物钳罐-2/w6050,1574131,整行,1.0/13.2/13.2,,142,,
1月,全部科室(汇总对比),缺失行,碗1 盘2 杯2 /w6050,1574131,整行,3.0/22.0/66.0,,143,,
1月,全部科室(汇总对比),缺失行,咬骨钳1 咬骨剪1/w6050,1574131,整行,1.0/13.2/13.2,,144,,
1月,全部科室(汇总对比),缺失行,膨宫管无铁头-1/Z3040,1574172,整行,1.0/28.0/28.0,,145,,
1月,全部科室(汇总对比),缺失行,镜头1 手件4盒1/W12050,1574172,整行,1.0/70.4/70.4,,146,,
1月,全部科室(汇总对比),缺失行,腹腔镜包,1574443,整行,1.0/154.0/154.0,,147,,
1月,全部科室(汇总对比),缺失行,保温杯(高温)-1Z2044,1574443,整行,1.0/10.4/10.4,,148,,
1月,全部科室(汇总对比),缺失行,气腹针(高温)-1/Z1029,1574443,整行,1.0/6.4/6.4,,149,,
1月,全部科室(汇总对比),缺失行,人流包,1574443,整行,1.0/110.0/110.0,,150,,
1月,全部科室(汇总对比),缺失行,碗1 盘2 杯2 /w6050,1574443,整行,1.0/22.0/22.0,,151,,
1月,全部科室(汇总对比),缺失行,超声刀线-1/z3040,1574503,整行,1.0/28.0/28.0,,152,,
1月,全部科室(汇总对比),缺失行,镜头-1/z2060,1574503,整行,1.0/22.4/22.4,,153,,
1月,全部科室(汇总对比),缺失行,可拆剪刀-1/z2060,1574503,整行,1.0/22.4/22.4,,154,,
1月,全部科室(汇总对比),缺失行,可拆吸引器-1件/z1560,1574503,整行,1.0/20.0/20.0,,155,,
1月,全部科室(汇总对比),缺失行,气腹管-1（布）/w7050,1574503,整行,1.0/28.0/28.0,,156,,
1月,全部科室(汇总对比),缺失行,双极钳-1/z2060,1574503,整行,1.0/22.4/22.4,,157,,
1月,全部科室(汇总对比),缺失行,双极线-1（需保护）/z3040,1574503,整行,1.0/28.0/28.0,,158,,
1月,全部科室(汇总对比),缺失行,弯钳-1/z2060,1574503,整行,1.0/22.4/22.4,,159,,
1月,全部科室(汇总对比),缺失行,无损伤钳-1/z2060,1574503,整行,1.0/22.4/22.4,,160,,
1月,全部科室(汇总对比),缺失行,手术衣裤/w12050,1574719,整行,2.0/28.0/56.0,,161,,
1月,全部科室(汇总对比),缺失行,小切开,1574836,整行,1.0/171.6/171.6,,162,,
1月,全部科室(汇总对比),缺失行,特殊取环器-1/Z1535,1574836,整行,1.0/8.8/8.8,,163,,
1月,全部科室(汇总对比),缺失行,人流包,1574836,整行,1.0/110.0/110.0,,164,,
1月,全部科室(汇总对比),缺失行,碗1 盘2 杯2 /w6050,1574836,整行,1.0/22.0/22.0,,165,,
1月,全部科室(汇总对比),缺失行,膨宫管-1/z3040,1574881,整行,1.0/28.0/28.0,,166,,
1月,全部科室(汇总对比),缺失行,手件-2件/z2035,1574881,整行,1.0/35.2/35.2,,167,,
1月,全部科室(汇总对比),缺失行,宫腔镜-1/z2060,1574881,整行,1.0/22.4/22.4,,168,,
1月,全部科室(汇总对比),缺失行,腹腔镜包,1567625,整行,1.0/154.0/154.0,,9,,
1月,全部科室(汇总对比),缺失行,肛肠包,1567625,整行,1.0/162.8/162.8,,10,,
1月,全部科室(汇总对比),缺失行,骨科包,1567625,整行,2.0/184.8/369.6,,11,,
1月,全部科室(汇总对比),缺失行,间盘镜特器（高温）-18件,1567625,整行,1.0/83.6/83.6,,12,,
1月,全部科室(汇总对比),缺失行,小小切开包,1567625,整行,1.0/83.6/83.6,,13,,
1月,全部科室(汇总对比),缺失行,电钻-4件（盒1）/w9050,1567625,整行,1.0/22.0/22.0,,14,,
1月,全部科室(汇总对比),缺失行,电钻-4件（盒1）/w9050,1567625,整行,1.0/22.0/22.0,,15,,
1月,全部科室(汇总对比),缺失行,杯1 碗1 盘1/Z3032,1567625,整行,2.0/13.2/26.4,,16,,
1月,全部科室(汇总对比),缺失行,超乳特器-4/Z2535,1567625,整行,2.0/17.6/35.2,,17,,
1月,全部科室(汇总对比),缺失行,克氏针-5/Z7534,1567625,整行,1.0/6.4/6.4,,18,,
1月,全部科室(汇总对比),缺失行,眼科特器-4/Z1526,1567625,整行,1.0/17.6/17.6,,19,,
1月,全部科室(汇总对比),缺失行,中弯-4/Z1526,1567625,整行,1.0/17.6/17.6,,20,,
1月,全部科室(汇总对比),缺失行,注吸器-1/z7526,1567625,整行,1.0/6.4/6.4,,21,,
1月,全部科室(汇总对比),缺失行,眼科白内障-13件（盒1）,1567625,整行,2.0/57.2/114.4,,22,,
1月,全部科室(汇总对比),缺失行,大弯-4/w6050,1567625,整行,1.0/17.6/17.6,,23,,
1月,全部科室(汇总对比),缺失行,灯把手-8/w6050,1567625,整行,1.0/35.2/35.2,,24,,
1月,全部科室(汇总对比),缺失行,碗1 盘2 杯2 /w6050,1567625,整行,6.0/22.0/132.0,,25,,
1月,全部科室(汇总对比),缺失行,膀胱检查镜镜头-1/z2060,1567672,整行,2.0/22.4/44.8,,26,,
1月,全部科室(汇总对比),缺失行,保温瓶-1/z2044,1567672,整行,1.0/22.4/22.4,,27,,
1月,全部科室(汇总对比),缺失行,超声刀线-1/z3040,1567672,整行,1.0/28.0/28.0,,28,,
1月,全部科室(汇总对比),缺失行,光纤-1/z3044,1567672,整行,1.0/17.6/17.6,,29,,
1月,全部科室(汇总对比),缺失行,光源线-1/z3044,1567672,整行,1.0/28.0/28.0,,30,,
1月,全部科室(汇总对比),缺失行,剪刀（EO）-1/Z2060,1567672,整行,1.0/22.4/22.4,,31,,
1月,全部科室(汇总对比),缺失行,检查镜手件-3/Z2060,1567672,整行,2.0/52.8/105.6,,32,,
1月,全部科室(汇总对比),缺失行,气腹管-1/z3044,1567672,整行,1.0/28.0/28.0,,33,,
1月,全部科室(汇总对比),缺失行,气腹针-1/z1029,1567672,整行,1.0/17.6/17.6,,34,,
1月,全部科室(汇总对比),缺失行,取石钳（EO）-1/Z2060,1567672,整行,1.0/22.4/22.4,,35,,
1月,全部科室(汇总对比),缺失行,生物夹钳-1/双层z2060,1567672,整行,2.0/22.4/44.8,,36,,
1月,全部科室(汇总对比),缺失行,输尿管镜7°-2件（盒1）/双/z3095,1567672,整行,2.0/35.2/70.4,,37,,
1月,全部科室(汇总对比),缺失行,弯钳-1/z2060,1567672,整行,1.0/22.4/22.4,,38,,
1月,全部科室(汇总对比),缺失行,王树人 光源-1/z3044,1567672,整行,2.0/28.0/56.0,,39,,
1月,全部科室(汇总对比),缺失行,王树人镜头-1（1盒）/w9050,1567672,整行,1.0/35.2/35.2,,40,,
1月,全部科室(汇总对比),缺失行,王树人特器-1件/z2060,1567672,整行,1.0/22.4/22.4,,41,,
1月,全部科室(汇总对比),缺失行,无损伤钳-1/z2060,1567672,整行,1.0/22.4/22.4,,42,,
1月,全部科室(汇总对比),缺失行,吸引器-1/z1560,1567672,整行,1.0/20.0/20.0,,43,,
1月,全部科室(汇总对比),缺失行,30°腹腔镜-1/z2060,1567672,整行,1.0/28.0/28.0,,44,,
1月,全部科室(汇总对比),缺失行,肛肠包,1567946,整行,2.0/162.8/325.6,,45,,
1月,全部科室(汇总对比),缺失行,人流包-25件,1567946,整行,1.0/110.0/110.0,,46,,
1月,全部科室(汇总对比),缺失行,小小切开包,1567946,整行,3.0/83.6/250.8,,47,,
1月,全部科室(汇总对比),缺失行,超乳特器-4/Z2535,1567946,整行,1.0/17.6/17.6,,48,,
1月,全部科室(汇总对比),缺失行,尖刀柄-1/Z7530,1567946,整行,1.0/6.4/6.4,,49,,
1月,全部科室(汇总对比),缺失行,巾钳子-4/Z1526,1567946,整行,1.0/17.6/17.6,,50,,
1月,全部科室(汇总对比),缺失行,注吸器-1/z7526,1567946,整行,1.0/6.4/6.4,,51,,
1月,全部科室(汇总对比),缺失行,眼科白内障-13件（盒1）,1567946,整行,1.0/57.2/57.2,,52,,
1月,全部科室(汇总对比),缺失行,杯1 碗1 盘1（白内障）/w6050,1567946,整行,1.0/13.2/13.2,,53,,
1月,全部科室(汇总对比),缺失行,灯把手-8/w6050,1567946,整行,1.0/35.2/35.2,,54,,
1月,全部科室(汇总对比),缺失行,碗1 盘2 杯2 /w6050,1567946,整行,5.0/22.0/110.0,,55,,
1月,全部科室(汇总对比),缺失行,保温瓶-1/z2044,1567993,整行,1.0/22.4/22.4,,56,,
1月,全部科室(汇总对比),缺失行,持针器-1（EO）/z2060,1567993,整行,2.0/22.4/44.8,,57,,
1月,全部科室(汇总对比),缺失行,单极钩-1/z7550,1567993,整行,1.0/17.6/17.6,,58,,
1月,全部科室(汇总对比),缺失行,单极线-1/z3040,1567993,整行,1.0/28.0/28.0,,59,,
1月,全部科室(汇总对比),缺失行,光源线-1/z3044,1567993,整行,1.0/28.0/28.0,,60,,
1月,全部科室(汇总对比),缺失行,剪刀（EO）-1/Z2060,1567993,整行,1.0/22.4/22.4,,61,,
1月,全部科室(汇总对比),缺失行,镜头-1/z2060,1567993,整行,1.0/22.4/22.4,,62,,
1月,全部科室(汇总对比),缺失行,气腹管-1/z3044,1567993,整行,1.0/28.0/28.0,,63,,
1月,全部科室(汇总对比),缺失行,弯钳-1/z2060,1567993,整行,2.0/22.4/44.8,,64,,
1月,全部科室(汇总对比),缺失行,无损伤钳-1/z2060,1567993,整行,1.0/22.4/22.4,,65,,
1月,全部科室(汇总对比),缺失行,吸引器-1/z1560,1567993,整行,1.0/20.0/20.0,,66,,
1月,全部科室(汇总对比),缺失行,30°腹腔镜-1/z2060,1567993,整行,1.0/28.0/28.0,,67,,
1月,全部科室(汇总对比),缺失行,小小切开包,1568242,整行,1.0/83.6/83.6,,68,,
1月,全部科室(汇总对比),缺失行,清创包-10框1/w9050,1568242,整行,1.0/48.4/48.4,,69,,
1月,全部科室(汇总对比),缺失行,碗1 盘2 杯2 /w6050,1568242,整行,2.0/22.0/44.0,,70,,
1月,全部科室(汇总对比),缺失行,毛巾/z3032,1568242,整行,10.0/3.2/32.0,,71,,
1月,全部科室(汇总对比),缺失行,腹腔镜包,1568565,整行,1.0/154.0/154.0,,72,,
1月,全部科室(汇总对比),缺失行,间盘镜特器（高温）-18件,1568565,整行,1.0/83.6/83.6,,73,,
1月,全部科室(汇总对比),缺失行,开腹包,1568565,整行,1.0/316.8/316.8,,74,,
1月,全部科室(汇总对比),缺失行,开腹特器,1568565,整行,1.0/66.0/66.0,,75,,
1月,全部科室(汇总对比),缺失行,人流包-25件,1568565,整行,1.0/110.0/110.0,,76,,
1月,全部科室(汇总对比),缺失行,孙晓龙拉钩-7件,1568565,整行,1.0/35.2/35.2,,77,,
1月,全部科室(汇总对比),缺失行,大弯-4/w6050,1568565,整行,1.0/17.6/17.6,,78,,
1月,全部科室(汇总对比),缺失行,灯把手-8/w6050,1568565,整行,1.0/35.2/35.2,,79,,
1月,全部科室(汇总对比),缺失行,间盘镜特器（高温）-17件,1568616,整行,1.0/79.2/79.2,,80,,
1月,全部科室(汇总对比),缺失行,小小切开包,1568616,整行,2.0/83.6/167.2,,81,,
1月,全部科室(汇总对比),缺失行,杯1 碗1 盘1/Z3032,1568616,整行,2.0/13.2/26.4,,82,,
1月,全部科室(汇总对比),缺失行,超乳特器-4/Z2535,1568616,整行,2.0/17.6/35.2,,83,,
1月,全部科室(汇总对比),缺失行,荷包钳-1/Z1535,1568616,整行,1.0/8.8/8.8,,84,,
1月,全部科室(汇总对比),缺失行,注吸器-1/z7526,1568616,整行,2.0/6.4/12.8,,85,,
1月,全部科室(汇总对比),缺失行,眼科白内障-13件（盒1）,1568616,整行,2.0/57.2/114.4,,86,,
1月,全部科室(汇总对比),缺失行,孙晓龙特器-8/w6050,1568616,整行,1.0/35.2/35.2,,87,,
1月,全部科室(汇总对比),缺失行,碗1 盘2 杯2 /w6050,1568616,整行,4.0/22.0/88.0,,88,,
1月,全部科室(汇总对比),缺失行,间盘镜光源(低)-1/Z3040,1568654,整行,1.0/28.0/28.0,,89,,
1月,全部科室(汇总对比),缺失行,间盘镜镜头-1件（盒1）/w12050,1568654,整行,1.0/28.0/28.0,,90,,
1月,全部科室(汇总对比),缺失行,膀胱电切镜手件-4/z2060,1568686,整行,1.0/70.4/70.4,,91,,
1月,全部科室(汇总对比),缺失行,膀胱检查镜镜头-1/z2060,1568686,整行,1.0/22.4/22.4,,92,,
1月,全部科室(汇总对比),缺失行,膀胱镜手件-3/z2060,1568686,整行,1.0/52.8/52.8,,93,,
1月,全部科室(汇总对比),缺失行,保温瓶-1/z2044,1568686,整行,1.0/22.4/22.4,,94,,
1月,全部科室(汇总对比),缺失行,超声刀线-1/z3040,1568686,整行,2.0/28.0/56.0,,95,,
1月,全部科室(汇总对比),缺失行,持针器-1（EO）/z2060,1568686,整行,1.0/22.4/22.4,,96,,
1月,全部科室(汇总对比),缺失行,冲洗瓶-1/z1530,1568686,整行,1.0/20.0/20.0,,97,,
1月,全部科室(汇总对比),缺失行,光源线-1/z3044,1568686,整行,1.0/28.0/28.0,,98,,
1月,全部科室(汇总对比),缺失行,间盘镜镜头-1件（盒1）/w12050,1568686,整行,1.0/28.0/28.0,,99,,
1月,全部科室(汇总对比),缺失行,剪刀（EO）-1/Z2060,1568686,整行,1.0/22.4/22.4,,100,,
1月,全部科室(汇总对比),缺失行,气腹管-1/z3044,1568686,整行,1.0/28.0/28.0,,101,,
1月,全部科室(汇总对比),缺失行,气腹针-1/z1029,1568686,整行,1.0/17.6/17.6,,102,,
1月,全部科室(汇总对比),缺失行,生物夹钳-1/双层z2060,1568686,整行,1.0/22.4/22.4,,103,,
1月,全部科室(汇总对比),缺失行,输尿管镜-2/双/z3060,1568686,整行,1.0/35.2/35.2,,104,,
1月,全部科室(汇总对比),缺失行,弯钳-1/z2060,1568686,整行,1.0/22.4/22.4,,105,,
1月,全部科室(汇总对比),缺失行,王树人特器-1件/z2060,1568686,整行,1.0/22.4/22.4,,106,,
1月,全部科室(汇总对比),缺失行,无损伤钳-1/z2060,1568686,整行,1.0/22.4/22.4,,107,,
1月,全部科室(汇总对比),缺失行,吸引器-1/z1560,1568686,整行,1.0/20.0/20.0,,108,,
1月,全部科室(汇总对比),缺失行,30°腹腔镜-1/z2060,1568686,整行,1.0/28.0/28.0,,109,,
1月,全部科室(汇总对比),缺失行,骨科包,1569000,整行,1.0/184.8/184.8,,110,,
1月,全部科室(汇总对比),缺失行,间盘镜特器（高温）-18件,1569000,整行,1.0/83.6/83.6,,111,,
1月,全部科室(汇总对比),缺失行,小切开包,1569000,整行,1.0/215.6/215.6,,112,,
1月,全部科室(汇总对比),缺失行,小小切开包,1569000,整行,2.0/83.6/167.2,,113,,
1月,全部科室(汇总对比),缺失行,电钻-4件（盒1）/w9050,1569000,整行,1.0/22.0/22.0,,114,,
1月,全部科室(汇总对比),缺失行,超乳特器-4/Z2535,1569000,整行,2.0/17.6/35.2,,115,,
1月,全部科室(汇总对比),缺失行,注吸器-1/z7526,1569000,整行,2.0/6.4/12.8,,116,,
1月,全部科室(汇总对比),缺失行,眼科白内障-13件（盒1）,1569000,整行,2.0/57.2/114.4,,117,,
1月,全部科室(汇总对比),缺失行,翼状胬肉包,1569000,整行,1.0/39.6/39.6,,118,,
1月,全部科室(汇总对比),缺失行,杯1 碗1 盘1（白内障）/w6050,1569000,整行,2.0/13.2/26.4,,119,,
1月,全部科室(汇总对比),缺失行,大弯-4/w6050,1569000,整行,1.0/17.6/17.6,,120,,
1月,全部科室(汇总对比),缺失行,灯把手-8/w6050,1569000,整行,1.0/35.2/35.2,,121,,
1月,全部科室(汇总对比),缺失行,碗1 盘2 杯2 /w6050,1569000,整行,4.0/22.0/88.0,,122,,
1月,全部科室(汇总对比),缺失行,光纤-1/z3044,1569073,整行,2.0/17.6/35.2,,123,,
1月,全部科室(汇总对比),缺失行,取石钳（EO）-1/Z2060,1569073,整行,1.0/22.4/22.4,,124,,
1月,全部科室(汇总对比),缺失行,输尿管镜7°-2件（盒1）/双/z3095,1569073,整行,1.0/35.2/35.2,,125,,
1月,全部科室(汇总对比),缺失行,王树人 光源-1/z3044,1569073,整行,1.0/28.0/28.0,,126,,
1月,全部科室(汇总对比),缺失行,王树人特器-1件/z2060,1569073,整行,2.0/22.4/44.8,,127,,
1月,全部科室(汇总对比),缺失行,毛巾/z3032,1569287,整行,10.0/3.2/32.0,,128,,
1月,全部科室(汇总对比),缺失行,程永志特器,1569330,整行,1.0/92.4/92.4,,129,,
1月,全部科室(汇总对比),缺失行,肛肠包,1569330,整行,1.0/162.8/162.8,,130,,
1月,全部科室(汇总对比),缺失行,小小切开包,1569330,整行,1.0/83.6/83.6,,131,,
1月,全部科室(汇总对比),缺失行,碗1 盘2 杯2 /w6050,1569330,整行,2.0/22.0/44.0,,132,,
1月,全部科室(汇总对比),缺失行,腹腔镜包,1569859,整行,1.0/154.0/154.0,,133,,
1月,全部科室(汇总对比),缺失行,肛肠包,1569859,整行,1.0/162.8/162.8,,134,,
1月,全部科室(汇总对比),缺失行,人流包-25件,1569859,整行,1.0/110.0/110.0,,135,,
1月,全部科室(汇总对比),缺失行,小切开包,1569859,整行,1.0/215.6/215.6,,136,,
1月,全部科室(汇总对比),缺失行,小小切开包,1569859,整行,2.0/83.6/167.2,,137,,
1月,全部科室(汇总对比),缺失行,6号 7号吸头-2/Z7534,1569859,整行,1.0/10.8/10.8,,138,,
1月,全部科室(汇总对比),缺失行,杯1 碗1 盘1/Z3032,1569859,整行,4.0/13.2/52.8,,139,,
1月,全部科室(汇总对比),缺失行,超乳特器-4/Z2535,1569859,整行,2.0/17.6/35.2,,140,,
1月,全部科室(汇总对比),缺失行,电凝线1镊子1/Z3044,1569859,整行,2.0/13.2/26.4,,141,,
1月,全部科室(汇总对比),缺失行,刮勺-1/Z7526,1569859,整行,1.0/6.4/6.4,,142,,
1月,全部科室(汇总对比),缺失行,尖刀柄-1/Z7530,1569859,整行,1.0/6.4/6.4,,143,,
1月,全部科室(汇总对比),缺失行,注射器-1/Z7526,1569859,整行,2.0/6.4/12.8,,144,,
1月,全部科室(汇总对比),缺失行,玻切包,1569859,整行,1.0/79.2/79.2,,145,,
1月,全部科室(汇总对比),缺失行,青光眼-14件（加盒15件）,1569859,整行,1.0/66.0/66.0,,146,,
1月,全部科室(汇总对比),缺失行,眼科白内障-13件（盒1）,1569859,整行,4.0/57.2/228.8,,147,,
1月,全部科室(汇总对比),缺失行,灯把手-8/w6050,1569859,整行,1.0/35.2/35.2,,148,,
1月,全部科室(汇总对比),缺失行,碗1 盘2 杯2 /w6050,1569859,整行,5.0/22.0/110.0,,149,,
1月,全部科室(汇总对比),缺失行,眼科镜片-器械11盒1/w6050,1569859,整行,1.0/52.8/52.8,,150,,
1月,全部科室(汇总对比),缺失行,保温瓶-1/z2044,1569947,整行,1.0/22.4/22.4,,151,,
1月,全部科室(汇总对比),缺失行,持针器-1（EO）/z2060,1569947,整行,2.0/22.4/44.8,,152,,
1月,全部科室(汇总对比),缺失行,单极钩-1/z7550,1569947,整行,1.0/17.6/17.6,,153,,
1月,全部科室(汇总对比),缺失行,单极线-1/z3040,1569947,整行,1.0/28.0/28.0,,154,,
1月,全部科室(汇总对比),缺失行,光源线-1/z3044,1569947,整行,1.0/28.0/28.0,,155,,
1月,全部科室(汇总对比),缺失行,剪刀（EO）-1/Z2060,1569947,整行,1.0/22.4/22.4,,156,,
1月,全部科室(汇总对比),缺失行,气腹管-1/z3044,1569947,整行,1.0/28.0/28.0,,157,,
1月,全部科室(汇总对比),缺失行,肾镜-1/z2060,1569947,整行,1.0/22.4/22.4,,158,,
1月,全部科室(汇总对比),缺失行,弯钳-1/z2060,1569947,整行,1.0/22.4/22.4,,159,,
1月,全部科室(汇总对比),缺失行,无损伤钳-1/z2060,1569947,整行,1.0/22.4/22.4,,160,,
1月,全部科室(汇总对比),缺失行,吸引器-1/z1560,1569947,整行,1.0/20.0/20.0,,161,,
1月,全部科室(汇总对比),缺失行,息肉抓钳-1/z2060,1569947,整行,1.0/22.4/22.4,,162,,
1月,全部科室(汇总对比),缺失行,30°腹腔镜-1/z2060,1569947,整行,1.0/28.0/28.0,,163,,
1月,全部科室(汇总对比),缺失行,毛巾/z3032,1570195,整行,6.0/3.2/19.2,,164,,
1月,全部科室(汇总对比),缺失行,腹腔镜包,1570209,整行,1.0/154.0/154.0,,165,,
1月,全部科室(汇总对比),缺失行,肛肠包,1570209,整行,2.0/162.8/325.6,,166,,
1月,全部科室(汇总对比),缺失行,小小切开包,1570209,整行,4.0/83.6/334.4,,167,,
1月,全部科室(汇总对比),缺失行,大弯-4/w6050,1570209,整行,1.0/17.6/17.6,,168,,
1月,全部科室(汇总对比),缺失行,碗1 盘2 杯2 /w6050,1570209,整行,8.0/22.0/176.0,,169,,
1月,全部科室(汇总对比),缺失行,咬钉器-1/w9050,1570209,整行,1.0/13.2/13.2,,170,,
1月,全部科室(汇总对比),缺失行,间盘镜特器（高温）-17件,1570210,整行,1.0/79.2/79.2,,171,,
1月,全部科室(汇总对比),缺失行,间盘镜特器（高温）-18件,1570210,整行,1.0/83.6/83.6,,172,,
1月,全部科室(汇总对比),缺失行,电钻-4件（盒1）/w9050,1570261,整行,1.0/22.0/22.0,,173,,
1月,全部科室(汇总对比),缺失行,磨钻-16（盒1）/w9050,1570261,整行,1.0/74.8/74.8,,174,,
1月,全部科室(汇总对比),缺失行,探针-1/保/Z7530,1570261,整行,2.0/6.4/12.8,,175,,
1月,全部科室(汇总对比),缺失行,清创包-10框1/w9050,1570261,整行,1.0/48.4/48.4,,176,,
1月,全部科室(汇总对比),缺失行,手科特器-14/w6050,1570261,整行,1.0/61.6/61.6,,177,,
1月,全部科室(汇总对比),缺失行,膀胱检查镜镜头-1/z2060,1570303,整行,1.0/22.4/22.4,,178,,
1月,全部科室(汇总对比),缺失行,膀胱镜手件-3/z2060,1570303,整行,1.0/52.8/52.8,,179,,
1月,全部科室(汇总对比),缺失行,保温瓶-1/z2044,1570303,整行,1.0/22.4/22.4,,180,,
1月,全部科室(汇总对比),缺失行,超声刀线-1/z3040,1570303,整行,1.0/28.0/28.0,,181,,
1月,全部科室(汇总对比),缺失行,间盘镜镜头-1件（盒1）/w12050,1570303,整行,2.0/28.0/56.0,,182,,
1月,全部科室(汇总对比),缺失行,剪刀（EO）-1/Z2060,1570303,整行,1.0/22.4/22.4,,183,,
1月,全部科室(汇总对比),缺失行,气腹管-1/z3044,1570303,整行,1.0/28.0/28.0,,184,,
1月,全部科室(汇总对比),缺失行,取石钳（EO）-1/Z2060,1570303,整行,2.0/22.4/44.8,,185,,
1月,全部科室(汇总对比),缺失行,生物夹钳-1/双层z2060,1570303,整行,1.0/22.4/22.4,,186,,
1月,全部科室(汇总对比),缺失行,双极钳-1/z2060,1570303,整行,1.0/22.4/22.4,,187,,
1月,全部科室(汇总对比),缺失行,双极线-1（需保护）/z3040,1570303,整行,1.0/28.0/28.0,,188,,
1月,全部科室(汇总对比),缺失行,弯钳-1/z2060,1570303,整行,1.0/22.4/22.4,,189,,
1月,全部科室(汇总对比),缺失行,王树人 光源-1/z3044,1570303,整行,1.0/28.0/28.0,,190,,
1月,全部科室(汇总对比),缺失行,王树人特器-1件/z2060,1570303,整行,2.0/22.4/44.8,,191,,
1月,全部科室(汇总对比),缺失行,无损伤钳-1/z2060,1570303,整行,1.0/22.4/22.4,,192,,
1月,全部科室(汇总对比),缺失行,吸引器-1/z1560,1570303,整行,1.0/20.0/20.0,,193,,
1月,全部科室(汇总对比),缺失行,30°腹腔镜-1/z2060,1570303,整行,1.0/28.0/28.0,,194,,
1月,全部科室(汇总对比),缺失行,腹腔镜包,1570598,整行,3.0/154.0/462.0,,195,,
1月,全部科室(汇总对比),缺失行,间盘包,1570598,整行,1.0/198.0/198.0,,196,,
1月,全部科室(汇总对比),缺失行,间盘镜特器（高温）-17件,1570598,整行,1.0/79.2/79.2,,197,,
1月,全部科室(汇总对比),缺失行,间盘镜特器（高温）-18件,1570598,整行,1.0/83.6/83.6,,198,,
1月,全部科室(汇总对比),缺失行,小切开包,1570598,整行,2.0/215.6/431.2,,199,,
1月,全部科室(汇总对比),缺失行,小小切开包,1570598,整行,2.0/83.6/167.2,,200,,
1月,全部科室(汇总对比),缺失行,杯1 碗1 盘1/Z3032,1570598,整行,1.0/13.2/13.2,,201,,
1月,全部科室(汇总对比),缺失行,超乳特器-4/Z2535,1570598,整行,1.0/17.6/17.6,,202,,
1月,全部科室(汇总对比),缺失行,注吸器-1/z7526,1570598,整行,1.0/6.4/6.4,,203,,
1月,全部科室(汇总对比),缺失行,眼科白内障-13件（盒1）,1570598,整行,1.0/57.2/57.2,,204,,
1月,全部科室(汇总对比),缺失行,灯把手-8/w6050,1570598,整行,1.0/35.2/35.2,,205,,
1月,全部科室(汇总对比),缺失行,碗1 盘2 杯2 /w6050,1570598,整行,8.0/22.0/176.0,,206,,
1月,全部科室(汇总对比),缺失行,毛巾/z3032,1570598,整行,8.0/3.2/25.6,,207,,
1月,全部科室(汇总对比),缺失行,肛门拉钩-2/Z1526,1570610,整行,1.0/13.2/13.2,,208,,
1月,全部科室(汇总对比),缺失行,尖刀柄-1/Z7530,1570610,整行,1.0/6.4/6.4,,209,,
1月,全部科室(汇总对比),缺失行,探针-1/保/Z7530,1570610,整行,1.0/6.4/6.4,,210,,
1月,全部科室(汇总对比),缺失行,中弯-4/Z1526,1570610,整行,1.0/17.6/17.6,,211,,
1月,全部科室(汇总对比),缺失行,间盘镜镜头-1件（盒1）/w12050,1570635,整行,1.0/28.0/28.0,,212,,
1月,全部科室(汇总对比),缺失行,STORZ 3D镜头 光源-2/w12050,1570681,整行,1.0/35.2/35.2,,213,,
1月,全部科室(汇总对比),缺失行,保温瓶-1/z2044,1570681,整行,4.0/22.4/89.6,,214,,
1月,全部科室(汇总对比),缺失行,超声刀线-1/z3040,1570681,整行,3.0/28.0/84.0,,215,,
1月,全部科室(汇总对比),缺失行,持针器-1（EO）/z2060,1570681,整行,1.0/22.4/22.4,,216,,
1月,全部科室(汇总对比),缺失行,单极铲-1/Z1035,1570681,整行,1.0/17.6/17.6,,217,,
1月,全部科室(汇总对比),缺失行,单极钩-1/z7550,1570681,整行,2.0/17.6/35.2,,218,,
1月,全部科室(汇总对比),缺失行,单极线-1/z3040,1570681,整行,3.0/28.0/84.0,,219,,
1月,全部科室(汇总对比),缺失行,剪刀（EO）-1/Z2060,1570681,整行,4.0/22.4/89.6,,220,,
1月,全部科室(汇总对比),缺失行,经皮肾镜-1/z2060,1570681,整行,1.0/22.4/22.4,,221,,
1月,全部科室(汇总对比),缺失行,镜头-1/z2060,1570681,整行,2.0/22.4/44.8,,222,,
1月,全部科室(汇总对比),缺失行,气腹管-1/z3044,1570681,整行,4.0/28.0/112.0,,223,,
1月,全部科室(汇总对比),缺失行,气腹针-1/z1029,1570681,整行,1.0/17.6/17.6,,224,,
1月,全部科室(汇总对比),缺失行,生物夹钳-1/双层z2060,1570681,整行,4.0/22.4/89.6,,225,,
1月,全部科室(汇总对比),缺失行,弯钳-1/z2060,1570681,整行,4.0/22.4/89.6,,226,,
1月,全部科室(汇总对比),缺失行,无损伤钳-1/z2060,1570681,整行,4.0/22.4/89.6,,227,,
1月,全部科室(汇总对比),缺失行,吸引器-1/z1560,1570681,整行,4.0/20.0/80.0,,228,,
1月,全部科室(汇总对比),缺失行,30°腹腔镜-1/z2060,1570681,整行,1.0/28.0/28.0,,229,,
1月,全部科室(汇总对比),缺失行,手科特器-9/w6050,1570759,整行,1.0/39.6/39.6,,230,,
1月,全部科室(汇总对比),缺失行,腹腔镜包,1570959,整行,3.0/154.0/462.0,,231,,
1月,全部科室(汇总对比),缺失行,间盘镜特器（高温）-17件,1570959,整行,1.0/79.2/79.2,,232,,
1月,全部科室(汇总对比),缺失行,取板特器,1570959,整行,1.0/96.8/96.8,,233,,
1月,全部科室(汇总对比),缺失行,小小切开包,1570959,整行,4.0/83.6/334.4,,234,,
1月,全部科室(汇总对比),缺失行,碗1 盘2 杯2 /w6050,1570959,整行,1.0/22.0/22.0,,235,,
1月,全部科室(汇总对比),缺失行,毛巾/z3032,1570959,整行,8.0/3.2/25.6,,236,,
1月,全部科室(汇总对比),缺失行,骨科包,1571014,整行,1.0/184.8/184.8,,237,,
1月,全部科室(汇总对比),缺失行,小小切开包,1571014,整行,3.0/83.6/250.8,,238,,
1月,全部科室(汇总对比),缺失行,电钻-4件（盒1）/w9050,1571014,整行,1.0/22.0/22.0,,239,,
1月,全部科室(汇总对比),缺失行,电钻-4件（盒1）/w9050,1571014,整行,2.0/22.0/44.0,,240,,
1月,全部科室(汇总对比),缺失行,磨钻-16（盒1）/w9050,1571014,整行,1.0/74.8/74.8,,241,,
1月,全部科室(汇总对比),缺失行,肌钩-2/Z7526,1571014,整行,1.0/10.8/10.8,,242,,
1月,全部科室(汇总对比),缺失行,尖刀柄-1/Z7530,1571014,整行,1.0/6.4/6.4,,243,,
1月,全部科室(汇总对比),缺失行,克氏针-5/Z7534,1571014,整行,1.0/6.4/6.4,,244,,
1月,全部科室(汇总对比),缺失行,卵圆钳1 镊子1/Z1535,1571014,整行,1.0/13.2/13.2,,245,,
1月,全部科室(汇总对比),缺失行,手科特器-14/w6050,1571014,整行,1.0/61.6/61.6,,246,,
1月,全部科室(汇总对比),缺失行,手科特器-9/w6050,1571014,整行,1.0/39.6/39.6,,247,,
1月,全部科室(汇总对比),缺失行,碗1 盘2 杯2 /w6050,1571014,整行,10.0/22.0/220.0,,248,,
1月,全部科室(汇总对比),缺失行,咬钉器-1/w9050,1571014,整行,1.0/13.2/13.2,,249,,
1月,全部科室(汇总对比),缺失行,STORZ 3D镜头 光源-2/w12050,1571040,整行,1.0/35.2/35.2,,250,,
1月,全部科室(汇总对比),缺失行,保温瓶-1/z2044,1571040,整行,3.0/22.4/67.2,,251,,
1月,全部科室(汇总对比),缺失行,超声刀线-1/z3040,1571040,整行,2.0/28.0/56.0,,252,,
1月,全部科室(汇总对比),缺失行,戳卡-1/z1029,1571040,整行,1.0/17.6/17.6,,253,,
1月,全部科室(汇总对比),缺失行,单极钩-1/z7550,1571040,整行,1.0/17.6/17.6,,254,,
1月,全部科室(汇总对比),缺失行,单极线-1/z3040,1571040,整行,2.0/28.0/56.0,,255,,
1月,全部科室(汇总对比),缺失行,间盘镜镜头-1件（盒1）/w12050,1571040,整行,2.0/28.0/56.0,,256,,
1月,全部科室(汇总对比),缺失行,剪刀（EO）-1/Z2060,1571040,整行,4.0/22.4/89.6,,257,,
1月,全部科室(汇总对比),缺失行,镜头-1/z2060,1571040,整行,1.0/22.4/22.4,,258,,
1月,全部科室(汇总对比),缺失行,可吸收生物夹钳-1/Z2060,1571040,整行,1.0/22.4/22.4,,259,,
1月,全部科室(汇总对比),缺失行,气腹管-1/z3044,1571040,整行,3.0/28.0/84.0,,260,,
1月,全部科室(汇总对比),缺失行,气腹针-1/z1029,1571040,整行,3.0/17.6/52.8,,261,,
1月,全部科室(汇总对比),缺失行,生物夹钳-1/双层z2060,1571040,整行,2.0/22.4/44.8,,262,,
1月,全部科室(汇总对比),缺失行,弯钳-1/z2060,1571040,整行,3.0/22.4/67.2,,263,,
1月,全部科室(汇总对比),缺失行,无损伤钳-1/z2060,1571040,整行,3.0/22.4/67.2,,264,,
1月,全部科室(汇总对比),缺失行,吸引器-1/z1560,1571040,整行,3.0/20.0/60.0,,265,,
1月,全部科室(汇总对比),缺失行,抓钳-1/z2060,1571040,整行,1.0/22.4/22.4,,266,,
1月,全部科室(汇总对比),缺失行,30°腹腔镜-1/z2060,1571040,整行,1.0/28.0/28.0,,267,,
1月,全部科室(汇总对比),缺失行,间盘镜特器（高温）-18件,1571049,整行,1.0/83.6/83.6,,268,,
1月,全部科室(汇总对比),缺失行,小小切开包,1571049,整行,1.0/83.6/83.6,,269,,
1月,全部科室(汇总对比),缺失行,克氏针-5/Z7534,1571049,整行,1.0/6.4/6.4,,270,,
1月,全部科室(汇总对比),缺失行,碗1 盘2 杯2 /w6050,1571049,整行,1.0/22.0/22.0,,271,,
1月,全部科室(汇总对比),缺失行,肛肠包,1571295,整行,1.0/162.8/162.8,,272,,
1月,全部科室(汇总对比),缺失行,骨科包,1571295,整行,1.0/184.8/184.8,,273,,
1月,全部科室(汇总对比),缺失行,间盘镜特器（高温）-17件,1571295,整行,1.0/79.2/79.2,,274,,
1月,全部科室(汇总对比),缺失行,小小切开包,1571295,整行,2.0/83.6/167.2,,275,,
1月,全部科室(汇总对比),缺失行,电钻-4件（盒1）/w9050,1571295,整行,1.0/22.0/22.0,,276,,
1月,全部科室(汇总对比),缺失行,电钻-3/w9050,1571295,整行,1.0/13.2/13.2,,277,,
1月,全部科室(汇总对比),缺失行,清创包-10框1/w9050,1571295,整行,1.0/48.4/48.4,,278,,
1月,全部科室(汇总对比),缺失行,碗1 盘2 杯2 /w6050,1571295,整行,5.0/22.0/110.0,,279,,
1月,全部科室(汇总对比),缺失行,蚊式-6/w6050,1571295,整行,1.0/26.4/26.4,,280,,
1月,全部科室(汇总对比),缺失行,毛巾/z3032,1571295,整行,6.0/3.2/19.2,,281,,
1月,全部科室(汇总对比),缺失行,间盘镜镜头-1件（盒1）/w12050,1571360,整行,1.0/28.0/28.0,,282,,
1月,全部科室(汇总对比),缺失行,脑科钻-6件/w9050,1571360,整行,1.0/88.0/88.0,,283,,
1月,全部科室(汇总对比),缺失行,腹腔镜包,1571393,整行,1.0/154.0/154.0,,284,,
1月,全部科室(汇总对比),缺失行,肛肠包,1571393,整行,1.0/162.8/162.8,,285,,
1月,全部科室(汇总对比),缺失行,间盘镜特器（高温）-18件,1571393,整行,1.0/83.6/83.6,,286,,
1月,全部科室(汇总对比),缺失行,小小切开包,1571393,整行,1.0/83.6/83.6,,287,,
1月,全部科室(汇总对比),缺失行,探针-1/保/Z7530,1571393,整行,1.0/6.4/6.4,,288,,
1月,全部科室(汇总对比),缺失行,碗1 盘2 杯2 /w6050,1571393,整行,3.0/22.0/66.0,,289,,
1月,全部科室(汇总对比),缺失行,保温杯-1件/z2045,1571395,整行,1.0/22.4/22.4,,290,,
1月,全部科室(汇总对比),缺失行,超声刀线（低温）-1/z3040,1571395,整行,1.0/28.0/28.0,,291,,
1月,全部科室(汇总对比),缺失行,间盘镜镜头-1件（盒1）/w12050,1571395,整行,1.0/28.0/28.0,,292,,
1月,全部科室(汇总对比),缺失行,剪刀-1（低温）/z2060,1571395,整行,1.0/22.4/22.4,,293,,
1月,全部科室(汇总对比),缺失行,镜头-1/z2060,1571395,整行,1.0/17.6/17.6,,294,,
1月,全部科室(汇总对比),缺失行,气腹管-1件/z3040,1571395,整行,1.0/28.0/28.0,,295,,
1月,全部科室(汇总对比),缺失行,气腹针（低温）-1/z1030,1571395,整行,1.0/17.6/17.6,,296,,
1月,全部科室(汇总对比),缺失行,生物夹钳-1件（低温）/z2060,1571395,整行,1.0/22.4/22.4,,297,,
1月,全部科室(汇总对比),缺失行,无损伤钳（低温）-1/z2060,1571395,整行,1.0/22.4/22.4,,298,,
1月,全部科室(汇总对比),缺失行,吸引器(低)-1/Z1560,1571395,整行,1.0/20.0/20.0,,299,,
1月,全部科室(汇总对比),缺失行,左弯钳-1/Z2060,1571395,整行,1.0/22.4/22.4,,300,,
1月,全部科室(汇总对比),缺失行,脑科钻-6件（低温）/w9050,1571399,整行,1.0/88.0/88.0,,301,,
1月,全部科室(汇总对比),缺失行,腹腔镜包,1571777,整行,2.0/154.0/308.0,,302,,
1月,全部科室(汇总对比),缺失行,肛肠包,1571777,整行,1.0/162.8/162.8,,303,,
1月,全部科室(汇总对比),缺失行,小小切开包,1571777,整行,2.0/83.6/167.2,,304,,
1月,全部科室(汇总对比),缺失行,荷包钳-1/Z1535,1571777,整行,1.0/8.8/8.8,,305,,
1月,全部科室(汇总对比),缺失行,肌钩-2/Z7526,1571777,整行,1.0/10.8/10.8,,306,,
1月,全部科室(汇总对比),缺失行,剪刀1 持针器1/Z1526,1571777,整行,1.0/13.2/13.2,,307,,
1月,全部科室(汇总对比),缺失行,清创包-10框1/w9050,1571777,整行,1.0/48.4/48.4,,308,,
1月,全部科室(汇总对比),缺失行,碗1 盘2 杯2 /w6050,1571777,整行,6.0/22.0/132.0,,309,,
1月,全部科室(汇总对比),缺失行,肛肠特器-10/w6050,1571834,整行,1.0/44.0/44.0,,310,,
1月,全部科室(汇总对比),缺失行,STORZ 3D镜头 光源-2/w12050,1571861,整行,1.0/35.2/35.2,,311,,
1月,全部科室(汇总对比),缺失行,保温瓶-1/z2044,1571861,整行,2.0/22.4/44.8,,312,,
1月,全部科室(汇总对比),缺失行,超声刀线-1/z3040,1571861,整行,1.0/28.0/28.0,,313,,
1月,全部科室(汇总对比),缺失行,持针器-1（EO）/z2060,1571861,整行,1.0/22.4/22.4,,314,,
1月,全部科室(汇总对比),缺失行,单极钩-1/z7550,1571861,整行,1.0/17.6/17.6,,315,,
1月,全部科室(汇总对比),缺失行,电极线(EO)-1/Z3040,1571861,整行,1.0/28.0/28.0,,316,,
1月,全部科室(汇总对比),缺失行,剪刀（EO）-1/Z2060,1571861,整行,2.0/22.4/44.8,,317,,
1月,全部科室(汇总对比),缺失行,镜头-1/z2060,1571861,整行,1.0/22.4/22.4,,318,,
1月,全部科室(汇总对比),缺失行,阑尾抓钳-1/z2060,1571861,整行,1.0/22.4/22.4,,319,,
1月,全部科室(汇总对比),缺失行,气腹管-1/z3044,1571861,整行,2.0/28.0/56.0,,320,,
1月,全部科室(汇总对比),缺失行,气腹针-1/z1029,1571861,整行,2.0/17.6/35.2,,321,,
1月,全部科室(汇总对比),缺失行,生物夹钳-1/双层z2060,1571861,整行,2.0/22.4/44.8,,322,,
1月,全部科室(汇总对比),缺失行,弯钳-1/z2060,1571861,整行,2.0/22.4/44.8,,323,,
1月,全部科室(汇总对比),缺失行,王树人 光源-1/z3044,1571861,整行,1.0/28.0/28.0,,324,,
1月,全部科室(汇总对比),缺失行,王树人特器-1件/z2060,1571861,整行,1.0/22.4/22.4,,325,,
1月,全部科室(汇总对比),缺失行,无损伤钳-1/z2060,1571861,整行,2.0/22.4/44.8,,326,,
1月,全部科室(汇总对比),缺失行,吸引器-1/z1560,1571861,整行,2.0/20.0/40.0,,327,,
1月,全部科室(汇总对比),缺失行,腹腔镜包,1572182,整行,1.0/154.0/154.0,,328,,
1月,全部科室(汇总对比),缺失行,肛肠包,1572182,整行,1.0/162.8/162.8,,329,,
1月,全部科室(汇总对比),缺失行,间盘镜特器（高温）-17件,1572182,整行,1.0/79.2/79.2,,330,,
1月,全部科室(汇总对比),缺失行,小小切开包,1572182,整行,5.0/83.6/418.0,,331,,
1月,全部科室(汇总对比),缺失行,杯1 碗1 盘1/Z3032,1572182,整行,1.0/13.2/13.2,,332,,
1月,全部科室(汇总对比),缺失行,电凝线1镊子1/Z3044,1572182,整行,1.0/13.2/13.2,,333,,
1月,全部科室(汇总对比),缺失行,刮勺-1/Z7526,1572182,整行,3.0/6.4/19.2,,334,,
1月,全部科室(汇总对比),缺失行,玻切包,1572182,整行,1.0/79.2/79.2,,335,,
1月,全部科室(汇总对比),缺失行,灯把手-8/w6050,1572182,整行,1.0/35.2/35.2,,336,,
1月,全部科室(汇总对比),缺失行,碗1 盘2 杯2 /w6050,1572182,整行,7.0/22.0/154.0,,337,,
1月,全部科室(汇总对比),缺失行,眼科镜片-11盒1/w9050,1572182,整行,1.0/52.8/52.8,,338,,
1月,全部科室(汇总对比),缺失行,保温瓶-1/z2044,1572244,整行,1.0/22.4/22.4,,339,,
1月,全部科室(汇总对比),缺失行,单极钩-1/z7550,1572244,整行,1.0/17.6/17.6,,340,,
1月,全部科室(汇总对比),缺失行,单极线-1/z3040,1572244,整行,1.0/28.0/28.0,,341,,
1月,全部科室(汇总对比),缺失行,激光线-1/z3040,1572244,整行,1.0/28.0/28.0,,342,,
1月,全部科室(汇总对比),缺失行,间盘镜镜头-1件（盒1）/w12050,1572244,整行,1.0/28.0/28.0,,343,,
1月,全部科室(汇总对比),缺失行,剪刀（EO）-1/Z2060,1572244,整行,1.0/22.4/22.4,,344,,
1月,全部科室(汇总对比),缺失行,可吸收生物夹钳-1/Z2060,1572244,整行,1.0/22.4/22.4,,345,,
1月,全部科室(汇总对比),缺失行,气腹管-1/z3044,1572244,整行,1.0/28.0/28.0,,346,,
1月,全部科室(汇总对比),缺失行,气腹针-1/z1029,1572244,整行,1.0/17.6/17.6,,347,,
1月,全部科室(汇总对比),缺失行,生物夹钳-1/双层z2060,1572244,整行,1.0/22.4/22.4,,348,,
1月,全部科室(汇总对比),缺失行,弯钳-1/z2060,1572244,整行,1.0/22.4/22.4,,349,,
1月,全部科室(汇总对比),缺失行,无损伤钳-1/z2060,1572244,整行,1.0/22.4/22.4,,350,,
1月,全部科室(汇总对比),缺失行,吸引器-1/z1560,1572244,整行,1.0/20.0/20.0,,351,,
1月,全部科室(汇总对比),缺失行,30°腹腔镜-1/z2060,1572244,整行,1.0/28.0/28.0,,352,,
1月,全部科室(汇总对比),缺失行,骨科包,1572248,整行,1.0/184.8/184.8,,353,,
1月,全部科室(汇总对比),缺失行,电钻-4件（盒1）/w9050,1572248,整行,1.0/22.0/22.0,,354,,
1月,全部科室(汇总对比),缺失行,断钉取出器-1/Z1535,1572248,整行,1.0/8.8/8.8,,355,,
1月,全部科室(汇总对比),缺失行,克氏针-3/Z7537,1572248,整行,1.0/13.2/13.2,,356,,
1月,全部科室(汇总对比),缺失行,拉钩-2/Z7526,1572248,整行,1.0/10.8/10.8,,357,,
1月,全部科室(汇总对比),缺失行,中弯-4/Z1526,1572248,整行,1.0/17.6/17.6,,358,,
1月,全部科室(汇总对比),缺失行,S钩-2/w6050,1572248,整行,1.0/13.2/13.2,,359,,
1月,全部科室(汇总对比),缺失行,手科特器-14/w6050,1572248,整行,1.0/61.6/61.6,,360,,
1月,全部科室(汇总对比),缺失行,碗1 盘2 杯2 /w6050,1572248,整行,1.0/22.0/22.0,,361,,
1月,全部科室(汇总对比),缺失行,蚊式-6/w6050,1572248,整行,1.0/26.4/26.4,,362,,
1月,全部科室(汇总对比),缺失行,咬钉器-1/w9050,1572248,整行,1.0/13.2/13.2,,363,,
1月,全部科室(汇总对比),缺失行,膀胱检查镜镜头（过氧化氢）-1/z2060,1572250,整行,1.0/22.4/22.4,,364,,
1月,全部科室(汇总对比),缺失行,膀胱镜手件（过氧化氢）-4/z2060,1572250,整行,1.0/70.4/70.4,,365,,
1月,全部科室(汇总对比),缺失行,冲洗球-2件/z2030,1572250,整行,1.0/35.2/35.2,,366,,
1月,全部科室(汇总对比),缺失行,肛肠包,1572463,整行,1.0/162.8/162.8,,367,,
1月,全部科室(汇总对比),缺失行,小切开包,1572463,整行,1.0/215.6/215.6,,368,,
1月,全部科室(汇总对比),缺失行,大弯-4/w6050,1572463,整行,1.0/17.6/17.6,,369,,
1月,全部科室(汇总对比),缺失行,碗1 盘2 杯2 /w6050,1572463,整行,2.0/22.0/44.0,,370,,
1月,全部科室(汇总对比),缺失行,毛巾/Z2530,1572463,整行,15.0/3.2/48.0,,371,,
1月,全部科室(汇总对比),缺失行,膀胱电切镜-1/z2060,1572539,整行,1.0/22.4/22.4,,372,,
1月,全部科室(汇总对比),缺失行,膀胱镜手件-4/z2060,1572539,整行,1.0/70.4/70.4,,373,,
1月,全部科室(汇总对比),缺失行,冲洗瓶（EO）-3/z2544,1572539,整行,1.0/52.8/52.8,,374,,
1月,全部科室(汇总对比),缺失行,杯1 碗1 盘1/Z3032,1572579,整行,1.0/13.2/13.2,,375,,
1月,全部科室(汇总对比),缺失行,超乳特器-4/Z2535,1572579,整行,1.0/17.6/17.6,,376,,
1月,全部科室(汇总对比),缺失行,注吸器-1/z7526,1572579,整行,1.0/6.4/6.4,,377,,
1月,全部科室(汇总对比),缺失行,眼科白内障-13件（盒1）,1572579,整行,1.0/57.2/57.2,,378,,
1月,全部科室(汇总对比),缺失行,灯把手-8/w6050,1572579,整行,1.0/35.2/35.2,,379,,
1月,全部科室(汇总对比),缺失行,腹腔镜包,1572914,整行,2.0/154.0/308.0,,380,,
1月,全部科室(汇总对比),缺失行,间盘镜特器（高温）-17件,1572914,整行,1.0/79.2/79.2,,381,,
1月,全部科室(汇总对比),缺失行,小切开包,1572914,整行,1.0/215.6/215.6,,382,,
1月,全部科室(汇总对比),缺失行,小小切开包,1572914,整行,3.0/83.6/250.8,,383,,
1月,全部科室(汇总对比),缺失行,肌钩-2/Z7526,1572914,整行,2.0/10.8/21.6,,384,,
1月,全部科室(汇总对比),缺失行,剪刀1 持针器1/Z1526,1572914,整行,1.0/13.2/13.2,,385,,
1月,全部科室(汇总对比),缺失行,大弯-4/w6050,1572914,整行,1.0/17.6/17.6,,386,,
1月,全部科室(汇总对比),缺失行,碗1 盘2 杯2 /w6050,1572914,整行,6.0/22.0/132.0,,387,,
1月,全部科室(汇总对比),缺失行,毛巾/z3032,1572914,整行,5.0/3.2/16.0,,388,,
1月,全部科室(汇总对比),缺失行,膀胱检查镜镜头-1/z2060,1572988,整行,1.0/22.4/22.4,,389,,
1月,全部科室(汇总对比),缺失行,膀胱镜手件-3/z2060,1572988,整行,1.0/52.8/52.8,,390,,
1月,全部科室(汇总对比),缺失行,保温瓶-1/z2044,1572988,整行,2.0/22.4/44.8,,391,,
1月,全部科室(汇总对比),缺失行,超声刀线-1/z3040,1572988,整行,4.0/28.0/112.0,,392,,
1月,全部科室(汇总对比),缺失行,单极铲-1/Z1035,1572988,整行,2.0/17.6/35.2,,393,,
1月,全部科室(汇总对比),缺失行,单极线-1/z3040,1572988,整行,2.0/28.0/56.0,,394,,
1月,全部科室(汇总对比),缺失行,剪刀（EO）-1/Z2060,1572988,整行,2.0/22.4/44.8,,395,,
1月,全部科室(汇总对比),缺失行,气腹管-1/z3044,1572988,整行,2.0/28.0/56.0,,396,,
1月,全部科室(汇总对比),缺失行,气腹针-1/z1029,1572988,整行,2.0/17.6/35.2,,397,,
1月,全部科室(汇总对比),缺失行,取石钳（EO）-1/Z2060,1572988,整行,1.0/22.4/22.4,,398,,
1月,全部科室(汇总对比),缺失行,生物夹钳-1/双层z2060,1572988,整行,4.0/22.4/89.6,,399,,
1月,全部科室(汇总对比),缺失行,特殊钳-1（EO）/Z2044,1572988,整行,1.0/22.4/22.4,,400,,
1月,全部科室(汇总对比),缺失行,弯钳-1/z2060,1572988,整行,2.0/22.4/44.8,,401,,
1月,全部科室(汇总对比),缺失行,王树人光源-1/z3044,1572988,整行,2.0/28.0/56.0,,402,,
1月,全部科室(汇总对比),缺失行,王树人镜头（EO）-1/Z2060,1572988,整行,1.0/22.4/22.4,,403,,
1月,全部科室(汇总对比),缺失行,王树人特器-1件/z2060,1572988,整行,1.0/22.4/22.4,,404,,
1月,全部科室(汇总对比),缺失行,无损伤钳-1/z2060,1572988,整行,2.0/22.4/44.8,,405,,
1月,全部科室(汇总对比),缺失行,吸引器-1/z1560,1572988,整行,2.0/20.0/40.0,,406,,
1月,全部科室(汇总对比),缺失行,抓钳-1/z2060,1572988,整行,1.0/22.4/22.4,,407,,
1月,全部科室(汇总对比),缺失行,30°腹腔镜-1/z2060,1572988,整行,2.0/28.0/56.0,,408,,
1月,全部科室(汇总对比),缺失行,王树人特器-3件/W6050,1572988,整行,1.0/13.2/13.2,,409,,
1月,全部科室(汇总对比),缺失行,绷带/Z1526,1573213,整行,30.0/2.0/60.0,,410,,
1月,全部科室(汇总对比),缺失行,毛巾/z3032,1573213,整行,10.0/3.2/32.0,,411,,
1月,全部科室(汇总对比),缺失行,腹腔镜包,1573284,整行,2.0/154.0/308.0,,412,,
1月,全部科室(汇总对比),缺失行,肛肠包,1573284,整行,2.0/162.8/325.6,,413,,
1月,全部科室(汇总对比),缺失行,小切开包,1573284,整行,1.0/215.6/215.6,,414,,
1月,全部科室(汇总对比),缺失行,小小切开包,1573284,整行,3.0/83.6/250.8,,415,,
1月,全部科室(汇总对比),缺失行,6号 7号吸头-2/Z7534,1573284,整行,1.0/10.8/10.8,,416,,
1月,全部科室(汇总对比),缺失行,肛门拉钩-2/Z1526,1573284,整行,1.0/13.2/13.2,,417,,
1月,全部科室(汇总对比),缺失行,机器人持针器-1/Z2060,1573284,整行,2.0/10.4/20.8,,418,,
1月,全部科室(汇总对比),缺失行,机器人窗式双极钳-1/Z2060,1573284,整行,1.0/10.4/10.4,,419,,
1月,全部科室(汇总对比),缺失行,机器人戳卡3套 /双/Z2032,1573284,整行,1.0/13.2/13.2,,420,,
1月,全部科室(汇总对比),缺失行,机器人单极弯剪刀-1/Z2060,1573284,整行,2.0/10.4/20.8,,421,,
1月,全部科室(汇总对比),缺失行,机器人双极马里兰-1/Z2060,1573284,整行,1.0/10.4/10.4,,422,,
1月,全部科室(汇总对比),缺失行,机器人双极线-1/Z3044,1573284,整行,1.0/12.8/12.8,,423,,
1月,全部科室(汇总对比),缺失行,机器人吸引器-1/Z1535,1573284,整行,1.0/8.8/8.8,,424,,
1月,全部科室(汇总对比),缺失行,肌钩-2/Z7526,1573284,整行,1.0/10.8/10.8,,425,,
1月,全部科室(汇总对比),缺失行,夹子-1/z7520,1573284,整行,1.0/6.4/6.4,,426,,
1月,全部科室(汇总对比),缺失行,巾钳子-4/Z1526,1573284,整行,1.0/17.6/17.6,,427,,
1月,全部科室(汇总对比),缺失行,金属导尿管-1/Z7530,1573284,整行,1.0/6.4/6.4,,428,,
1月,全部科室(汇总对比),缺失行,平头窗式双极钳-1/Z2060,1573284,整行,1.0/10.4/10.4,,429,,
1月,全部科室(汇总对比),缺失行,探针-1/保/Z7530,1573284,整行,1.0/6.4/6.4,,430,,
1月,全部科室(汇总对比),缺失行,眼科特器-7/双Z1526,1573284,整行,1.0/30.8/30.8,,431,,
1月,全部科室(汇总对比),缺失行,直角钳1 钩1/Z1526,1573284,整行,1.0/13.2/13.2,,432,,
1月,全部科室(汇总对比),缺失行,组件-12/Z1026,1573284,整行,1.0/52.8/52.8,,433,,
1月,全部科室(汇总对比),缺失行,大弯-4/w6050,1573284,整行,1.0/17.6/17.6,,434,,
1月,全部科室(汇总对比),缺失行,肛肠特器-10/w6050,1573284,整行,1.0/44.0/44.0,,435,,
1月,全部科室(汇总对比),缺失行,骨掀-2/w7050,1573284,整行,1.0/13.2/13.2,,436,,
1月,全部科室(汇总对比),缺失行,手科特器-14/w6050,1573284,整行,1.0/61.6/61.6,,437,,
1月,全部科室(汇总对比),缺失行,碗1 盘2 杯2 /w6050,1573284,整行,8.0/22.0/176.0,,438,,
1月,全部科室(汇总对比),缺失行,保温杯-1件/z2045,1573305,整行,1.0/22.4/22.4,,439,,
1月,全部科室(汇总对比),缺失行,超声刀线（低温）-1/z3040,1573305,整行,1.0/28.0/28.0,,440,,
1月,全部科室(汇总对比),缺失行,单极线-1件/z3040,1573305,整行,1.0/28.0/28.0,,441,,
1月,全部科室(汇总对比),缺失行,剪刀-1（低温）/z2060,1573305,整行,1.0/22.4/22.4,,442,,
1月,全部科室(汇总对比),缺失行,镜头-1/z2060,1573305,整行,1.0/17.6/17.6,,443,,
1月,全部科室(汇总对比),缺失行,气腹管-1件/z3040,1573305,整行,1.0/28.0/28.0,,444,,
1月,全部科室(汇总对比),缺失行,气腹针（低温）-1/z1030,1573305,整行,1.0/17.6/17.6,,445,,
1月,全部科室(汇总对比),缺失行,无损伤钳（低温）-1/z2060,1573305,整行,1.0/22.4/22.4,,446,,
1月,全部科室(汇总对比),缺失行,吸引器(低)-1/Z1560,1573305,整行,1.0/20.0/20.0,,447,,
1月,全部科室(汇总对比),缺失行,左弯钳-1/Z2060,1573305,整行,1.0/22.4/22.4,,448,,
1月,全部科室(汇总对比),缺失行,STORZ 3D镜头 光源-2/w12050,1573310,整行,1.0/35.2/35.2,,449,,
1月,全部科室(汇总对比),缺失行,膀胱检查镜镜头-1/z2060,1573310,整行,1.0/22.4/22.4,,450,,
1月,全部科室(汇总对比),缺失行,膀胱镜手件-3/双/z2060,1573310,整行,2.0/52.8/105.6,,451,,
1月,全部科室(汇总对比),缺失行,膀胱碎石镜手件-4/z2060,1573310,整行,1.0/70.4/70.4,,452,,
1月,全部科室(汇总对比),缺失行,保温瓶-1/z2044,1573310,整行,1.0/22.4/22.4,,453,,
1月,全部科室(汇总对比),缺失行,超声刀线-1/z3040,1573310,整行,1.0/28.0/28.0,,454,,
1月,全部科室(汇总对比),缺失行,单极吸引器-1/z2060,1573310,整行,1.0/22.4/22.4,,455,,
1月,全部科室(汇总对比),缺失行,单极线-1/z3040,1573310,整行,1.0/28.0/28.0,,456,,
1月,全部科室(汇总对比),缺失行,剪刀（EO）-1/Z2060,1573310,整行,1.0/22.4/22.4,,457,,
1月,全部科室(汇总对比),缺失行,举宫杯-8件/z2060,1573310,整行,1.0/123.2/123.2,,458,,
1月,全部科室(汇总对比),缺失行,气腹管-1/z3044,1573310,整行,1.0/28.0/28.0,,459,,
1月,全部科室(汇总对比),缺失行,气腹针-1/z1029,1573310,整行,1.0/17.6/17.6,,460,,
1月,全部科室(汇总对比),缺失行,取石钳（EO）-1/Z2060,1573310,整行,1.0/22.4/22.4,,461,,
1月,全部科室(汇总对比),缺失行,肾镜-1/z2060,1573310,整行,1.0/22.4/22.4,,462,,
1月,全部科室(汇总对比),缺失行,生物夹钳-1/双层z2060,1573310,整行,2.0/22.4/44.8,,463,,
1月,全部科室(汇总对比),缺失行,特殊钳-1（EO）/Z2044,1573310,整行,2.0/22.4/44.8,,464,,
1月,全部科室(汇总对比),缺失行,弯钳-1/z2060,1573310,整行,3.0/22.4/67.2,,465,,
1月,全部科室(汇总对比),缺失行,无损伤钳-1/z2060,1573310,整行,4.0/22.4/89.6,,466,,
1月,全部科室(汇总对比),缺失行,转换器-1/z7520,1573310,整行,1.0/17.6/17.6,,467,,
1月,全部科室(汇总对比),缺失行,肛肠包,1573715,整行,2.0/162.8/325.6,,468,,
1月,全部科室(汇总对比),缺失行,人流包-25件,1573715,整行,1.0/110.0/110.0,,469,,
1月,全部科室(汇总对比),缺失行,小小切开包,1573715,整行,1.0/83.6/83.6,,470,,
1月,全部科室(汇总对比),缺失行,电凝线1镊子1/Z3044,1573715,整行,1.0/13.2/13.2,,471,,
1月,全部科室(汇总对比),缺失行,探针-1/保/Z7530,1573715,整行,1.0/6.4/6.4,,472,,
1月,全部科室(汇总对比),缺失行,小弯1剪刀1/Z1530,1573715,整行,1.0/13.2/13.2,,473,,
1月,全部科室(汇总对比),缺失行,玻切包,1573715,整行,1.0/79.2/79.2,,474,,
1月,全部科室(汇总对比),缺失行,杯1 碗1 盘1（白内障）/w6050,1573715,整行,1.0/13.2/13.2,,475,,
1月,全部科室(汇总对比),缺失行,灯把手-8/w6050,1573715,整行,1.0/35.2/35.2,,476,,
1月,全部科室(汇总对比),缺失行,碗1 盘2 杯2 /w6050,1573715,整行,3.0/22.0/66.0,,477,,
1月,全部科室(汇总对比),缺失行,眼科镜片-11盒1/w9050,1573715,整行,1.0/52.8/52.8,,478,,
1月,全部科室(汇总对比),缺失行,激光线-1/z3040,1573835,整行,1.0/28.0/28.0,,479,,
1月,全部科室(汇总对比),缺失行,腹腔镜包,1574132,整行,1.0/154.0/154.0,,480,,
1月,全部科室(汇总对比),缺失行,肛肠包,1574132,整行,1.0/162.8/162.8,,481,,
1月,全部科室(汇总对比),缺失行,骨科包,1574132,整行,1.0/184.8/184.8,,482,,
1月,全部科室(汇总对比),缺失行,间盘镜特器（高温）-17件,1574132,整行,1.0/79.2/79.2,,483,,
1月,全部科室(汇总对比),缺失行,间盘镜特器（高温）-18件,1574132,整行,1.0/83.6/83.6,,484,,
1月,全部科室(汇总对比),缺失行,小小切开包,1574132,整行,4.0/83.6/334.4,,485,,
1月,全部科室(汇总对比),缺失行,刨刀-1件（盒1）/w12050,1574132,整行,1.0/13.2/13.2,,486,,
1月,全部科室(汇总对比),缺失行,杯1 碗1 盘1/Z3032,1574132,整行,1.0/13.2/13.2,,487,,
1月,全部科室(汇总对比),缺失行,肛门拉钩-2/Z1526,1574132,整行,1.0/13.2/13.2,,488,,
1月,全部科室(汇总对比),缺失行,尖刀柄-1/Z7530,1574132,整行,1.0/6.4/6.4,,489,,
1月,全部科室(汇总对比),缺失行,探针-1/保/Z7530,1574132,整行,1.0/6.4/6.4,,490,,
1月,全部科室(汇总对比),缺失行,碗1 盘2 杯2 /w6050,1574132,整行,6.0/22.0/132.0,,491,,
1月,全部科室(汇总对比),缺失行,关节镜器械（粗）-11件,1574173,整行,1.0/149.6/149.6,,492,,
1月,全部科室(汇总对比),缺失行,保温瓶-1/z2044,1574173,整行,1.0/22.4/22.4,,493,,
1月,全部科室(汇总对比),缺失行,超声刀线-1/z3040,1574173,整行,1.0/28.0/28.0,,494,,
1月,全部科室(汇总对比),缺失行,持针器-1（EO）/z2060,1574173,整行,1.0/22.4/22.4,,495,,
1月,全部科室(汇总对比),缺失行,单极钩-1/z7550,1574173,整行,1.0/17.6/17.6,,496,,
1月,全部科室(汇总对比),缺失行,单极线-1/z3040,1574173,整行,1.0/28.0/28.0,,497,,
1月,全部科室(汇总对比),缺失行,胆道镜-6(筐1)/w12050,1574173,整行,1.0/240.0/240.0,,498,,
1月,全部科室(汇总对比),缺失行,间盘镜镜头-1件（盒1）/w12050,1574173,整行,1.0/28.0/28.0,,499,,
1月,全部科室(汇总对比),缺失行,剪刀（EO）-1/Z2060,1574173,整行,2.0/22.4/44.8,,500,,
1月,全部科室(汇总对比),缺失行,气腹管-1/z3044,1574173,整行,1.0/28.0/28.0,,501,,
1月,全部科室(汇总对比),缺失行,生物夹钳-1/双层z2060,1574173,整行,1.0/22.4/22.4,,502,,
1月,全部科室(汇总对比),缺失行,弯钳-1/z2060,1574173,整行,2.0/22.4/44.8,,503,,
1月,全部科室(汇总对比),缺失行,王树人特器-1件/z2060,1574173,整行,2.0/22.4/44.8,,504,,
1月,全部科室(汇总对比),缺失行,无损伤钳-1/z2060,1574173,整行,1.0/22.4/22.4,,505,,
1月,全部科室(汇总对比),缺失行,吸引器-1/z1560,1574173,整行,1.0/20.0/20.0,,506,,
1月,全部科室(汇总对比),缺失行,30°腹腔镜-1/z2060,1574173,整行,1.0/28.0/28.0,,507,,
1月,全部科室(汇总对比),缺失行,30°关节镜（粗）-1件/z2060,1574173,整行,1.0/22.4/22.4,,508,,
1月,全部科室(汇总对比),缺失行,腹腔镜包,1574444,整行,1.0/154.0/154.0,,509,,
1月,全部科室(汇总对比),缺失行,肛肠包,1574444,整行,2.0/162.8/325.6,,510,,
1月,全部科室(汇总对比),缺失行,间盘包,1574444,整行,1.0/198.0/198.0,,511,,
1月,全部科室(汇总对比),缺失行,小切开包,1574444,整行,1.0/215.6/215.6,,512,,
1月,全部科室(汇总对比),缺失行,小小切开包,1574444,整行,5.0/83.6/418.0,,513,,
1月,全部科室(汇总对比),缺失行,刨刀-1件（盒1）/w12050,1574444,整行,1.0/13.2/13.2,,514,,
1月,全部科室(汇总对比),缺失行,肛门拉钩-2/Z1526,1574444,整行,1.0/13.2/13.2,,515,,
1月,全部科室(汇总对比),缺失行,刮勺-1/Z7526,1574444,整行,1.0/6.4/6.4,,516,,
1月,全部科室(汇总对比),缺失行,剪刀1 持针器1/Z1526,1574444,整行,1.0/13.2/13.2,,517,,
1月,全部科室(汇总对比),缺失行,探针-1/保/Z7530,1574444,整行,1.0/6.4/6.4,,518,,
1月,全部科室(汇总对比),缺失行,蚊式-4/Z1526,1574444,整行,1.0/17.6/17.6,,519,,
1月,全部科室(汇总对比),缺失行,手科特器-9/w6050,1574444,整行,1.0/39.6/39.6,,520,,
1月,全部科室(汇总对比),缺失行,碗1 盘2 杯2 /w6050,1574444,整行,10.0/22.0/220.0,,521,,
1月,全部科室(汇总对比),缺失行,关节镜器械（粗）-11件,1574504,整行,1.0/149.6/149.6,,522,,
1月,全部科室(汇总对比),缺失行,保温瓶-1/z2044,1574504,整行,1.0/22.4/22.4,,523,,
1月,全部科室(汇总对比),缺失行,超声刀线-1/z3040,1574504,整行,2.0/28.0/56.0,,524,,
1月,全部科室(汇总对比),缺失行,胆囊抓钳-1/Z2060,1574504,整行,1.0/22.4/22.4,,525,,
1月,全部科室(汇总对比),缺失行,剪刀（EO）-1/Z2060,1574504,整行,1.0/22.4/22.4,,526,,
1月,全部科室(汇总对比),缺失行,镜头-1/z2060,1574504,整行,1.0/22.4/22.4,,527,,
1月,全部科室(汇总对比),缺失行,气腹管-1/z3044,1574504,整行,1.0/28.0/28.0,,528,,
1月,全部科室(汇总对比),缺失行,气腹针-1/z1029,1574504,整行,1.0/17.6/17.6,,529,,
1月,全部科室(汇总对比),缺失行,双极钳-1/z2060,1574504,整行,1.0/22.4/22.4,,530,,
1月,全部科室(汇总对比),缺失行,双极线-1（需保护）/z3040,1574504,整行,1.0/28.0/28.0,,531,,
1月,全部科室(汇总对比),缺失行,弯钳-1/z2060,1574504,整行,1.0/22.4/22.4,,532,,
1月,全部科室(汇总对比),缺失行,无损伤钳-1/z2060,1574504,整行,2.0/22.4/44.8,,533,,
1月,全部科室(汇总对比),缺失行,吸引器-1/z1560,1574504,整行,1.0/20.0/20.0,,534,,
1月,全部科室(汇总对比),缺失行,30°关节镜（粗）-1件/z2060,1574504,整行,1.0/22.4/22.4,,535,,
1月,全部科室(汇总对比),缺失行,小小切开包,1574511,整行,1.0/83.6/83.6,,536,,
1月,全部科室(汇总对比),缺失行,大弯-4/w6050,1574511,整行,1.0/17.6/17.6,,537,,
1月,全部科室(汇总对比),缺失行,手科特器-14/w6050,1574511,整行,1.0/61.6/61.6,,538,,
1月,全部科室(汇总对比),缺失行,碗1 盘2 杯2 /w6050,1574511,整行,1.0/22.0/22.0,,539,,
1月,全部科室(汇总对比),缺失行,蚊式-6/w6050,1574511,整行,1.0/26.4/26.4,,540,,
1月,全部科室(汇总对比),缺失行,膀胱检查镜镜头（过氧化氢）-1/z2060,1574512,整行,1.0/22.4/22.4,,541,,
1月,全部科室(汇总对比),缺失行,膀胱镜手件（过氧化氢）-3/z2060,1574512,整行,1.0/52.8/52.8,,542,,
1月,全部科室(汇总对比),缺失行,毛巾/z3032,1574724,整行,16.0/3.2/51.2,,543,,
1月,全部科室(汇总对比),缺失行,小切开包,1574837,整行,1.0/215.6/215.6,,544,,
1月,全部科室(汇总对比),缺失行,小小切开包,1574837,整行,1.0/83.6/83.6,,545,,
1月,全部科室(汇总对比),缺失行,杯1 碗1 盘1/Z3032,1574837,整行,2.0/13.2/26.4,,546,,
1月,全部科室(汇总对比),缺失行,超乳特器-4/Z2535,1574837,整行,1.0/17.6/17.6,,547,,
1月,全部科室(汇总对比),缺失行,肌钩-2/Z7526,1574837,整行,1.0/10.8/10.8,,548,,
1月,全部科室(汇总对比),缺失行,剪刀1 持针器1/Z1526,1574837,整行,1.0/13.2/13.2,,549,,
1月,全部科室(汇总对比),缺失行,吸引器-1/Z7534,1574837,整行,1.0/6.4/6.4,,550,,
1月,全部科室(汇总对比),缺失行,注吸器-1/z7526,1574837,整行,1.0/6.4/6.4,,551,,
1月,全部科室(汇总对比),缺失行,眼科白内障-13件（盒1）,1574837,整行,1.0/57.2/57.2,,552,,
1月,全部科室(汇总对比),缺失行,S钩-2/w6050,1574837,整行,2.0/13.2/26.4,,553,,
1月,全部科室(汇总对比),缺失行,灯把手-8/w6050,1574837,整行,1.0/35.2/35.2,,554,,
1月,全部科室(汇总对比),缺失行,碗1 盘2 杯2 /w6050,1574837,整行,2.0/22.0/44.0,,555,,
1月,全部科室(汇总对比),缺失行,超声刀线-1/z3040,1574882,整行,1.0/28.0/28.0,,556,,
1月,全部科室(汇总对比),缺失行,腹腔镜包,1575137,整行,2.0/154.0/308.0,,557,,
1月,全部科室(汇总对比),缺失行,肛肠包,1575137,整行,2.0/162.8/325.6,,558,,
1月,全部科室(汇总对比),缺失行,小小切开包,1575137,整行,1.0/83.6/83.6,,559,,
1月,全部科室(汇总对比),缺失行,大弯-4/w6050,1575137,整行,1.0/17.6/17.6,,560,,
1月,全部科室(汇总对比),缺失行,碗1 盘2 杯2 /w6050,1575137,整行,5.0/22.0/110.0,,561,,
1月,全部科室(汇总对比),缺失行,膀胱电切镜头-1/双Z1550,1575232,整行,1.0/28.0/28.0,,562,,
1月,全部科室(汇总对比),缺失行,膀胱镜手件-4/z2060,1575232,整行,1.0/70.4/70.4,,563,,
1月,全部科室(汇总对比),缺失行,保温瓶-1/z2044,1575232,整行,2.0/22.4/44.8,,564,,
1月,全部科室(汇总对比),缺失行,超声刀线-1/z3040,1575232,整行,2.0/28.0/56.0,,565,,
1月,全部科室(汇总对比),缺失行,单极线-1/z3040,1575232,整行,2.0/28.0/56.0,,566,,
1月,全部科室(汇总对比),缺失行,电铲-1/z7550,1575232,整行,1.0/17.6/17.6,,567,,
1月,全部科室(汇总对比),缺失行,分离钳-1/z2060,1575232,整行,2.0/22.4/44.8,,568,,
1月,全部科室(汇总对比),缺失行,剪刀（EO）-1/Z2060,1575232,整行,2.0/22.4/44.8,,569,,
1月,全部科室(汇总对比),缺失行,镜头-1/z2060,1575232,整行,1.0/22.4/22.4,,570,,
1月,全部科室(汇总对比),缺失行,气腹管-1/z3044,1575232,整行,2.0/28.0/56.0,,571,,
1月,全部科室(汇总对比),缺失行,气腹针-1/z1029,1575232,整行,1.0/17.6/17.6,,572,,
1月,全部科室(汇总对比),缺失行,生物夹钳-1/双层z2060,1575232,整行,1.0/22.4/22.4,,573,,
1月,全部科室(汇总对比),缺失行,无损伤钳-1/z2060,1575232,整行,2.0/22.4/44.8,,574,,
1月,全部科室(汇总对比),缺失行,吸引器-1/z1560,1575232,整行,1.0/20.0/20.0,,575,,
1月,全部科室(汇总对比),缺失行,30°腹腔镜-1/z2060,1575232,整行,1.0/28.0/28.0,,576,,
1月,全部科室(汇总对比),缺失行,骨科包,1575235,整行,1.0/184.8/184.8,,577,,
1月,全部科室(汇总对比),缺失行,间盘镜特器（高温）-18件,1575235,整行,1.0/83.6/83.6,,578,,
1月,全部科室(汇总对比),缺失行,小切开包,1575235,整行,1.0/215.6/215.6,,579,,
1月,全部科室(汇总对比),缺失行,小小切开包,1575235,整行,2.0/83.6/167.2,,580,,
1月,全部科室(汇总对比),缺失行,电钻-4件（盒1）/w9050,1575235,整行,1.0/22.0/22.0,,581,,
1月,全部科室(汇总对比),缺失行,肌钩-2/Z7526,1575235,整行,1.0/10.8/10.8,,582,,
1月,全部科室(汇总对比),缺失行,尖刀柄-1/Z7530,1575235,整行,1.0/6.4/6.4,,583,,
1月,全部科室(汇总对比),缺失行,剪刀1 持针器1/Z1526,1575235,整行,1.0/13.2/13.2,,584,,
1月,全部科室(汇总对比),缺失行,驱血带-1/Z2032,1575235,整行,2.0/10.4/20.8,,585,,
1月,全部科室(汇总对比),缺失行,吸引器-1/Z7534,1575235,整行,1.0/6.4/6.4,,586,,
1月,全部科室(汇总对比),缺失行,S钩-2/w6050,1575235,整行,1.0/13.2/13.2,,587,,
1月,全部科室(汇总对比),缺失行,手科蚊式-7/w6050,1575235,整行,1.0/30.8/30.8,,588,,
1月,全部科室(汇总对比),缺失行,孙晓龙特器-8/w6050,1575235,整行,1.0/35.2/35.2,,589,,
1月,全部科室(汇总对比),缺失行,碗1 盘2 杯2 /w6050,1575235,整行,4.0/22.0/88.0,,590,,
1月,全部科室(汇总对比),缺失行,咬钉器-1/w9050,1575235,整行,1.0/13.2/13.2,,591,,
1月,全部科室(汇总对比),缺失行,间盘镜镜头-1件（盒1）/w12050,1575242,整行,1.0/28.0/28.0,,592,,
1月,全部科室(汇总对比),缺失行,王树人特器-1/z7520,1575242,整行,1.0/17.6/17.6,,593,,
1月,全部科室(汇总对比),缺失行,显微镊-2/Z1029,1567947,整行,3.0/10.8/32.4,,9,,
1月,全部科室(汇总对比),缺失行,血透切开包,1567947,整行,1.0/44.0/44.0,,10,,
1月,全部科室(汇总对比),缺失行,造瘘手术器械包,1567947,整行,3.0/105.6/316.8,,11,,
1月,全部科室(汇总对比),缺失行,显微镊-2/Z1029,1568991,整行,2.0/10.8/21.6,,12,,
1月,全部科室(汇总对比),缺失行,血透切开包,1568991,整行,2.0/44.0/88.0,,13,,
1月,全部科室(汇总对比),缺失行,造瘘手术器械包,1568991,整行,2.0/105.6/211.2,,14,,
1月,全部科室(汇总对比),缺失行,显微镊-2/Z1029,1569350,整行,2.0/10.8/21.6,,15,,
1月,全部科室(汇总对比),缺失行,造瘘手术器械包,1569350,整行,2.0/105.6/211.2,,16,,
1月,全部科室(汇总对比),缺失行,剪刀1 持针器1/Z1526,1570262,整行,1.0/13.2/13.2,,17,,
1月,全部科室(汇总对比),缺失行,止血钳-1/Z1029,1570262,整行,2.0/6.4/12.8,,18,,
1月,全部科室(汇总对比),缺失行,血透切开包,1570262,整行,1.0/44.0/44.0,,19,,
1月,全部科室(汇总对比),缺失行,血透切开包,1570557,整行,2.0/44.0/88.0,,20,,
1月,全部科室(汇总对比),缺失行,显微镊-2/Z1029,1571289,整行,2.0/10.8/21.6,,21,,
1月,全部科室(汇总对比),缺失行,血透切开包,1571289,整行,1.0/44.0/44.0,,22,,
1月,全部科室(汇总对比),缺失行,造瘘手术器械包,1571289,整行,2.0/105.6/211.2,,23,,
1月,全部科室(汇总对比),缺失行,显微镊-2/Z1029,1571835,整行,1.0/10.8/10.8,,24,,
1月,全部科室(汇总对比),缺失行,血透切开包,1571835,整行,1.0/44.0/44.0,,25,,
1月,全部科室(汇总对比),缺失行,造瘘手术器械包,1571835,整行,1.0/105.6/105.6,,26,,
1月,全部科室(汇总对比),缺失行,剪刀1 持针器1/Z1526,1574445,整行,1.0/13.2/13.2,,27,,
1月,全部科室(汇总对比),缺失行,剪刀1止血钳1/Z1526,1574445,整行,1.0/13.2/13.2,,28,,
1月,全部科室(汇总对比),缺失行,止血钳-1/Z1029,1574445,整行,2.0/6.4/12.8,,29,,
1月,全部科室(汇总对比),缺失行,开口器-1/Z1026,1574838,整行,1.0/6.4/6.4,,30,,
1月,全部科室(汇总对比),缺失行,舌钳子-1/Z1526,1574838,整行,1.0/8.8/8.8,,31,,
1月,全部科室(汇总对比),缺失行,血透切开包,1574838,整行,1.0/44.0/44.0,,32,,
1月,全部科室(汇总对比),缺失行,剪刀1 持针器1/Z1526,1575138,整行,1.0/13.2/13.2,,33,,
1月,全部科室(汇总对比),缺失行,显微镊-2/Z1029,1575138,整行,3.0/10.8/32.4,,34,,
1月,全部科室(汇总对比),缺失行,止血钳-1/Z1029,1575138,整行,1.0/6.4/6.4,,35,,
1月,全部科室(汇总对比),缺失行,造瘘手术器械包,1575138,整行,2.0/105.6/211.2,,36,,
1月,全部科室(汇总对比),缺失行,切开包,1567572,整行,1.0/79.2/79.2,,9,,
1月,全部科室(汇总对比),缺失行,切开包（小）,1567572,整行,1.0/57.2/57.2,,10,,
1月,全部科室(汇总对比),缺失行,止血钳-1/Z1029,1567948,整行,1.0/6.4/6.4,,11,,
1月,全部科室(汇总对比),缺失行,棉垫/z2044,1567948,整行,10.0/2.0/20.0,,12,,
1月,全部科室(汇总对比),缺失行,切开包,1568243,整行,1.0/79.2/79.2,,13,,
1月,全部科室(汇总对比),缺失行,开口器-1/Z1026,1568243,整行,1.0/6.4/6.4,,14,,
1月,全部科室(汇总对比),缺失行,止血钳-1/Z1029,1568243,整行,1.0/6.4/6.4,,15,,
1月,全部科室(汇总对比),缺失行,电刀头-1/Z7526,1568328,整行,1.0/17.6/17.6,,16,,
1月,全部科室(汇总对比),缺失行,切开包,1568617,整行,2.0/79.2/158.4,,17,,
1月,全部科室(汇总对比),缺失行,止血钳-1/Z1029,1568617,整行,1.0/6.4/6.4,,18,,
1月,全部科室(汇总对比),缺失行,换药包(120布),1568617,整行,1.0/22.6/22.6,,19,,
1月,全部科室(汇总对比),缺失行,换药碗-3/w6050,1568617,整行,1.0/13.2/13.2,,20,,
1月,全部科室(汇总对比),缺失行,电刀头-1/Z7526,1568689,整行,1.0/17.6/17.6,,21,,
1月,全部科室(汇总对比),缺失行,换药包(120布),1568992,整行,1.0/22.6/22.6,,22,,
1月,全部科室(汇总对比),缺失行,止血钳-1/Z1029,1569001,整行,1.0/6.4/6.4,,23,,
1月,全部科室(汇总对比),缺失行,换药碗-3/w6050,1569001,整行,1.0/13.2/13.2,,24,,
1月,全部科室(汇总对比),缺失行,切开包,1569351,整行,1.0/79.2/79.2,,25,,
1月,全部科室(汇总对比),缺失行,止血钳-1/Z1029,1569351,整行,2.0/6.4/12.8,,26,,
1月,全部科室(汇总对比),缺失行,换药包(120布),1569351,整行,1.0/22.6/22.6,,27,,
1月,全部科室(汇总对比),缺失行,换药碗-3/w6050,1569351,整行,1.0/13.2/13.2,,28,,
1月,全部科室(汇总对比),缺失行,止血钳-1/Z1029,1569860,整行,2.0/6.4/12.8,,29,,
1月,全部科室(汇总对比),缺失行,换药包(120布),1569860,整行,2.0/22.6/45.2,,30,,
1月,全部科室(汇总对比),缺失行,换药碗-3/w6050,1569860,整行,2.0/13.2/26.4,,31,,
1月,全部科室(汇总对比),缺失行,电刀头-1/Z7526,1569948,整行,1.0/17.6/17.6,,32,,
1月,全部科室(汇总对比),缺失行,换药包(120布),1570263,整行,3.0/22.6/67.8,,33,,
1月,全部科室(汇总对比),缺失行,换药碗-3/w6050,1570263,整行,3.0/13.2/39.6,,34,,
1月,全部科室(汇总对比),缺失行,换药包(120布),1571290,整行,1.0/22.6/22.6,,35,,
1月,全部科室(汇总对比),缺失行,换药碗-3/w6050,1571290,整行,1.0/13.2/13.2,,36,,
1月,全部科室(汇总对比),缺失行,电刀头-1/Z7526,1571361,整行,2.0/17.6/35.2,,37,,
1月,全部科室(汇总对比),缺失行,切开包,1571836,整行,1.0/79.2/79.2,,38,,
1月,全部科室(汇总对比),缺失行,止血钳-1/Z1029,1571836,整行,1.0/6.4/6.4,,39,,
1月,全部科室(汇总对比),缺失行,换药包(120布),1571836,整行,2.0/22.6/45.2,,40,,
1月,全部科室(汇总对比),缺失行,换药碗-3/w6050,1571836,整行,2.0/13.2/26.4,,41,,
1月,全部科室(汇总对比),缺失行,棉垫/z2044,1571836,整行,10.0/2.0/20.0,,42,,
1月,全部科室(汇总对比),缺失行,切开包,1572183,整行,2.0/79.2/158.4,,43,,
1月,全部科室(汇总对比),缺失行,刮勺-1/Z7526,1572183,整行,1.0/6.4/6.4,,44,,
1月,全部科室(汇总对比),缺失行,换药碗-1/Z2530,1572183,整行,4.0/12.8/51.2,,45,,
1月,全部科室(汇总对比),缺失行,换药包(120布),1572183,整行,2.0/22.6/45.2,,46,,
1月,全部科室(汇总对比),缺失行,换药碗-3/w6050,1572183,整行,2.0/13.2/26.4,,47,,
1月,全部科室(汇总对比),缺失行,切开包,1572464,整行,2.0/79.2/158.4,,48,,
1月,全部科室(汇总对比),缺失行,止血钳-1/Z1029,1572464,整行,1.0/6.4/6.4,,49,,
1月,全部科室(汇总对比),缺失行,换药包(120布),1572464,整行,2.0/22.6/45.2,,50,,
1月,全部科室(汇总对比),缺失行,换药碗-3/w6050,1572464,整行,2.0/13.2/26.4,,51,,
1月,全部科室(汇总对比),缺失行,电刀头-1/Z7526,1572540,整行,1.0/17.6/17.6,,52,,
1月,全部科室(汇总对比),缺失行,切开包（小）,1572857,整行,1.0/57.2/57.2,,53,,
1月,全部科室(汇总对比),缺失行,止血钳-1/Z1029,1572857,整行,1.0/6.4/6.4,,54,,
1月,全部科室(汇总对比),缺失行,换药包(120布),1572857,整行,1.0/22.6/22.6,,55,,
1月,全部科室(汇总对比),缺失行,换药碗-3/w6050,1572857,整行,1.0/13.2/13.2,,56,,
1月,全部科室(汇总对比),缺失行,切开包,1573703,整行,1.0/79.2/79.2,,57,,
1月,全部科室(汇总对比),缺失行,止血钳-1/Z1029,1573703,整行,2.0/6.4/12.8,,58,,
1月,全部科室(汇总对比),缺失行,换药包(120布),1573703,整行,1.0/22.6/22.6,,59,,
1月,全部科室(汇总对比),缺失行,换药碗-3/w6050,1573703,整行,1.0/13.2/13.2,,60,,
1月,全部科室(汇总对比),缺失行,切开包,1574133,整行,1.0/79.2/79.2,,61,,
1月,全部科室(汇总对比),缺失行,换药包(120布),1574133,整行,1.0/22.6/22.6,,62,,
1月,全部科室(汇总对比),缺失行,换药碗-3/w6050,1574133,整行,1.0/13.2/13.2,,63,,
1月,全部科室(汇总对比),缺失行,电刀头-1/Z7526,1574174,整行,1.0/17.6/17.6,,64,,
1月,全部科室(汇总对比),缺失行,换药包(120布),1574446,整行,1.0/22.6/22.6,,65,,
1月,全部科室(汇总对比),缺失行,换药碗-3/w6050,1574446,整行,1.0/13.2/13.2,,66,,
1月,全部科室(汇总对比),缺失行,切开包,1574839,整行,1.0/79.2/79.2,,67,,
1月,全部科室(汇总对比),缺失行,止血钳-1/Z1029,1574839,整行,1.0/6.4/6.4,,68,,
1月,全部科室(汇总对比),缺失行,换药包(120布),1574839,整行,1.0/22.6/22.6,,69,,
1月,全部科室(汇总对比),缺失行,电刀头-1/Z7526,1574883,整行,1.0/17.6/17.6,,70,,
1月,全部科室(汇总对比),缺失行,切开包,1575139,整行,1.0/79.2/79.2,,71,,
1月,全部科室(汇总对比),缺失行,止血钳-1/Z1029,1575139,整行,1.0/6.4/6.4,,72,,
1月,全部科室(汇总对比),缺失行,换药包(120布),1575139,整行,3.0/22.6/67.8,,73,,
1月,全部科室(汇总对比),缺失行,换药碗-3/w6050,1575139,整行,1.0/13.2/13.2,,74,,
1月,全部科室(汇总对比),缺失行,电刀头-1/Z7526,1575233,整行,2.0/17.6/35.2,,75,,
1月,全部科室(汇总对比),缺失行,拆线剪-1/Z1029,1567573,整行,1.0/6.4/6.4,,9,,
1月,全部科室(汇总对比),缺失行,镊子-1/Z7534,1567573,整行,1.0/6.4/6.4,,10,,
1月,全部科室(汇总对比),缺失行,球囊-1/z3044,1567673,整行,1.0/28.0/28.0,,11,,
1月,全部科室(汇总对比),缺失行,气管套管-2/Z1526,1571291,整行,1.0/13.2/13.2,,12,,
1月,全部科室(汇总对比),缺失行,气管套管-2/Z1526,1571774,整行,2.0/13.2/26.4,,13,,
1月,全部科室(汇总对比),缺失行,气管套管-2/Z1526,1572184,整行,2.0/13.2/26.4,,14,,
1月,全部科室(汇总对比),缺失行,止血钳-1/Z1029,1572184,整行,1.0/6.4/6.4,,15,,
1月,全部科室(汇总对比),缺失行,气管套管-3件（一套）/Z1029,1572485,整行,1.0/13.2/13.2,,16,,
1月,全部科室(汇总对比),缺失行,剪刀-1/Z1029,1573285,整行,2.0/6.4/12.8,,17,,
1月,全部科室(汇总对比),缺失行,气管套管-3件（一套）/Z1029,1573285,整行,1.0/13.2/13.2,,18,,
1月,全部科室(汇总对比),缺失行,止血钳-1/Z1029,1573285,整行,1.0/6.4/6.4,,19,,
1月,全部科室(汇总对比),缺失行,气管套管-3件（一套）/Z1029,1573704,整行,1.0/13.2/13.2,,20,,
1月,全部科室(汇总对比),缺失行,换药碗-1/Z2530,1568618,整行,1.0/12.8/12.8,,9,,
1月,全部科室(汇总对比),缺失行,镊子-1/Z7534,1568618,整行,2.0/6.4/12.8,,10,,
1月,全部科室(汇总对比),缺失行,持针器-1/Z1029,1569861,整行,1.0/6.4/6.4,,11,,
1月,全部科室(汇总对比),缺失行,剪刀-1/Z1029,1569861,整行,1.0/6.4/6.4,,12,,
1月,全部科室(汇总对比),缺失行,尿道探子-1/Z7534,1569861,整行,1.0/6.4/6.4,,13,,
1月,全部科室(汇总对比),缺失行,止血钳-1/Z1029,1569861,整行,3.0/6.4/19.2,,14,,
1月,全部科室(汇总对比),缺失行,持针器-1/Z1029,1572858,整行,1.0/6.4/6.4,,15,,
1月,全部科室(汇总对比),缺失行,剪刀-1/Z1029,1572858,整行,2.0/6.4/12.8,,16,,
1月,全部科室(汇总对比),缺失行,止血钳-1/Z1029,1572858,整行,4.0/6.4/25.6,,17,,
1月,全部科室(汇总对比),缺失行,开口器-1/Z1026,1570558,整行,1.0/6.4/6.4,,9,,
1月,全部科室(汇总对比),缺失行,舌钳子-1/Z1526,1570558,整行,1.0/8.8/8.8,,10,,
1月,全部科室(汇总对比),缺失行,剪刀-1/Z1029,1574447,整行,1.0/6.4/6.4,,11,,
1月,全部科室(汇总对比),缺失行,剪刀-1/Z1029,1574840,整行,1.0/6.4/6.4,,12,,
1月,全部科室(汇总对比),缺失行,带盖托盘-1/Z3044,1568244,整行,1.0/12.8/12.8,,9,,
1月,全部科室(汇总对比),缺失行,棉球缸-1/z2530,1568244,整行,4.0/12.8/51.2,,10,,
1月,全部科室(汇总对比),缺失行,眼病治疗盒,1568244,整行,2.0/83.6/167.2,,11,,
1月,全部科室(汇总对比),缺失行,镊子缸-2/w6050,1568244,整行,2.0/13.2/26.4,,12,,
1月,全部科室(汇总对比),缺失行,棉球/Z1526,1568244,整行,8.0/2.0/16.0,,13,,
1月,全部科室(汇总对比),缺失行,储液碗-1/Z2025,1569862,整行,1.0/10.4/10.4,,14,,
1月,全部科室(汇总对比),缺失行,棉球缸-1/z2530,1569862,整行,4.0/12.8/51.2,,15,,
1月,全部科室(汇总对比),缺失行,托盘-1/Z1026,1569862,整行,1.0/6.4/6.4,,16,,
1月,全部科室(汇总对比),缺失行,眼病治疗盒,1569862,整行,3.0/83.6/250.8,,17,,
1月,全部科室(汇总对比),缺失行,镊子缸-2/w6050,1569862,整行,2.0/13.2/26.4,,18,,
1月,全部科室(汇总对比),缺失行,棉球/Z1526,1569862,整行,16.0/2.0/32.0,,19,,
1月,全部科室(汇总对比),缺失行,开睑器-1/Z1020,1571837,整行,3.0/6.4/19.2,,20,,
1月,全部科室(汇总对比),缺失行,眼病治疗盒,1571837,整行,3.0/83.6/250.8,,21,,
1月,全部科室(汇总对比),缺失行,方盘-1/W9050,1571837,整行,1.0/13.2/13.2,,22,,
1月,全部科室(汇总对比),缺失行,棉球缸-2/W6050,1571837,整行,4.0/13.2/52.8,,23,,
1月,全部科室(汇总对比),缺失行,镊子缸-2/w6050,1571837,整行,2.0/13.2/26.4,,24,,
1月,全部科室(汇总对比),缺失行,棉球/z1020,1571837,整行,15.0/2.0/30.0,,25,,
1月,全部科室(汇总对比),缺失行,带盖托盘-1/Z3044,1573705,整行,1.0/12.8/12.8,,26,,
1月,全部科室(汇总对比),缺失行,显微镊-1/Z7530,1573705,整行,1.0/6.4/6.4,,27,,
1月,全部科室(汇总对比),缺失行,眼病治疗盒,1573705,整行,2.0/83.6/167.2,,28,,
1月,全部科室(汇总对比),缺失行,棉球缸-2/W6050,1573705,整行,4.0/13.2/52.8,,29,,
1月,全部科室(汇总对比),缺失行,镊子缸-2/w6050,1573705,整行,2.0/13.2/26.4,,30,,
1月,全部科室(汇总对比),缺失行,棉球/z1020,1573705,整行,17.0/2.0/34.0,,31,,
1月,全部科室(汇总对比),缺失行,带盖托盘-1/Z3044,1575141,整行,1.0/12.8/12.8,,32,,
1月,全部科室(汇总对比),缺失行,眼病治疗盒,1575141,整行,3.0/83.6/250.8,,33,,
1月,全部科室(汇总对比),缺失行,棉球缸-2/W6050,1575141,整行,4.0/13.2/52.8,,34,,
1月,全部科室(汇总对比),缺失行,镊子缸-2/w6050,1575141,整行,2.0/13.2/26.4,,35,,
1月,全部科室(汇总对比),缺失行,泪道探针-1/Z7520,1567403,整行,1.0/6.4/6.4,,9,,
1月,全部科室(汇总对比),缺失行,角板20治疗盒1/w6050,1567403,整行,1.0/92.4/92.4,,10,,
1月,全部科室(汇总对比),缺失行,角板20治疗盒1/w6050,1567949,整行,1.0/92.4/92.4,,11,,
1月,全部科室(汇总对比),缺失行,泪道探针-1/Z7520,1568619,整行,1.0/6.4/6.4,,12,,
1月,全部科室(汇总对比),缺失行,角板20治疗盒1/w6050,1568619,整行,1.0/92.4/92.4,,13,,
1月,全部科室(汇总对比),缺失行,角板20治疗盒1/w6050,1569863,整行,1.0/92.4/92.4,,14,,
1月,全部科室(汇总对比),缺失行,角板20治疗盒1/w6050,1570559,整行,1.0/92.4/92.4,,15,,
1月,全部科室(汇总对比),缺失行,角板20治疗盒1/w6050,1571775,整行,1.0/92.4/92.4,,16,,
1月,全部科室(汇总对比),缺失行,镊子缸-2/w6050,1571775,整行,1.0/13.2/13.2,,17,,
1月,全部科室(汇总对比),缺失行,泪点扩张器-1/Z1026,1572855,整行,2.0/6.4/12.8,,18,,
1月,全部科室(汇总对比),缺失行,角板20治疗盒1/w6050,1572855,整行,1.0/92.4/92.4,,19,,
1月,全部科室(汇总对比),缺失行,角板20治疗盒1/w6050,1573706,整行,1.0/92.4/92.4,,20,,
1月,全部科室(汇总对比),缺失行,泪点扩张器-1/Z1026,1574841,整行,1.0/6.4/6.4,,21,,
1月,全部科室(汇总对比),缺失行,角板20治疗盒1/w6050,1574841,整行,1.0/92.4/92.4,,22,,
1月,全部科室(汇总对比),缺失行,睑板腺夹-1/Z7520,1567404,整行,2.0/6.4/12.8,,9,,
1月,全部科室(汇总对比),缺失行,角板-1/Z7526,1567404,整行,8.0/6.4/51.2,,10,,
1月,全部科室(汇总对比),缺失行,巾钳子-1/Z1026,1567404,整行,1.0/6.4/6.4,,11,,
1月,全部科室(汇总对比),缺失行,泪点扩张器-1/Z1026,1567404,整行,1.0/6.4/6.4,,12,,
1月,全部科室(汇总对比),缺失行,组织钳-1/Z1026,1567404,整行,1.0/6.4/6.4,,13,,
1月,全部科室(汇总对比),缺失行,角板10（盒1）/w6050,1568994,整行,1.0/48.4/48.4,,14,,
1月,全部科室(汇总对比),缺失行,镊子缸-2/w6050,1568994,整行,1.0/13.2/13.2,,15,,
1月,全部科室(汇总对比),缺失行,睑板腺夹-1/Z7520,1570264,整行,1.0/6.4/6.4,,16,,
1月,全部科室(汇总对比),缺失行,角板-1/Z7526,1570264,整行,5.0/6.4/32.0,,17,,
1月,全部科室(汇总对比),缺失行,泪点扩张器-1/Z1026,1570264,整行,2.0/6.4/12.8,,18,,
1月,全部科室(汇总对比),缺失行,剪刀-1/Z1029,1572185,整行,2.0/6.4/12.8,,19,,
1月,全部科室(汇总对比),缺失行,开睑器-1/Z1020,1572185,整行,2.0/6.4/12.8,,20,,
1月,全部科室(汇总对比),缺失行,泪小点扩张器-1/Z1020,1572185,整行,1.0/6.4/6.4,,21,,
1月,全部科室(汇总对比),缺失行,角板10（盒1）/w6050,1572185,整行,1.0/48.4/48.4,,22,,
1月,全部科室(汇总对比),缺失行,镊子缸-2/w6050,1572185,整行,1.0/13.2/13.2,,23,,
1月,全部科室(汇总对比),缺失行,角板-1/Z7526,1572856,整行,3.0/6.4/19.2,,24,,
1月,全部科室(汇总对比),缺失行,泪点扩张器-1/Z1026,1572856,整行,3.0/6.4/19.2,,25,,
1月,全部科室(汇总对比),缺失行,睑板腺夹-1/Z7520,1573707,整行,1.0/6.4/6.4,,26,,
1月,全部科室(汇总对比),缺失行,显微剪刀-1/Z1029,1573707,整行,1.0/6.4/6.4,,27,,
1月,全部科室(汇总对比),缺失行,显微镊-1/Z7530,1573707,整行,1.0/6.4/6.4,,28,,
1月,全部科室(汇总对比),缺失行,角板10（盒1）/w6050,1573707,整行,1.0/48.4/48.4,,29,,
1月,全部科室(汇总对比),缺失行,镊子缸-2/w6050,1573707,整行,1.0/13.2/13.2,,30,,
1月,全部科室(汇总对比),缺失行,剪刀-1/Z1029,1574134,整行,2.0/6.4/12.8,,31,,
1月,全部科室(汇总对比),缺失行,开睑器-1/Z1020,1574134,整行,4.0/6.4/25.6,,32,,
1月,全部科室(汇总对比),缺失行,显微剪刀-1/Z1029,1574134,整行,1.0/6.4/6.4,,33,,
1月,全部科室(汇总对比),缺失行,显微镊-1/Z7530,1574134,整行,2.0/6.4/12.8,,34,,
1月,全部科室(汇总对比),缺失行,开睑器-1/Z1020,1568620,整行,3.0/6.4/19.2,,9,,
1月,全部科室(汇总对比),缺失行,纤维剪刀-1/Z1029,1568620,整行,1.0/6.4/6.4,,10,,
1月,全部科室(汇总对比),缺失行,纤维镊子-1/Z1029,1568620,整行,1.0/6.4/6.4,,11,,
1月,全部科室(汇总对比),缺失行,霰粒肿包,1568620,整行,2.0/26.4/52.8,,12,,
1月,全部科室(汇总对比),缺失行,球内注药-3件/W6050,1568620,整行,14.0/13.2/184.8,,13,,
1月,全部科室(汇总对比),缺失行,开睑器-1/Z1020,1571292,整行,1.0/6.4/6.4,,14,,
1月,全部科室(汇总对比),缺失行,球内注药-3件/W6050,1571292,整行,18.0/13.2/237.6,,15,,
1月,全部科室(汇总对比),缺失行,开睑器-1/Z1020,1574135,整行,2.0/6.4/12.8,,16,,
1月,全部科室(汇总对比),缺失行,纤维剪刀-1/Z1029,1574135,整行,1.0/6.4/6.4,,17,,
1月,全部科室(汇总对比),缺失行,霰粒肿包,1574135,整行,2.0/26.4/52.8,,18,,
1月,全部科室(汇总对比),缺失行,球内注药-3件/W6050,1574135,整行,16.0/13.2/211.2,,19,,
1月,全部科室(汇总对比),缺失行,开口器1舌钳子1压舌板1/Z1526,1572186,整行,1.0/13.2/13.2,,9,,
1月,全部科室(汇总对比),缺失行,开口器-1/Z1026,1574136,整行,1.0/6.4/6.4,,9,,
1月,全部科室(汇总对比),缺失行,开口器-1/Z1026,1568993,整行,1.0/6.4/6.4,,9,,
1月,全部科室(汇总对比),缺失行,舌钳子-1/Z1526,1568993,整行,2.0/8.8/17.6,,10,,
1月,全部科室(汇总对比),缺失行,开口器-1/Z1026,1567950,整行,2.0/6.4/12.8,,9,,
1月,全部科室(汇总对比),缺失行,简易呼吸球囊-1/z3044,1567184,整行,1.0/28.0/28.0,,9,,
1月,全部科室(汇总对比),缺失行,止血钳-1/Z1029,1567626,整行,2.0/6.4/12.8,,10,,
1月,全部科室(汇总对比),缺失行,气切包-3/w6050,1567626,整行,16.0/13.2/211.2,,11,,
1月,全部科室(汇总对比),缺失行,气切包-3/w6050,1568995,整行,12.0/13.2/158.4,,12,,
1月,全部科室(汇总对比),缺失行,剪刀-1/Z1029,1570265,整行,1.0/6.4/6.4,,13,,
1月,全部科室(汇总对比),缺失行,止血钳-1/Z1029,1570265,整行,1.0/6.4/6.4,,14,,
1月,全部科室(汇总对比),缺失行,气切包-3/w6050,1570265,整行,15.0/13.2/198.0,,15,,
1月,全部科室(汇总对比),缺失行,气切包-3/w6050,1571293,整行,10.0/13.2/132.0,,16,,
1月,全部科室(汇总对比),缺失行,持针器-1/Z1029,1572465,整行,1.0/6.4/6.4,,17,,
1月,全部科室(汇总对比),缺失行,止血钳-1/Z1029,1572465,整行,1.0/6.4/6.4,,18,,
1月,全部科室(汇总对比),缺失行,气切包-3/w6050,1572465,整行,13.0/13.2/171.6,,19,,
1月,全部科室(汇总对比),缺失行,气切包-3/w6050,1573708,整行,15.0/13.2/198.0,,20,,
1月,全部科室(汇总对比),缺失行,持针器-1/Z1029,1574842,整行,1.0/6.4/6.4,,21,,
1月,全部科室(汇总对比),缺失行,气管套管-2/Z1026,1574842,整行,1.0/10.8/10.8,,22,,
1月,全部科室(汇总对比),缺失行,气管套管-3件（一套）/Z1029,1574842,整行,1.0/13.2/13.2,,23,,
1月,全部科室(汇总对比),缺失行,气切包-3/w6050,1574842,整行,8.0/13.2/105.6,,24,,
1月,全部科室(汇总对比),缺失行,剪刀-1/Z1029,1567574,整行,3.0/6.4/19.2,,9,,
1月,全部科室(汇总对比),缺失行,镊子-1/Z7534,1567574,整行,1.0/6.4/6.4,,10,,
1月,全部科室(汇总对比),缺失行,止血钳-1/Z1029,1567574,整行,1.0/6.4/6.4,,11,,
1月,全部科室(汇总对比),缺失行,剪刀-1/Z1029,1567951,整行,3.0/6.4/19.2,,12,,
1月,全部科室(汇总对比),缺失行,镊子-1/Z7534,1567951,整行,1.0/6.4/6.4,,13,,
1月,全部科室(汇总对比),缺失行,剪刀-1/Z1029,1568245,整行,2.0/6.4/12.8,,14,,
1月,全部科室(汇总对比),缺失行,止血钳-1/Z1029,1568245,整行,1.0/6.4/6.4,,15,,
1月,全部科室(汇总对比),缺失行,剪刀-1/Z1029,1568996,整行,3.0/6.4/19.2,,16,,
1月,全部科室(汇总对比),缺失行,镊子-1/Z7534,1568996,整行,1.0/6.4/6.4,,17,,
1月,全部科室(汇总对比),缺失行,止血钳-1/Z1029,1568996,整行,1.0/6.4/6.4,,18,,
1月,全部科室(汇总对比),缺失行,剪刀-1/Z1029,1569352,整行,2.0/6.4/12.8,,19,,
1月,全部科室(汇总对比),缺失行,镊子-1/Z7534,1569352,整行,1.0/6.4/6.4,,20,,
1月,全部科室(汇总对比),缺失行,止血钳-1/Z1029,1569352,整行,1.0/6.4/6.4,,21,,
1月,全部科室(汇总对比),缺失行,剪刀-1/Z1029,1570963,整行,3.0/6.4/19.2,,22,,
1月,全部科室(汇总对比),缺失行,剪刀-1/Z1029,1571294,整行,1.0/6.4/6.4,,23,,
1月,全部科室(汇总对比),缺失行,剪刀-1/Z1029,1573286,整行,2.0/6.4/12.8,,24,,
1月,全部科室(汇总对比),缺失行,镊子-1/Z7534,1573286,整行,1.0/6.4/6.4,,25,,
1月,全部科室(汇总对比),缺失行,止血钳-1/Z1029,1573286,整行,1.0/6.4/6.4,,26,,
1月,全部科室(汇总对比),缺失行,剪刀-1/Z1029,1574448,整行,3.0/6.4/19.2,,27,,
1月,全部科室(汇总对比),缺失行,开口器-1/Z1026,1574448,整行,1.0/6.4/6.4,,28,,
1月,全部科室(汇总对比),缺失行,镊子-1/Z7534,1574448,整行,1.0/6.4/6.4,,29,,
1月,全部科室(汇总对比),缺失行,舌钳子-1/Z1526,1574448,整行,1.0/8.8/8.8,,30,,
1月,全部科室(汇总对比),缺失行,压舌板-1/Z1526,1574448,整行,1.0/8.8/8.8,,31,,
1月,全部科室(汇总对比),缺失行,剪刀-1/Z1029,1567575,整行,4.0/6.4/25.6,,9,,
1月,全部科室(汇总对比),缺失行,探针-1/保/Z7530,1567575,整行,1.0/6.4/6.4,,10,,
1月,全部科室(汇总对比),缺失行,蚊式-1/Z1026,1567575,整行,2.0/6.4/12.8,,11,,
1月,全部科室(汇总对比),缺失行,鹰嘴钳-1/Z1526,1567575,整行,3.0/8.8/26.4,,12,,
1月,全部科室(汇总对比),缺失行,止血钳-1/Z1029,1567575,整行,1.0/6.4/6.4,,13,,
1月,全部科室(汇总对比),缺失行,剪刀-1/Z1029,1567952,整行,3.0/6.4/19.2,,14,,
1月,全部科室(汇总对比),缺失行,剪刀1止血钳1镊子1/Z1526,1567952,整行,1.0/13.2/13.2,,15,,
1月,全部科室(汇总对比),缺失行,蚊式-1/Z1026,1567952,整行,4.0/6.4/25.6,,16,,
1月,全部科室(汇总对比),缺失行,剪刀-1/Z1029,1568621,整行,3.0/6.4/19.2,,17,,
1月,全部科室(汇总对比),缺失行,剪刀1止血钳1镊子1/Z1526,1568621,整行,1.0/13.2/13.2,,18,,
1月,全部科室(汇总对比),缺失行,蚊式-1/Z1026,1568621,整行,3.0/6.4/19.2,,19,,
1月,全部科室(汇总对比),缺失行,剪刀-1/Z1029,1568997,整行,5.0/6.4/32.0,,20,,
1月,全部科室(汇总对比),缺失行,蚊式-1/Z1026,1568997,整行,1.0/6.4/6.4,,21,,
1月,全部科室(汇总对比),缺失行,跟腱钳-1/Z7526,1569353,整行,1.0/6.4/6.4,,22,,
1月,全部科室(汇总对比),缺失行,剪刀-1/Z1029,1569353,整行,2.0/6.4/12.8,,23,,
1月,全部科室(汇总对比),缺失行,剪刀1止血钳1镊子1/Z1526,1569353,整行,2.0/13.2/26.4,,24,,
1月,全部科室(汇总对比),缺失行,蚊式-1/Z1026,1569353,整行,3.0/6.4/19.2,,25,,
1月,全部科室(汇总对比),缺失行,鹰嘴钳-1/Z1526,1569353,整行,1.0/8.8/8.8,,26,,
1月,全部科室(汇总对比),缺失行,剪刀-1/Z1029,1569864,整行,6.0/6.4/38.4,,27,,
1月,全部科室(汇总对比),缺失行,蚊式-1/Z1026,1569864,整行,5.0/6.4/32.0,,28,,
1月,全部科室(汇总对比),缺失行,鹰嘴钳-1/Z1526,1569864,整行,1.0/8.8/8.8,,29,,
1月,全部科室(汇总对比),缺失行,棉垫/z3044,1570196,整行,8.0/3.2/25.6,,30,,
1月,全部科室(汇总对比),缺失行,刮勺-1/Z7526,1570266,整行,1.0/6.4/6.4,,31,,
1月,全部科室(汇总对比),缺失行,剪刀-1/Z1029,1570266,整行,1.0/6.4/6.4,,32,,
1月,全部科室(汇总对比),缺失行,蚊式-1/Z1026,1570266,整行,1.0/6.4/6.4,,33,,
1月,全部科室(汇总对比),缺失行,剪刀-1/Z1029,1570964,整行,3.0/6.4/19.2,,34,,
1月,全部科室(汇总对比),缺失行,剪刀1止血钳1镊子1/Z1526,1570964,整行,2.0/13.2/26.4,,35,,
1月,全部科室(汇总对比),缺失行,蚊式-1/Z1026,1570964,整行,3.0/6.4/19.2,,36,,
1月,全部科室(汇总对比),缺失行,鹰嘴钳-1/Z1526,1570964,整行,1.0/8.8/8.8,,37,,
1月,全部科室(汇总对比),缺失行,刮勺-1/Z7526,1571776,整行,1.0/6.4/6.4,,38,,
1月,全部科室(汇总对比),缺失行,剪刀-1/Z1029,1571776,整行,8.0/6.4/51.2,,39,,
1月,全部科室(汇总对比),缺失行,剪刀1止血钳1镊子1/Z1526,1571776,整行,1.0/13.2/13.2,,40,,
1月,全部科室(汇总对比),缺失行,蚊式-1/Z1026,1571776,整行,3.0/6.4/19.2,,41,,
1月,全部科室(汇总对比),缺失行,鹰嘴钳-1/Z1526,1571776,整行,2.0/8.8/17.6,,42,,
1月,全部科室(汇总对比),缺失行,剪刀-1/Z1029,1572466,整行,4.0/6.4/25.6,,43,,
1月,全部科室(汇总对比),缺失行,蚊式-1/Z1026,1572466,整行,2.0/6.4/12.8,,44,,
1月,全部科室(汇总对比),缺失行,剪刀-1/Z1029,1573709,整行,3.0/6.4/19.2,,45,,
1月,全部科室(汇总对比),缺失行,剪刀1止血钳1镊子1/Z1526,1573709,整行,1.0/13.2/13.2,,46,,
1月,全部科室(汇总对比),缺失行,蚊式-1/Z1026,1573709,整行,1.0/6.4/6.4,,47,,
1月,全部科室(汇总对比),缺失行,剪刀-1/Z1029,1574137,整行,3.0/6.4/19.2,,48,,
1月,全部科室(汇总对比),缺失行,剪刀1止血钳1镊子1/Z1526,1574137,整行,1.0/13.2/13.2,,49,,
1月,全部科室(汇总对比),缺失行,鹰嘴钳-1/Z1526,1574137,整行,1.0/8.8/8.8,,50,,
1月,全部科室(汇总对比),缺失行,剪刀-1/Z1029,1574449,整行,2.0/6.4/12.8,,51,,
1月,全部科室(汇总对比),缺失行,剪刀1止血钳1镊子1/Z1526,1574449,整行,1.0/13.2/13.2,,52,,
1月,全部科室(汇总对比),缺失行,剪刀-1/Z1029,1574843,整行,3.0/6.4/19.2,,53,,
1月,全部科室(汇总对比),缺失行,蚊式-1/Z1026,1574843,整行,3.0/6.4/19.2,,54,,
1月,全部科室(汇总对比),缺失行,鹰嘴钳-1/Z1526,1574843,整行,1.0/8.8/8.8,,55,,
1月,全部科室(汇总对比),缺失行,剪刀-1/Z1029,1575142,整行,4.0/6.4/25.6,,56,,
1月,全部科室(汇总对比),缺失行,剪刀1止血钳1镊子1/Z1526,1575142,整行,3.0/13.2/39.6,,57,,
1月,全部科室(汇总对比),缺失行,蚊式-1/Z1026,1575142,整行,3.0/6.4/19.2,,58,,
2月,外二,字段不一致-单价,换药包(120布),1575639,单价,22.6,22.0,10,10,原始按器械数×基础单价(22.6)计费；处理后按标准价(22)计费
2月,外二,字段不一致-总价,换药包(120布),1575639,总价,22.6,22.0,10,10,原始按器械数×基础单价(22.6)计费；处理后按标准价(22)计费
2月,外二,字段不一致-单价,换药包(120布),1577038,单价,22.6,22.0,24,25,原始按器械数×基础单价(22.6)计费；处理后按标准价(22)计费
2月,外二,字段不一致-总价,换药包(120布),1577038,总价,22.6,22.0,24,25,原始按器械数×基础单价(22.6)计费；处理后按标准价(22)计费
2月,外二,字段不一致-单价,换药包(120布),1577502,单价,22.6,22.0,28,30,原始按器械数×基础单价(22.6)计费；处理后按标准价(22)计费
2月,外二,字段不一致-总价,换药包(120布),1577502,总价,22.6,22.0,28,30,原始按器械数×基础单价(22.6)计费；处理后按标准价(22)计费
2月,外二,字段不一致-单价,换药包(120布),1577858,单价,22.6,22.0,30,33,原始按器械数×基础单价(22.6)计费；处理后按标准价(22)计费
2月,外二,字段不一致-总价,换药包(120布),1577858,总价,22.6,22.0,30,33,原始按器械数×基础单价(22.6)计费；处理后按标准价(22)计费
2月,外二,字段不一致-单价,换药包(120布),1580514,单价,22.6,22.0,36,40,原始按器械数×基础单价(22.6)计费；处理后按标准价(22)计费
2月,外二,字段不一致-总价,换药包(120布),1580514,总价,22.6,22.0,36,40,原始按器械数×基础单价(22.6)计费；处理后按标准价(22)计费
2月,外二,汇总不一致-总价,外二,,总价,1642.2,1639.2,8,8,
2月,宫腔镜,缺失行,镜头-3件(盒1)/Z2060,1576363,整行,1.0/52.8/52.8,,20,,
2月,宫腔镜,缺失行,镜头-3件(盒1)/Z2060,1576757,整行,1.0/52.8/52.8,,24,,
2月,宫腔镜,缺失行,镜头-3件(盒1)/Z2060,1577064,整行,1.0/52.8/52.8,,31,,
2月,宫腔镜,缺失行,镜头-3件(盒1)/Z2060,1580929,整行,1.0/52.8/52.8,,55,,
2月,宫腔镜,多余行,镜头-3件(盒1)/w9050,1576363,整行,,1.0/52.8/52.8,,25,
2月,宫腔镜,多余行,镜头-3件(盒1)/w9050,1576757,整行,,1.0/52.8/52.8,,32,
2月,宫腔镜,多余行,镜头-3件(盒1)/w9050,1577064,整行,,1.0/52.8/52.8,,42,
2月,宫腔镜,多余行,镜头-3件(盒1)/w9050,1580929,整行,,1.0/52.8/52.8,,75,
2月,宫腔镜,多余行,2026-02-04 02:50:12.927000,2026-03-02 12:54:38.033000,整行,,20325607.0/None/None,,94,
2月,宫腔镜,汇总不一致-总价,宫腔镜,,总价,7082.4,7029.6,8,8,
2月,手术室(一区),缺失行,剪刀（EO）-1/Z2060,1575745,整行,1.0/22.4/22.4,,35,,
2月,手术室(一区),字段不一致-单价,30°腹腔镜-1/z2060,1575745,单价,28.0,30.4,41,42,原始按器械数×基础单价(28)计费；处理后按标准价(30.4)计费
2月,手术室(一区),字段不一致-总价,30°腹腔镜-1/z2060,1575745,总价,28.0,30.4,41,42,原始按器械数×基础单价(28)计费；处理后按标准价(30.4)计费
2月,手术室(一区),缺失行,持针器-1（EO）/z2060,1576078,整行,1.0/22.4/22.4,,52,,
2月,手术室(一区),缺失行,剪刀（EO）-1/Z2060,1576078,整行,2.0/22.4/44.8,,55,,
2月,手术室(一区),字段不一致-单价,30°腹腔镜-1/z2060,1576078,单价,28.0,30.4,65,68,原始按器械数×基础单价(28)计费；处理后按标准价(30.4)计费
2月,手术室(一区),字段不一致-总价,30°腹腔镜-1/z2060,1576078,总价,28.0,30.4,65,68,原始按器械数×基础单价(28)计费；处理后按标准价(30.4)计费
2月,手术室(一区),缺失行,剪刀（EO）-1/Z2060,1576759,整行,2.0/22.4/44.8,,110,,
2月,手术室(一区),字段不一致-单价,30°腹腔镜-1/z2060,1576759,单价,28.0,30.4,117,128,原始按器械数×基础单价(28)计费；处理后按标准价(30.4)计费
2月,手术室(一区),字段不一致-总价,30°腹腔镜-1/z2060,1576759,总价,28.0,30.4,117,128,原始按器械数×基础单价(28)计费；处理后按标准价(30.4)计费
2月,手术室(一区),缺失行,剪刀（EO）-1/Z2060,1577066,整行,1.0/22.4/22.4,,127,,
2月,手术室(一区),缺失行,持针器-1（EO）/z2060,1577904,整行,2.0/22.4/44.8,,163,,
2月,手术室(一区),缺失行,剪刀（EO）-1/Z2060,1577904,整行,4.0/22.4/89.6,,167,,
2月,手术室(一区),字段不一致-单价,30°腹腔镜-1/z2060,1577904,单价,28.0,30.4,178,192,原始按器械数×基础单价(28)计费；处理后按标准价(30.4)计费
2月,手术室(一区),字段不一致-总价,30°腹腔镜-1/z2060,1577904,总价,56.0,60.8,178,192,原始按器械数×基础单价(28)计费；处理后按标准价(30.4)计费
2月,手术室(一区),缺失行,剪刀（EO）-1/Z2060,1578826,整行,2.0/22.4/44.8,,232,,
2月,手术室(一区),缺失行,持针器-1（EO）/z2060,1580581,整行,1.0/22.4/22.4,,302,,
2月,手术室(一区),缺失行,剪刀（EO）-1/Z2060,1580581,整行,1.0/22.4/22.4,,304,,
2月,手术室(一区),字段不一致-单价,30°腹腔镜-1/z2060,1580581,单价,28.0,30.4,310,317,原始按器械数×基础单价(28)计费；处理后按标准价(30.4)计费
2月,手术室(一区),字段不一致-总价,30°腹腔镜-1/z2060,1580581,总价,28.0,30.4,310,317,原始按器械数×基础单价(28)计费；处理后按标准价(30.4)计费
2月,手术室(一区),多余行,剪刀-1/Z2060,1575745,整行,,1.0/22.4/22.4,,36,
2月,手术室(一区),多余行,持针器-1/z2060,1576078,整行,,1.0/22.4/22.4,,55,
2月,手术室(一区),多余行,剪刀-1/Z2060,1576078,整行,,2.0/22.4/44.8,,58,
2月,手术室(一区),多余行,剪刀-1/Z2060,1576759,整行,,2.0/22.4/44.8,,121,
2月,手术室(一区),多余行,剪刀-1/Z2060,1577066,整行,,1.0/22.4/22.4,,139,
2月,手术室(一区),多余行,持针器-1/z2060,1577904,整行,,2.0/22.4/44.8,,177,
2月,手术室(一区),多余行,剪刀-1/Z2060,1577904,整行,,4.0/22.4/89.6,,181,
2月,手术室(一区),多余行,剪刀-1/Z2060,1578826,整行,,2.0/22.4/44.8,,239,
2月,手术室(一区),多余行,持针器-1/z2060,1580581,整行,,1.0/22.4/22.4,,309,
2月,手术室(一区),多余行,剪刀-1/Z2060,1580581,整行,,1.0/22.4/22.4,,311,
2月,手术室(一区),汇总不一致-总价,手术室(一区),,总价,21984.8,24661.4,8,8,
2月,手术室(二区),字段不一致-单价,30°腹腔镜 -1/z2060,1575293,单价,22.4,30.4,13,13,原始按器械数×基础单价(22.4)计费；处理后按标准价(30.4)计费
2月,手术室(二区),字段不一致-总价,30°腹腔镜 -1/z2060,1575293,总价,22.4,30.4,13,13,原始按器械数×基础单价(22.4)计费；处理后按标准价(30.4)计费
2月,手术室(二区),缺失行,持针器-1（EO）/z2060,1577065,整行,1.0/22.4/22.4,,49,,
2月,手术室(二区),多余行,持针器-1/z2060,1577065,整行,,1.0/22.4/22.4,,51,
2月,手术室(二区),多余行,2026-02-07 02:04:43.807000,2026-03-02 12:54:49.063000,整行,,20324814.0/None/None,,85,
2月,手术室(二区),汇总不一致-总价,手术室(二区),,总价,2379.2,2364.8,8,8,
2月,耳鼻喉病房,字段不一致-单价,冲洗头-113/z2030,1577547,单价,328.0,292.8,32,34,原始按器械数×基础单价(328)计费；处理后按标准价(292.8)计费
2月,耳鼻喉病房,字段不一致-总价,冲洗头-113/z2030,1577547,总价,328.0,292.8,32,34,原始按器械数×基础单价(328)计费；处理后按标准价(292.8)计费
2月,耳鼻喉病房,字段不一致-单价,冲洗头-111/z2030,1578787,单价,328.0,292.8,39,44,原始按器械数×基础单价(328)计费；处理后按标准价(292.8)计费
2月,耳鼻喉病房,字段不一致-总价,冲洗头-111/z2030,1578787,总价,328.0,292.8,39,44,原始按器械数×基础单价(328)计费；处理后按标准价(292.8)计费
2月,耳鼻喉病房,字段不一致-单价,冲洗头-42/z2030,1579337,单价,167.2,132.0,42,50,原始按器械数×基础单价(167.2)计费；处理后按标准价(132)计费
2月,耳鼻喉病房,字段不一致-总价,冲洗头-42/z2030,1579337,总价,167.2,132.0,42,50,原始按器械数×基础单价(167.2)计费；处理后按标准价(132)计费
2月,耳鼻喉病房,字段不一致-单价,枪状镊8喉镜2吸管2盘1/W9050,1579337,单价,52.8,57.2,43,51,原始按器械数×基础单价(52.8)计费；处理后按标准价(57.2)计费
2月,耳鼻喉病房,字段不一致-总价,枪状镊8喉镜2吸管2盘1/W9050,1579337,总价,52.8,57.2,43,51,原始按器械数×基础单价(52.8)计费；处理后按标准价(57.2)计费
2月,耳鼻喉病房,字段不一致-单价,枪状镊3喉镜1吸引管3盘1/W9050,1579609,单价,30.8,35.2,45,53,原始按器械数×基础单价(30.8)计费；处理后按标准价(35.2)计费
2月,耳鼻喉病房,字段不一致-总价,枪状镊3喉镜1吸引管3盘1/W9050,1579609,总价,30.8,35.2,45,53,原始按器械数×基础单价(30.8)计费；处理后按标准价(35.2)计费
2月,耳鼻喉病房,汇总不一致-总价,耳鼻喉病房,,总价,7324.4,7227.6,8,8,
2月,耳鼻喉门诊,字段不一致-单价,镊子69弯针12吸引管66喉镜11盘1/w9050,1575420,单价,660.0,699.6,14,14,原始按器械数×基础单价(660)计费；处理后按标准价(699.6)计费
2月,耳鼻喉门诊,字段不一致-总价,镊子69弯针12吸引管66喉镜11盘1/w9050,1575420,总价,660.0,699.6,14,14,原始按器械数×基础单价(660)计费；处理后按标准价(699.6)计费
2月,耳鼻喉门诊,字段不一致-单价,镊子56弯针8吸引管39喉镜9盘1/w9050,1577271,单价,272.8,497.2,46,46,原始按器械数×基础单价(272.8)计费；处理后按标准价(497.2)计费
2月,耳鼻喉门诊,字段不一致-总价,镊子56弯针8吸引管39喉镜9盘1/w9050,1577271,总价,272.8,497.2,46,46,原始按器械数×基础单价(272.8)计费；处理后按标准价(497.2)计费
2月,耳鼻喉门诊,字段不一致-单价,镊子31弯针4吸引管14喉镜4盘1/w9050,1577849,单价,233.2,237.6,57,57,原始按器械数×基础单价(233.2)计费；处理后按标准价(237.6)计费
2月,耳鼻喉门诊,字段不一致-总价,镊子31弯针4吸引管14喉镜4盘1/w9050,1577849,总价,233.2,237.6,57,57,原始按器械数×基础单价(233.2)计费；处理后按标准价(237.6)计费
2月,耳鼻喉门诊,汇总不一致-总价,耳鼻喉门诊,,总价,20516.8,20785.2,8,8,
2月,肛肠科,字段不一致-单价,镊子46盒1/w9050,1580524,单价,202.4,206.8,82,82,原始按器械数×基础单价(202.4)计费；处理后按标准价(206.8)计费
2月,肛肠科,字段不一致-总价,镊子46盒1/w9050,1580524,总价,202.4,206.8,82,82,原始按器械数×基础单价(202.4)计费；处理后按标准价(206.8)计费
2月,肛肠科,汇总不一致-总价,肛肠科,,总价,7514.4,7518.8,8,8,
2月,肛肠门诊,字段不一致-单价,镊子25盒1/w9050,1575631,单价,127.6,114.4,11,11,原始按器械数×基础单价(127.6)计费；处理后按标准价(114.4)计费
2月,肛肠门诊,字段不一致-总价,镊子25盒1/w9050,1575631,总价,127.6,114.4,11,11,原始按器械数×基础单价(127.6)计费；处理后按标准价(114.4)计费
2月,肛肠门诊,字段不一致-单价,镊子26盘1/W9050,1578711,单价,114.4,118.8,17,17,原始按器械数×基础单价(114.4)计费；处理后按标准价(118.8)计费
2月,肛肠门诊,字段不一致-总价,镊子26盘1/W9050,1578711,总价,114.4,118.8,17,17,原始按器械数×基础单价(114.4)计费；处理后按标准价(118.8)计费
2月,肛肠门诊,汇总不一致-总价,肛肠门诊,,总价,646.0,637.2,8,8,
2月,重症医学科,多余行,2026-02-25 00:55:44.657000,2026-03-02 12:55:03.507000,整行,,20332947.0/None/None,,39,
2月,重症医学科,汇总不一致-总价,重症医学科,,总价,1139.6,1111.6,8,8,
3月,外二,字段不一致-单价,换药包(120布),1581557,单价,22.6,22.0,10,10,原始按器械数×基础单价(22.6)计费；处理后按标准价(22)计费
3月,外二,字段不一致-总价,换药包(120布),1581557,总价,22.6,22.0,10,10,原始按器械数×基础单价(22.6)计费；处理后按标准价(22)计费
3月,外二,字段不一致-单价,换药包(120布),1581869,单价,22.6,22.0,12,13,原始按器械数×基础单价(22.6)计费；处理后按标准价(22)计费
3月,外二,字段不一致-总价,换药包(120布),1581869,总价,22.6,22.0,12,13,原始按器械数×基础单价(22.6)计费；处理后按标准价(22)计费
3月,外二,字段不一致-单价,换药包(120布),1583388,单价,22.6,22.0,16,18,原始按器械数×基础单价(22.6)计费；处理后按标准价(22)计费
3月,外二,字段不一致-总价,换药包(120布),1583388,总价,45.2,44.0,16,18,原始按器械数×基础单价(22.6)计费；处理后按标准价(22)计费
3月,外二,字段不一致-单价,换药包(120布),1584760,单价,22.6,22.0,18,21,原始按器械数×基础单价(22.6)计费；处理后按标准价(22)计费
3月,外二,字段不一致-总价,换药包(120布),1584760,总价,45.2,44.0,18,21,原始按器械数×基础单价(22.6)计费；处理后按标准价(22)计费
3月,外二,字段不一致-单价,换药包(120布),1585144,单价,22.6,22.0,21,25,原始按器械数×基础单价(22.6)计费；处理后按标准价(22)计费
3月,外二,字段不一致-总价,换药包(120布),1585144,总价,22.6,22.0,21,25,原始按器械数×基础单价(22.6)计费；处理后按标准价(22)计费
3月,外二,字段不一致-单价,换药包(120布),1586881,单价,22.6,22.0,28,33,原始按器械数×基础单价(22.6)计费；处理后按标准价(22)计费
3月,外二,字段不一致-总价,换药包(120布),1586881,总价,90.4,88.0,28,33,原始按器械数×基础单价(22.6)计费；处理后按标准价(22)计费
3月,外二,字段不一致-单价,换药包(120布),1587137,单价,22.6,22.0,32,38,原始按器械数×基础单价(22.6)计费；处理后按标准价(22)计费
3月,外二,字段不一致-总价,换药包(120布),1587137,总价,45.2,44.0,32,38,原始按器械数×基础单价(22.6)计费；处理后按标准价(22)计费
3月,外二,字段不一致-单价,换药包(120布),1587935,单价,22.6,22.0,37,44,原始按器械数×基础单价(22.6)计费；处理后按标准价(22)计费
3月,外二,字段不一致-总价,换药包(120布),1587935,总价,22.6,22.0,37,44,原始按器械数×基础单价(22.6)计费；处理后按标准价(22)计费
3月,外二,字段不一致-单价,换药包(120布),1588485,单价,22.6,22.0,41,49,原始按器械数×基础单价(22.6)计费；处理后按标准价(22)计费
3月,外二,字段不一致-总价,换药包(120布),1588485,总价,45.2,44.0,41,49,原始按器械数×基础单价(22.6)计费；处理后按标准价(22)计费
3月,外二,字段不一致-单价,换药包(120布),1588816,单价,22.6,22.0,45,54,原始按器械数×基础单价(22.6)计费；处理后按标准价(22)计费
3月,外二,字段不一致-总价,换药包(120布),1588816,总价,22.6,22.0,45,54,原始按器械数×基础单价(22.6)计费；处理后按标准价(22)计费
3月,外二,字段不一致-单价,换药包(120布),1589147,单价,22.6,22.0,49,59,原始按器械数×基础单价(22.6)计费；处理后按标准价(22)计费
3月,外二,字段不一致-总价,换药包(120布),1589147,总价,22.6,22.0,49,59,原始按器械数×基础单价(22.6)计费；处理后按标准价(22)计费
3月,外二,字段不一致-单价,换药包(120布),1590450,单价,22.6,22.0,53,64,原始按器械数×基础单价(22.6)计费；处理后按标准价(22)计费
3月,外二,字段不一致-总价,换药包(120布),1590450,总价,113.0,110.0,53,64,原始按器械数×基础单价(22.6)计费；处理后按标准价(22)计费
3月,外二,字段不一致-单价,换药包(120布),1590888,单价,22.6,22.0,56,68,原始按器械数×基础单价(22.6)计费；处理后按标准价(22)计费
3月,外二,字段不一致-总价,换药包(120布),1590888,总价,22.6,22.0,56,68,原始按器械数×基础单价(22.6)计费；处理后按标准价(22)计费
3月,外二,汇总不一致-总价,外二,,总价,2970.8,2956.4,8,8,
3月,宫腔镜,字段不一致-包数,镜头-3件(盒1)/Z2060,1586540,包数,1.0,2.0,51,73,
3月,宫腔镜,字段不一致-总价,镜头-3件(盒1)/Z2060,1586540,总价,52.8,105.6,51,73,
3月,宫腔镜,缺失行,镜头-3件(盒1)/Z2060,1586540,整行,2.0/52.8/105.6,,52,,
3月,宫腔镜,缺失行,镜头-3件(盒1)/Z2060,1588891,整行,1.0/52.8/52.8,,72,,
3月,宫腔镜,字段不一致-包数,镜头-3件(盒1)/Z2060,1590046,包数,2.0,3.0,84,123,
3月,宫腔镜,字段不一致-总价,镜头-3件(盒1)/Z2060,1590046,总价,105.6,158.4,84,123,
3月,宫腔镜,缺失行,镜头-3件(盒1)/Z2060,1590046,整行,3.0/52.8/158.4,,85,,
3月,宫腔镜,字段不一致-包数,镜头-3件(盒1)/Z2060,1590566,包数,2.0,3.0,90,134,
3月,宫腔镜,字段不一致-总价,镜头-3件(盒1)/Z2060,1590566,总价,105.6,158.4,90,134,
3月,宫腔镜,缺失行,镜头-3件(盒1)/Z2060,1590566,整行,3.0/52.8/158.4,,91,,
3月,宫腔镜,多余行,镜头-3件(盒1)/Z2060,1588891,整行,,1.0/52.8/52.8,,103,
3月,宫腔镜,多余行,2026-03-07 03:04:13.490000,2026-04-02 09:39:26.633000,整行,,20356650.0/None/None,,152,
3月,宫腔镜,汇总不一致-总价,宫腔镜,,总价,15400.8,15348.0,8,8,
3月,手术室(一区),缺失行,持针器-1（EO）/z2060,1581626,整行,1.0/22.4/22.4,,21,,
3月,手术室(一区),缺失行,剪刀（EO）-1/Z2060,1581626,整行,1.0/22.4/22.4,,26,,
3月,手术室(一区),字段不一致-单价,30°腹腔镜-1/z2060,1581626,单价,28.0,30.4,34,36,原始按器械数×基础单价(28)计费；处理后按标准价(30.4)计费
3月,手术室(一区),字段不一致-总价,30°腹腔镜-1/z2060,1581626,总价,28.0,30.4,34,36,原始按器械数×基础单价(28)计费；处理后按标准价(30.4)计费
3月,手术室(一区),缺失行,持针器-1（EO）/z2060,1582245,整行,1.0/22.4/22.4,,59,,
3月,手术室(一区),缺失行,剪刀（EO）-1/Z2060,1582245,整行,1.0/22.4/22.4,,63,,
3月,手术室(一区),缺失行,取石钳（EO）-1/Z2060,1582605,整行,2.0/22.4/44.8,,81,,
3月,手术室(一区),缺失行,剪刀（EO）-1/Z2060,1582969,整行,2.0/22.4/44.8,,133,,
3月,手术室(一区),缺失行,取石钳（EO）-1/Z2060,1582969,整行,1.0/22.4/22.4,,137,,
3月,手术室(一区),缺失行,特殊钳-1（EO）/Z2044,1582969,整行,1.0/22.4/22.4,,141,,
3月,手术室(一区),缺失行,王树人镜头（EO）-1/Z2060,1582969,整行,1.0/22.4/22.4,,144,,
3月,手术室(一区),字段不一致-单价,30°腹腔镜-1/z2060,1582969,单价,28.0,30.4,149,161,原始按器械数×基础单价(28)计费；处理后按标准价(30.4)计费
3月,手术室(一区),字段不一致-总价,30°腹腔镜-1/z2060,1582969,总价,28.0,30.4,149,161,原始按器械数×基础单价(28)计费；处理后按标准价(30.4)计费
3月,手术室(一区),字段不一致-单价,30°腹腔镜 -1/z2060,1583462,单价,22.4,30.4,171,705,原始按器械数×基础单价(22.4)计费；处理后按标准价(30.4)计费
3月,手术室(一区),字段不一致-总价,30°腹腔镜 -1/z2060,1583462,总价,22.4,30.4,171,705,原始按器械数×基础单价(22.4)计费；处理后按标准价(30.4)计费
3月,手术室(一区),字段不一致-单价,输尿管镜-1件（盒1）/双/z3060,1583462,单价,36.4,28.0,183,718,原始按器械数×基础单价(36.4)计费；处理后按标准价(28)计费
3月,手术室(一区),字段不一致-总价,输尿管镜-1件（盒1）/双/z3060,1583462,总价,36.4,28.0,183,718,原始按器械数×基础单价(36.4)计费；处理后按标准价(28)计费
3月,手术室(一区),缺失行,持针器-1（EO）/z2060,1584842,整行,1.0/22.4/22.4,,235,,
3月,手术室(一区),缺失行,剪刀（EO）-1/Z2060,1584842,整行,4.0/22.4/89.6,,244,,
3月,手术室(一区),缺失行,取石钳（EO）-1/Z2060,1584842,整行,2.0/22.4/44.8,,248,,
3月,手术室(一区),缺失行,剪刀（EO）-1/Z2060,1585220,整行,1.0/22.4/22.4,,273,,
3月,手术室(一区),缺失行,特殊钳-1（EO）/Z2044,1585220,整行,1.0/22.4/22.4,,277,,
3月,手术室(一区),字段不一致-单价,30°腹腔镜-1/z2060,1585220,单价,28.0,30.4,281,281,原始按器械数×基础单价(28)计费；处理后按标准价(30.4)计费
3月,手术室(一区),字段不一致-总价,30°腹腔镜-1/z2060,1585220,总价,28.0,30.4,281,281,原始按器械数×基础单价(28)计费；处理后按标准价(30.4)计费
3月,手术室(一区),缺失行,取石钳（EO）-1/Z2060,1585637,整行,3.0/22.4/67.2,,312,,
3月,手术室(一区),缺失行,持针器-1（EO）/z2060,1585999,整行,2.0/22.4/44.8,,325,,
3月,手术室(一区),缺失行,剪刀（EO）-1/Z2060,1585999,整行,3.0/22.4/67.2,,333,,
3月,手术室(一区),字段不一致-单价,30°腹腔镜-1/z2060,1585999,单价,28.0,30.4,345,353,原始按器械数×基础单价(28)计费；处理后按标准价(30.4)计费
3月,手术室(一区),字段不一致-总价,30°腹腔镜-1/z2060,1585999,总价,28.0,30.4,345,353,原始按器械数×基础单价(28)计费；处理后按标准价(30.4)计费
3月,手术室(一区),缺失行,王树人特器-16件 （加筐17）,1586079,整行,1.0/220.0/220.0,,350,,
3月,手术室(一区),缺失行,剪刀（EO）-1/Z2060,1586542,整行,1.0/22.4/22.4,,363,,
3月,手术室(一区),缺失行,特殊钳-1（EO）/Z2044,1586542,整行,1.0/22.4/22.4,,368,,
3月,手术室(一区),缺失行,持针器-1（EO）/z2060,1586908,整行,1.0/22.4/22.4,,394,,
3月,手术室(一区),缺失行,剪刀（EO）-1/Z2060,1586908,整行,2.0/22.4/44.8,,397,,
3月,手术室(一区),字段不一致-单价,30°腹腔镜-1/z2060,1586908,单价,28.0,30.4,403,416,原始按器械数×基础单价(28)计费；处理后按标准价(30.4)计费
3月,手术室(一区),字段不一致-总价,30°腹腔镜-1/z2060,1586908,总价,28.0,30.4,403,416,原始按器械数×基础单价(28)计费；处理后按标准价(30.4)计费
3月,手术室(一区),缺失行,持针器-1（EO）/z2060,1587267,整行,1.0/22.4/22.4,,418,,
3月,手术室(一区),缺失行,剪刀（EO）-1/Z2060,1587267,整行,1.0/22.4/22.4,,420,,
3月,手术室(一区),字段不一致-单价,30°腹腔镜-1/z2060,1587267,单价,28.0,30.4,427,441,原始按器械数×基础单价(28)计费；处理后按标准价(30.4)计费
3月,手术室(一区),字段不一致-总价,30°腹腔镜-1/z2060,1587267,总价,28.0,30.4,427,441,原始按器械数×基础单价(28)计费；处理后按标准价(30.4)计费
3月,手术室(一区),缺失行,持针器-1（EO）/z2060,1587661,整行,1.0/22.4/22.4,,450,,
3月,手术室(一区),缺失行,剪刀（EO）-1/Z2060,1587661,整行,3.0/22.4/67.2,,454,,
3月,手术室(一区),字段不一致-单价,30°腹腔镜-1/z2060,1587661,单价,28.0,30.4,464,483,原始按器械数×基础单价(28)计费；处理后按标准价(30.4)计费
3月,手术室(一区),字段不一致-总价,30°腹腔镜-1/z2060,1587661,总价,28.0,30.4,464,483,原始按器械数×基础单价(28)计费；处理后按标准价(30.4)计费
3月,手术室(一区),缺失行,持针器-1（EO）/z2060,1588010,整行,1.0/22.4/22.4,,482,,
3月,手术室(一区),缺失行,剪刀（EO）-1/Z2060,1588010,整行,2.0/22.4/44.8,,487,,
3月,手术室(一区),字段不一致-单价,30°腹腔镜-1/z2060,1588010,单价,28.0,30.4,495,517,原始按器械数×基础单价(28)计费；处理后按标准价(30.4)计费
3月,手术室(一区),字段不一致-总价,30°腹腔镜-1/z2060,1588010,总价,56.0,60.8,495,517,原始按器械数×基础单价(28)计费；处理后按标准价(30.4)计费
3月,手术室(一区),缺失行,持针器-1（EO）/z2060,1588550,整行,1.0/22.4/22.4,,528,,
3月,手术室(一区),缺失行,剪刀（EO）-1/Z2060,1588550,整行,2.0/22.4/44.8,,532,,
3月,手术室(一区),字段不一致-单价,30°腹腔镜-1/z2060,1588550,单价,28.0,30.4,539,564,原始按器械数×基础单价(28)计费；处理后按标准价(30.4)计费
3月,手术室(一区),字段不一致-总价,30°腹腔镜-1/z2060,1588550,总价,56.0,60.8,539,564,原始按器械数×基础单价(28)计费；处理后按标准价(30.4)计费
3月,手术室(一区),缺失行,剪刀（EO）-1/Z2060,1588893,整行,1.0/22.4/22.4,,562,,
3月,手术室(一区),缺失行,持针器-1（EO）/z2060,1589238,整行,1.0/22.4/22.4,,585,,
3月,手术室(一区),缺失行,冲洗瓶（EO）-3/z2544,1589238,整行,2.0/52.8/105.6,,586,,
3月,手术室(一区),缺失行,剪刀（EO）-1/Z2060,1589238,整行,1.0/22.4/22.4,,591,,
3月,手术室(一区),缺失行,取石钳（EO）-1/Z2060,1590047,整行,1.0/22.4/22.4,,643,,
3月,手术室(一区),多余行,持针器-1/z2060,1581626,整行,,1.0/22.4/22.4,,23,
3月,手术室(一区),多余行,剪刀-1/Z2060,1581626,整行,,1.0/22.4/22.4,,28,
3月,手术室(一区),多余行,持针器-1/z2060,1582245,整行,,1.0/22.4/22.4,,62,
3月,手术室(一区),多余行,剪刀-1/Z2060,1582245,整行,,1.0/22.4/22.4,,66,
3月,手术室(一区),多余行,取石钳-1/Z2060,1582605,整行,,2.0/22.4/44.8,,85,
3月,手术室(一区),多余行,剪刀-1/Z2060,1582969,整行,,2.0/22.4/44.8,,145,
3月,手术室(一区),多余行,取石钳-1/Z2060,1582969,整行,,1.0/22.4/22.4,,149,
3月,手术室(一区),多余行,特殊钳-1/Z2044,1582969,整行,,1.0/22.4/22.4,,153,
3月,手术室(一区),多余行,王树人镜头-1/Z2060,1582969,整行,,1.0/22.4/22.4,,156,
3月,手术室(一区),多余行,持针器-1/z2060,1584842,整行,,1.0/22.4/22.4,,232,
3月,手术室(一区),多余行,剪刀-1/Z2060,1584842,整行,,4.0/22.4/89.6,,241,
3月,手术室(一区),多余行,取石钳-1/Z2060,1584842,整行,,2.0/22.4/44.8,,245,
3月,手术室(一区),多余行,剪刀-1/Z2060,1585220,整行,,1.0/22.4/22.4,,273,
3月,手术室(一区),多余行,特殊钳-1/Z2044,1585220,整行,,1.0/22.4/22.4,,277,
3月,手术室(一区),多余行,取石钳-1/Z2060,1585637,整行,,3.0/22.4/67.2,,316,
3月,手术室(一区),多余行,持针器-1/z2060,1585999,整行,,2.0/22.4/44.8,,332,
3月,手术室(一区),多余行,剪刀-1/Z2060,1585999,整行,,3.0/22.4/67.2,,340,
3月,手术室(一区),多余行,王树人特器-16件（加筐17）,1586079,整行,,1.0/220.0/220.0,,359,
3月,手术室(一区),多余行,剪刀-1/Z2060,1586542,整行,,1.0/22.4/22.4,,374,
3月,手术室(一区),多余行,特殊钳-1/Z2044,1586542,整行,,1.0/22.4/22.4,,379,
3月,手术室(一区),多余行,持针器-1/z2060,1586908,整行,,1.0/22.4/22.4,,407,
3月,手术室(一区),多余行,剪刀-1/Z2060,1586908,整行,,2.0/22.4/44.8,,410,
3月,手术室(一区),多余行,持针器-1/z2060,1587267,整行,,1.0/22.4/22.4,,432,
3月,手术室(一区),多余行,剪刀-1/Z2060,1587267,整行,,1.0/22.4/22.4,,434,
3月,手术室(一区),多余行,持针器-1/z2060,1587661,整行,,1.0/22.4/22.4,,469,
3月,手术室(一区),多余行,剪刀-1/Z2060,1587661,整行,,3.0/22.4/67.2,,473,
3月,手术室(一区),多余行,持针器-1/z2060,1588010,整行,,1.0/22.4/22.4,,504,
3月,手术室(一区),多余行,剪刀-1/Z2060,1588010,整行,,2.0/22.4/44.8,,509,
3月,手术室(一区),多余行,持针器-1/z2060,1588550,整行,,1.0/22.4/22.4,,553,
3月,手术室(一区),多余行,剪刀-1/Z2060,1588550,整行,,2.0/22.4/44.8,,557,
3月,手术室(一区),多余行,剪刀-1/Z2060,1588893,整行,,1.0/22.4/22.4,,592,
3月,手术室(一区),多余行,持针器-1/z2060,1589238,整行,,1.0/22.4/22.4,,618,
3月,手术室(一区),多余行,冲洗瓶-3/z2544,1589238,整行,,2.0/52.8/105.6,,619,
3月,手术室(一区),多余行,剪刀-1/Z2060,1589238,整行,,1.0/22.4/22.4,,626,
3月,手术室(一区),多余行,取石钳-1/Z2060,1590047,整行,,1.0/22.4/22.4,,671,
3月,手术室(一区),多余行,2026-03-06 02:07:43.820000,2026-04-02 09:39:05.963000,整行,,20325857.0/None/None,,766,
3月,手术室(一区),汇总不一致-总价,手术室(一区),,总价,45294.4000000001,49681.4000000001,8,8,
3月,手术室(二区),缺失行,持针器-1（EO）/z2060,1583454,整行,1.0/22.4/22.4,,24,,
3月,手术室(二区),字段不一致-单价,30°腹腔镜-1/z2060,1583454,单价,28.0,30.4,38,43,原始按器械数×基础单价(28)计费；处理后按标准价(30.4)计费
3月,手术室(二区),字段不一致-总价,30°腹腔镜-1/z2060,1583454,总价,28.0,30.4,38,43,原始按器械数×基础单价(28)计费；处理后按标准价(30.4)计费
3月,手术室(二区),缺失行,持针器-1（EO）/z2060,1585219,整行,1.0/22.4/22.4,,59,,
3月,手术室(二区),字段不一致-单价,30°腹腔镜-1/z2060,1585219,单价,28.0,30.4,71,81,原始按器械数×基础单价(28)计费；处理后按标准价(30.4)计费
3月,手术室(二区),字段不一致-总价,30°腹腔镜-1/z2060,1585219,总价,28.0,30.4,71,81,原始按器械数×基础单价(28)计费；处理后按标准价(30.4)计费
3月,手术室(二区),缺失行,持针器-1（EO）/z2060,1587660,整行,1.0/22.4/22.4,,104,,
3月,手术室(二区),字段不一致-单价,30°腹腔镜-1/z2060,1589237,单价,28.0,30.4,136,154,原始按器械数×基础单价(28)计费；处理后按标准价(30.4)计费
3月,手术室(二区),字段不一致-总价,30°腹腔镜-1/z2060,1589237,总价,28.0,30.4,136,154,原始按器械数×基础单价(28)计费；处理后按标准价(30.4)计费
3月,手术室(二区),多余行,持针器-1/z2060,1583454,整行,,1.0/22.4/22.4,,25,
3月,手术室(二区),多余行,持针器-1/z2060,1585219,整行,,1.0/22.4/22.4,,67,
3月,手术室(二区),多余行,持针器-1/z2060,1587660,整行,,1.0/22.4/22.4,,118,
3月,手术室(二区),多余行,2026-03-19 22:50:28.253000,2026-04-02 09:39:47.763000,整行,,20324826.0/None/None,,180,
3月,手术室(二区),汇总不一致-总价,手术室(二区),,总价,6128.4,6125.2,8,8,
3月,耳鼻喉病房,字段不一致-单价,橄榄头-84/z2030,1581607,单价,220.0,237.6,14,14,原始按器械数×基础单价(220)计费；处理后按标准价(237.6)计费
3月,耳鼻喉病房,字段不一致-总价,橄榄头-84/z2030,1581607,总价,220.0,237.6,14,14,原始按器械数×基础单价(220)计费；处理后按标准价(237.6)计费
3月,耳鼻喉病房,字段不一致-单价,枪状镊10弯针10喉镜12吸引管5盘1/w9050,1586471,单价,162.8,167.2,50,58,原始按器械数×基础单价(162.8)计费；处理后按标准价(167.2)计费
3月,耳鼻喉病房,字段不一致-总价,枪状镊10弯针10喉镜12吸引管5盘1/w9050,1586471,总价,162.8,167.2,50,58,原始按器械数×基础单价(162.8)计费；处理后按标准价(167.2)计费
3月,耳鼻喉病房,字段不一致-单价,橄榄头-83/z2030,1587969,单价,220.0,237.6,67,75,原始按器械数×基础单价(220)计费；处理后按标准价(237.6)计费
3月,耳鼻喉病房,字段不一致-总价,橄榄头-83/z2030,1587969,总价,220.0,237.6,67,75,原始按器械数×基础单价(220)计费；处理后按标准价(237.6)计费
3月,耳鼻喉病房,字段不一致-单价,橄榄头-105/z2030,1589622,单价,275.2,257.6,99,110,原始按器械数×基础单价(275.2)计费；处理后按标准价(257.6)计费
3月,耳鼻喉病房,字段不一致-总价,橄榄头-105/z2030,1589622,总价,275.2,257.6,99,110,原始按器械数×基础单价(275.2)计费；处理后按标准价(257.6)计费
3月,耳鼻喉病房,汇总不一致-总价,耳鼻喉病房,,总价,18188.4,18210.4,8,8,
3月,耳鼻喉门诊,字段不一致-单价,镊子60盘1/w9050,1588206,单价,264.0,268.4,120,120,原始按器械数×基础单价(264)计费；处理后按标准价(268.4)计费
3月,耳鼻喉门诊,字段不一致-总价,镊子60盘1/w9050,1588206,总价,264.0,268.4,120,120,原始按器械数×基础单价(264)计费；处理后按标准价(268.4)计费
3月,耳鼻喉门诊,字段不一致-单价,镊子53吸管40喉镜10弯针11盘1/W6050,1589213,单价,501.6,506.0,135,135,原始按器械数×基础单价(501.6)计费；处理后按标准价(506)计费
3月,耳鼻喉门诊,字段不一致-总价,镊子53吸管40喉镜10弯针11盘1/W6050,1589213,总价,501.6,506.0,135,135,原始按器械数×基础单价(501.6)计费；处理后按标准价(506)计费
3月,耳鼻喉门诊,汇总不一致-总价,耳鼻喉门诊,,总价,35036.0,35044.8,8,8,
3月,透析,缺失行,剪刀1 持针器1/Z1526,1586475,整行,1.0/13.2/13.2,,25,,
4月,外二,字段不一致-单价,换药包(120布),1591634,单价,22.6,22.0,12,12,原始按器械数×基础单价(22.6)计费；处理后按标准价(22)计费
4月,外二,字段不一致-总价,换药包(120布),1591634,总价,22.6,22.0,12,12,原始按器械数×基础单价(22.6)计费；处理后按标准价(22)计费
4月,外二,字段不一致-单价,换药包(120布),1592022,单价,22.6,22.0,15,16,原始按器械数×基础单价(22.6)计费；处理后按标准价(22)计费
4月,外二,字段不一致-总价,换药包(120布),1592022,总价,22.6,22.0,15,16,原始按器械数×基础单价(22.6)计费；处理后按标准价(22)计费
4月,外二,字段不一致-单价,换药包(120布),1593058,单价,22.6,22.0,20,22,原始按器械数×基础单价(22.6)计费；处理后按标准价(22)计费
4月,外二,字段不一致-总价,换药包(120布),1593058,总价,22.6,22.0,20,22,原始按器械数×基础单价(22.6)计费；处理后按标准价(22)计费
4月,外二,字段不一致-单价,换药包(120布),1594395,单价,22.6,22.0,24,27,原始按器械数×基础单价(22.6)计费；处理后按标准价(22)计费
4月,外二,字段不一致-总价,换药包(120布),1594395,总价,22.6,22.0,24,27,原始按器械数×基础单价(22.6)计费；处理后按标准价(22)计费
4月,外二,字段不一致-单价,换药包(120布),1594828,单价,22.6,22.0,26,30,原始按器械数×基础单价(22.6)计费；处理后按标准价(22)计费
4月,外二,字段不一致-总价,换药包(120布),1594828,总价,67.8,66.0,26,30,原始按器械数×基础单价(22.6)计费；处理后按标准价(22)计费
4月,外二,字段不一致-单价,换药包(120布),1595666,单价,22.6,22.0,31,36,原始按器械数×基础单价(22.6)计费；处理后按标准价(22)计费
4月,外二,字段不一致-总价,换药包(120布),1595666,总价,22.6,22.0,31,36,原始按器械数×基础单价(22.6)计费；处理后按标准价(22)计费
4月,外二,字段不一致-单价,换药包(120布),1596566,单价,22.6,22.0,36,42,原始按器械数×基础单价(22.6)计费；处理后按标准价(22)计费
4月,外二,字段不一致-总价,换药包(120布),1596566,总价,22.6,22.0,36,42,原始按器械数×基础单价(22.6)计费；处理后按标准价(22)计费
4月,外二,字段不一致-单价,换药包(120布),1597290,单价,22.6,22.0,42,49,原始按器械数×基础单价(22.6)计费；处理后按标准价(22)计费
4月,外二,字段不一致-总价,换药包(120布),1597290,总价,22.6,22.0,42,49,原始按器械数×基础单价(22.6)计费；处理后按标准价(22)计费
4月,外二,字段不一致-单价,换药包(120布),1598112,单价,22.6,22.0,46,54,原始按器械数×基础单价(22.6)计费；处理后按标准价(22)计费
4月,外二,字段不一致-总价,换药包(120布),1598112,总价,67.8,66.0,46,54,原始按器械数×基础单价(22.6)计费；处理后按标准价(22)计费
4月,外二,字段不一致-单价,换药包(120布),1598637,单价,22.6,22.0,50,59,原始按器械数×基础单价(22.6)计费；处理后按标准价(22)计费
4月,外二,字段不一致-总价,换药包(120布),1598637,总价,22.6,22.0,50,59,原始按器械数×基础单价(22.6)计费；处理后按标准价(22)计费
4月,外二,汇总不一致-总价,外二,,总价,2007.6,1999.2,8,8,
4月,宫腔镜,缺失行,镜头-3件(盒1)/Z2060,1591743,整行,1.0/52.8/52.8,,19,,
4月,宫腔镜,缺失行,镜头-3件(盒1)/Z2060,1592132,整行,3.0/52.8/158.4,,23,,
4月,宫腔镜,多余行,镜头-3件(盒1)/Z2060,1592132,整行,,3.0/52.8/158.4,,31,
4月,手术室(一区),缺失行,取石钳（EO）-1/Z2060,1590977,整行,1.0/22.4/22.4,,18,,
4月,手术室(一区),缺失行,剪刀（EO）-1/Z2060,1591745,整行,1.0/22.4/22.4,,64,,
4月,手术室(一区),字段不一致-单价,30°腹腔镜-1/z2060,1591745,单价,28.0,30.4,71,80,原始按器械数×基础单价(28)计费；处理后按标准价(30.4)计费
4月,手术室(一区),字段不一致-总价,30°腹腔镜-1/z2060,1591745,总价,28.0,30.4,71,80,原始按器械数×基础单价(28)计费；处理后按标准价(30.4)计费
4月,手术室(一区),缺失行,持针器-1（EO）/z2060,1592133,整行,3.0/22.4/67.2,,83,,
4月,手术室(一区),缺失行,剪刀（EO）-1/Z2060,1592133,整行,3.0/22.4/67.2,,89,,
4月,手术室(一区),字段不一致-单价,30°腹腔镜-1/z2060,1592133,单价,28.0,30.4,98,109,原始按器械数×基础单价(28)计费；处理后按标准价(30.4)计费
4月,手术室(一区),字段不一致-总价,30°腹腔镜-1/z2060,1592133,总价,56.0,60.8,98,109,原始按器械数×基础单价(28)计费；处理后按标准价(30.4)计费
4月,手术室(一区),缺失行,王树人特器-16件 （加筐17）,1592353,整行,1.0/220.0/220.0,,127,,
4月,手术室(一区),缺失行,剪刀（EO）-1/Z2060,1592753,整行,2.0/22.4/44.8,,160,,
4月,手术室(一区),缺失行,特殊钳-1（EO）/Z2044,1592753,整行,1.0/22.4/22.4,,165,,
4月,手术室(一区),字段不一致-单价,30°腹腔镜-1/z2060,1592753,单价,28.0,30.4,170,188,原始按器械数×基础单价(28)计费；处理后按标准价(30.4)计费
4月,手术室(一区),字段不一致-总价,30°腹腔镜-1/z2060,1592753,总价,56.0,60.8,170,188,原始按器械数×基础单价(28)计费；处理后按标准价(30.4)计费
4月,手术室(一区),缺失行,剪刀（EO）-1/Z2060,1593565,整行,1.0/22.4/22.4,,207,,
4月,手术室(一区),缺失行,特殊钳-1（EO）/Z2044,1593565,整行,1.0/22.4/22.4,,211,,
4月,手术室(一区),字段不一致-单价,30°腹腔镜-1/z2060,1593565,单价,28.0,30.4,220,232,原始按器械数×基础单价(28)计费；处理后按标准价(30.4)计费
4月,手术室(一区),字段不一致-总价,30°腹腔镜-1/z2060,1593565,总价,28.0,30.4,220,232,原始按器械数×基础单价(28)计费；处理后按标准价(30.4)计费
4月,手术室(一区),字段不一致-包数,腹腔镜包,1593917,包数,2.0,1.0,222,665,
4月,手术室(一区),字段不一致-总价,腹腔镜包,1593917,总价,308.0,154.0,222,665,
4月,手术室(一区),字段不一致-包数,碗1 盘2 杯2 /w6050,1593917,包数,8.0,1.0,232,666,
4月,手术室(一区),字段不一致-总价,碗1 盘2 杯2 /w6050,1593917,总价,176.0,22.0,232,666,
4月,手术室(一区),缺失行,剪刀（EO）-1/Z2060,1593963,整行,2.0/22.4/44.8,,238,,
4月,手术室(一区),字段不一致-单价,30°腹腔镜-1/z2060,1593963,单价,28.0,30.4,247,260,原始按器械数×基础单价(28)计费；处理后按标准价(30.4)计费
4月,手术室(一区),字段不一致-总价,30°腹腔镜-1/z2060,1593963,总价,28.0,30.4,247,260,原始按器械数×基础单价(28)计费；处理后按标准价(30.4)计费
4月,手术室(一区),缺失行,王树人特器-16件 （加筐17）,1594079,整行,1.0/220.0/220.0,,260,,
4月,手术室(一区),缺失行,持针器-1（EO）/z2060,1594526,整行,1.0/22.4/22.4,,272,,
4月,手术室(一区),缺失行,剪刀（EO）-1/Z2060,1594526,整行,1.0/22.4/22.4,,276,,
4月,手术室(一区),缺失行,持针器-1（EO）/z2060,1594925,整行,1.0/22.4/22.4,,297,,
4月,手术室(一区),缺失行,剪刀（EO）-1/Z2060,1594925,整行,2.0/22.4/44.8,,300,,
4月,手术室(一区),缺失行,特殊钳-1（EO）/Z2044,1594925,整行,1.0/22.4/22.4,,305,,
4月,手术室(一区),字段不一致-单价,30°腹腔镜-1/z2060,1594925,单价,28.0,30.4,310,327,原始按器械数×基础单价(28)计费；处理后按标准价(30.4)计费
4月,手术室(一区),字段不一致-总价,30°腹腔镜-1/z2060,1594925,总价,28.0,30.4,310,327,原始按器械数×基础单价(28)计费；处理后按标准价(30.4)计费
4月,手术室(一区),缺失行,王树人镜头（EO）-1/Z2060,1595264,整行,1.0/22.4/22.4,,324,,
4月,手术室(一区),字段不一致-单价,王树人特器-19件，筐1/W12050,1595264,单价,88.0,240.0,325,343,原始按器械数×基础单价(88)计费；处理后按标准价(240)计费
4月,手术室(一区),字段不一致-总价,王树人特器-19件，筐1/W12050,1595264,总价,88.0,240.0,325,343,原始按器械数×基础单价(88)计费；处理后按标准价(240)计费
4月,手术室(一区),字段不一致-单价,王树人特器-19件，筐1/W12050,1595709,单价,88.0,240.0,346,365,原始按器械数×基础单价(88)计费；处理后按标准价(240)计费
4月,手术室(一区),字段不一致-总价,王树人特器-19件，筐1/W12050,1595709,总价,88.0,240.0,346,365,原始按器械数×基础单价(88)计费；处理后按标准价(240)计费
4月,手术室(一区),缺失行,持针器-1（EO）/z2060,1596051,整行,1.0/22.4/22.4,,355,,
4月,手术室(一区),缺失行,剪刀（EO）-1/Z2060,1596051,整行,1.0/22.4/22.4,,359,,
4月,手术室(一区),缺失行,剪刀（EO）-1/Z2060,1596631,整行,1.0/22.4/22.4,,386,,
4月,手术室(一区),字段不一致-单价,30°腹腔镜-1/z2060,1596631,单价,28.0,30.4,393,413,原始按器械数×基础单价(28)计费；处理后按标准价(30.4)计费
4月,手术室(一区),字段不一致-总价,30°腹腔镜-1/z2060,1596631,总价,28.0,30.4,393,413,原始按器械数×基础单价(28)计费；处理后按标准价(30.4)计费
4月,手术室(一区),缺失行,剪刀（EO）-1/Z2060,1597013,整行,1.0/22.4/22.4,,427,,
4月,手术室(一区),缺失行,王树人镜头（EO）-1/Z2060,1597013,整行,1.0/22.4/22.4,,433,,
4月,手术室(一区),字段不一致-单价,王树人特器-19件，筐1/W12050,1597013,单价,88.0,240.0,434,455,原始按器械数×基础单价(88)计费；处理后按标准价(240)计费
4月,手术室(一区),字段不一致-总价,王树人特器-19件，筐1/W12050,1597013,总价,88.0,240.0,434,455,原始按器械数×基础单价(88)计费；处理后按标准价(240)计费
4月,手术室(一区),字段不一致-单价,30°腹腔镜-1/z2060,1597013,单价,28.0,30.4,437,458,原始按器械数×基础单价(28)计费；处理后按标准价(30.4)计费
4月,手术室(一区),字段不一致-总价,30°腹腔镜-1/z2060,1597013,总价,28.0,30.4,437,458,原始按器械数×基础单价(28)计费；处理后按标准价(30.4)计费
4月,手术室(一区),缺失行,剪刀（EO）-1/Z2060,1597769,整行,1.0/22.4/22.4,,471,,
4月,手术室(一区),字段不一致-单价,30°腹腔镜-1/z2060,1597769,单价,28.0,30.4,476,500,原始按器械数×基础单价(28)计费；处理后按标准价(30.4)计费
4月,手术室(一区),字段不一致-总价,30°腹腔镜-1/z2060,1597769,总价,28.0,30.4,476,500,原始按器械数×基础单价(28)计费；处理后按标准价(30.4)计费
4月,手术室(一区),缺失行,剪刀（EO）-1/Z2060,1598148,整行,2.0/22.4/44.8,,491,,
4月,手术室(一区),字段不一致-单价,30°腹腔镜-1/z2060,1598148,单价,28.0,30.4,497,522,原始按器械数×基础单价(28)计费；处理后按标准价(30.4)计费
4月,手术室(一区),字段不一致-总价,30°腹腔镜-1/z2060,1598148,总价,28.0,30.4,497,522,原始按器械数×基础单价(28)计费；处理后按标准价(30.4)计费
4月,手术室(一区),缺失行,剪刀（EO）-1/Z2060,1598715,整行,1.0/22.4/22.4,,530,,
4月,手术室(一区),缺失行,特殊钳-1（EO）/Z2044,1598715,整行,1.0/22.4/22.4,,534,,
4月,手术室(一区),字段不一致-单价,30°腹腔镜-1/z2060,1598715,单价,28.0,30.4,539,565,原始按器械数×基础单价(28)计费；处理后按标准价(30.4)计费
4月,手术室(一区),字段不一致-总价,30°腹腔镜-1/z2060,1598715,总价,28.0,30.4,539,565,原始按器械数×基础单价(28)计费；处理后按标准价(30.4)计费
4月,手术室(一区),缺失行,持针器-1（EO）/z2060,1599106,整行,1.0/22.4/22.4,,556,,
4月,手术室(一区),缺失行,剪刀（EO）-1/Z2060,1599106,整行,4.0/22.4/89.6,,561,,
4月,手术室(一区),缺失行,剪刀（EO）-1/Z2060,1599509,整行,1.0/22.4/22.4,,581,,
4月,手术室(一区),字段不一致-单价,30°腹腔镜-1/z2060,1599509,单价,28.0,30.4,586,615,原始按器械数×基础单价(28)计费；处理后按标准价(30.4)计费
4月,手术室(一区),字段不一致-总价,30°腹腔镜-1/z2060,1599509,总价,28.0,30.4,586,615,原始按器械数×基础单价(28)计费；处理后按标准价(30.4)计费
4月,手术室(一区),多余行,取石钳-1/Z2060,1590977,整行,,1.0/22.4/22.4,,22,
4月,手术室(一区),多余行,剪刀-1/Z2060,1591745,整行,,1.0/22.4/22.4,,73,
4月,手术室(一区),多余行,持针器-1/z2060,1592133,整行,,3.0/22.4/67.2,,94,
4月,手术室(一区),多余行,剪刀-1/Z2060,1592133,整行,,3.0/22.4/67.2,,100,
4月,手术室(一区),多余行,王树人特器-16件（加筐17）,1592353,整行,,1.0/220.0/220.0,,142,
4月,手术室(一区),多余行,剪刀-1/Z2060,1592753,整行,,2.0/22.4/44.8,,178,
4月,手术室(一区),多余行,特殊钳-1/Z2044,1592753,整行,,1.0/22.4/22.4,,183,
4月,手术室(一区),多余行,剪刀-1/Z2060,1593565,整行,,1.0/22.4/22.4,,217,
4月,手术室(一区),多余行,特殊钳-1/Z2044,1593565,整行,,1.0/22.4/22.4,,221,
4月,手术室(一区),多余行,剪刀-1/Z2060,1593963,整行,,2.0/22.4/44.8,,251,
4月,手术室(一区),多余行,王树人特器-16件（加筐17）,1594079,整行,,1.0/220.0/220.0,,274,
4月,手术室(一区),多余行,持针器-1/z2060,1594526,整行,,1.0/22.4/22.4,,289,
4月,手术室(一区),多余行,剪刀-1/Z2060,1594526,整行,,1.0/22.4/22.4,,293,
4月,手术室(一区),多余行,持针器-1/z2060,1594925,整行,,1.0/22.4/22.4,,314,
4月,手术室(一区),多余行,剪刀-1/Z2060,1594925,整行,,2.0/22.4/44.8,,317,
4月,手术室(一区),多余行,特殊钳-1/Z2044,1594925,整行,,1.0/22.4/22.4,,322,
4月,手术室(一区),多余行,王树人镜头-1/Z2060,1595264,整行,,1.0/22.4/22.4,,342,
4月,手术室(一区),多余行,持针器-1/z2060,1596051,整行,,1.0/22.4/22.4,,374,
4月,手术室(一区),多余行,剪刀-1/Z2060,1596051,整行,,1.0/22.4/22.4,,378,
4月,手术室(一区),多余行,剪刀-1/Z2060,1596631,整行,,1.0/22.4/22.4,,406,
4月,手术室(一区),多余行,剪刀-1/Z2060,1597013,整行,,1.0/22.4/22.4,,448,
4月,手术室(一区),多余行,王树人镜头-1/Z2060,1597013,整行,,1.0/22.4/22.4,,454,
4月,手术室(一区),多余行,剪刀-1/Z2060,1597769,整行,,1.0/22.4/22.4,,495,
4月,手术室(一区),多余行,剪刀-1/Z2060,1598148,整行,,2.0/22.4/44.8,,516,
4月,手术室(一区),多余行,剪刀-1/Z2060,1598715,整行,,1.0/22.4/22.4,,556,
4月,手术室(一区),多余行,特殊钳-1/Z2044,1598715,整行,,1.0/22.4/22.4,,560,
4月,手术室(一区),多余行,持针器-1/z2060,1599106,整行,,1.0/22.4/22.4,,585,
4月,手术室(一区),多余行,剪刀-1/Z2060,1599106,整行,,4.0/22.4/89.6,,590,
4月,手术室(一区),多余行,剪刀-1/Z2060,1599509,整行,,1.0/22.4/22.4,,610,
4月,手术室(一区),汇总不一致-总价,手术室(一区),,总价,41695.6,46245.2000000001,8,8,
4月,手术室(二区),缺失行,持针器-1（EO）/z2060,1593142,整行,1.0/22.4/22.4,,45,,
4月,手术室(二区),缺失行,持针器-1（EO）/z2060,1594924,整行,1.0/22.4/22.4,,74,,
4月,手术室(二区),字段不一致-单价,30°腹腔镜-1/z2060,1596630,单价,28.0,30.4,120,133,原始按器械数×基础单价(28)计费；处理后按标准价(30.4)计费
4月,手术室(二区),字段不一致-总价,30°腹腔镜-1/z2060,1596630,总价,28.0,30.4,120,133,原始按器械数×基础单价(28)计费；处理后按标准价(30.4)计费
4月,手术室(二区),多余行,持针器-1/z2060,1593142,整行,,1.0/22.4/22.4,,51,
4月,手术室(二区),多余行,持针器-1/z2060,1594924,整行,,1.0/22.4/22.4,,82,
4月,手术室(二区),多余行,2026-04-03 04:02:19.047000,2026-05-01 14:32:56.113000,整行,,20326911.0/None/None,,183,
4月,手术室(二区),汇总不一致-总价,手术室(二区),,总价,6315.2,6264.8,8,8,
4月,耳鼻喉病房,字段不一致-单价,橄榄头-112/z2030,1590966,单价,220.0,292.8,10,10,原始按器械数×基础单价(220)计费；处理后按标准价(292.8)计费
4月,耳鼻喉病房,字段不一致-总价,橄榄头-112/z2030,1590966,总价,220.0,292.8,10,10,原始按器械数×基础单价(220)计费；处理后按标准价(292.8)计费
4月,耳鼻喉病房,字段不一致-单价,冲洗头-92/z2030,1592095,单价,328.0,240.0,24,27,原始按器械数×基础单价(328)计费；处理后按标准价(240)计费
4月,耳鼻喉病房,字段不一致-总价,冲洗头-92/z2030,1592095,总价,328.0,240.0,24,27,原始按器械数×基础单价(328)计费；处理后按标准价(240)计费
4月,耳鼻喉病房,字段不一致-单价,冲洗头-98/z2030,1594511,单价,328.0,240.0,50,54,原始按器械数×基础单价(328)计费；处理后按标准价(240)计费
4月,耳鼻喉病房,字段不一致-总价,冲洗头-98/z2030,1594511,总价,328.0,240.0,50,54,原始按器械数×基础单价(328)计费；处理后按标准价(240)计费
4月,耳鼻喉病房,字段不一致-单价,冲洗头-85/Z2030,1595251,单价,202.4,237.6,58,62,原始按器械数×基础单价(202.4)计费；处理后按标准价(237.6)计费
4月,耳鼻喉病房,字段不一致-总价,冲洗头-85/Z2030,1595251,总价,202.4,237.6,58,62,原始按器械数×基础单价(202.4)计费；处理后按标准价(237.6)计费
4月,耳鼻喉病房,字段不一致-单价,冲洗头-98/z2030,1596614,单价,328.0,240.0,69,77,原始按器械数×基础单价(328)计费；处理后按标准价(240)计费
4月,耳鼻喉病房,字段不一致-总价,冲洗头-98/z2030,1596614,总价,328.0,240.0,69,77,原始按器械数×基础单价(328)计费；处理后按标准价(240)计费
4月,耳鼻喉病房,字段不一致-单价,冲洗头-81/Z2030,1598673,单价,202.4,237.6,100,109,原始按器械数×基础单价(202.4)计费；处理后按标准价(237.6)计费
4月,耳鼻喉病房,字段不一致-总价,冲洗头-81/Z2030,1598673,总价,202.4,237.6,100,109,原始按器械数×基础单价(202.4)计费；处理后按标准价(237.6)计费
4月,耳鼻喉病房,字段不一致-单价,枪状镊22吸管11喉镜13弯针10盘1/w9050,1599035,单价,255.2,250.8,106,118,原始按器械数×基础单价(255.2)计费；处理后按标准价(250.8)计费
4月,耳鼻喉病房,字段不一致-总价,枪状镊22吸管11喉镜13弯针10盘1/w9050,1599035,总价,255.2,250.8,106,118,原始按器械数×基础单价(255.2)计费；处理后按标准价(250.8)计费
4月,耳鼻喉病房,字段不一致-单价,鼻镜20 方盘1/W9050,1599457,单价,0.0,88.0,109,121,
4月,耳鼻喉病房,字段不一致-总价,鼻镜20 方盘1/W9050,1599457,总价,0.0,88.0,109,121,
4月,耳鼻喉病房,汇总不一致-总价,耳鼻喉病房,,总价,18615.2,18578.0,8,8,
4月,耳鼻喉门诊,字段不一致-单价,镊子61吸引管56弯针8喉镜8盘1/W9050,1594179,单价,602.8,589.6,64,64,原始按器械数×基础单价(602.8)计费；处理后按标准价(589.6)计费
4月,耳鼻喉门诊,字段不一致-总价,镊子61吸引管56弯针8喉镜8盘1/W9050,1594179,总价,602.8,589.6,64,64,原始按器械数×基础单价(602.8)计费；处理后按标准价(589.6)计费
4月,耳鼻喉门诊,字段不一致-单价,镊子22弯针9吸管24喉镜9盘1/w9050,1596936,单价,290.4,286.0,106,106,原始按器械数×基础单价(290.4)计费；处理后按标准价(286)计费
4月,耳鼻喉门诊,字段不一致-总价,镊子22弯针9吸管24喉镜9盘1/w9050,1596936,总价,290.4,286.0,106,106,原始按器械数×基础单价(290.4)计费；处理后按标准价(286)计费
4月,耳鼻喉门诊,汇总不一致-总价,耳鼻喉门诊,,总价,37047.6,37030.0,8,8,
5月,外二,字段不一致-单价,换药包(120布),1601435,单价,22.6,22.0,14,14,原始按器械数×基础单价(22.6)计费；处理后按标准价(22)计费
5月,外二,字段不一致-总价,换药包(120布),1601435,总价,22.6,22.0,14,14,原始按器械数×基础单价(22.6)计费；处理后按标准价(22)计费
5月,外二,字段不一致-单价,换药包(120布),1601761,单价,22.6,22.0,17,18,原始按器械数×基础单价(22.6)计费；处理后按标准价(22)计费
5月,外二,字段不一致-总价,换药包(120布),1601761,总价,22.6,22.0,17,18,原始按器械数×基础单价(22.6)计费；处理后按标准价(22)计费
5月,外二,字段不一致-单价,换药包(120布),1602175,单价,22.6,22.0,21,23,原始按器械数×基础单价(22.6)计费；处理后按标准价(22)计费
5月,外二,字段不一致-总价,换药包(120布),1602175,总价,45.2,44.0,21,23,原始按器械数×基础单价(22.6)计费；处理后按标准价(22)计费
5月,外二,字段不一致-单价,换药包(120布),1602578,单价,22.6,22.0,24,27,原始按器械数×基础单价(22.6)计费；处理后按标准价(22)计费
5月,外二,字段不一致-总价,换药包(120布),1602578,总价,22.6,22.0,24,27,原始按器械数×基础单价(22.6)计费；处理后按标准价(22)计费
5月,外二,字段不一致-单价,换药包(120布),1602854,单价,22.6,22.0,26,30,原始按器械数×基础单价(22.6)计费；处理后按标准价(22)计费
5月,外二,字段不一致-总价,换药包(120布),1602854,总价,22.6,22.0,26,30,原始按器械数×基础单价(22.6)计费；处理后按标准价(22)计费
5月,外二,字段不一致-单价,换药包(120布),1603291,单价,22.6,22.0,28,33,原始按器械数×基础单价(22.6)计费；处理后按标准价(22)计费
5月,外二,字段不一致-总价,换药包(120布),1603291,总价,22.6,22.0,28,33,原始按器械数×基础单价(22.6)计费；处理后按标准价(22)计费
5月,外二,字段不一致-单价,换药包(120布),1604191,单价,22.6,22.0,31,37,原始按器械数×基础单价(22.6)计费；处理后按标准价(22)计费
5月,外二,字段不一致-总价,换药包(120布),1604191,总价,22.6,22.0,31,37,原始按器械数×基础单价(22.6)计费；处理后按标准价(22)计费
5月,外二,字段不一致-单价,换药包(120布),1604553,单价,22.6,22.0,39,46,原始按器械数×基础单价(22.6)计费；处理后按标准价(22)计费
5月,外二,字段不一致-总价,换药包(120布),1604553,总价,22.6,22.0,39,46,原始按器械数×基础单价(22.6)计费；处理后按标准价(22)计费
5月,外二,字段不一致-单价,换药包(120布),1605341,单价,22.6,22.0,42,50,原始按器械数×基础单价(22.6)计费；处理后按标准价(22)计费
5月,外二,字段不一致-总价,换药包(120布),1605341,总价,22.6,22.0,42,50,原始按器械数×基础单价(22.6)计费；处理后按标准价(22)计费
5月,外二,字段不一致-单价,换药包(120布),1606977,单价,22.6,22.0,46,55,原始按器械数×基础单价(22.6)计费；处理后按标准价(22)计费
5月,外二,字段不一致-总价,换药包(120布),1606977,总价,22.6,22.0,46,55,原始按器械数×基础单价(22.6)计费；处理后按标准价(22)计费
5月,外二,汇总不一致-总价,外二,,总价,1235.4,1228.8,8,8,
5月,妇二,字段不一致-单价,腔内电极-3/z1530,1600627,单价,17.6,13.2,13,14,原始按器械数×基础单价(17.6)计费；处理后按标准价(13.2)计费
5月,妇二,字段不一致-总价,腔内电极-3/z1530,1600627,总价,52.8,39.6,13,14,原始按器械数×基础单价(17.6)计费；处理后按标准价(13.2)计费
5月,妇二,字段不一致-单价,腔内电极-3/z1530,1604181,单价,17.6,13.2,43,45,原始按器械数×基础单价(17.6)计费；处理后按标准价(13.2)计费
5月,妇二,字段不一致-总价,腔内电极-3/z1530,1604181,总价,88.0,66.0,43,45,原始按器械数×基础单价(17.6)计费；处理后按标准价(13.2)计费
5月,妇二,汇总不一致-总价,妇二,,总价,3391.2,3356.0,8,8,
5月,宫腔镜,字段不一致-单价,小抓钳-1/z1560,1603751,单价,17.6,20.0,45,60,原始按器械数×基础单价(17.6)计费；处理后按标准价(20)计费
5月,宫腔镜,字段不一致-总价,小抓钳-1/z1560,1603751,总价,35.2,40.0,45,60,原始按器械数×基础单价(17.6)计费；处理后按标准价(20)计费
5月,宫腔镜,汇总不一致-总价,宫腔镜,,总价,11634.4,11639.2,8,8,
5月,手术室(一区),缺失行,持针器-1（EO）/z2060,1599952,整行,1.0/22.4/22.4,,12,,
5月,手术室(一区),缺失行,剪刀（EO）-1/Z2060,1599952,整行,1.0/22.4/22.4,,21,,
5月,手术室(一区),缺失行,特殊钳-1（EO）/Z2044,1599952,整行,1.0/22.4/22.4,,27,,
5月,手术室(一区),字段不一致-单价,30°腹腔镜-1/z2060,1599952,单价,28.0,30.4,31,33,原始按器械数×基础单价(28)计费；处理后按标准价(30.4)计费
5月,手术室(一区),字段不一致-总价,30°腹腔镜-1/z2060,1599952,总价,28.0,30.4,31,33,原始按器械数×基础单价(28)计费；处理后按标准价(30.4)计费
5月,手术室(一区),字段不一致-单价,电切镜-5（盒1）/z2044,1600718,单价,83.6,70.4,60,67,原始按器械数×基础单价(83.6)计费；处理后按标准价(70.4)计费
5月,手术室(一区),字段不一致-总价,电切镜-5（盒1）/z2044,1600718,总价,83.6,70.4,60,67,原始按器械数×基础单价(83.6)计费；处理后按标准价(70.4)计费
5月,手术室(一区),字段不一致-单价,宫腔镜镜头-1件/z2060,1600718,单价,10.4,22.4,61,68,原始按器械数×基础单价(10.4)计费；处理后按标准价(22.4)计费
5月,手术室(一区),字段不一致-总价,宫腔镜镜头-1件/z2060,1600718,总价,10.4,22.4,61,68,原始按器械数×基础单价(10.4)计费；处理后按标准价(22.4)计费
5月,手术室(一区),字段不一致-单价,检查镜手件-2/Z2060,1600718,单价,14.8,35.2,62,69,原始按器械数×基础单价(14.8)计费；处理后按标准价(35.2)计费
5月,手术室(一区),字段不一致-总价,检查镜手件-2/Z2060,1600718,总价,14.8,35.2,62,69,原始按器械数×基础单价(14.8)计费；处理后按标准价(35.2)计费
5月,手术室(一区),缺失行,取石钳（EO）-1/Z2060,1600718,整行,1.0/22.4/22.4,,64,,
5月,手术室(一区),字段不一致-单价,王树人特器-14件（加筐15）,1601563,单价,220.0,202.4,116,126,原始按器械数×基础单价(220)计费；处理后按标准价(202.4)计费
5月,手术室(一区),字段不一致-总价,王树人特器-14件（加筐15）,1601563,总价,220.0,202.4,116,126,原始按器械数×基础单价(220)计费；处理后按标准价(202.4)计费
5月,手术室(一区),缺失行,持针器-1（EO）/z2060,1601563,整行,1.0/22.4/22.4,,119,,
5月,手术室(一区),缺失行,剪刀（EO）-1/Z2060,1601563,整行,3.0/22.4/67.2,,123,,
5月,手术室(一区),缺失行,取石钳（EO）-1/Z2060,1601855,整行,1.0/22.4/22.4,,142,,
5月,手术室(一区),字段不一致-单价,电凝线1镊子1/Z3044,1602238,单价,13.2,35.2,172,185,原始按器械数×基础单价(13.2)计费；处理后按标准价(35.2)计费
5月,手术室(一区),字段不一致-总价,电凝线1镊子1/Z3044,1602238,总价,13.2,35.2,172,185,原始按器械数×基础单价(13.2)计费；处理后按标准价(35.2)计费
5月,手术室(一区),缺失行,持针器-1（EO）/z2060,1602250,整行,1.0/22.4/22.4,,177,,
5月,手术室(一区),缺失行,剪刀（EO）-1/Z2060,1602250,整行,1.0/22.4/22.4,,180,,
5月,手术室(一区),字段不一致-单价,王树人镜头(低)-1/W9050,1602352,单价,4.4,28.0,191,207,原始按器械数×基础单价(4.4)计费；处理后按标准价(28)计费
5月,手术室(一区),字段不一致-总价,王树人镜头(低)-1/W9050,1602352,总价,4.4,28.0,191,207,原始按器械数×基础单价(4.4)计费；处理后按标准价(28)计费
5月,手术室(一区),缺失行,持针器-1（EO）/z2060,1602623,整行,1.0/22.4/22.4,,206,,
5月,手术室(一区),缺失行,剪刀（EO）-1/Z2060,1602623,整行,2.0/22.4/44.8,,213,,
5月,手术室(一区),字段不一致-单价,30°腹腔镜-1/z2060,1602623,单价,28.0,30.4,225,243,原始按器械数×基础单价(28)计费；处理后按标准价(30.4)计费
5月,手术室(一区),字段不一致-总价,30°腹腔镜-1/z2060,1602623,总价,28.0,30.4,225,243,原始按器械数×基础单价(28)计费；处理后按标准价(30.4)计费
5月,手术室(一区),缺失行,剪刀（EO）-1/Z2060,1602969,整行,1.0/22.4/22.4,,245,,
5月,手术室(一区),字段不一致-单价,30°腹腔镜-1/z2060,1602969,单价,28.0,30.4,253,272,原始按器械数×基础单价(28)计费；处理后按标准价(30.4)计费
5月,手术室(一区),字段不一致-总价,30°腹腔镜-1/z2060,1602969,总价,28.0,30.4,253,272,原始按器械数×基础单价(28)计费；处理后按标准价(30.4)计费
5月,手术室(一区),缺失行,剪刀（EO）-1/Z2060,1603374,整行,1.0/22.4/22.4,,269,,
5月,手术室(一区),缺失行,持针器-1（EO）/z2060,1603752,整行,2.0/22.4/44.8,,309,,
5月,手术室(一区),缺失行,剪刀（EO）-1/Z2060,1603752,整行,3.0/22.4/67.2,,314,,
5月,手术室(一区),字段不一致-单价,30°腹腔镜-1/z2060,1603752,单价,28.0,30.4,321,326,原始按器械数×基础单价(28)计费；处理后按标准价(30.4)计费
5月,手术室(一区),字段不一致-总价,30°腹腔镜-1/z2060,1603752,总价,28.0,30.4,321,326,原始按器械数×基础单价(28)计费；处理后按标准价(30.4)计费
5月,手术室(一区),缺失行,剪刀（EO）-1/Z2060,1604276,整行,2.0/22.4/44.8,,337,,
5月,手术室(一区),字段不一致-单价,30°腹腔镜-1/z2060,1604276,单价,28.0,30.4,345,352,原始按器械数×基础单价(28)计费；处理后按标准价(30.4)计费
5月,手术室(一区),字段不一致-总价,30°腹腔镜-1/z2060,1604276,总价,28.0,30.4,345,352,原始按器械数×基础单价(28)计费；处理后按标准价(30.4)计费
5月,手术室(一区),缺失行,持针器-1（EO）/z2060,1604639,整行,1.0/22.4/22.4,,355,,
5月,手术室(一区),缺失行,冲洗瓶（EO）-3/z2544,1604639,整行,1.0/52.8/52.8,,356,,
5月,手术室(一区),缺失行,剪刀（EO）-1/Z2060,1604639,整行,1.0/22.4/22.4,,362,,
5月,手术室(一区),缺失行,王树人镜头（EO）-1/Z2060,1604639,整行,1.0/22.4/22.4,,368,,
5月,手术室(一区),字段不一致-单价,30°腹腔镜-1/z2060,1604639,单价,28.0,30.4,371,381,原始按器械数×基础单价(28)计费；处理后按标准价(30.4)计费
5月,手术室(一区),字段不一致-总价,30°腹腔镜-1/z2060,1604639,总价,28.0,30.4,371,381,原始按器械数×基础单价(28)计费；处理后按标准价(30.4)计费
5月,手术室(一区),缺失行,剪刀（EO）-1/Z2060,1605045,整行,2.0/22.4/44.8,,387,,
5月,手术室(一区),字段不一致-单价,30°腹腔镜-1/z2060,1605045,单价,28.0,30.4,394,405,原始按器械数×基础单价(28)计费；处理后按标准价(30.4)计费
5月,手术室(一区),字段不一致-总价,30°腹腔镜-1/z2060,1605045,总价,56.0,60.8,394,405,原始按器械数×基础单价(28)计费；处理后按标准价(30.4)计费
5月,手术室(一区),缺失行,剪刀（EO）-1/Z2060,1605414,整行,1.0/22.4/22.4,,425,,
5月,手术室(一区),缺失行,持针器-1（EO）/z2060,1606326,整行,1.0/22.4/22.4,,479,,
5月,手术室(一区),缺失行,剪刀（EO）-1/Z2060,1606326,整行,3.0/22.4/67.2,,483,,
5月,手术室(一区),字段不一致-单价,30°腹腔镜-1/z2060,1606326,单价,28.0,30.4,492,499,原始按器械数×基础单价(28)计费；处理后按标准价(30.4)计费
5月,手术室(一区),字段不一致-总价,30°腹腔镜-1/z2060,1606326,总价,28.0,30.4,492,499,原始按器械数×基础单价(28)计费；处理后按标准价(30.4)计费
5月,手术室(一区),缺失行,冲洗瓶（EO）-3/z2544,1606742,整行,1.0/52.8/52.8,,519,,
5月,手术室(一区),缺失行,剪刀（EO）-1/Z2060,1606742,整行,3.0/22.4/67.2,,524,,
5月,手术室(一区),字段不一致-单价,30°腹腔镜-1/z2060,1606742,单价,28.0,30.4,532,542,原始按器械数×基础单价(28)计费；处理后按标准价(30.4)计费
5月,手术室(一区),字段不一致-总价,30°腹腔镜-1/z2060,1606742,总价,28.0,30.4,532,542,原始按器械数×基础单价(28)计费；处理后按标准价(30.4)计费
5月,手术室(一区),缺失行,剪刀（EO）-1/Z2060,1607064,整行,3.0/22.4/67.2,,549,,
5月,手术室(一区),字段不一致-单价,30°腹腔镜-1/z2060,1607064,单价,28.0,30.4,555,566,原始按器械数×基础单价(28)计费；处理后按标准价(30.4)计费
5月,手术室(一区),字段不一致-总价,30°腹腔镜-1/z2060,1607064,总价,56.0,60.8,555,566,原始按器械数×基础单价(28)计费；处理后按标准价(30.4)计费
5月,手术室(一区),缺失行,持针器-1（EO）/z2060,1607454,整行,1.0/22.4/22.4,,568,,
5月,手术室(一区),缺失行,剪刀（EO）-1/Z2060,1607454,整行,1.0/22.4/22.4,,570,,
5月,手术室(一区),字段不一致-单价,30°腹腔镜-1/z2060,1607454,单价,28.0,30.4,575,587,原始按器械数×基础单价(28)计费；处理后按标准价(30.4)计费
5月,手术室(一区),字段不一致-总价,30°腹腔镜-1/z2060,1607454,总价,28.0,30.4,575,587,原始按器械数×基础单价(28)计费；处理后按标准价(30.4)计费
5月,手术室(一区),缺失行,剪刀（EO）-1/Z2060,1607825,整行,1.0/22.4/22.4,,586,,
5月,手术室(一区),多余行,持针器-1/z2060,1599952,整行,,1.0/22.4/22.4,,12,
5月,手术室(一区),多余行,剪刀-1/Z2060,1599952,整行,,1.0/22.4/22.4,,23,
5月,手术室(一区),多余行,特殊钳-1/Z2044,1599952,整行,,1.0/22.4/22.4,,29,
5月,手术室(一区),多余行,取石钳-1/Z2060,1600718,整行,,1.0/22.4/22.4,,72,
5月,手术室(一区),多余行,持针器-1/z2060,1601563,整行,,1.0/22.4/22.4,,130,
5月,手术室(一区),多余行,剪刀-1/Z2060,1601563,整行,,3.0/22.4/67.2,,134,
5月,手术室(一区),多余行,取石钳-1/Z2060,1601855,整行,,1.0/22.4/22.4,,155,
5月,手术室(一区),多余行,持针器-1/z2060,1602250,整行,,1.0/22.4/22.4,,192,
5月,手术室(一区),多余行,剪刀-1/Z2060,1602250,整行,,1.0/22.4/22.4,,195,
5月,手术室(一区),多余行,持针器-1/z2060,1602623,整行,,1.0/22.4/22.4,,223,
5月,手术室(一区),多余行,剪刀-1/Z2060,1602623,整行,,2.0/22.4/44.8,,230,
5月,手术室(一区),多余行,剪刀-1/Z2060,1602969,整行,,1.0/22.4/22.4,,264,
5月,手术室(一区),多余行,剪刀-1/Z2060,1603374,整行,,1.0/22.4/22.4,,290,
5月,手术室(一区),多余行,持针器-1/z2060,1603752,整行,,2.0/22.4/44.8,,315,
5月,手术室(一区),多余行,剪刀-1/Z2060,1603752,整行,,3.0/22.4/67.2,,319,
5月,手术室(一区),多余行,剪刀-1/Z2060,1604276,整行,,2.0/22.4/44.8,,344,
5月,手术室(一区),多余行,持针器-1/z2060,1604639,整行,,1.0/22.4/22.4,,363,
5月,手术室(一区),多余行,冲洗瓶-3/z2544,1604639,整行,,1.0/52.8/52.8,,364,
5月,手术室(一区),多余行,剪刀-1/Z2060,1604639,整行,,1.0/22.4/22.4,,372,
5月,手术室(一区),多余行,王树人镜头-1/Z2060,1604639,整行,,1.0/22.4/22.4,,378,
5月,手术室(一区),多余行,剪刀-1/Z2060,1605045,整行,,2.0/22.4/44.8,,398,
5月,手术室(一区),多余行,剪刀-1/Z2060,1605414,整行,,1.0/22.4/22.4,,437,
5月,手术室(一区),多余行,持针器-1/z2060,1606326,整行,,1.0/22.4/22.4,,486,
5月,手术室(一区),多余行,剪刀-1/Z2060,1606326,整行,,3.0/22.4/67.2,,490,
5月,手术室(一区),多余行,冲洗瓶-3/z2544,1606742,整行,,1.0/52.8/52.8,,527,
5月,手术室(一区),多余行,剪刀-1/Z2060,1606742,整行,,3.0/22.4/67.2,,534,
5月,手术室(一区),多余行,剪刀-1/Z2060,1607064,整行,,3.0/22.4/67.2,,560,
5月,手术室(一区),多余行,持针器-1/z2060,1607454,整行,,1.0/22.4/22.4,,580,
5月,手术室(一区),多余行,剪刀-1/Z2060,1607454,整行,,1.0/22.4/22.4,,582,
5月,手术室(一区),多余行,剪刀-1/Z2060,1607825,整行,,1.0/22.4/22.4,,599,
5月,手术室(一区),汇总不一致-总价,手术室(一区),,总价,40700.0000000001,46252.4000000001,8,8,
5月,眼科门诊手术室（一）,字段不一致-单价,球内注药-3件/Z1526,1606681,单价,17.6,13.2,15,15,原始按器械数×基础单价(17.6)计费；处理后按标准价(13.2)计费
5月,眼科门诊手术室（一）,字段不一致-总价,球内注药-3件/Z1526,1606681,总价,176.0,132.0,15,15,原始按器械数×基础单价(17.6)计费；处理后按标准价(13.2)计费
5月,眼科门诊手术室（一）,字段不一致-单价,球内注药-3件/Z1526,1607398,单价,17.6,13.2,17,17,原始按器械数×基础单价(17.6)计费；处理后按标准价(13.2)计费
5月,眼科门诊手术室（一）,字段不一致-总价,球内注药-3件/Z1526,1607398,总价,193.6,145.2,17,17,原始按器械数×基础单价(17.6)计费；处理后按标准价(13.2)计费
5月,眼科门诊手术室（一）,汇总不一致-总价,眼科门诊手术室（一）,,总价,1046.4,954.0,8,8,
5月,眼科门诊手术室（二）,字段不一致-单价,球内注药-3件/Z1526,1604982,单价,17.6,13.2,28,28,原始按器械数×基础单价(17.6)计费；处理后按标准价(13.2)计费
5月,眼科门诊手术室（二）,字段不一致-总价,球内注药-3件/Z1526,1604982,总价,52.8,39.6,28,28,原始按器械数×基础单价(17.6)计费；处理后按标准价(13.2)计费
5月,眼科门诊手术室（二）,字段不一致-单价,球内注药-3件/Z1526,1606980,单价,17.6,13.2,32,32,原始按器械数×基础单价(17.6)计费；处理后按标准价(13.2)计费
5月,眼科门诊手术室（二）,字段不一致-总价,球内注药-3件/Z1526,1606980,总价,123.2,92.4,32,32,原始按器械数×基础单价(17.6)计费；处理后按标准价(13.2)计费
5月,眼科门诊手术室（二）,多余行,2026-05-19 00:17:17.290000,2026-06-02 09:19:05.217000,整行,,20396533.0/None/None,,47,
5月,眼科门诊手术室（二）,多余行,2026-05-19 00:17:17.427000,2026-06-02 09:19:19.137000,整行,,20396533.0/None/None,,48,
5月,眼科门诊手术室（二）,汇总不一致-总价,眼科门诊手术室（二）,,总价,699.6,642.8,8,8,
5月,耳鼻喉病房,字段不一致-单价,冲洗头-109/z2030,1602237,单价,328.0,275.2,39,40,原始按器械数×基础单价(328)计费；处理后按标准价(275.2)计费
5月,耳鼻喉病房,字段不一致-总价,冲洗头-109/z2030,1602237,总价,328.0,275.2,39,40,原始按器械数×基础单价(328)计费；处理后按标准价(275.2)计费
5月,耳鼻喉病房,字段不一致-单价,橄榄头-77/z2030,1604268,单价,202.4,220.0,67,72,原始按器械数×基础单价(202.4)计费；处理后按标准价(220)计费
5月,耳鼻喉病房,字段不一致-总价,橄榄头-77/z2030,1604268,总价,202.4,220.0,67,72,原始按器械数×基础单价(202.4)计费；处理后按标准价(220)计费
5月,耳鼻喉病房,字段不一致-单价,橄榄头-102/z2030,1605400,单价,275.2,257.6,82,89,原始按器械数×基础单价(275.2)计费；处理后按标准价(257.6)计费
5月,耳鼻喉病房,字段不一致-总价,橄榄头-102/z2030,1605400,总价,275.2,257.6,82,89,原始按器械数×基础单价(275.2)计费；处理后按标准价(257.6)计费
5月,耳鼻喉病房,字段不一致-单价,冲洗头-113/z2030,1606320,单价,328.0,292.8,89,97,原始按器械数×基础单价(328)计费；处理后按标准价(292.8)计费
5月,耳鼻喉病房,字段不一致-总价,冲洗头-113/z2030,1606320,总价,328.0,292.8,89,97,原始按器械数×基础单价(328)计费；处理后按标准价(292.8)计费
5月,耳鼻喉病房,字段不一致-单价,橄榄头-114/z2030,1607813,单价,372.0,292.8,107,118,原始按器械数×基础单价(372)计费；处理后按标准价(292.8)计费
5月,耳鼻喉病房,字段不一致-总价,橄榄头-114/z2030,1607813,总价,372.0,292.8,107,118,原始按器械数×基础单价(372)计费；处理后按标准价(292.8)计费
5月,耳鼻喉病房,汇总不一致-总价,耳鼻喉病房,,总价,16504.8,16337.6,8,8,
5月,耳鼻喉门诊,字段不一致-单价,镊子40弯针3吸管26喉镜3盘1/w9050,1604543,单价,325.6,321.2,91,91,原始按器械数×基础单价(325.6)计费；处理后按标准价(321.2)计费
5月,耳鼻喉门诊,字段不一致-总价,镊子40弯针3吸管26喉镜3盘1/w9050,1604543,总价,325.6,321.2,91,91,原始按器械数×基础单价(325.6)计费；处理后按标准价(321.2)计费
5月,耳鼻喉门诊,字段不一致-单价,喉镜4吸引管31镊子42弯针4盘1/W9050,1606048,单价,343.2,360.8,114,114,原始按器械数×基础单价(343.2)计费；处理后按标准价(360.8)计费
5月,耳鼻喉门诊,字段不一致-总价,喉镜4吸引管31镊子42弯针4盘1/W9050,1606048,总价,343.2,360.8,114,114,原始按器械数×基础单价(343.2)计费；处理后按标准价(360.8)计费
5月,耳鼻喉门诊,字段不一致-单价,镊子33吸管30喉镜1弯针1盘1/w9050,1606252,单价,286.0,290.4,118,118,原始按器械数×基础单价(286)计费；处理后按标准价(290.4)计费
5月,耳鼻喉门诊,字段不一致-总价,镊子33吸管30喉镜1弯针1盘1/w9050,1606252,总价,286.0,290.4,118,118,原始按器械数×基础单价(286)计费；处理后按标准价(290.4)计费
5月,耳鼻喉门诊,汇总不一致-总价,耳鼻喉门诊,,总价,35365.6,35383.2,8,8,
6月,外二,字段不一致-单价,换药包(120布),1608317,单价,22.6,22.0,11,11,原始按器械数×基础单价(22.6)计费；处理后按标准价(22)计费
6月,外二,字段不一致-总价,换药包(120布),1608317,总价,67.8,66.0,11,11,原始按器械数×基础单价(22.6)计费；处理后按标准价(22)计费
6月,外二,字段不一致-单价,换药包(120布),1609424,单价,22.6,22.0,15,16,原始按器械数×基础单价(22.6)计费；处理后按标准价(22)计费
6月,外二,字段不一致-总价,换药包(120布),1609424,总价,22.6,22.0,15,16,原始按器械数×基础单价(22.6)计费；处理后按标准价(22)计费
6月,外二,字段不一致-单价,换药包(120布),1610417,单价,22.6,22.0,21,23,原始按器械数×基础单价(22.6)计费；处理后按标准价(22)计费
6月,外二,字段不一致-总价,换药包(120布),1610417,总价,67.8,66.0,21,23,原始按器械数×基础单价(22.6)计费；处理后按标准价(22)计费
6月,外二,字段不一致-单价,换药包(120布),1610851,单价,22.6,22.0,24,27,原始按器械数×基础单价(22.6)计费；处理后按标准价(22)计费
6月,外二,字段不一致-总价,换药包(120布),1610851,总价,22.6,22.0,24,27,原始按器械数×基础单价(22.6)计费；处理后按标准价(22)计费
6月,外二,字段不一致-单价,换药包(120布),1611151,单价,22.6,22.0,27,31,原始按器械数×基础单价(22.6)计费；处理后按标准价(22)计费
6月,外二,字段不一致-总价,换药包(120布),1611151,总价,22.6,22.0,27,31,原始按器械数×基础单价(22.6)计费；处理后按标准价(22)计费
6月,外二,字段不一致-单价,换药包(120布),1611895,单价,22.6,22.0,30,35,原始按器械数×基础单价(22.6)计费；处理后按标准价(22)计费
6月,外二,字段不一致-总价,换药包(120布),1611895,总价,22.6,22.0,30,35,原始按器械数×基础单价(22.6)计费；处理后按标准价(22)计费
6月,外二,字段不一致-单价,换药包(120布),1612794,单价,22.6,22.0,36,42,原始按器械数×基础单价(22.6)计费；处理后按标准价(22)计费
6月,外二,字段不一致-总价,换药包(120布),1612794,总价,22.6,22.0,36,42,原始按器械数×基础单价(22.6)计费；处理后按标准价(22)计费
6月,外二,字段不一致-单价,换药包(120布),1614190,单价,22.6,22.0,43,50,原始按器械数×基础单价(22.6)计费；处理后按标准价(22)计费
6月,外二,字段不一致-总价,换药包(120布),1614190,总价,67.8,66.0,43,50,原始按器械数×基础单价(22.6)计费；处理后按标准价(22)计费
6月,外二,字段不一致-单价,换药包(120布),1614548,单价,22.6,22.0,46,54,原始按器械数×基础单价(22.6)计费；处理后按标准价(22)计费
6月,外二,字段不一致-总价,换药包(120布),1614548,总价,22.6,22.0,46,54,原始按器械数×基础单价(22.6)计费；处理后按标准价(22)计费
6月,外二,字段不一致-单价,换药包(120布),1616127,单价,22.6,22.0,50,59,原始按器械数×基础单价(22.6)计费；处理后按标准价(22)计费
6月,外二,字段不一致-总价,换药包(120布),1616127,总价,22.6,22.0,50,59,原始按器械数×基础单价(22.6)计费；处理后按标准价(22)计费
6月,外二,汇总不一致-总价,外二,,总价,2338.8,2329.2,8,8,
6月,手术室(一区),缺失行,取石钳（EO）-1/Z2060,1608341,整行,1.0/22.4/22.4,,20,,
6月,手术室(一区),缺失行,剪刀（EO）-1/Z2060,1608762,整行,1.0/22.4/22.4,,39,,
6月,手术室(一区),缺失行,取石钳（EO）-1/Z2060,1608762,整行,2.0/22.4/44.8,,43,,
6月,手术室(一区),字段不一致-单价,30°腹腔镜-1/z2060,1608762,单价,28.0,30.4,51,56,原始按器械数×基础单价(28)计费；处理后按标准价(30.4)计费
6月,手术室(一区),字段不一致-总价,30°腹腔镜-1/z2060,1608762,总价,28.0,30.4,51,56,原始按器械数×基础单价(28)计费；处理后按标准价(30.4)计费
6月,手术室(一区),缺失行,剪刀（EO）-1/Z2060,1609129,整行,2.0/22.4/44.8,,71,,
6月,手术室(一区),缺失行,王树人镜头（EO）-1/Z2060,1609129,整行,1.0/22.4/22.4,,76,,
6月,手术室(一区),字段不一致-单价,王树人特器-26（筐1）/w12050,1609129,单价,292.8,328.0,77,83,原始按器械数×基础单价(292.8)计费；处理后按标准价(328)计费
6月,手术室(一区),字段不一致-总价,王树人特器-26（筐1）/w12050,1609129,总价,292.8,328.0,77,83,原始按器械数×基础单价(292.8)计费；处理后按标准价(328)计费
6月,手术室(一区),字段不一致-单价,30°腹腔镜-1/z2060,1609129,单价,28.0,30.4,81,89,原始按器械数×基础单价(28)计费；处理后按标准价(30.4)计费
6月,手术室(一区),字段不一致-总价,30°腹腔镜-1/z2060,1609129,总价,56.0,60.8,81,89,原始按器械数×基础单价(28)计费；处理后按标准价(30.4)计费
6月,手术室(一区),缺失行,持针器-1（EO）/z2060,1609519,整行,1.0/22.4/22.4,,107,,
6月,手术室(一区),缺失行,剪刀（EO）-1/Z2060,1609519,整行,1.0/22.4/22.4,,109,,
6月,手术室(一区),字段不一致-单价,30°腹腔镜-1/z2060,1609519,单价,28.0,30.4,116,126,原始按器械数×基础单价(28)计费；处理后按标准价(30.4)计费
6月,手术室(一区),字段不一致-总价,30°腹腔镜-1/z2060,1609519,总价,28.0,30.4,116,126,原始按器械数×基础单价(28)计费；处理后按标准价(30.4)计费
6月,手术室(一区),缺失行,持针器-1（EO）/z2060,1609899,整行,2.0/22.4/44.8,,132,,
6月,手术室(一区),缺失行,剪刀（EO）-1/Z2060,1609899,整行,3.0/22.4/67.2,,137,,
6月,手术室(一区),字段不一致-单价,30°腹腔镜-1/z2060,1609899,单价,28.0,30.4,146,158,原始按器械数×基础单价(28)计费；处理后按标准价(30.4)计费
6月,手术室(一区),字段不一致-总价,30°腹腔镜-1/z2060,1609899,总价,28.0,30.4,146,158,原始按器械数×基础单价(28)计费；处理后按标准价(30.4)计费
6月,手术室(一区),缺失行,持针器-1（EO）/z2060,1610480,整行,1.0/22.4/22.4,,181,,
6月,手术室(一区),缺失行,剪刀（EO）-1/Z2060,1610480,整行,1.0/22.4/22.4,,182,,
6月,手术室(一区),字段不一致-单价,30°腹腔镜-1/z2060,1610480,单价,28.0,30.4,189,204,原始按器械数×基础单价(28)计费；处理后按标准价(30.4)计费
6月,手术室(一区),字段不一致-总价,30°腹腔镜-1/z2060,1610480,总价,28.0,30.4,189,204,原始按器械数×基础单价(28)计费；处理后按标准价(30.4)计费
6月,手术室(一区),缺失行,剪刀（EO）-1/Z2060,1610881,整行,2.0/22.4/44.8,,210,,
6月,手术室(一区),字段不一致-单价,30°腹腔镜-1/z2060,1610881,单价,28.0,30.4,219,239,原始按器械数×基础单价(28)计费；处理后按标准价(30.4)计费
6月,手术室(一区),字段不一致-总价,30°腹腔镜-1/z2060,1610881,总价,28.0,30.4,219,239,原始按器械数×基础单价(28)计费；处理后按标准价(30.4)计费
6月,手术室(一区),缺失行,剪刀（EO）-1/Z2060,1611221,整行,1.0/22.4/22.4,,243,,
6月,手术室(一区),缺失行,特殊钳-1（EO）/Z2044,1611221,整行,1.0/22.4/22.4,,248,,
6月,手术室(一区),字段不一致-单价,张景欣特器-10盒1/w12050,1611940,单价,44.0,132.0,290,315,原始按器械数×基础单价(44)计费；处理后按标准价(132)计费
6月,手术室(一区),字段不一致-总价,张景欣特器-10盒1/w12050,1611940,总价,44.0,132.0,290,315,原始按器械数×基础单价(44)计费；处理后按标准价(132)计费
6月,手术室(一区),缺失行,持针器-1（EO）/z2060,1611980,整行,3.0/22.4/67.2,,294,,
6月,手术室(一区),缺失行,剪刀（EO）-1/Z2060,1611980,整行,4.0/22.4/89.6,,298,,
6月,手术室(一区),缺失行,特殊钳-1（EO）/Z2044,1611980,整行,1.0/22.4/22.4,,304,,
6月,手术室(一区),字段不一致-单价,30°腹腔镜-1/z2060,1611980,单价,28.0,30.4,309,335,原始按器械数×基础单价(28)计费；处理后按标准价(30.4)计费
6月,手术室(一区),字段不一致-总价,30°腹腔镜-1/z2060,1611980,总价,28.0,30.4,309,335,原始按器械数×基础单价(28)计费；处理后按标准价(30.4)计费
6月,手术室(一区),缺失行,持针器-1（EO）/z2060,1612471,整行,2.0/22.4/44.8,,328,,
6月,手术室(一区),缺失行,剪刀（EO）-1/Z2060,1612471,整行,2.0/22.4/44.8,,331,,
6月,手术室(一区),缺失行,持针器-1（EO）/z2060,1612865,整行,1.0/22.4/22.4,,355,,
6月,手术室(一区),缺失行,剪刀（EO）-1/Z2060,1612865,整行,1.0/22.4/22.4,,359,,
6月,手术室(一区),字段不一致-单价,膀胱取石钳-1/z1560,1613270,单价,8.8,20.0,383,418,原始按器械数×基础单价(8.8)计费；处理后按标准价(20)计费
6月,手术室(一区),字段不一致-总价,膀胱取石钳-1/z1560,1613270,总价,8.8,20.0,383,418,原始按器械数×基础单价(8.8)计费；处理后按标准价(20)计费
6月,手术室(一区),缺失行,冲洗瓶（EO）-3/z2544,1613270,整行,1.0/52.8/52.8,,384,,
6月,手术室(一区),字段不一致-单价,保温杯-1Z2044,1613636,单价,10.4,17.6,393,430,原始按器械数×基础单价(10.4)计费；处理后按标准价(17.6)计费
6月,手术室(一区),字段不一致-总价,保温杯-1Z2044,1613636,总价,20.8,35.2,393,430,原始按器械数×基础单价(10.4)计费；处理后按标准价(17.6)计费
6月,手术室(一区),缺失行,持针器-1（EO）/z2060,1613636,整行,1.0/22.4/22.4,,395,,
6月,手术室(一区),缺失行,剪刀（EO）-1/Z2060,1613636,整行,3.0/22.4/67.2,,397,,
6月,手术室(一区),字段不一致-单价,30°腹腔镜-1/z2060,1613636,单价,28.0,30.4,404,441,原始按器械数×基础单价(28)计费；处理后按标准价(30.4)计费
6月,手术室(一区),字段不一致-总价,30°腹腔镜-1/z2060,1613636,总价,28.0,30.4,404,441,原始按器械数×基础单价(28)计费；处理后按标准价(30.4)计费
6月,手术室(一区),字段不一致-单价,保温杯-1Z2044,1614612,单价,10.4,17.6,427,466,原始按器械数×基础单价(10.4)计费；处理后按标准价(17.6)计费
6月,手术室(一区),字段不一致-总价,保温杯-1Z2044,1614612,总价,41.6,70.4,427,466,原始按器械数×基础单价(10.4)计费；处理后按标准价(17.6)计费
6月,手术室(一区),缺失行,持针器-1（EO）/z2060,1614612,整行,1.0/22.4/22.4,,429,,
6月,手术室(一区),缺失行,剪刀（EO）-1/Z2060,1614612,整行,4.0/22.4/89.6,,434,,
6月,手术室(一区),字段不一致-单价,30°腹腔镜-1/z2060,1614612,单价,28.0,30.4,442,481,原始按器械数×基础单价(28)计费；处理后按标准价(30.4)计费
6月,手术室(一区),字段不一致-总价,30°腹腔镜-1/z2060,1614612,总价,56.0,60.8,442,481,原始按器械数×基础单价(28)计费；处理后按标准价(30.4)计费
6月,手术室(一区),字段不一致-单价,保温杯-1Z2044,1615360,单价,10.4,17.6,480,520,原始按器械数×基础单价(10.4)计费；处理后按标准价(17.6)计费
6月,手术室(一区),字段不一致-总价,保温杯-1Z2044,1615360,总价,20.8,35.2,480,520,原始按器械数×基础单价(10.4)计费；处理后按标准价(17.6)计费
6月,手术室(一区),缺失行,持针器-1（EO）/z2060,1615360,整行,1.0/22.4/22.4,,482,,
6月,手术室(一区),缺失行,剪刀（EO）-1/Z2060,1615360,整行,2.0/22.4/44.8,,487,,
6月,手术室(一区),字段不一致-单价,30°腹腔镜-1/z2060,1615360,单价,28.0,30.4,494,534,原始按器械数×基础单价(28)计费；处理后按标准价(30.4)计费
6月,手术室(一区),字段不一致-总价,30°腹腔镜-1/z2060,1615360,总价,56.0,60.8,494,534,原始按器械数×基础单价(28)计费；处理后按标准价(30.4)计费
6月,手术室(一区),字段不一致-单价,膀胱取石钳-1/z1560,1615681,单价,8.8,20.0,518,561,原始按器械数×基础单价(8.8)计费；处理后按标准价(20)计费
6月,手术室(一区),字段不一致-总价,膀胱取石钳-1/z1560,1615681,总价,8.8,20.0,518,561,原始按器械数×基础单价(8.8)计费；处理后按标准价(20)计费
6月,手术室(一区),字段不一致-单价,保温杯-1Z2044,1615681,单价,10.4,17.6,519,562,原始按器械数×基础单价(10.4)计费；处理后按标准价(17.6)计费
6月,手术室(一区),字段不一致-总价,保温杯-1Z2044,1615681,总价,20.8,35.2,519,562,原始按器械数×基础单价(10.4)计费；处理后按标准价(17.6)计费
6月,手术室(一区),缺失行,持针器-1（EO）/z2060,1615681,整行,2.0/22.4/44.8,,521,,
6月,手术室(一区),缺失行,剪刀（EO）-1/Z2060,1615681,整行,2.0/22.4/44.8,,527,,
6月,手术室(一区),字段不一致-单价,保温杯-1Z2044,1616194,单价,10.4,17.6,546,589,原始按器械数×基础单价(10.4)计费；处理后按标准价(17.6)计费
6月,手术室(一区),字段不一致-总价,保温杯-1Z2044,1616194,总价,10.4,17.6,546,589,原始按器械数×基础单价(10.4)计费；处理后按标准价(17.6)计费
6月,手术室(一区),缺失行,剪刀（EO）-1/Z2060,1616194,整行,1.0/22.4/22.4,,549,,
6月,手术室(一区),多余行,取石钳-1/Z2060,1608341,整行,,1.0/22.4/22.4,,22,
6月,手术室(一区),多余行,剪刀-1/Z2060,1608762,整行,,1.0/22.4/22.4,,43,
6月,手术室(一区),多余行,取石钳-1/Z2060,1608762,整行,,2.0/22.4/44.8,,47,
6月,手术室(一区),多余行,剪刀-1/Z2060,1609129,整行,,2.0/22.4/44.8,,77,
6月,手术室(一区),多余行,王树人镜头-1/Z2060,1609129,整行,,1.0/22.4/22.4,,82,
6月,手术室(一区),多余行,持针器-1/z2060,1609519,整行,,1.0/22.4/22.4,,117,
6月,手术室(一区),多余行,剪刀-1/Z2060,1609519,整行,,1.0/22.4/22.4,,119,
6月,手术室(一区),多余行,持针器-1/z2060,1609899,整行,,2.0/22.4/44.8,,144,
6月,手术室(一区),多余行,剪刀-1/Z2060,1609899,整行,,3.0/22.4/67.2,,149,
6月,手术室(一区),多余行,持针器-1/z2060,1610480,整行,,1.0/22.4/22.4,,194,
6月,手术室(一区),多余行,剪刀-1/Z2060,1610480,整行,,1.0/22.4/22.4,,195,
6月,手术室(一区),多余行,肛肠包-20件（筐1）/W12050,1610407,整行,,1.0/92.4/92.4,,198,
6月,手术室(一区),多余行,碗1 盘2 杯2 /w6050,1610407,整行,,1.0/22.0/22.0,,199,
6月,手术室(一区),多余行,剪刀-1/Z2060,1610881,整行,,2.0/22.4/44.8,,230,
6月,手术室(一区),多余行,剪刀-1/Z2060,1611221,整行,,1.0/22.4/22.4,,266,
6月,手术室(一区),多余行,特殊钳-1/Z2044,1611221,整行,,1.0/22.4/22.4,,271,
6月,手术室(一区),多余行,持针器-1/z2060,1611980,整行,,3.0/22.4/67.2,,320,
6月,手术室(一区),多余行,剪刀-1/Z2060,1611980,整行,,4.0/22.4/89.6,,324,
6月,手术室(一区),多余行,特殊钳-1/Z2044,1611980,整行,,1.0/22.4/22.4,,330,
6月,手术室(一区),多余行,持针器-1/z2060,1612471,整行,,2.0/22.4/44.8,,359,
6月,手术室(一区),多余行,剪刀-1/Z2060,1612471,整行,,2.0/22.4/44.8,,362,
6月,手术室(一区),多余行,持针器-1/z2060,1612865,整行,,1.0/22.4/22.4,,388,
6月,手术室(一区),多余行,剪刀-1/Z2060,1612865,整行,,1.0/22.4/22.4,,392,
6月,手术室(一区),多余行,冲洗瓶-3/z2544,1613270,整行,,1.0/52.8/52.8,,419,
6月,手术室(一区),多余行,持针器-1/z2060,1613636,整行,,1.0/22.4/22.4,,432,
6月,手术室(一区),多余行,剪刀-1/Z2060,1613636,整行,,3.0/22.4/67.2,,434,
6月,手术室(一区),多余行,持针器-1/z2060,1614612,整行,,1.0/22.4/22.4,,468,
6月,手术室(一区),多余行,剪刀-1/Z2060,1614612,整行,,4.0/22.4/89.6,,473,
6月,手术室(一区),多余行,持针器-1/z2060,1615360,整行,,1.0/22.4/22.4,,522,
6月,手术室(一区),多余行,剪刀-1/Z2060,1615360,整行,,2.0/22.4/44.8,,527,
6月,手术室(一区),多余行,持针器-1/z2060,1615681,整行,,2.0/22.4/44.8,,564,
6月,手术室(一区),多余行,剪刀-1/Z2060,1615681,整行,,2.0/22.4/44.8,,570,
6月,手术室(一区),多余行,剪刀-1/Z2060,1616194,整行,,1.0/22.4/22.4,,592,
6月,手术室(一区),多余行,2026-06-29 22:36:42.437000,2026-07-01 15:21:50.077000,整行,,20418592.0/None/None,,616,
6月,手术室(一区),汇总不一致-总价,手术室(一区),,总价,40173.6,43420.8,8,8,
6月,手术室(二区),缺失行,电极线(EO)-1/Z3040,1613269,整行,1.0/28.0/28.0,,48,,
6月,手术室(二区),字段不一致-单价,辅料包,1615711,单价,0.0,28.0,95,102,
6月,手术室(二区),字段不一致-总价,辅料包,1615711,总价,0.0,56.0,95,102,
6月,手术室(二区),字段不一致-单价,孔巾包,1615711,单价,0.0,28.0,96,103,
6月,手术室(二区),字段不一致-总价,孔巾包,1615711,总价,0.0,280.0,96,103,
6月,手术室(二区),字段不一致-单价,腔镜包,1615711,单价,0.0,28.0,97,104,
6月,手术室(二区),字段不一致-总价,腔镜包,1615711,总价,0.0,224.0,97,104,
6月,手术室(二区),多余行,电极线-1/Z3040,1613269,整行,,1.0/28.0/28.0,,51,
6月,手术室(二区),汇总不一致-总价,手术室(二区),,总价,4718.4,5278.4,8,8,
6月,眼科门诊手术室（一）,字段不一致-单价,球内注药-3件/Z1526,1610421,单价,17.6,13.2,9,9,原始按器械数×基础单价(17.6)计费；处理后按标准价(13.2)计费
6月,眼科门诊手术室（一）,字段不一致-总价,球内注药-3件/Z1526,1610421,总价,140.8,105.6,9,9,原始按器械数×基础单价(17.6)计费；处理后按标准价(13.2)计费
6月,眼科门诊手术室（一）,字段不一致-单价,球内注药-3件/Z1526,1612795,单价,17.6,13.2,11,11,原始按器械数×基础单价(17.6)计费；处理后按标准价(13.2)计费
6月,眼科门诊手术室（一）,字段不一致-总价,球内注药-3件/Z1526,1612795,总价,158.4,118.8,11,11,原始按器械数×基础单价(17.6)计费；处理后按标准价(13.2)计费
6月,眼科门诊手术室（一）,字段不一致-单价,球内注药-3件/Z1020,1615608,单价,15.2,13.2,12,12,原始按器械数×基础单价(15.2)计费；处理后按标准价(13.2)计费
6月,眼科门诊手术室（一）,字段不一致-总价,球内注药-3件/Z1020,1615608,总价,228.0,198.0,12,12,原始按器械数×基础单价(15.2)计费；处理后按标准价(13.2)计费
6月,眼科门诊手术室（一）,汇总不一致-总价,眼科门诊手术室（一）,,总价,553.6,448.8,8,8,
6月,眼科门诊手术室（二）,字段不一致-单价,球内注药-3件/Z1526,1609084,单价,17.6,13.2,9,9,原始按器械数×基础单价(17.6)计费；处理后按标准价(13.2)计费
6月,眼科门诊手术室（二）,字段不一致-总价,球内注药-3件/Z1526,1609084,总价,70.4,52.8,9,9,原始按器械数×基础单价(17.6)计费；处理后按标准价(13.2)计费
6月,眼科门诊手术室（二）,字段不一致-单价,球内注药-3件/Z1526,1610420,单价,17.6,13.2,10,10,原始按器械数×基础单价(17.6)计费；处理后按标准价(13.2)计费
6月,眼科门诊手术室（二）,字段不一致-总价,球内注药-3件/Z1526,1610420,总价,52.8,39.6,10,10,原始按器械数×基础单价(17.6)计费；处理后按标准价(13.2)计费
6月,眼科门诊手术室（二）,字段不一致-单价,球内注药-3件/Z1526,1611544,单价,17.6,13.2,14,14,原始按器械数×基础单价(17.6)计费；处理后按标准价(13.2)计费
6月,眼科门诊手术室（二）,字段不一致-总价,球内注药-3件/Z1526,1611544,总价,17.6,13.2,14,14,原始按器械数×基础单价(17.6)计费；处理后按标准价(13.2)计费
6月,眼科门诊手术室（二）,字段不一致-单价,球内注药-3件/Z1526,1612415,单价,17.6,13.2,18,18,原始按器械数×基础单价(17.6)计费；处理后按标准价(13.2)计费
6月,眼科门诊手术室（二）,字段不一致-总价,球内注药-3件/Z1526,1612415,总价,70.4,52.8,18,18,原始按器械数×基础单价(17.6)计费；处理后按标准价(13.2)计费
6月,眼科门诊手术室（二）,字段不一致-单价,球内注药-3件/Z1020,1614547,单价,15.2,13.2,22,22,原始按器械数×基础单价(15.2)计费；处理后按标准价(13.2)计费
6月,眼科门诊手术室（二）,字段不一致-总价,球内注药-3件/Z1020,1614547,总价,76.0,66.0,22,22,原始按器械数×基础单价(15.2)计费；处理后按标准价(13.2)计费
6月,眼科门诊手术室（二）,字段不一致-单价,球内注药-3件/Z1020,1615303,单价,15.2,13.2,27,27,原始按器械数×基础单价(15.2)计费；处理后按标准价(13.2)计费
6月,眼科门诊手术室（二）,字段不一致-总价,球内注药-3件/Z1020,1615303,总价,76.0,66.0,27,27,原始按器械数×基础单价(15.2)计费；处理后按标准价(13.2)计费
6月,眼科门诊手术室（二）,汇总不一致-总价,眼科门诊手术室（二）,,总价,624.8,522.0,8,8,
6月,耳鼻喉病房,字段不一致-单价,冲洗头-120/z2030,1609825,单价,328.0,310.4,24,25,原始按器械数×基础单价(328)计费；处理后按标准价(310.4)计费
6月,耳鼻喉病房,字段不一致-总价,冲洗头-120/z2030,1609825,总价,328.0,310.4,24,25,原始按器械数×基础单价(328)计费；处理后按标准价(310.4)计费
6月,耳鼻喉病房,字段不一致-单价,冲洗头-79/z2030,1611938,单价,202.4,220.0,48,52,原始按器械数×基础单价(202.4)计费；处理后按标准价(220)计费
6月,耳鼻喉病房,字段不一致-总价,冲洗头-79/z2030,1611938,总价,202.4,220.0,48,52,原始按器械数×基础单价(202.4)计费；处理后按标准价(220)计费
6月,耳鼻喉病房,字段不一致-单价,冲洗头-82/Z2030,1614226,单价,202.4,237.6,74,82,原始按器械数×基础单价(202.4)计费；处理后按标准价(237.6)计费
6月,耳鼻喉病房,字段不一致-总价,冲洗头-82/Z2030,1614226,总价,202.4,237.6,74,82,原始按器械数×基础单价(202.4)计费；处理后按标准价(237.6)计费
6月,耳鼻喉病房,字段不一致-单价,橄榄头-102/z2030,1616170,单价,275.2,257.6,98,110,原始按器械数×基础单价(275.2)计费；处理后按标准价(257.6)计费
6月,耳鼻喉病房,字段不一致-总价,橄榄头-102/z2030,1616170,总价,275.2,257.6,98,110,原始按器械数×基础单价(275.2)计费；处理后按标准价(257.6)计费
6月,耳鼻喉病房,汇总不一致-总价,耳鼻喉病房,,总价,16623.6,16641.2,8,8,
6月,肛肠科,缺失行,肛肠包-20件（筐1）/W12050,1610407,整行,1.0/92.4/92.4,,37,,
6月,肛肠科,缺失行,碗1 盘2 杯2 /w6050,1610407,整行,1.0/22.0/22.0,,39,,
6月,肛肠科,汇总不一致-总价,肛肠科,,总价,11975.2,11860.8,8,8,
